case,max_force,min_force,final_u1
linear_kinematic_2cycle,1204.1760864257812,-1203.1267318725586,0.0
combined_2cycle,1787.9304275512695,-1788.5011672973633,0.0
combined_tuned_2cycle,1450.5829467773438,-1463.4035758972168,0.0
