 Abaqus/Standard 2023                  DATE 07-Jun-2026 TIME 17:53:14
 SUMMARY OF JOB INFORMATION:
 STEP  INC ATT SEVERE EQUIL TOTAL  TOTAL      STEP       INC OF       DOF    IF
               DISCON ITERS ITERS  TIME/    TIME/LPF    TIME/LPF    MONITOR RIKS
               ITERS               FREQ
   1     1   1     0     1     1  0.00500    0.00500    0.005000  
   1     2   1     0     1     1  0.0100     0.0100     0.005000  
   1     3   1     0    10    10  0.0175     0.0175     0.007500  
   1     4   1     0    11    11  0.0250     0.0250     0.007500  
   1     5   1     0    10    10  0.0306     0.0306     0.005625  
   1     6   1     0    12    12  0.0362     0.0362     0.005625  
   1     7   1     0     8     8  0.0405     0.0405     0.004219  
   1     8   1     0     8     8  0.0447     0.0447     0.004219  
   1     9   1     0     8     8  0.0489     0.0489     0.004219  
   1    10   1     0     7     7  0.0531     0.0531     0.004219  
   1    11   1     0     6     6  0.0573     0.0573     0.004219  
   1    12   1     0     4     4  0.0616     0.0616     0.004219  
   1    13   1     0     5     5  0.0658     0.0658     0.004219  
   1    14   1     0     4     4  0.0700     0.0700     0.004219  
   1    15   1     0     4     4  0.0742     0.0742     0.004219  
   1    16   1     0    10    10  0.0805     0.0805     0.006328  
   1    17   1     0     8     8  0.0869     0.0869     0.006328  
   1    18   1     0     7     7  0.0932     0.0932     0.006328  
   1    19   1     0     5     5  0.0995     0.0995     0.006328  
   1    20   1     0     4     4  0.106      0.106      0.006328  
   1    21   1     0     3     3  0.112      0.112      0.006328  
   1    22   1     0    10    10  0.122      0.122      0.009492  
   1    23   1     0     9     9  0.131      0.131      0.009492  
   1    24   1     0     9     9  0.141      0.141      0.009492  
   1    25   1     0     5     5  0.150      0.150      0.009492  
   1    26   1     0     4     4  0.160      0.160      0.009492  
   1    27   1     0     4     4  0.169      0.169      0.009492  
   1    28   1     0    10    10  0.183      0.183      0.01424   
   1    29   1     0     6     6  0.198      0.198      0.01424   
   1    30   1     0     6     6  0.212      0.212      0.01424   
   1    31   1     0     4     4  0.226      0.226      0.01424   
   1    32   1     0     3     3  0.240      0.240      0.01424   
   1    33   1     0    10    10  0.250      0.250      0.009668  
   1    34   1     0     5     5  0.271      0.271      0.02136   
   1    35   1     0     7     7  0.293      0.293      0.02136   
   1    36   1     0    11    11  0.314      0.314      0.02136   
   1    37   1     0    14    14  0.330      0.330      0.01602   
   1    38   1U    0    10    10  0.330      0.330      0.01201   
   1    38   2     0    10    10  0.336      0.336      0.006007  
   1    39   1     0    10    10  0.342      0.342      0.006007  
   1    40   1     0    10    10  0.348      0.348      0.006007  
   1    41   1     0     9     9  0.354      0.354      0.006007  
   1    42   1     0     6     6  0.360      0.360      0.006007  
   1    43   1     0     5     5  0.366      0.366      0.006007  
   1    44   1     0     5     5  0.372      0.372      0.006007  
   1    45   1     0     6     6  0.378      0.378      0.006007  
   1    46   1     0     5     5  0.384      0.384      0.006007  
   1    47   1     0     5     5  0.390      0.390      0.006007  
   1    48   1     0     5     5  0.396      0.396      0.006007  
   1    49   1     0     5     5  0.402      0.402      0.006007  
   1    50   1     0     5     5  0.408      0.408      0.006007  
   1    51   1     0     5     5  0.414      0.414      0.006007  
   1    52   1     0     5     5  0.420      0.420      0.006007  
   1    53   1     0     5     5  0.426      0.426      0.006007  
   1    54   1     0     5     5  0.432      0.432      0.006007  
   1    55   1     0     5     5  0.438      0.438      0.006007  
   1    56   1     0     5     5  0.444      0.444      0.006007  
   1    57   1     0     4     4  0.450      0.450      0.006007  
   1    58   1     0     4     4  0.456      0.456      0.006007  
   1    59   1U    0     5     5  0.456      0.456      0.009010  
   1    59   2     0    10    10  0.458      0.458      0.002253  
   1    60   1     0     8     8  0.461      0.461      0.002253  
   1    61   1     0     9     9  0.463      0.463      0.002253  
   1    62   1     0     9     9  0.465      0.465      0.002253  
   1    63   1     0     8     8  0.467      0.467      0.002253  
   1    64   1     0     6     6  0.470      0.470      0.002253  
   1    65   1     0     5     5  0.472      0.472      0.002253  
   1    66   1     0     3     3  0.474      0.474      0.002253  
   1    67   1     0     3     3  0.477      0.477      0.002253  
   1    68   1     0    10    10  0.480      0.480      0.003379  
   1    69   1     0     4     4  0.483      0.483      0.003379  
   1    70   1     0     5     5  0.487      0.487      0.003379  
   1    71   1     0     4     4  0.490      0.490      0.003379  
   1    72   1     0     1     1  0.493      0.493      0.003379  
   1    73   1     0    10    10  0.498      0.498      0.005068  
   1    74   1     0    10    10  0.500      0.500      0.001532  
   1    75   1     0    11    11  0.505      0.505      0.005068  
   1    76   1     0     7     7  0.509      0.509      0.003801  
   1    77   1     0     3     3  0.513      0.513      0.003801  
   1    78   1     0     1     1  0.516      0.516      0.003801  
   1    79   1     0    10    10  0.522      0.522      0.005702  
   1    80   1     0     3     3  0.528      0.528      0.005702  
   1    81   1     0     5     5  0.534      0.534      0.005702  
   1    82   1     0     3     3  0.539      0.539      0.005702  
   1    83   1     0     1     1  0.545      0.545      0.005702  
   1    84   1     0    10    10  0.554      0.554      0.008553  
   1    85   1     0     5     5  0.562      0.562      0.008553  
   1    86   1     0     6     6  0.571      0.571      0.008553  
   1    87   1     0     4     4  0.579      0.579      0.008553  
   1    88   1     0     3     3  0.588      0.588      0.008553  
   1    89   1     0    10    10  0.601      0.601      0.01283   
   1    90   1     0     5     5  0.613      0.613      0.01283   
   1    91   1     0     5     5  0.626      0.626      0.01283   
   1    92   1     0     3     3  0.639      0.639      0.01283   
   1    93   1     0     3     3  0.652      0.652      0.01283   
   1    94   1     0    10    10  0.671      0.671      0.01924   
   1    95   1     0     6     6  0.690      0.690      0.01924   
   1    96   1     0     4     4  0.710      0.710      0.01924   
   1    97   1     0     4     4  0.729      0.729      0.01924   
   1    98   1     0     6     6  0.750      0.750      0.02114   
   1    99   1     0     6     6  0.771      0.771      0.02114   
   1   100   1     0     4     4  0.792      0.792      0.02114   
   1   101   1     0    10    10  0.813      0.813      0.02114   
   1   102   1U    0     9     9  0.813      0.813      0.02114   
   1   102   2     0    13    13  0.824      0.824      0.01057   
   1   103   1     0    10    10  0.832      0.832      0.007927  
   1   104   1     0    12    12  0.840      0.840      0.007927  
   1   105   1     0    10    10  0.846      0.846      0.005945  
   1   106   1     0    10    10  0.852      0.852      0.005945  
   1   107   1     0    10    10  0.858      0.858      0.005945  
   1   108   1     0     7     7  0.864      0.864      0.005945  
   1   109   1     0     5     5  0.870      0.870      0.005945  
   1   110   1     0     7     7  0.876      0.876      0.005945  
   1   111   1     0     6     6  0.881      0.881      0.005945  
   1   112   1     0     6     6  0.887      0.887      0.005945  
   1   113   1     0     5     5  0.893      0.893      0.005945  
   1   114   1     0     4     4  0.899      0.899      0.005945  
   1   115   1     0     6     6  0.905      0.905      0.005945  
   1   116   1     0     5     5  0.911      0.911      0.005945  
   1   117   1     0     5     5  0.917      0.917      0.005945  
   1   118   1     0     5     5  0.923      0.923      0.005945  
   1   119   1     0     5     5  0.929      0.929      0.005945  
   1   120   1     0     5     5  0.935      0.935      0.005945  
   1   121   1     0     5     5  0.941      0.941      0.005945  
   1   122   1     0     5     5  0.947      0.947      0.005945  
   1   123   1     0     4     4  0.953      0.953      0.005945  
   1   124   1     0     4     4  0.959      0.959      0.005945  
   1   125   1     0    10    10  0.968      0.968      0.008918  
   1   126   1     0     8     8  0.977      0.977      0.008918  
   1   127   1     0     7     7  0.985      0.985      0.008918  
   1   128   1     0     6     6  0.994      0.994      0.008918  
   1   129   1     0    10    10  1.00       1.00       0.005588  
   2     1   1     0    12    12  1.00       0.00500    0.005000  
   2     2   1     0    10    10  1.01       0.00875    0.003750  
   2     3   1     0     9     9  1.01       0.0125     0.003750  
   2     4   1     0     8     8  1.02       0.0163     0.003750  
   2     5   1     0     6     6  1.02       0.0200     0.003750  
   2     6   1     0     5     5  1.02       0.0238     0.003750  
   2     7   1     0     5     5  1.03       0.0275     0.003750  
   2     8   1     0     4     4  1.03       0.0312     0.003750  
   2     9   1     0     3     3  1.03       0.0350     0.003750  
   2    10   1     0    10    10  1.04       0.0406     0.005625  
   2    11   1     0     4     4  1.05       0.0462     0.005625  
   2    12   1     0     5     5  1.05       0.0519     0.005625  
   2    13   1     0     3     3  1.06       0.0575     0.005625  
   2    14   1     0     3     3  1.06       0.0631     0.005625  
   2    15   1     0    10    10  1.07       0.0716     0.008438  
   2    16   1     0     4     4  1.08       0.0800     0.008438  
   2    17   1     0     5     5  1.09       0.0884     0.008438  
   2    18   1     0     4     4  1.10       0.0969     0.008438  
   2    19   1     0     2     2  1.11       0.105      0.008438  
   2    20   1     0    10    10  1.12       0.118      0.01266   
   2    21   1     0     4     4  1.13       0.131      0.01266   
   2    22   1     0     4     4  1.14       0.143      0.01266   
   2    23   1     0     8     8  1.16       0.162      0.01898   
   2    24   1     0     5     5  1.18       0.181      0.01898   
   2    25   1     0     4     4  1.20       0.200      0.01898   
   2    26   1     0     3     3  1.22       0.219      0.01898   
   2    27   1     0     7     7  1.24       0.244      0.02500   
   2    28   1     0    10    10  1.25       0.250      0.005781  
   2    29   1     0     4     4  1.27       0.275      0.02500   
   2    30   1     0     7     7  1.30       0.300      0.02500   
   2    31   1     0    10    10  1.32       0.325      0.02500   
   2    32   1     0    11    11  1.35       0.350      0.02500   
   2    33   1     0    10    10  1.37       0.369      0.01875   
   2    34   1     0    10    10  1.39       0.388      0.01875   
   2    35   1     0    10    10  1.41       0.406      0.01875   
   2    36   1     0     7     7  1.42       0.425      0.01875   
   2    37   1     0     7     7  1.44       0.444      0.01875   
   2    38   1     0     6     6  1.46       0.463      0.01875   
   2    39   1     0     5     5  1.48       0.481      0.01875   
   2    40   1     0     5     5  1.50       0.500      0.01875   
   2    41   1     0     5     5  1.52       0.519      0.01875   
   2    42   1     0     4     4  1.54       0.538      0.01875   
   2    43   1     0     4     4  1.56       0.556      0.01875   
   2    44   1     0     8     8  1.58       0.581      0.02500   
   2    45   1     0     5     5  1.61       0.606      0.02500   
   2    46   1     0     5     5  1.63       0.631      0.02500   
   2    47   1     0     4     4  1.66       0.656      0.02500   
   2    48   1     0     4     4  1.68       0.681      0.02500   
   2    49   1     0     3     3  1.71       0.706      0.02500   
   2    50   1     0     3     3  1.73       0.731      0.02500   
   2    51   1     0    10    10  1.75       0.750      0.01875   
   2    52   1     0     8     8  1.77       0.775      0.02500   
   2    53   1     0     6     6  1.80       0.800      0.02500   
   2    54   1     0    10    10  1.82       0.825      0.02500   
   2    55   1     0    10    10  1.85       0.850      0.02500   
   2    56   1     0    10    10  1.87       0.875      0.02500   
   2    57   1     0    10    10  1.90       0.900      0.02500   
   2    58   1     0     7     7  1.92       0.925      0.02500   
   2    59   1     0     7     7  1.95       0.950      0.02500   
   2    60   1     0     6     6  1.97       0.975      0.02500   
   2    61   1     0     5     5  2.00       1.00       0.02500   
   3     1   1     0    10    10  2.00       0.00500    0.005000  
   3     2   1     0    10    10  2.01       0.0100     0.005000  
   3     3   1     0    10    10  2.01       0.0150     0.005000  
   3     4   1     0     9     9  2.02       0.0200     0.005000  
   3     5   1     0     6     6  2.02       0.0250     0.005000  
   3     6   1     0     9     9  2.03       0.0300     0.005000  
   3     7   1     0     7     7  2.03       0.0350     0.005000  
   3     8   1     0     5     5  2.04       0.0400     0.005000  
   3     9   1     0     5     5  2.04       0.0450     0.005000  
   3    10   1     0     5     5  2.05       0.0500     0.005000  
   3    11   1     0     4     4  2.05       0.0550     0.005000  
   3    12   1     0     3     3  2.06       0.0600     0.005000  
   3    13   1     0     9     9  2.07       0.0675     0.007500  
   3    14   1     0     3     3  2.07       0.0750     0.007500  
   3    15   1     0     4     4  2.08       0.0825     0.007500  
   3    16   1     0     9     9  2.09       0.0937     0.01125   
   3    17   1     0     4     4  2.10       0.105      0.01125   
   3    18   1     0     4     4  2.12       0.116      0.01125   
   3    19   1     0     9     9  2.13       0.133      0.01688   
   3    20   1     0     4     4  2.15       0.150      0.01688   
   3    21   1     0     4     4  2.17       0.167      0.01688   
   3    22   1     0     7     7  2.19       0.192      0.02500   
   3    23   1     0     6     6  2.22       0.217      0.02500   
   3    24   1     0     4     4  2.24       0.242      0.02500   
   3    25   1     0     9     9  2.27       0.267      0.02500   
   3    26   1     0     3     3  2.29       0.292      0.02500   
   3    27   1     0    10    10  2.32       0.317      0.02500   
   3    28   1     0    10    10  2.34       0.342      0.02500   
   3    29   1     0    10    10  2.37       0.367      0.02500   
   3    30   1     0    10    10  2.39       0.392      0.02500   
   3    31   1     0    10    10  2.42       0.417      0.02500   
   3    32   1     0     7     7  2.44       0.442      0.02500   
   3    33   1     0     5     5  2.47       0.467      0.02500   
   3    34   1     0     5     5  2.49       0.492      0.02500   
   3    35   1     0     5     5  2.52       0.517      0.02500   
   3    36   1     0     4     4  2.54       0.542      0.02500   
   3    37   1     0     4     4  2.57       0.567      0.02500   
   3    38   1     0     4     4  2.59       0.592      0.02500   
   3    39   1     0     4     4  2.62       0.617      0.02500   
   3    40   1     0     4     4  2.64       0.642      0.02500   
   3    41   1     0     3     3  2.67       0.667      0.02500   
   3    42   1     0     3     3  2.69       0.692      0.02500   
   3    43   1     0     3     3  2.72       0.717      0.02500   
   3    44   1     0     2     2  2.74       0.742      0.02500   
   3    45   1     0    10    10  2.77       0.767      0.02500   
   3    46   1     0     9     9  2.79       0.792      0.02500   
   3    47   1     0     5     5  2.82       0.817      0.02500   
   3    48   1     0    10    10  2.84       0.842      0.02500   
   3    49   1     0    11    11  2.87       0.867      0.02500   
   3    50   1     0    10    10  2.89       0.886      0.01875   
   3    51   1     0     9     9  2.90       0.904      0.01875   
   3    52   1     0     8     8  2.92       0.923      0.01875   
   3    53   1     0     8     8  2.94       0.942      0.01875   
   3    54   1     0     6     6  2.96       0.961      0.01875   
   3    55   1     0     7     7  2.98       0.979      0.01875   
   3    56   1     0     6     6  3.00       0.998      0.01875   
   3    57   1     0    10    10  3.00       1.00       0.001875  
   4     1   1     0    10    10  3.00       0.00500    0.005000  
   4     2   1     0     7     7  3.01       0.0100     0.005000  
   4     3   1     0     6     6  3.01       0.0150     0.005000  
   4     4   1     0     3     3  3.02       0.0200     0.005000  
   4     5   1     0     1     1  3.02       0.0250     0.005000  
   4     6   1     0     7     7  3.03       0.0325     0.007500  
   4     7   1     0     2     2  3.04       0.0400     0.007500  
   4     8   1     0     4     4  3.05       0.0475     0.007500  
   4     9   1     0     4     4  3.06       0.0587     0.01125   
   4    10   1     0     9     9  3.08       0.0756     0.01688   
   4    11   1     0     6     6  3.09       0.0925     0.01688   
   4    12   1     0     5     5  3.11       0.109      0.01688   
   4    13   1     0     4     4  3.13       0.126      0.01688   
   4    14   1     0     2     2  3.14       0.143      0.01688   
   4    15   1     0     7     7  3.17       0.168      0.02500   
   4    16   1     0     6     6  3.19       0.193      0.02500   
   4    17   1     0     4     4  3.22       0.218      0.02500   
   4    18   1     0     3     3  3.24       0.243      0.02500   
   4    19   1     0     8     8  3.27       0.268      0.02500   
   4    20   1     0     3     3  3.29       0.293      0.02500   
   4    21   1     0    10    10  3.32       0.318      0.02500   
   4    22   1     0    10    10  3.34       0.343      0.02500   
   4    23   1     0    10    10  3.37       0.368      0.02500   
   4    24   1     0    10    10  3.39       0.393      0.02500   
   4    25   1     0    10    10  3.42       0.418      0.02500   
   4    26   1     0     7     7  3.44       0.443      0.02500   
   4    27   1     0     6     6  3.47       0.468      0.02500   
   4    28   1     0     5     5  3.49       0.493      0.02500   
   4    29   1     0     5     5  3.52       0.518      0.02500   
   4    30   1     0     4     4  3.54       0.543      0.02500   
   4    31   1     0     5     5  3.57       0.568      0.02500   
   4    32   1     0     4     4  3.59       0.593      0.02500   
   4    33   1     0     4     4  3.62       0.618      0.02500   
   4    34   1     0     4     4  3.64       0.643      0.02500   
   4    35   1     0     4     4  3.67       0.668      0.02500   
   4    36   1     0     3     3  3.69       0.693      0.02500   
   4    37   1     0     3     3  3.72       0.718      0.02500   
   4    38   1     0     2     2  3.74       0.743      0.02500   
   4    39   1     0    10    10  3.77       0.768      0.02500   
   4    40   1     0     8     8  3.79       0.793      0.02500   
   4    41   1     0     6     6  3.82       0.818      0.02500   
   4    42   1     0    10    10  3.84       0.843      0.02500   
   4    43   1     0    11    11  3.87       0.868      0.02500   
   4    44   1     0    10    10  3.89       0.887      0.01875   
   4    45   1     0     9     9  3.91       0.906      0.01875   
   4    46   1     0     9     9  3.92       0.924      0.01875   
   4    47   1     0     7     7  3.94       0.943      0.01875   
   4    48   1     0     6     6  3.96       0.962      0.01875   
   4    49   1     0     7     7  3.98       0.981      0.01875   
   4    50   1     0     6     6  4.00       0.999      0.01875   
   4    51   1     0    11    11  4.00       1.00       0.0006250 
   5     1   1     0    10    10  4.00       0.00500    0.005000  
   5     2   1     0     7     7  4.01       0.0100     0.005000  
   5     3   1     0     6     6  4.01       0.0150     0.005000  
   5     4   1     0     3     3  4.02       0.0200     0.005000  
   5     5   1     0     1     1  4.02       0.0250     0.005000  
   5     6   1     0     7     7  4.03       0.0325     0.007500  
   5     7   1     0     2     2  4.04       0.0400     0.007500  
   5     8   1     0     4     4  4.05       0.0475     0.007500  
   5     9   1     0     3     3  4.06       0.0587     0.01125   
   5    10   1     0     9     9  4.08       0.0756     0.01688   
   5    11   1     0     6     6  4.09       0.0925     0.01688   
   5    12   1     0     5     5  4.11       0.109      0.01688   
   5    13   1     0     4     4  4.13       0.126      0.01688   
   5    14   1     0     3     3  4.14       0.143      0.01688   
   5    15   1     0     7     7  4.17       0.168      0.02500   
   5    16   1     0     6     6  4.19       0.193      0.02500   
   5    17   1     0     4     4  4.22       0.218      0.02500   
   5    18   1     0     3     3  4.24       0.243      0.02500   
   5    19   1     0     8     8  4.27       0.268      0.02500   
   5    20   1     0     3     3  4.29       0.293      0.02500   
   5    21   1     0    10    10  4.32       0.318      0.02500   
   5    22   1     0    10    10  4.34       0.343      0.02500   
   5    23   1     0    10    10  4.37       0.368      0.02500   
   5    24   1     0    10    10  4.39       0.393      0.02500   
   5    25   1     0    10    10  4.42       0.418      0.02500   
   5    26   1     0     7     7  4.44       0.443      0.02500   
   5    27   1     0     6     6  4.47       0.468      0.02500   
   5    28   1     0     5     5  4.49       0.493      0.02500   
   5    29   1     0     5     5  4.52       0.518      0.02500   
   5    30   1     0     4     4  4.54       0.543      0.02500   
   5    31   1     0     5     5  4.57       0.568      0.02500   
   5    32   1     0     4     4  4.59       0.593      0.02500   
   5    33   1     0     4     4  4.62       0.618      0.02500   
   5    34   1     0     4     4  4.64       0.643      0.02500   
   5    35   1     0     4     4  4.67       0.668      0.02500   
   5    36   1     0     3     3  4.69       0.693      0.02500   
   5    37   1     0     3     3  4.72       0.718      0.02500   
   5    38   1     0     2     2  4.74       0.743      0.02500   
   5    39   1     0    10    10  4.77       0.768      0.02500   
   5    40   1     0     8     8  4.79       0.793      0.02500   
   5    41   1     0     4     4  4.82       0.818      0.02500   
   5    42   1     0    10    10  4.84       0.843      0.02500   
   5    43   1     0    10    10  4.87       0.868      0.02500   
   5    44   1     0    10    10  4.89       0.893      0.02500   
   5    45   1     0    10    10  4.92       0.918      0.02500   
   5    46   1     0     7     7  4.94       0.943      0.02500   
   5    47   1     0     7     7  4.97       0.968      0.02500   
   5    48   1     0     6     6  4.99       0.993      0.02500   
   5    49   1     0    10    10  5.00       1.00       0.006875  
   6     1   1     0    10    10  5.00       0.00500    0.005000  
   6     2   1     0     8     8  5.01       0.0100     0.005000  
   6     3   1     0     8     8  5.01       0.0150     0.005000  
   6     4   1     0     7     7  5.02       0.0200     0.005000  
   6     5   1     0     5     5  5.02       0.0250     0.005000  
   6     6   1     0     3     3  5.03       0.0300     0.005000  
   6     7   1     0     1     1  5.03       0.0350     0.005000  
   6     8   1     0     7     7  5.04       0.0425     0.007500  
   6     9   1     0     2     2  5.05       0.0500     0.007500  
   6    10   1     0     3     3  5.06       0.0575     0.007500  
   6    11   1     0     6     6  5.07       0.0688     0.01125   
   6    12   1     0     4     4  5.08       0.0800     0.01125   
   6    13   1     0     5     5  5.09       0.0912     0.01125   
   6    14   1     0     4     4  5.10       0.102      0.01125   
   6    15   1     0     2     2  5.11       0.114      0.01125   
   6    16   1     0     9     9  5.13       0.131      0.01688   
   6    17   1     0     4     4  5.15       0.147      0.01688   
   6    18   1     0     4     4  5.16       0.164      0.01688   
   6    19   1     0     7     7  5.19       0.189      0.02500   
   6    20   1     0     6     6  5.21       0.214      0.02500   
   6    21   1     0     4     4  5.24       0.239      0.02500   
   6    22   1     0    10    10  5.26       0.264      0.02500   
   6    23   1     0     4     4  5.29       0.289      0.02500   
   6    24   1     0     8     8  5.31       0.314      0.02500   
   6    25   1     0    10    10  5.34       0.339      0.02500   
   6    26   1     0    12    12  5.36       0.364      0.02500   
   6    27   1     0    11    11  5.38       0.383      0.01875   
   6    28   1     0    10    10  5.40       0.397      0.01406   
   6    29   1     0     8     8  5.41       0.411      0.01406   
   6    30   1     0     7     7  5.43       0.425      0.01406   
   6    31   1     0     7     7  5.44       0.439      0.01406   
   6    32   1     0     7     7  5.45       0.453      0.01406   
   6    33   1     0     6     6  5.47       0.467      0.01406   
   6    34   1     0     6     6  5.48       0.482      0.01406   
   6    35   1     0     6     6  5.50       0.496      0.01406   
   6    36   1     0     5     5  5.51       0.510      0.01406   
   6    37   1     0     5     5  5.52       0.524      0.01406   
   6    38   1     0     4     4  5.54       0.538      0.01406   
   6    39   1     0     4     4  5.55       0.552      0.01406   
   6    40   1     0     9     9  5.57       0.573      0.02109   
   6    41   1     0     5     5  5.59       0.594      0.02109   
   6    42   1     0     5     5  5.62       0.615      0.02109   
   6    43   1     0     4     4  5.64       0.636      0.02109   
   6    44   1     0     4     4  5.66       0.657      0.02109   
   6    45   1     0     6     6  5.68       0.682      0.02500   
   6    46   1     0     5     5  5.71       0.707      0.02500   
   6    47   1     0     5     5  5.73       0.732      0.02500   
   6    48   1     0    10    10  5.76       0.757      0.02500   
   6    49   1     0     8     8  5.78       0.782      0.02500   
   6    50   1     0     4     4  5.81       0.807      0.02500   
   6    51   1     0    10    10  5.83       0.832      0.02500   
   6    52   1     0    10    10  5.86       0.857      0.02500   
   6    53   1     0    10    10  5.88       0.882      0.02500   
   6    54   1     0    10    10  5.91       0.907      0.02500   
   6    55   1     0     7     7  5.93       0.932      0.02500   
   6    56   1     0     6     6  5.96       0.957      0.02500   
   6    57   1     0     5     5  5.98       0.982      0.02500   
   6    58   1     0    10    10  6.00       1.00       0.01766   
   7     1   1U    0     9     9  6.00       0.00       0.005000  
   7     1   2     0    11    11  6.00       0.00250    0.002500  
   7     2   1     0     9     9  6.00       0.00438    0.001875  
   7     3   1     0    10    10  6.01       0.00625    0.001875  
   7     4   1     0     8     8  6.01       0.00813    0.001875  
   7     5   1     0     9     9  6.01       0.0100     0.001875  
   7     6   1     0     7     7  6.01       0.0119     0.001875  
   7     7   1     0     6     6  6.01       0.0138     0.001875  
   7     8   1     0     5     5  6.02       0.0156     0.001875  
   7     9   1     0     3     3  6.02       0.0175     0.001875  
   7    10   1     0     2     2  6.02       0.0194     0.001875  
   7    11   1     0     6     6  6.02       0.0222     0.002812  
   7    12   1     0     1     1  6.03       0.0250     0.002812  
   7    13   1     0     1     1  6.03       0.0278     0.002812  
   7    14   1     0     3     3  6.03       0.0320     0.004219  
   7    15   1     0     6     6  6.04       0.0384     0.006328  
   7    16   1     0     3     3  6.04       0.0447     0.006328  
   7    17   1     0     5     5  6.05       0.0510     0.006328  
   7    18   1     0     4     4  6.06       0.0573     0.006328  
   7    19   1     0     2     2  6.06       0.0637     0.006328  
   7    20   1     0     9     9  6.07       0.0732     0.009492  
   7    21   1     0     3     3  6.08       0.0827     0.009492  
   7    22   1     0     5     5  6.09       0.0921     0.009492  
   7    23   1     0     3     3  6.10       0.102      0.009492  
   7    24   1     0     2     2  6.11       0.111      0.009492  
   7    25   1     0     9     9  6.13       0.125      0.01424   
   7    26   1     0     4     4  6.14       0.140      0.01424   
   7    27   1     0     3     3  6.15       0.154      0.01424   
   7    28   1     0     7     7  6.18       0.175      0.02136   
   7    29   1     0     5     5  6.20       0.197      0.02136   
   7    30   1     0     5     5  6.22       0.218      0.02136   
   7    31   1     0     3     3  6.24       0.239      0.02136   
   7    32   1     0    13    13  6.26       0.261      0.02136   
   7    33   1     0     6     6  6.28       0.277      0.01602   
   7    34   1     0     1     1  6.29       0.293      0.01602   
   7    35   1     0     9     9  6.31       0.309      0.01602   
   7    36   1     0    10    10  6.32       0.325      0.01602   
   7    37   1     0    12    12  6.34       0.341      0.01602   
   7    38   1     0    11    11  6.35       0.353      0.01201   
   7    39   1U    0     5     5  6.35       0.353      0.009010  
   7    39   2     0     8     8  6.35       0.355      0.002253  
   7    40   1     0     6     6  6.36       0.357      0.002253  
   7    41   1     0     9     9  6.36       0.359      0.002253  
   7    42   1     0    10    10  6.36       0.362      0.002253  
   7    43   1     0     5     5  6.36       0.364      0.002253  
   7    44   1     0     5     5  6.37       0.366      0.002253  
   7    45   1     0     3     3  6.37       0.369      0.002253  
   7    46   1     0     1     1  6.37       0.371      0.002253  
   7    47   1     0     6     6  6.37       0.374      0.003379  
   7    48   1     0     7     7  6.38       0.378      0.003379  
   7    49   1     0     4     4  6.38       0.381      0.003379  
   7    50   1     0     4     4  6.38       0.384      0.003379  
   7    51   1     0     9     9  6.39       0.389      0.005068  
   7    52   1     0     9     9  6.39       0.394      0.005068  
   7    53   1     0     6     6  6.40       0.399      0.005068  
   7    54   1     0     5     5  6.40       0.405      0.005068  
   7    55   1     0     4     4  6.41       0.410      0.005068  
   7    56   1     0     4     4  6.41       0.415      0.005068  
   7    57   1     0    10    10  6.42       0.422      0.007602  
   7    58   1     0    10    10  6.43       0.430      0.007602  
   7    59   1     0     8     8  6.44       0.437      0.007602  
   7    60   1     0     7     7  6.45       0.445      0.007602  
   7    61   1     0     7     7  6.45       0.453      0.007602  
   7    62   1     0     6     6  6.46       0.460      0.007602  
   7    63   1     0     6     6  6.47       0.468      0.007602  
   7    64   1     0     6     6  6.48       0.476      0.007602  
   7    65   1     0     4     4  6.48       0.483      0.007602  
   7    66   1     0     4     4  6.49       0.491      0.007602  
   7    67   1     0    10    10  6.50       0.502      0.01140   
   7    68   1     0     8     8  6.51       0.514      0.01140   
   7    69   1     0     8     8  6.52       0.525      0.01140   
   7    70   1     0     6     6  6.54       0.536      0.01140   
   7    71   1     0     4     4  6.55       0.548      0.01140   
   7    72   1     0     3     3  6.56       0.559      0.01140   
   7    73   1     0    10    10  6.58       0.576      0.01711   
   7    74   1     0     6     6  6.59       0.593      0.01711   
   7    75   1     0     6     6  6.61       0.610      0.01711   
   7    76   1     0     5     5  6.63       0.628      0.01711   
   7    77   1     0     5     5  6.64       0.645      0.01711   
   7    78   1     0     4     4  6.66       0.662      0.01711   
   7    79   1     0     4     4  6.68       0.679      0.01711   
   7    80   1     0     8     8  6.70       0.704      0.02500   
   7    81   1     0     7     7  6.73       0.729      0.02500   
   7    82   1     0    10    10  6.75       0.754      0.02500   
   7    83   1     0     7     7  6.78       0.779      0.02500   
   7    84   1     0     3     3  6.80       0.804      0.02500   
   7    85   1     0    12    12  6.83       0.829      0.02500   
   7    86   1     0    12    12  6.85       0.848      0.01875   
   7    87   1     0    12    12  6.86       0.862      0.01406   
   7    88   1     0    10    10  6.87       0.872      0.01055   
   7    89   1     0    10    10  6.88       0.883      0.01055   
   7    90   1     0     8     8  6.89       0.893      0.01055   
   7    91   1     0     6     6  6.90       0.904      0.01055   
   7    92   1     0     8     8  6.91       0.914      0.01055   
   7    93   1     0     8     8  6.92       0.925      0.01055   
   7    94   1     0     8     8  6.94       0.936      0.01055   
   7    95   1     0     8     8  6.95       0.946      0.01055   
   7    96   1     0     8     8  6.96       0.957      0.01055   
   7    97   1     0     5     5  6.97       0.967      0.01055   
   7    98   1     0     6     6  6.98       0.978      0.01055   
   7    99   1     0     6     6  6.99       0.988      0.01055   
   7   100   1     0     5     5  7.00       0.999      0.01055   
   7   101   1     0    11    11  7.00       1.00       0.001214  
   8     1   1     0    11    11  7.01       0.00500    0.005000  
   8     2   1     0     9     9  7.01       0.00875    0.003750  
   8     3   1     0     7     7  7.01       0.0125     0.003750  
   8     4   1     0     7     7  7.02       0.0163     0.003750  
   8     5   1     0     4     4  7.02       0.0200     0.003750  
   8     6   1     0     4     4  7.02       0.0238     0.003750  
   8     7   1     0    10    10  7.03       0.0294     0.005625  
   8     8   1     0     4     4  7.04       0.0350     0.005625  
   8     9   1     0     5     5  7.04       0.0406     0.005625  
   8    10   1     0     3     3  7.05       0.0462     0.005625  
   8    11   1     0     4     4  7.05       0.0519     0.005625  
   8    12   1     0    10    10  7.06       0.0603     0.008438  
   8    13   1     0     4     4  7.07       0.0687     0.008438  
   8    14   1     0     5     5  7.08       0.0772     0.008438  
   8    15   1     0     4     4  7.09       0.0856     0.008438  
   8    16   1     0     2     2  7.09       0.0941     0.008438  
   8    17   1     0     9     9  7.11       0.107      0.01266   
   8    18   1     0     4     4  7.12       0.119      0.01266   
   8    19   1     0     4     4  7.13       0.132      0.01266   
   8    20   1     0     8     8  7.15       0.151      0.01898   
   8    21   1     0     5     5  7.17       0.170      0.01898   
   8    22   1     0     4     4  7.19       0.189      0.01898   
   8    23   1     0     3     3  7.21       0.208      0.01898   
   8    24   1     0     7     7  7.23       0.233      0.02500   
   8    25   1     0    10    10  7.26       0.258      0.02500   
   8    26   1     0     4     4  7.28       0.283      0.02500   
   8    27   1     0     5     5  7.31       0.308      0.02500   
   8    28   1     0    11    11  7.33       0.333      0.02500   
   8    29   1     0    12    12  7.35       0.352      0.01875   
   8    30   1     0    12    12  7.37       0.366      0.01406   
   8    31   1     0    10    10  7.38       0.376      0.01055   
   8    32   1     0    10    10  7.39       0.387      0.01055   
   8    33   1     0     8     8  7.40       0.397      0.01055   
   8    34   1     0     7     7  7.41       0.408      0.01055   
   8    35   1     0     6     6  7.42       0.419      0.01055   
   8    36   1     0     6     6  7.43       0.429      0.01055   
   8    37   1     0     7     7  7.44       0.440      0.01055   
   8    38   1     0     7     7  7.45       0.450      0.01055   
   8    39   1     0     7     7  7.46       0.461      0.01055   
   8    40   1     0     5     5  7.47       0.471      0.01055   
   8    41   1     0     5     5  7.48       0.482      0.01055   
   8    42   1     0     5     5  7.49       0.492      0.01055   
   8    43   1     0     4     4  7.50       0.503      0.01055   
   8    44   1     0     4     4  7.51       0.513      0.01055   
   8    45   1     0    10    10  7.53       0.529      0.01582   
   8    46   1     0     7     7  7.55       0.545      0.01582   
   8    47   1     0     6     6  7.56       0.561      0.01582   
   8    48   1     0     5     5  7.58       0.577      0.01582   
   8    49   1     0     4     4  7.59       0.593      0.01582   
   8    50   1     0     4     4  7.61       0.608      0.01582   
   8    51   1     0     8     8  7.63       0.632      0.02373   
   8    52   1     0     6     6  7.66       0.656      0.02373   
   8    53   1     0     5     5  7.68       0.680      0.02373   
   8    54   1     0     5     5  7.70       0.703      0.02373   
   8    55   1     0     4     4  7.73       0.727      0.02373   
   8    56   1     0     6     6  7.75       0.751      0.02373   
   8    57   1     0     7     7  7.77       0.774      0.02373   
   8    58   1     0     3     3  7.80       0.798      0.02373   
   8    59   1     0    10    10  7.82       0.822      0.02373   
   8    60   1     0    12    12  7.85       0.846      0.02373   
   8    61   1U    0     4     4  7.85       0.846      0.01780   
   8    61   2     0     7     7  7.85       0.850      0.004449  
   8    62   1     0    10    10  7.85       0.855      0.004449  
   8    63   1     0    10    10  7.86       0.859      0.004449  
   8    64   1     0    10    10  7.86       0.863      0.004449  
   8    65   1     0     9     9  7.87       0.868      0.004449  
   8    66   1     0     6     6  7.87       0.872      0.004449  
   8    67   1     0     3     3  7.88       0.877      0.004449  
   8    68   1     0     7     7  7.88       0.881      0.004449  
   8    69   1     0     5     5  7.89       0.886      0.004449  
   8    70   1     0     3     3  7.89       0.890      0.004449  
   8    71   1     0     2     2  7.89       0.895      0.004449  
   8    72   1     0     4     4  7.90       0.901      0.006674  
   8    73   1     0     4     4  7.91       0.911      0.01001   
   8    74   1     0     5     5  7.93       0.926      0.01502   
   8    75   1     0    10    10  7.94       0.941      0.01502   
   8    76   1     0     8     8  7.96       0.956      0.01502   
   8    77   1     0     7     7  7.97       0.971      0.01502   
   8    78   1     0     6     6  7.99       0.986      0.01502   
   8    79   1     0     9     9  8.00       1.00       0.01362   
   9     1   1     0    10    10  8.01       0.00500    0.005000  
   9     2   1     0     8     8  8.01       0.0100     0.005000  
   9     3   1     0     8     8  8.02       0.0150     0.005000  
   9     4   1     0     7     7  8.02       0.0200     0.005000  
   9     5   1     0     5     5  8.03       0.0250     0.005000  
   9     6   1     0     8     8  8.03       0.0300     0.005000  
   9     7   1     0     7     7  8.04       0.0350     0.005000  
   9     8   1     0     6     6  8.04       0.0400     0.005000  
   9     9   1     0     4     4  8.05       0.0450     0.005000  
   9    10   1     0     3     3  8.05       0.0500     0.005000  
   9    11   1     0    10    10  8.06       0.0575     0.007500  
   9    12   1     0     3     3  8.07       0.0650     0.007500  
   9    13   1     0     4     4  8.07       0.0725     0.007500  
   9    14   1     0    10    10  8.08       0.0838     0.01125   
   9    15   1     0     4     4  8.10       0.0950     0.01125   
   9    16   1     0     5     5  8.11       0.106      0.01125   
   9    17   1     0     3     3  8.12       0.117      0.01125   
   9    18   1     0     2     2  8.13       0.129      0.01125   
   9    19   1     0    10    10  8.15       0.146      0.01688   
   9    20   1     0     4     4  8.16       0.163      0.01688   
   9    21   1     0     4     4  8.18       0.179      0.01688   
   9    22   1     0     8     8  8.20       0.204      0.02500   
   9    23   1     0     6     6  8.23       0.229      0.02500   
   9    24   1     0    10    10  8.25       0.254      0.02500   
   9    25   1     0     6     6  8.28       0.279      0.02500   
   9    26   1     0     4     4  8.30       0.304      0.02500   
   9    27   1     0    11    11  8.33       0.329      0.02500   
   9    28   1     0    13    13  8.35       0.348      0.01875   
   9    29   1     0    12    12  8.36       0.362      0.01406   
   9    30   1     0    11    11  8.37       0.373      0.01055   
   9    31   1     0    10    10  8.38       0.381      0.007910  
   9    32   1     0     9     9  8.39       0.389      0.007910  
   9    33   1     0     5     5  8.40       0.396      0.007910  
   9    34   1     0     7     7  8.40       0.404      0.007910  
   9    35   1     0     6     6  8.41       0.412      0.007910  
   9    36   1     0     6     6  8.42       0.420      0.007910  
   9    37   1     0     7     7  8.43       0.428      0.007910  
   9    38   1     0     6     6  8.44       0.436      0.007910  
   9    39   1     0     6     6  8.44       0.444      0.007910  
   9    40   1     0     6     6  8.45       0.452      0.007910  
   9    41   1     0     6     6  8.46       0.460      0.007910  
   9    42   1     0     4     4  8.47       0.468      0.007910  
   9    43   1     0     4     4  8.48       0.476      0.007910  
   9    44   1     0    10    10  8.49       0.487      0.01187   
   9    45   1     0     8     8  8.50       0.499      0.01187   
   9    46   1     0     8     8  8.51       0.511      0.01187   
   9    47   1     0     6     6  8.52       0.523      0.01187   
   9    48   1     0     4     4  8.53       0.535      0.01187   
   9    49   1     0     4     4  8.55       0.547      0.01187   
   9    50   1     0    10    10  8.56       0.565      0.01780   
   9    51   1     0     6     6  8.58       0.582      0.01780   
   9    52   1     0     5     5  8.60       0.600      0.01780   
   9    53   1     0     4     4  8.62       0.618      0.01780   
   9    54   1     0     4     4  8.64       0.636      0.01780   
   9    55   1     0     8     8  8.66       0.661      0.02500   
   9    56   1     0     6     6  8.69       0.686      0.02500   
   9    57   1     0     5     5  8.71       0.711      0.02500   
   9    58   1     0     4     4  8.74       0.736      0.02500   
   9    59   1     0    11    11  8.76       0.761      0.02500   
   9    60   1     0     8     8  8.78       0.779      0.01875   
   9    61   1     0     3     3  8.80       0.798      0.01875   
   9    62   1     0     4     4  8.82       0.817      0.01875   
   9    63   1     0    10    10  8.84       0.842      0.02500   
   9    64   1     0    12    12  8.87       0.867      0.02500   
   9    65   1     0    10    10  8.89       0.886      0.01875   
   9    66   1     0    10    10  8.90       0.904      0.01875   
   9    67   1     0    10    10  8.92       0.923      0.01875   
   9    68   1     0     8     8  8.94       0.942      0.01875   
   9    69   1     0     7     7  8.96       0.961      0.01875   
   9    70   1     0     7     7  8.98       0.979      0.01875   
   9    71   1     0     6     6  9.00       0.998      0.01875   
   9    72   1     0    10    10  9.00       1.00       0.001753  
  10     1   1     0    10    10  9.01       0.00500    0.005000  
  10     2   1     0     8     8  9.01       0.0100     0.005000  
  10     3   1     0     8     8  9.02       0.0150     0.005000  
  10     4   1     0     7     7  9.02       0.0200     0.005000  
  10     5   1     0     6     6  9.03       0.0250     0.005000  
  10     6   1     0     4     4  9.03       0.0300     0.005000  
  10     7   1     0     3     3  9.04       0.0350     0.005000  
  10     8   1     0    10    10  9.04       0.0425     0.007500  
  10     9   1     0     4     4  9.05       0.0500     0.007500  
  10    10   1     0     4     4  9.06       0.0575     0.007500  
  10    11   1     0     9     9  9.07       0.0688     0.01125   
  10    12   1     0     5     5  9.08       0.0800     0.01125   
  10    13   1     0     5     5  9.09       0.0912     0.01125   
  10    14   1     0     4     4  9.10       0.102      0.01125   
  10    15   1     0     3     3  9.11       0.114      0.01125   
  10    16   1     0     9     9  9.13       0.131      0.01688   
  10    17   1     0     4     4  9.15       0.147      0.01688   
  10    18   1     0     4     4  9.16       0.164      0.01688   
  10    19   1     0     7     7  9.19       0.189      0.02500   
  10    20   1     0     6     6  9.21       0.214      0.02500   
  10    21   1     0     5     5  9.24       0.239      0.02500   
  10    22   1     0    10    10  9.25       0.250      0.01063   
  10    23   1     0     5     5  9.28       0.275      0.02500   
  10    24   1     0     3     3  9.30       0.300      0.02500   
  10    25   1     0    11    11  9.33       0.325      0.02500   
  10    26   1     0    13    13  9.34       0.344      0.01875   
  10    27   1     0    12    12  9.36       0.358      0.01406   
  10    28   1     0    11    11  9.37       0.368      0.01055   
  10    29   1     0    10    10  9.38       0.376      0.007910  
  10    30   1     0     9     9  9.38       0.384      0.007910  
  10    31   1     0     5     5  9.39       0.392      0.007910  
  10    32   1     0     7     7  9.40       0.400      0.007910  
  10    33   1     0     6     6  9.41       0.408      0.007910  
  10    34   1     0     6     6  9.42       0.416      0.007910  
  10    35   1     0     6     6  9.42       0.424      0.007910  
  10    36   1     0     6     6  9.43       0.432      0.007910  
  10    37   1     0     6     6  9.44       0.440      0.007910  
  10    38   1     0     6     6  9.45       0.447      0.007910  
  10    39   1     0     6     6  9.46       0.455      0.007910  
  10    40   1     0     6     6  9.46       0.463      0.007910  
  10    41   1     0     5     5  9.47       0.471      0.007910  
  10    42   1     0     4     4  9.48       0.479      0.007910  
  10    43   1     0     4     4  9.49       0.487      0.007910  
  10    44   1     0    10    10  9.50       0.500      0.01299   
  10    45   1     0     8     8  9.51       0.513      0.01299   
  10    46   1     0     8     8  9.53       0.526      0.01299   
  10    47   1     0     5     5  9.54       0.539      0.01299   
  10    48   1     0     4     4  9.55       0.552      0.01299   
  10    49   1     0     4     4  9.56       0.565      0.01299   
  10    50   1     0    10    10  9.58       0.584      0.01948   
  10    51   1     0     6     6  9.60       0.604      0.01948   
  10    52   1     0     5     5  9.62       0.623      0.01948   
  10    53   1     0     4     4  9.64       0.643      0.01948   
  10    54   1     0     3     3  9.66       0.662      0.01948   
  10    55   1     0     7     7  9.69       0.687      0.02500   
  10    56   1     0     6     6  9.71       0.712      0.02500   
  10    57   1     0     5     5  9.74       0.737      0.02500   
  10    58   1     0    10    10  9.75       0.750      0.01265   
  10    59   1     0     6     6  9.78       0.775      0.02500   
  10    60   1     0     2     2  9.80       0.800      0.02500   
  10    61   1     0    10    10  9.83       0.825      0.02500   
  10    62   1     0    12    12  9.85       0.850      0.02500   
  10    63   1     0    14    14  9.87       0.869      0.01875   
  10    64   1     0    10    10  9.88       0.883      0.01406   
  10    65   1     0    10    10  9.90       0.897      0.01406   
  10    66   1     0    10    10  9.91       0.911      0.01406   
  10    67   1     0     6     6  9.93       0.925      0.01406   
  10    68   1     0     8     8  9.94       0.939      0.01406   
  10    69   1     0     7     7  9.95       0.953      0.01406   
  10    70   1     0     7     7  9.97       0.967      0.01406   
  10    71   1     0     6     6  9.98       0.981      0.01406   
  10    72   1     0     6     6  10.0       0.995      0.01406   
  10    73   1     0    10    10  10.0       1.00       0.004688  
  11     1   1     0    10    10  10.0       0.00500    0.005000  
  11     2   1     0     6     6  10.0       0.0100     0.005000  
  11     3   1     0     7     7  10.0       0.0150     0.005000  
  11     4   1     0     5     5  10.0       0.0200     0.005000  
  11     5   1     0     5     5  10.0       0.0250     0.005000  
  11     6   1     0     8     8  10.0       0.0300     0.005000  
  11     7   1     0     6     6  10.0       0.0350     0.005000  
  11     8   1     0     5     5  10.0       0.0400     0.005000  
  11     9   1     0     4     4  10.0       0.0450     0.005000  
  11    10   1     0     4     4  10.1       0.0500     0.005000  
  11    11   1     0    10    10  10.1       0.0575     0.007500  
  11    12   1     0     3     3  10.1       0.0650     0.007500  
  11    13   1     0     4     4  10.1       0.0725     0.007500  
  11    14   1     0     8     8  10.1       0.0838     0.01125   
  11    15   1     0     4     4  10.1       0.0950     0.01125   
  11    16   1     0     5     5  10.1       0.106      0.01125   
  11    17   1     0     3     3  10.1       0.117      0.01125   
  11    18   1     0     3     3  10.1       0.129      0.01125   
  11    19   1     0    10    10  10.1       0.146      0.01688   
  11    20   1     0     4     4  10.2       0.163      0.01688   
  11    21   1     0     4     4  10.2       0.179      0.01688   
  11    22   1     0     8     8  10.2       0.204      0.02500   
  11    23   1     0     6     6  10.2       0.229      0.02500   
  11    24   1     0    10    10  10.3       0.254      0.02500   
  11    25   1     0     4     4  10.3       0.279      0.02500   
  11    26   1     0     2     2  10.3       0.304      0.02500   
  11    27   1     0    10    10  10.3       0.329      0.02500   
  11    28   1     0    13    13  10.4       0.354      0.02500   
  11    29   1U    0     9     9  10.4       0.354      0.01875   
  11    29   2     0    11    11  10.4       0.364      0.009375  
  11    30   1     0    11    11  10.4       0.371      0.007031  
  11    31   1     0    10    10  10.4       0.376      0.005273  
  11    32   1     0     9     9  10.4       0.381      0.005273  
  11    33   1     0     5     5  10.4       0.387      0.005273  
  11    34   1     0     7     7  10.4       0.392      0.005273  
  11    35   1     0     4     4  10.4       0.397      0.005273  
  11    36   1     0     3     3  10.4       0.402      0.005273  
  11    37   1     0     7     7  10.4       0.410      0.007910  
  11    38   1     0     9     9  10.4       0.418      0.007910  
  11    39   1     0     7     7  10.4       0.426      0.007910  
  11    40   1     0     7     7  10.4       0.434      0.007910  
  11    41   1     0     6     6  10.4       0.442      0.007910  
  11    42   1     0     7     7  10.4       0.450      0.007910  
  11    43   1     0     6     6  10.5       0.458      0.007910  
  11    44   1     0     6     6  10.5       0.466      0.007910  
  11    45   1     0     6     6  10.5       0.474      0.007910  
  11    46   1     0     3     3  10.5       0.482      0.007910  
  11    47   1     0     4     4  10.5       0.489      0.007910  
  11    48   1     0    10    10  10.5       0.501      0.01187   
  11    49   1     0     7     7  10.5       0.513      0.01187   
  11    50   1     0     8     8  10.5       0.525      0.01187   
  11    51   1     0     5     5  10.5       0.537      0.01187   
  11    52   1     0     4     4  10.5       0.549      0.01187   
  11    53   1     0     3     3  10.6       0.561      0.01187   
  11    54   1     0    10    10  10.6       0.578      0.01780   
  11    55   1     0     6     6  10.6       0.596      0.01780   
  11    56   1     0     5     5  10.6       0.614      0.01780   
  11    57   1     0     4     4  10.6       0.632      0.01780   
  11    58   1     0     4     4  10.6       0.650      0.01780   
  11    59   1     0     8     8  10.7       0.675      0.02500   
  11    60   1     0     6     6  10.7       0.700      0.02500   
  11    61   1     0     5     5  10.7       0.725      0.02500   
  11    62   1     0     4     4  10.7       0.750      0.02500   
  11    63   1     0     7     7  10.8       0.775      0.02500   
  11    64   1     0     3     3  10.8       0.800      0.02500   
  11    65   1     0    10    10  10.8       0.825      0.02500   
  11    66   1     0    10    10  10.8       0.850      0.02500   
  11    67   1     0    12    12  10.9       0.875      0.02500   
  11    68   1     0    10    10  10.9       0.893      0.01875   
  11    69   1     0     8     8  10.9       0.912      0.01875   
  11    70   1     0     9     9  10.9       0.931      0.01875   
  11    71   1     0     7     7  10.9       0.950      0.01875   
  11    72   1     0     7     7  11.0       0.968      0.01875   
  11    73   1     0     6     6  11.0       0.987      0.01875   
  11    74   1     0    10    10  11.0       1.00       0.01289   
  12     1   1     0    11    11  11.0       0.00500    0.005000  
  12     2   1     0     8     8  11.0       0.00875    0.003750  
  12     3   1     0     9     9  11.0       0.0125     0.003750  
  12     4   1     0     8     8  11.0       0.0163     0.003750  
  12     5   1     0     8     8  11.0       0.0200     0.003750  
  12     6   1     0     6     6  11.0       0.0238     0.003750  
  12     7   1     0     4     4  11.0       0.0275     0.003750  
  12     8   1     0     8     8  11.0       0.0312     0.003750  
  12     9   1     0     7     7  11.0       0.0350     0.003750  
  12    10   1     0     5     5  11.0       0.0388     0.003750  
  12    11   1     0     4     4  11.0       0.0425     0.003750  
  12    12   1     0     4     4  11.0       0.0463     0.003750  
  12    13   1     0    10    10  11.1       0.0519     0.005625  
  12    14   1     0     2     2  11.1       0.0575     0.005625  
  12    15   1     0     3     3  11.1       0.0631     0.005625  
  12    16   1     0    10    10  11.1       0.0716     0.008438  
  12    17   1     0     4     4  11.1       0.0800     0.008438  
  12    18   1     0     5     5  11.1       0.0884     0.008438  
  12    19   1     0     3     3  11.1       0.0969     0.008438  
  12    20   1     0     2     2  11.1       0.105      0.008438  
  12    21   1     0     9     9  11.1       0.118      0.01266   
  12    22   1     0     4     4  11.1       0.131      0.01266   
  12    23   1     0     4     4  11.1       0.143      0.01266   
  12    24   1     0     8     8  11.2       0.162      0.01898   
  12    25   1     0     5     5  11.2       0.181      0.01898   
  12    26   1     0     4     4  11.2       0.200      0.01898   
  12    27   1     0     3     3  11.2       0.219      0.01898   
  12    28   1     0     7     7  11.2       0.244      0.02500   
  12    29   1     0     6     6  11.3       0.269      0.02500   
  12    30   1     0     4     4  11.3       0.294      0.02500   
  12    31   1     0     8     8  11.3       0.319      0.02500   
  12    32   1     0    10    10  11.3       0.344      0.02500   
  12    33   1     0    11    11  11.4       0.369      0.02500   
  12    34   1     0    10    10  11.4       0.388      0.01875   
  12    35   1     0    10    10  11.4       0.407      0.01875   
  12    36   1     0     9     9  11.4       0.425      0.01875   
  12    37   1     0     7     7  11.4       0.444      0.01875   
  12    38   1     0     6     6  11.5       0.463      0.01875   
  12    39   1     0     6     6  11.5       0.482      0.01875   
  12    40   1     0     5     5  11.5       0.500      0.01875   
  12    41   1     0     5     5  11.5       0.519      0.01875   
  12    42   1     0     4     4  11.5       0.538      0.01875   
  12    43   1     0     4     4  11.6       0.557      0.01875   
  12    44   1     0     8     8  11.6       0.582      0.02500   
  12    45   1     0     5     5  11.6       0.607      0.02500   
  12    46   1     0     4     4  11.6       0.632      0.02500   
  12    47   1     0     4     4  11.7       0.657      0.02500   
  12    48   1     0     4     4  11.7       0.682      0.02500   
  12    49   1     0     3     3  11.7       0.707      0.02500   
  12    50   1     0     3     3  11.7       0.732      0.02500   
  12    51   1     0    10    10  11.8       0.757      0.02500   
  12    52   1     0     8     8  11.8       0.782      0.02500   
  12    53   1     0     5     5  11.8       0.807      0.02500   
  12    54   1     0     9     9  11.8       0.832      0.02500   
  12    55   1     0    10    10  11.9       0.857      0.02500   
  12    56   1     0    11    11  11.9       0.882      0.02500   
  12    57   1     0    10    10  11.9       0.900      0.01875   
  12    58   1     0    10    10  11.9       0.919      0.01875   
  12    59   1     0     8     8  11.9       0.938      0.01875   
  12    60   1     0     7     7  12.0       0.957      0.01875   
  12    61   1     0     6     6  12.0       0.975      0.01875   
  12    62   1     0     6     6  12.0       0.994      0.01875   
  12    63   1     0    10    10  12.0       1.00       0.005781  
  13     1   1     0    10    10  12.0       0.00500    0.005000  
  13     2   1     0     8     8  12.0       0.0100     0.005000  
  13     3   1     0     7     7  12.0       0.0150     0.005000  
  13     4   1     0     5     5  12.0       0.0200     0.005000  
  13     5   1     0     5     5  12.0       0.0250     0.005000  
  13     6   1     0     5     5  12.0       0.0300     0.005000  
  13     7   1     0     5     5  12.0       0.0350     0.005000  
  13     8   1     0     6     6  12.0       0.0400     0.005000  
  13     9   1     0     4     4  12.0       0.0450     0.005000  
  13    10   1     0     4     4  12.1       0.0500     0.005000  
  13    11   1     0     9     9  12.1       0.0575     0.007500  
  13    12   1     0     2     2  12.1       0.0650     0.007500  
  13    13   1     0     2     2  12.1       0.0725     0.007500  
  13    14   1     0     8     8  12.1       0.0838     0.01125   
  13    15   1     0     4     4  12.1       0.0950     0.01125   
  13    16   1     0     5     5  12.1       0.106      0.01125   
  13    17   1     0     3     3  12.1       0.117      0.01125   
  13    18   1     0     2     2  12.1       0.129      0.01125   
  13    19   1     0     9     9  12.1       0.146      0.01688   
  13    20   1     0     3     3  12.2       0.163      0.01688   
  13    21   1     0     4     4  12.2       0.179      0.01688   
  13    22   1     0     7     7  12.2       0.204      0.02500   
  13    23   1     0     6     6  12.2       0.229      0.02500   
  13    24   1     0    10    10  12.3       0.254      0.02500   
  13    25   1     0     5     5  12.3       0.279      0.02500   
  13    26   1     0     3     3  12.3       0.304      0.02500   
  13    27   1     0    10    10  12.3       0.329      0.02500   
  13    28   1     0    12    12  12.4       0.354      0.02500   
  13    29   1U    0     9     9  12.4       0.354      0.01875   
  13    29   2     0    10    10  12.4       0.364      0.009375  
  13    30   1     0    12    12  12.4       0.373      0.009375  
  13    31   1     0    10    10  12.4       0.380      0.007031  
  13    32   1     0    10    10  12.4       0.387      0.007031  
  13    33   1     0     7     7  12.4       0.394      0.007031  
  13    34   1     0     5     5  12.4       0.401      0.007031  
  13    35   1     0     6     6  12.4       0.408      0.007031  
  13    36   1     0     6     6  12.4       0.415      0.007031  
  13    37   1     0     6     6  12.4       0.422      0.007031  
  13    38   1     0     6     6  12.4       0.429      0.007031  
  13    39   1     0     6     6  12.4       0.436      0.007031  
  13    40   1     0     6     6  12.4       0.443      0.007031  
  13    41   1     0     6     6  12.5       0.450      0.007031  
  13    42   1     0     5     5  12.5       0.458      0.007031  
  13    43   1     0     5     5  12.5       0.465      0.007031  
  13    44   1     0     5     5  12.5       0.472      0.007031  
  13    45   1     0     4     4  12.5       0.479      0.007031  
  13    46   1     0     4     4  12.5       0.486      0.007031  
  13    47   1     0    10    10  12.5       0.496      0.01055   
  13    48   1     0     8     8  12.5       0.507      0.01055   
  13    49   1     0     7     7  12.5       0.517      0.01055   
  13    50   1     0     5     5  12.5       0.528      0.01055   
  13    51   1     0     4     4  12.5       0.538      0.01055   
  13    52   1     0     4     4  12.5       0.549      0.01055   
  13    53   1     0    10    10  12.6       0.565      0.01582   
  13    54   1     0     6     6  12.6       0.581      0.01582   
  13    55   1     0     6     6  12.6       0.596      0.01582   
  13    56   1     0     4     4  12.6       0.612      0.01582   
  13    57   1     0     3     3  12.6       0.628      0.01582   
  13    58   1     0     8     8  12.7       0.652      0.02373   
  13    59   1     0     6     6  12.7       0.675      0.02373   
  13    60   1     0     5     5  12.7       0.699      0.02373   
  13    61   1     0     4     4  12.7       0.723      0.02373   
  13    62   1     0     3     3  12.7       0.747      0.02373   
  13    63   1     0     8     8  12.8       0.772      0.02500   
  13    64   1     0     3     3  12.8       0.797      0.02500   
  13    65   1     0     7     7  12.8       0.822      0.02500   
  13    66   1     0    10    10  12.8       0.847      0.02500   
  13    67   1     0    10    10  12.9       0.872      0.02500   
  13    68   1     0    10    10  12.9       0.897      0.02500   
  13    69   1     0     9     9  12.9       0.922      0.02500   
  13    70   1     0     6     6  12.9       0.947      0.02500   
  13    71   1     0     6     6  13.0       0.972      0.02500   
  13    72   1     0     6     6  13.0       0.997      0.02500   
  13    73   1     0    10    10  13.0       1.00       0.003340  
  14     1   1     0    11    11  13.0       0.00500    0.005000  
  14     2   1     0     6     6  13.0       0.00875    0.003750  
  14     3   1     0    10    10  13.0       0.0125     0.003750  
  14     4   1     0     9     9  13.0       0.0163     0.003750  
  14     5   1     0     8     8  13.0       0.0200     0.003750  
  14     6   1     0     8     8  13.0       0.0238     0.003750  
  14     7   1     0     6     6  13.0       0.0275     0.003750  
  14     8   1     0     5     5  13.0       0.0312     0.003750  
  14     9   1     0     7     7  13.0       0.0350     0.003750  
  14    10   1     0     8     8  13.0       0.0388     0.003750  
  14    11   1     0     6     6  13.0       0.0425     0.003750  
  14    12   1     0     4     4  13.0       0.0463     0.003750  
  14    13   1     0     4     4  13.1       0.0500     0.003750  
  14    14   1     0    10    10  13.1       0.0556     0.005625  
  14    15   1     0     3     3  13.1       0.0613     0.005625  
  14    16   1     0     3     3  13.1       0.0669     0.005625  
  14    17   1     0    10    10  13.1       0.0753     0.008438  
  14    18   1     0     4     4  13.1       0.0838     0.008438  
  14    19   1     0     5     5  13.1       0.0922     0.008438  
  14    20   1     0     4     4  13.1       0.101      0.008438  
  14    21   1     0     2     2  13.1       0.109      0.008438  
  14    22   1     0     9     9  13.1       0.122      0.01266   
  14    23   1     0     4     4  13.1       0.134      0.01266   
  14    24   1     0     4     4  13.1       0.147      0.01266   
  14    25   1     0     8     8  13.2       0.166      0.01898   
  14    26   1     0     5     5  13.2       0.185      0.01898   
  14    27   1     0     4     4  13.2       0.204      0.01898   
  14    28   1     0     3     3  13.2       0.223      0.01898   
  14    29   1     0     7     7  13.2       0.248      0.02500   
  14    30   1     0     6     6  13.3       0.273      0.02500   
  14    31   1     0     1     1  13.3       0.298      0.02500   
  14    32   1     0    10    10  13.3       0.323      0.02500   
  14    33   1     0    10    10  13.3       0.348      0.02500   
  14    34   1     0    10    10  13.4       0.373      0.02500   
  14    35   1     0    10    10  13.4       0.398      0.02500   
  14    36   1     0     9     9  13.4       0.423      0.02500   
  14    37   1     0     6     6  13.4       0.448      0.02500   
  14    38   1     0     5     5  13.5       0.473      0.02500   
  14    39   1     0     5     5  13.5       0.498      0.02500   
  14    40   1     0     4     4  13.5       0.523      0.02500   
  14    41   1     0     4     4  13.5       0.548      0.02500   
  14    42   1     0     4     4  13.6       0.573      0.02500   
  14    43   1     0     4     4  13.6       0.598      0.02500   
  14    44   1     0     4     4  13.6       0.623      0.02500   
  14    45   1     0     3     3  13.6       0.648      0.02500   
  14    46   1     0     3     3  13.7       0.673      0.02500   
  14    47   1     0     3     3  13.7       0.698      0.02500   
  14    48   1     0     3     3  13.7       0.723      0.02500   
  14    49   1     0     2     2  13.7       0.748      0.02500   
  14    50   1     0     8     8  13.8       0.773      0.02500   
  14    51   1     0     6     6  13.8       0.798      0.02500   
  14    52   1     0     5     5  13.8       0.823      0.02500   
  14    53   1     0    10    10  13.8       0.848      0.02500   
  14    54   1     0    11    11  13.9       0.873      0.02500   
  14    55   1     0    10    10  13.9       0.892      0.01875   
  14    56   1     0    10    10  13.9       0.910      0.01875   
  14    57   1     0     7     7  13.9       0.929      0.01875   
  14    58   1     0     7     7  13.9       0.948      0.01875   
  14    59   1     0     6     6  14.0       0.967      0.01875   
  14    60   1     0     7     7  14.0       0.985      0.01875   
  14    61   1     0     7     7  14.0       1.00       0.01453   
  15     1   1     0    10    10  14.0       0.00500    0.005000  
  15     2   1     0     7     7  14.0       0.0100     0.005000  
  15     3   1     0     7     7  14.0       0.0150     0.005000  
  15     4   1     0     7     7  14.0       0.0200     0.005000  
  15     5   1     0     6     6  14.0       0.0250     0.005000  
  15     6   1     0     4     4  14.0       0.0300     0.005000  
  15     7   1     0     2     2  14.0       0.0350     0.005000  
  15     8   1     0     7     7  14.0       0.0425     0.007500  
  15     9   1     0     2     2  14.1       0.0500     0.007500  
  15    10   1     0     3     3  14.1       0.0575     0.007500  
  15    11   1     0     4     4  14.1       0.0688     0.01125   
  15    12   1     0     8     8  14.1       0.0856     0.01688   
  15    13   1     0     5     5  14.1       0.103      0.01688   
  15    14   1     0     5     5  14.1       0.119      0.01688   
  15    15   1     0     3     3  14.1       0.136      0.01688   
  15    16   1     0     3     3  14.2       0.153      0.01688   
  15    17   1     0     7     7  14.2       0.178      0.02500   
  15    18   1     0     6     6  14.2       0.203      0.02500   
  15    19   1     0     4     4  14.2       0.228      0.02500   
  15    20   1     0    10    10  14.3       0.253      0.02500   
  15    21   1     0     7     7  14.3       0.278      0.02500   
  15    22   1     0     1     1  14.3       0.303      0.02500   
  15    23   1     0    10    10  14.3       0.328      0.02500   
  15    24   1     0    12    12  14.4       0.353      0.02500   
  15    25   1     0    11    11  14.4       0.372      0.01875   
  15    26   1     0    10    10  14.4       0.386      0.01406   
  15    27   1     0     9     9  14.4       0.400      0.01406   
  15    28   1     0     9     9  14.4       0.414      0.01406   
  15    29   1     0     7     7  14.4       0.428      0.01406   
  15    30   1     0     7     7  14.4       0.442      0.01406   
  15    31   1     0     7     7  14.5       0.456      0.01406   
  15    32   1     0     6     6  14.5       0.470      0.01406   
  15    33   1     0     6     6  14.5       0.484      0.01406   
  15    34   1     0     6     6  14.5       0.498      0.01406   
  15    35   1     0     5     5  14.5       0.512      0.01406   
  15    36   1     0     5     5  14.5       0.527      0.01406   
  15    37   1     0     4     4  14.5       0.541      0.01406   
  15    38   1     0     4     4  14.6       0.555      0.01406   
  15    39   1     0     9     9  14.6       0.576      0.02109   
  15    40   1     0     5     5  14.6       0.597      0.02109   
  15    41   1     0     5     5  14.6       0.618      0.02109   
  15    42   1     0     3     3  14.6       0.639      0.02109   
  15    43   1     0     4     4  14.7       0.660      0.02109   
  15    44   1     0     6     6  14.7       0.685      0.02500   
  15    45   1     0     5     5  14.7       0.710      0.02500   
  15    46   1     0     5     5  14.7       0.735      0.02500   
  15    47   1     0    10    10  14.8       0.760      0.02500   
  15    48   1     0     8     8  14.8       0.785      0.02500   
  15    49   1     0     3     3  14.8       0.810      0.02500   
  15    50   1     0    10    10  14.8       0.835      0.02500   
  15    51   1     0    11    11  14.9       0.860      0.02500   
  15    52   1     0    12    12  14.9       0.879      0.01875   
  15    53   1     0    10    10  14.9       0.893      0.01406   
  15    54   1     0    10    10  14.9       0.907      0.01406   
  15    55   1     0     8     8  14.9       0.921      0.01406   
  15    56   1     0     5     5  14.9       0.935      0.01406   
  15    57   1     0     8     8  14.9       0.949      0.01406   
  15    58   1     0     6     6  15.0       0.963      0.01406   
  15    59   1     0     7     7  15.0       0.977      0.01406   
  15    60   1     0     6     6  15.0       0.991      0.01406   
  15    61   1     0    10    10  15.0       1.00       0.008594  
  16     1   1     0    10    10  15.0       0.00500    0.005000  
  16     2   1     0     8     8  15.0       0.0100     0.005000  
  16     3   1     0     8     8  15.0       0.0150     0.005000  
  16     4   1     0     5     5  15.0       0.0200     0.005000  
  16     5   1     0     6     6  15.0       0.0250     0.005000  
  16     6   1     0     4     4  15.0       0.0300     0.005000  
  16     7   1     0     2     2  15.0       0.0350     0.005000  
  16     8   1     0     9     9  15.0       0.0425     0.007500  
  16     9   1     0     2     2  15.1       0.0500     0.007500  
  16    10   1     0     4     4  15.1       0.0575     0.007500  
  16    11   1     0    10    10  15.1       0.0688     0.01125   
  16    12   1     0     4     4  15.1       0.0800     0.01125   
  16    13   1     0     5     5  15.1       0.0912     0.01125   
  16    14   1     0     3     3  15.1       0.102      0.01125   
  16    15   1     0     3     3  15.1       0.114      0.01125   
  16    16   1     0     8     8  15.1       0.131      0.01688   
  16    17   1     0     4     4  15.1       0.147      0.01688   
  16    18   1     0     4     4  15.2       0.164      0.01688   
  16    19   1     0     7     7  15.2       0.189      0.02500   
  16    20   1     0     6     6  15.2       0.214      0.02500   
  16    21   1     0     5     5  15.2       0.239      0.02500   
  16    22   1     0    10    10  15.3       0.264      0.02500   
  16    23   1     0     6     6  15.3       0.289      0.02500   
  16    24   1     0     5     5  15.3       0.314      0.02500   
  16    25   1     0    10    10  15.3       0.339      0.02500   
  16    26   1     0    13    13  15.4       0.364      0.02500   
  16    27   1     0    13    13  15.4       0.383      0.01875   
  16    28   1     0    10    10  15.4       0.397      0.01406   
  16    29   1     0    10    10  15.4       0.411      0.01406   
  16    30   1     0     8     8  15.4       0.425      0.01406   
  16    31   1     0     6     6  15.4       0.439      0.01406   
  16    32   1     0     7     7  15.5       0.453      0.01406   
  16    33   1     0     7     7  15.5       0.467      0.01406   
  16    34   1     0     6     6  15.5       0.482      0.01406   
  16    35   1     0     6     6  15.5       0.496      0.01406   
  16    36   1     0     5     5  15.5       0.510      0.01406   
  16    37   1     0     5     5  15.5       0.524      0.01406   
  16    38   1     0     4     4  15.5       0.538      0.01406   
  16    39   1     0     4     4  15.6       0.552      0.01406   
  16    40   1     0     9     9  15.6       0.573      0.02109   
  16    41   1     0     5     5  15.6       0.594      0.02109   
  16    42   1     0     5     5  15.6       0.615      0.02109   
  16    43   1     0     3     3  15.6       0.636      0.02109   
  16    44   1     0     4     4  15.7       0.657      0.02109   
  16    45   1     0     6     6  15.7       0.682      0.02500   
  16    46   1     0     5     5  15.7       0.707      0.02500   
  16    47   1     0     4     4  15.7       0.732      0.02500   
  16    48   1     0    10    10  15.8       0.757      0.02500   
  16    49   1     0     8     8  15.8       0.782      0.02500   
  16    50   1     0     4     4  15.8       0.807      0.02500   
  16    51   1     0    10    10  15.8       0.832      0.02500   
  16    52   1     0    11    11  15.9       0.857      0.02500   
  16    53   1     0    12    12  15.9       0.876      0.01875   
  16    54   1     0    10    10  15.9       0.890      0.01406   
  16    55   1     0    10    10  15.9       0.904      0.01406   
  16    56   1     0     7     7  15.9       0.918      0.01406   
  16    57   1     0     5     5  15.9       0.932      0.01406   
  16    58   1     0     8     8  15.9       0.946      0.01406   
  16    59   1     0     5     5  16.0       0.960      0.01406   
  16    60   1     0     7     7  16.0       0.975      0.01406   
  16    61   1     0     6     6  16.0       0.989      0.01406   
  16    62   1     0     9     9  16.0       1.00       0.01141   
  17     1   1     0    10    10  16.0       0.00500    0.005000  
  17     2   1     0     7     7  16.0       0.0100     0.005000  
  17     3   1     0     9     9  16.0       0.0150     0.005000  
  17     4   1     0     5     5  16.0       0.0200     0.005000  
  17     5   1     0     6     6  16.0       0.0250     0.005000  
  17     6   1     0     4     4  16.0       0.0300     0.005000  
  17     7   1     0     2     2  16.0       0.0350     0.005000  
  17     8   1     0     9     9  16.0       0.0425     0.007500  
  17     9   1     0     2     2  16.1       0.0500     0.007500  
  17    10   1     0     4     4  16.1       0.0575     0.007500  
  17    11   1     0    10    10  16.1       0.0688     0.01125   
  17    12   1     0     4     4  16.1       0.0800     0.01125   
  17    13   1     0     5     5  16.1       0.0912     0.01125   
  17    14   1     0     3     3  16.1       0.102      0.01125   
  17    15   1     0     2     2  16.1       0.114      0.01125   
  17    16   1     0     8     8  16.1       0.131      0.01688   
  17    17   1     0     4     4  16.1       0.147      0.01688   
  17    18   1     0     4     4  16.2       0.164      0.01688   
  17    19   1     0     7     7  16.2       0.189      0.02500   
  17    20   1     0     6     6  16.2       0.214      0.02500   
  17    21   1     0     5     5  16.2       0.239      0.02500   
  17    22   1     0    10    10  16.3       0.264      0.02500   
  17    23   1     0     6     6  16.3       0.289      0.02500   
  17    24   1     0     5     5  16.3       0.314      0.02500   
  17    25   1     0    10    10  16.3       0.339      0.02500   
  17    26   1     0    13    13  16.4       0.364      0.02500   
  17    27   1     0    13    13  16.4       0.383      0.01875   
  17    28   1     0    10    10  16.4       0.397      0.01406   
  17    29   1     0    10    10  16.4       0.411      0.01406   
  17    30   1     0     8     8  16.4       0.425      0.01406   
  17    31   1     0     6     6  16.4       0.439      0.01406   
  17    32   1     0     7     7  16.5       0.453      0.01406   
  17    33   1     0     7     7  16.5       0.467      0.01406   
  17    34   1     0     6     6  16.5       0.482      0.01406   
  17    35   1     0     6     6  16.5       0.496      0.01406   
  17    36   1     0     5     5  16.5       0.510      0.01406   
  17    37   1     0     5     5  16.5       0.524      0.01406   
  17    38   1     0     4     4  16.5       0.538      0.01406   
  17    39   1     0     4     4  16.6       0.552      0.01406   
  17    40   1     0     9     9  16.6       0.573      0.02109   
  17    41   1     0     5     5  16.6       0.594      0.02109   
  17    42   1     0     5     5  16.6       0.615      0.02109   
  17    43   1     0     3     3  16.6       0.636      0.02109   
  17    44   1     0     4     4  16.7       0.657      0.02109   
  17    45   1     0     6     6  16.7       0.682      0.02500   
  17    46   1     0     5     5  16.7       0.707      0.02500   
  17    47   1     0     4     4  16.7       0.732      0.02500   
  17    48   1     0    10    10  16.8       0.757      0.02500   
  17    49   1     0     8     8  16.8       0.782      0.02500   
  17    50   1     0     4     4  16.8       0.807      0.02500   
  17    51   1     0     9     9  16.8       0.832      0.02500   
  17    52   1     0    11    11  16.9       0.857      0.02500   
  17    53   1     0    11    11  16.9       0.876      0.01875   
  17    54   1     0    10    10  16.9       0.890      0.01406   
  17    55   1     0    10    10  16.9       0.904      0.01406   
  17    56   1     0     6     6  16.9       0.918      0.01406   
  17    57   1     0     5     5  16.9       0.932      0.01406   
  17    58   1     0     8     8  16.9       0.946      0.01406   
  17    59   1     0     5     5  17.0       0.960      0.01406   
  17    60   1     0     7     7  17.0       0.975      0.01406   
  17    61   1     0     6     6  17.0       0.989      0.01406   
  17    62   1     0     9     9  17.0       1.00       0.01141   
  18     1   1     0    10    10  17.0       0.00500    0.005000  
  18     2   1     0     7     7  17.0       0.0100     0.005000  
  18     3   1     0     9     9  17.0       0.0150     0.005000  
  18     4   1     0     6     6  17.0       0.0200     0.005000  
  18     5   1     0     6     6  17.0       0.0250     0.005000  
  18     6   1     0     3     3  17.0       0.0300     0.005000  
  18     7   1     0     2     2  17.0       0.0350     0.005000  
  18     8   1     0     9     9  17.0       0.0425     0.007500  
  18     9   1     0     2     2  17.1       0.0500     0.007500  
  18    10   1     0     4     4  17.1       0.0575     0.007500  
  18    11   1     0    10    10  17.1       0.0688     0.01125   
  18    12   1     0     4     4  17.1       0.0800     0.01125   
  18    13   1     0     5     5  17.1       0.0912     0.01125   
  18    14   1     0     3     3  17.1       0.102      0.01125   
  18    15   1     0     2     2  17.1       0.114      0.01125   
  18    16   1     0     9     9  17.1       0.131      0.01688   
  18    17   1     0     4     4  17.1       0.147      0.01688   
  18    18   1     0     4     4  17.2       0.164      0.01688   
  18    19   1     0     7     7  17.2       0.189      0.02500   
  18    20   1     0     6     6  17.2       0.214      0.02500   
  18    21   1     0     5     5  17.2       0.239      0.02500   
  18    22   1     0    10    10  17.3       0.264      0.02500   
  18    23   1     0     6     6  17.3       0.289      0.02500   
  18    24   1     0     5     5  17.3       0.314      0.02500   
  18    25   1     0    10    10  17.3       0.339      0.02500   
  18    26   1     0    13    13  17.4       0.364      0.02500   
  18    27   1     0    13    13  17.4       0.383      0.01875   
  18    28   1     0    10    10  17.4       0.397      0.01406   
  18    29   1     0    10    10  17.4       0.411      0.01406   
  18    30   1     0     8     8  17.4       0.425      0.01406   
  18    31   1     0     6     6  17.4       0.439      0.01406   
  18    32   1     0     7     7  17.5       0.453      0.01406   
  18    33   1     0     7     7  17.5       0.467      0.01406   
  18    34   1     0     6     6  17.5       0.482      0.01406   
  18    35   1     0     6     6  17.5       0.496      0.01406   
  18    36   1     0     5     5  17.5       0.510      0.01406   
  18    37   1     0     5     5  17.5       0.524      0.01406   
  18    38   1     0     4     4  17.5       0.538      0.01406   
  18    39   1     0     4     4  17.6       0.552      0.01406   
  18    40   1     0     9     9  17.6       0.573      0.02109   
  18    41   1     0     5     5  17.6       0.594      0.02109   
  18    42   1     0     5     5  17.6       0.615      0.02109   
  18    43   1     0     3     3  17.6       0.636      0.02109   
  18    44   1     0     4     4  17.7       0.657      0.02109   
  18    45   1     0     6     6  17.7       0.682      0.02500   
  18    46   1     0     5     5  17.7       0.707      0.02500   
  18    47   1     0     4     4  17.7       0.732      0.02500   
  18    48   1     0    10    10  17.8       0.757      0.02500   
  18    49   1     0     8     8  17.8       0.782      0.02500   
  18    50   1     0     4     4  17.8       0.807      0.02500   
  18    51   1     0     9     9  17.8       0.832      0.02500   
  18    52   1     0    11    11  17.9       0.857      0.02500   
  18    53   1     0    11    11  17.9       0.876      0.01875   
  18    54   1     0    10    10  17.9       0.890      0.01406   
  18    55   1     0    10    10  17.9       0.904      0.01406   
  18    56   1     0     7     7  17.9       0.918      0.01406   
  18    57   1     0     6     6  17.9       0.932      0.01406   
  18    58   1     0     7     7  17.9       0.946      0.01406   
  18    59   1     0     6     6  18.0       0.960      0.01406   
  18    60   1     0     6     6  18.0       0.975      0.01406   
  18    61   1     0     6     6  18.0       0.989      0.01406   
  18    62   1     0     9     9  18.0       1.00       0.01141   
  19     1   1     0    10    10  18.0       0.00500    0.005000  
  19     2   1     0     7     7  18.0       0.0100     0.005000  
  19     3   1     0     9     9  18.0       0.0150     0.005000  
  19     4   1     0     6     6  18.0       0.0200     0.005000  
  19     5   1     0     5     5  18.0       0.0250     0.005000  
  19     6   1     0     4     4  18.0       0.0300     0.005000  
  19     7   1     0     1     1  18.0       0.0350     0.005000  
  19     8   1     0     9     9  18.0       0.0425     0.007500  
  19     9   1     0     2     2  18.1       0.0500     0.007500  
  19    10   1     0     4     4  18.1       0.0575     0.007500  
  19    11   1     0    10    10  18.1       0.0688     0.01125   
  19    12   1     0     4     4  18.1       0.0800     0.01125   
  19    13   1     0     5     5  18.1       0.0912     0.01125   
  19    14   1     0     3     3  18.1       0.102      0.01125   
  19    15   1     0     2     2  18.1       0.114      0.01125   
  19    16   1     0     9     9  18.1       0.131      0.01688   
  19    17   1     0     4     4  18.1       0.147      0.01688   
  19    18   1     0     4     4  18.2       0.164      0.01688   
  19    19   1     0     7     7  18.2       0.189      0.02500   
  19    20   1     0     6     6  18.2       0.214      0.02500   
  19    21   1     0     5     5  18.2       0.239      0.02500   
  19    22   1     0    10    10  18.3       0.264      0.02500   
  19    23   1     0     6     6  18.3       0.289      0.02500   
  19    24   1     0     5     5  18.3       0.314      0.02500   
  19    25   1     0    10    10  18.3       0.339      0.02500   
  19    26   1     0    12    12  18.4       0.364      0.02500   
  19    27   1     0    12    12  18.4       0.383      0.01875   
  19    28   1     0    10    10  18.4       0.397      0.01406   
  19    29   1     0     9     9  18.4       0.411      0.01406   
  19    30   1     0     8     8  18.4       0.425      0.01406   
  19    31   1     0     6     6  18.4       0.439      0.01406   
  19    32   1     0     7     7  18.5       0.453      0.01406   
  19    33   1     0     7     7  18.5       0.467      0.01406   
  19    34   1     0     6     6  18.5       0.482      0.01406   
  19    35   1     0     6     6  18.5       0.496      0.01406   
  19    36   1     0     5     5  18.5       0.510      0.01406   
  19    37   1     0     5     5  18.5       0.524      0.01406   
  19    38   1     0     4     4  18.5       0.538      0.01406   
  19    39   1     0     4     4  18.6       0.552      0.01406   
  19    40   1     0     9     9  18.6       0.573      0.02109   
  19    41   1     0     5     5  18.6       0.594      0.02109   
  19    42   1     0     5     5  18.6       0.615      0.02109   
  19    43   1     0     4     4  18.6       0.636      0.02109   
  19    44   1     0     3     3  18.7       0.657      0.02109   
  19    45   1     0     6     6  18.7       0.682      0.02500   
  19    46   1     0     5     5  18.7       0.707      0.02500   
  19    47   1     0     4     4  18.7       0.732      0.02500   
  19    48   1     0    10    10  18.8       0.757      0.02500   
  19    49   1     0     8     8  18.8       0.782      0.02500   
  19    50   1     0     4     4  18.8       0.807      0.02500   
  19    51   1     0     9     9  18.8       0.832      0.02500   
  19    52   1     0    11    11  18.9       0.857      0.02500   
  19    53   1U    0     9     9  18.9       0.857      0.01875   
  19    53   2     0    10    10  18.9       0.867      0.009375  
  19    54   1     0    10    10  18.9       0.876      0.009375  
  19    55   1     0    10    10  18.9       0.885      0.009375  
  19    56   1     0    10    10  18.9       0.895      0.009375  
  19    57   1     0     8     8  18.9       0.904      0.009375  
  19    58   1     0     4     4  18.9       0.914      0.009375  
  19    59   1     0     4     4  18.9       0.923      0.009375  
  19    60   1     0     6     6  18.9       0.937      0.01406   
  19    61   1     0     9     9  19.0       0.951      0.01406   
  19    62   1     0     7     7  19.0       0.965      0.01406   
  19    63   1     0     7     7  19.0       0.979      0.01406   
  19    64   1     0     6     6  19.0       0.993      0.01406   
  19    65   1     0    10    10  19.0       1.00       0.006719  
  20     1   1     0    10    10  19.0       0.00500    0.005000  
  20     2   1     0     7     7  19.0       0.0100     0.005000  
  20     3   1     0     6     6  19.0       0.0150     0.005000  
  20     4   1     0     6     6  19.0       0.0200     0.005000  
  20     5   1     0     4     4  19.0       0.0250     0.005000  
  20     6   1     0     2     2  19.0       0.0300     0.005000  
  20     7   1     0     9     9  19.0       0.0375     0.007500  
  20     8   1     0     2     2  19.0       0.0450     0.007500  
  20     9   1     0     4     4  19.1       0.0525     0.007500  
  20    10   1U    0     6     6  19.1       0.0525     0.01125   
  20    10   2     0    10    10  19.1       0.0553     0.002812  
  20    11   1     0     3     3  19.1       0.0581     0.002812  
  20    12   1     0     6     6  19.1       0.0609     0.002812  
  20    13   1     0     4     4  19.1       0.0638     0.002812  
  20    14   1     0     4     4  19.1       0.0666     0.002812  
  20    15   1     0     8     8  19.1       0.0708     0.004219  
  20    16   1     0     1     1  19.1       0.0750     0.004219  
  20    17   1     0     1     1  19.1       0.0792     0.004219  
  20    18   1     0     6     6  19.1       0.0855     0.006328  
  20    19   1     0     1     1  19.1       0.0919     0.006328  
  20    20   1     0     2     2  19.1       0.0982     0.006328  
  20    21   1     0     6     6  19.1       0.108      0.009492  
  20    22   1     0     2     2  19.1       0.117      0.009492  
  20    23   1     0     4     4  19.1       0.127      0.009492  
  20    24   1     0     8     8  19.1       0.141      0.01424   
  20    25   1     0     4     4  19.2       0.155      0.01424   
  20    26   1     0     4     4  19.2       0.169      0.01424   
  20    27   1     0     6     6  19.2       0.191      0.02136   
  20    28   1     0     5     5  19.2       0.212      0.02136   
  20    29   1     0     4     4  19.2       0.233      0.02136   
  20    30   1     0     9     9  19.3       0.255      0.02136   
  20    31   1     0     6     6  19.3       0.276      0.02136   
  20    32   1     0     1     1  19.3       0.298      0.02136   
  20    33   1     0     8     8  19.3       0.319      0.02136   
  20    34   1     0    10    10  19.3       0.340      0.02136   
  20    35   1     0    13    13  19.4       0.362      0.02136   
  20    36   1     0    12    12  19.4       0.378      0.01602   
  20    37   1     0    10    10  19.4       0.390      0.01201   
  20    38   1     0     9     9  19.4       0.402      0.01201   
  20    39   1     0     7     7  19.4       0.414      0.01201   
  20    40   1     0     7     7  19.4       0.426      0.01201   
  20    41   1     0     7     7  19.4       0.438      0.01201   
  20    42   1     0     7     7  19.4       0.450      0.01201   
  20    43   1     0     6     6  19.5       0.462      0.01201   
  20    44   1     0     6     6  19.5       0.474      0.01201   
  20    45   1     0     6     6  19.5       0.486      0.01201   
  20    46   1     0     5     5  19.5       0.498      0.01201   
  20    47   1     0     5     5  19.5       0.510      0.01201   
  20    48   1     0     4     4  19.5       0.522      0.01201   
  20    49   1     0     4     4  19.5       0.534      0.01201   
  20    50   1     0    10    10  19.6       0.552      0.01802   
  20    51   1     0     6     6  19.6       0.570      0.01802   
  20    52   1     0     5     5  19.6       0.588      0.01802   
  20    53   1     0     4     4  19.6       0.606      0.01802   
  20    54   1     0     4     4  19.6       0.624      0.01802   
  20    55   1     0     8     8  19.6       0.649      0.02500   
  20    56   1     0     6     6  19.7       0.674      0.02500   
  20    57   1     0     5     5  19.7       0.699      0.02500   
  20    58   1     0     4     4  19.7       0.724      0.02500   
  20    59   1     0     3     3  19.7       0.749      0.02500   
  20    60   1     0     8     8  19.8       0.774      0.02500   
  20    61   1     0     4     4  19.8       0.799      0.02500   
  20    62   1     0     6     6  19.8       0.824      0.02500   
  20    63   1     0    10    10  19.8       0.849      0.02500   
  20    64   1     0    10    10  19.9       0.874      0.02500   
  20    65   1     0    10    10  19.9       0.899      0.02500   
  20    66   1     0     9     9  19.9       0.924      0.02500   
  20    67   1     0     5     5  19.9       0.949      0.02500   
  20    68   1     0     6     6  20.0       0.974      0.02500   
  20    69   1     0     5     5  20.0       0.999      0.02500   
  20    70   1     0    10    10  20.0       1.00       0.001093  
  21     1   1     0    10    10  20.0       0.00500    0.005000  
  21     2   1     0     9     9  20.0       0.0100     0.005000  
  21     3   1     0    10    10  20.0       0.0150     0.005000  
  21     4   1     0     8     8  20.0       0.0200     0.005000  
  21     5   1     0     6     6  20.0       0.0250     0.005000  
  21     6   1     0     7     7  20.0       0.0300     0.005000  
  21     7   1     0     6     6  20.0       0.0350     0.005000  
  21     8   1     0     6     6  20.0       0.0400     0.005000  
  21     9   1     0     4     4  20.0       0.0450     0.005000  
  21    10   1     0     3     3  20.1       0.0500     0.005000  
  21    11   1     0     9     9  20.1       0.0575     0.007500  
  21    12   1     0     2     2  20.1       0.0650     0.007500  
  21    13   1     0     3     3  20.1       0.0725     0.007500  
  21    14   1     0     9     9  20.1       0.0838     0.01125   
  21    15   1     0     4     4  20.1       0.0950     0.01125   
  21    16   1     0     4     4  20.1       0.106      0.01125   
  21    17   1     0     9     9  20.1       0.123      0.01688   
  21    18   1     0     4     4  20.1       0.140      0.01688   
  21    19   1     0     5     5  20.2       0.157      0.01688   
  21    20   1     0     3     3  20.2       0.174      0.01688   
  21    21   1     0     2     2  20.2       0.191      0.01688   
  21    22   1     0     8     8  20.2       0.216      0.02500   
  21    23   1     0     6     6  20.2       0.241      0.02500   
  21    24   1     0    10    10  20.3       0.266      0.02500   
  21    25   1     0     5     5  20.3       0.291      0.02500   
  21    26   1     0     6     6  20.3       0.316      0.02500   
  21    27   1     0    10    10  20.3       0.341      0.02500   
  21    28   1     0    12    12  20.4       0.366      0.02500   
  21    29   1     0    12    12  20.4       0.384      0.01875   
  21    30   1     0    10    10  20.4       0.398      0.01406   
  21    31   1     0     9     9  20.4       0.413      0.01406   
  21    32   1     0     8     8  20.4       0.427      0.01406   
  21    33   1     0     6     6  20.4       0.441      0.01406   
  21    34   1     0     7     7  20.5       0.455      0.01406   
  21    35   1     0     7     7  20.5       0.469      0.01406   
  21    36   1     0     6     6  20.5       0.483      0.01406   
  21    37   1     0     6     6  20.5       0.497      0.01406   
  21    38   1     0     5     5  20.5       0.511      0.01406   
  21    39   1     0     5     5  20.5       0.525      0.01406   
  21    40   1     0     4     4  20.5       0.539      0.01406   
  21    41   1     0     4     4  20.6       0.553      0.01406   
  21    42   1     0     9     9  20.6       0.574      0.02109   
  21    43   1     0     5     5  20.6       0.595      0.02109   
  21    44   1     0     5     5  20.6       0.616      0.02109   
  21    45   1     0     4     4  20.6       0.637      0.02109   
  21    46   1     0     3     3  20.7       0.659      0.02109   
  21    47   1     0     6     6  20.7       0.684      0.02500   
  21    48   1     0     5     5  20.7       0.709      0.02500   
  21    49   1     0     4     4  20.7       0.734      0.02500   
  21    50   1     0    10    10  20.8       0.759      0.02500   
  21    51   1     0     8     8  20.8       0.784      0.02500   
  21    52   1     0     4     4  20.8       0.809      0.02500   
  21    53   1     0     9     9  20.8       0.834      0.02500   
  21    54   1     0    10    10  20.9       0.859      0.02500   
  21    55   1     0    11    11  20.9       0.884      0.02500   
  21    56   1     0    10    10  20.9       0.902      0.01875   
  21    57   1     0     8     8  20.9       0.921      0.01875   
  21    58   1     0     8     8  20.9       0.940      0.01875   
  21    59   1     0     7     7  21.0       0.959      0.01875   
  21    60   1     0     7     7  21.0       0.977      0.01875   
  21    61   1     0     6     6  21.0       0.996      0.01875   
  21    62   1     0    10    10  21.0       1.00       0.003906  
  22     1   1     0    10    10  21.0       0.00500    0.005000  
  22     2   1     0     7     7  21.0       0.0100     0.005000  
  22     3   1     0     7     7  21.0       0.0150     0.005000  
  22     4   1     0     8     8  21.0       0.0200     0.005000  
  22     5   1     0     5     5  21.0       0.0250     0.005000  
  22     6   1     0     6     6  21.0       0.0300     0.005000  
  22     7   1     0     3     3  21.0       0.0350     0.005000  
  22     8   1     0     3     3  21.0       0.0400     0.005000  
  22     9   1     0     9     9  21.0       0.0475     0.007500  
  22    10   1     0     2     2  21.1       0.0550     0.007500  
  22    11   1     0     4     4  21.1       0.0625     0.007500  
  22    12   1     0    10    10  21.1       0.0737     0.01125   
  22    13   1     0     4     4  21.1       0.0850     0.01125   
  22    14   1     0     5     5  21.1       0.0962     0.01125   
  22    15   1     0     3     3  21.1       0.107      0.01125   
  22    16   1     0     2     2  21.1       0.119      0.01125   
  22    17   1     0     9     9  21.1       0.136      0.01688   
  22    18   1     0     4     4  21.2       0.152      0.01688   
  22    19   1     0     4     4  21.2       0.169      0.01688   
  22    20   1     0     7     7  21.2       0.194      0.02500   
  22    21   1     0     6     6  21.2       0.219      0.02500   
  22    22   1     0     5     5  21.2       0.244      0.02500   
  22    23   1     0     6     6  21.3       0.269      0.02500   
  22    24   1     0     2     2  21.3       0.294      0.02500   
  22    25   1     0     8     8  21.3       0.319      0.02500   
  22    26   1     0    10    10  21.3       0.344      0.02500   
  22    27   1     0    13    13  21.4       0.369      0.02500   
  22    28   1     0    12    12  21.4       0.388      0.01875   
  22    29   1     0    10    10  21.4       0.402      0.01406   
  22    30   1     0     9     9  21.4       0.416      0.01406   
  22    31   1     0     7     7  21.4       0.430      0.01406   
  22    32   1     0     7     7  21.4       0.444      0.01406   
  22    33   1     0     7     7  21.5       0.458      0.01406   
  22    34   1     0     6     6  21.5       0.472      0.01406   
  22    35   1     0     6     6  21.5       0.487      0.01406   
  22    36   1     0     6     6  21.5       0.501      0.01406   
  22    37   1     0     5     5  21.5       0.515      0.01406   
  22    38   1     0     5     5  21.5       0.529      0.01406   
  22    39   1     0     4     4  21.5       0.543      0.01406   
  22    40   1     0     4     4  21.6       0.557      0.01406   
  22    41   1     0     9     9  21.6       0.578      0.02109   
  22    42   1     0     5     5  21.6       0.599      0.02109   
  22    43   1     0     5     5  21.6       0.620      0.02109   
  22    44   1     0     3     3  21.6       0.641      0.02109   
  22    45   1     0     4     4  21.7       0.662      0.02109   
  22    46   1     0     6     6  21.7       0.687      0.02500   
  22    47   1     0     5     5  21.7       0.712      0.02500   
  22    48   1     0     4     4  21.7       0.737      0.02500   
  22    49   1     0    12    12  21.8       0.762      0.02500   
  22    50   1     0     9     9  21.8       0.781      0.01875   
  22    51   1     0     5     5  21.8       0.800      0.01875   
  22    52   1     0     3     3  21.8       0.819      0.01875   
  22    53   1     0    10    10  21.8       0.837      0.01875   
  22    54   1     0    10    10  21.9       0.856      0.01875   
  22    55   1     0    10    10  21.9       0.875      0.01875   
  22    56   1     0    10    10  21.9       0.894      0.01875   
  22    57   1     0    10    10  21.9       0.912      0.01875   
  22    58   1     0     8     8  21.9       0.931      0.01875   
  22    59   1     0     7     7  21.9       0.950      0.01875   
  22    60   1     0     7     7  22.0       0.969      0.01875   
  22    61   1     0     6     6  22.0       0.987      0.01875   
  22    62   1     0    10    10  22.0       1.00       0.01266   
  23     1   1     0    10    10  22.0       0.00500    0.005000  
  23     2   1     0     9     9  22.0       0.0100     0.005000  
  23     3   1     0     9     9  22.0       0.0150     0.005000  
  23     4   1     0     7     7  22.0       0.0200     0.005000  
  23     5   1     0     8     8  22.0       0.0250     0.005000  
  23     6   1     0     6     6  22.0       0.0300     0.005000  
  23     7   1     0     4     4  22.0       0.0350     0.005000  
  23     8   1     0     6     6  22.0       0.0400     0.005000  
  23     9   1     0     4     4  22.0       0.0450     0.005000  
  23    10   1     0     3     3  22.1       0.0500     0.005000  
  23    11   1     0     9     9  22.1       0.0575     0.007500  
  23    12   1     0     2     2  22.1       0.0650     0.007500  
  23    13   1     0     3     3  22.1       0.0725     0.007500  
  23    14   1     0    10    10  22.1       0.0838     0.01125   
  23    15   1     0     4     4  22.1       0.0950     0.01125   
  23    16   1     0     5     5  22.1       0.106      0.01125   
  23    17   1     0     3     3  22.1       0.117      0.01125   
  23    18   1     0     2     2  22.1       0.129      0.01125   
  23    19   1     0     9     9  22.1       0.146      0.01688   
  23    20   1     0     4     4  22.2       0.163      0.01688   
  23    21   1     0     4     4  22.2       0.179      0.01688   
  23    22   1     0     7     7  22.2       0.204      0.02500   
  23    23   1     0     6     6  22.2       0.229      0.02500   
  23    24   1     0    10    10  22.3       0.254      0.02500   
  23    25   1     0     6     6  22.3       0.279      0.02500   
  23    26   1     0     1     1  22.3       0.304      0.02500   
  23    27   1     0    10    10  22.3       0.329      0.02500   
  23    28   1     0    10    10  22.4       0.354      0.02500   
  23    29   1     0    10    10  22.4       0.379      0.02500   
  23    30   1     0    10    10  22.4       0.404      0.02500   
  23    31   1     0     9     9  22.4       0.429      0.02500   
  23    32   1     0     6     6  22.5       0.454      0.02500   
  23    33   1     0     5     5  22.5       0.479      0.02500   
  23    34   1     0     5     5  22.5       0.504      0.02500   
  23    35   1     0     4     4  22.5       0.529      0.02500   
  23    36   1     0     4     4  22.6       0.554      0.02500   
  23    37   1     0     4     4  22.6       0.579      0.02500   
  23    38   1     0     4     4  22.6       0.604      0.02500   
  23    39   1     0     4     4  22.6       0.629      0.02500   
  23    40   1     0     3     3  22.7       0.654      0.02500   
  23    41   1     0     3     3  22.7       0.679      0.02500   
  23    42   1     0     3     3  22.7       0.704      0.02500   
  23    43   1     0     3     3  22.7       0.729      0.02500   
  23    44   1     0    10    10  22.8       0.754      0.02500   
  23    45   1     0     8     8  22.8       0.779      0.02500   
  23    46   1     0     5     5  22.8       0.804      0.02500   
  23    47   1     0     6     6  22.8       0.829      0.02500   
  23    48   1     0    10    10  22.9       0.854      0.02500   
  23    49   1     0    11    11  22.9       0.879      0.02500   
  23    50   1     0    10    10  22.9       0.898      0.01875   
  23    51   1     0     9     9  22.9       0.917      0.01875   
  23    52   1     0     8     8  22.9       0.936      0.01875   
  23    53   1     0     7     7  23.0       0.954      0.01875   
  23    54   1     0     6     6  23.0       0.973      0.01875   
  23    55   1     0     6     6  23.0       0.992      0.01875   
  23    56   1     0    10    10  23.0       1.00       0.008125  
  24     1   1     0    10    10  23.0       0.00500    0.005000  
  24     2   1     0     7     7  23.0       0.0100     0.005000  
  24     3   1     0     6     6  23.0       0.0150     0.005000  
  24     4   1     0     3     3  23.0       0.0200     0.005000  
  24     5   1     0     1     1  23.0       0.0250     0.005000  
  24     6   1     0     7     7  23.0       0.0325     0.007500  
  24     7   1     0     2     2  23.0       0.0400     0.007500  
  24     8   1     0     4     4  23.0       0.0475     0.007500  
  24     9   1     0     6     6  23.1       0.0587     0.01125   
  24    10   1     0     4     4  23.1       0.0700     0.01125   
  24    11   1     0     5     5  23.1       0.0812     0.01125   
  24    12   1     0     4     4  23.1       0.0925     0.01125   
  24    13   1     0     3     3  23.1       0.104      0.01125   
  24    14   1     0     9     9  23.1       0.121      0.01688   
  24    15   1     0     3     3  23.1       0.137      0.01688   
  24    16   1     0     4     4  23.2       0.154      0.01688   
  24    17   1     0     7     7  23.2       0.179      0.02500   
  24    18   1     0     6     6  23.2       0.204      0.02500   
  24    19   1     0     4     4  23.2       0.229      0.02500   
  24    20   1     0    10    10  23.3       0.254      0.02500   
  24    21   1     0     6     6  23.3       0.279      0.02500   
  24    22   1     0     1     1  23.3       0.304      0.02500   
  24    23   1     0    10    10  23.3       0.329      0.02500   
  24    24   1     0    10    10  23.4       0.354      0.02500   
  24    25   1     0    10    10  23.4       0.379      0.02500   
  24    26   1     0    10    10  23.4       0.404      0.02500   
  24    27   1     0     9     9  23.4       0.429      0.02500   
  24    28   1     0     6     6  23.5       0.454      0.02500   
  24    29   1     0     5     5  23.5       0.479      0.02500   
  24    30   1     0     5     5  23.5       0.504      0.02500   
  24    31   1     0     5     5  23.5       0.529      0.02500   
  24    32   1     0     3     3  23.6       0.554      0.02500   
  24    33   1     0     4     4  23.6       0.579      0.02500   
  24    34   1     0     4     4  23.6       0.604      0.02500   
  24    35   1     0     4     4  23.6       0.629      0.02500   
  24    36   1     0     3     3  23.7       0.654      0.02500   
  24    37   1     0     3     3  23.7       0.679      0.02500   
  24    38   1     0     3     3  23.7       0.704      0.02500   
  24    39   1     0     3     3  23.7       0.729      0.02500   
  24    40   1     0    10    10  23.8       0.754      0.02500   
  24    41   1     0     8     8  23.8       0.779      0.02500   
  24    42   1     0     5     5  23.8       0.804      0.02500   
  24    43   1     0     6     6  23.8       0.829      0.02500   
  24    44   1     0    10    10  23.9       0.854      0.02500   
  24    45   1     0    10    10  23.9       0.879      0.02500   
  24    46   1     0    10    10  23.9       0.904      0.02500   
  24    47   1     0     9     9  23.9       0.929      0.02500   
  24    48   1     0     7     7  24.0       0.954      0.02500   
  24    49   1     0     7     7  24.0       0.979      0.02500   
  24    50   1     0     7     7  24.0       1.00       0.02062   
  25     1   1     0    10    10  24.0       0.00500    0.005000  
  25     2   1     0     8     8  24.0       0.0100     0.005000  
  25     3   1     0     8     8  24.0       0.0150     0.005000  
  25     4   1     0     7     7  24.0       0.0200     0.005000  
  25     5   1     0     5     5  24.0       0.0250     0.005000  
  25     6   1     0     1     1  24.0       0.0300     0.005000  
  25     7   1     0     1     1  24.0       0.0350     0.005000  
  25     8   1     0     6     6  24.0       0.0425     0.007500  
  25     9   1     0     2     2  24.0       0.0500     0.007500  
  25    10   1     0     3     3  24.1       0.0575     0.007500  
  25    11   1     0     3     3  24.1       0.0688     0.01125   
  25    12   1     0     8     8  24.1       0.0856     0.01688   
  25    13   1     0     5     5  24.1       0.103      0.01688   
  25    14   1     0     5     5  24.1       0.119      0.01688   
  25    15   1     0     3     3  24.1       0.136      0.01688   
  25    16   1     0     3     3  24.2       0.153      0.01688   
  25    17   1     0     7     7  24.2       0.178      0.02500   
  25    18   1     0     6     6  24.2       0.203      0.02500   
  25    19   1     0     4     4  24.2       0.228      0.02500   
  25    20   1     0     9     9  24.3       0.253      0.02500   
  25    21   1     0     6     6  24.3       0.278      0.02500   
  25    22   1     0     1     1  24.3       0.303      0.02500   
  25    23   1     0    10    10  24.3       0.328      0.02500   
  25    24   1     0    10    10  24.4       0.353      0.02500   
  25    25   1     0    10    10  24.4       0.378      0.02500   
  25    26   1     0    10    10  24.4       0.403      0.02500   
  25    27   1     0     9     9  24.4       0.428      0.02500   
  25    28   1     0     6     6  24.5       0.453      0.02500   
  25    29   1     0     5     5  24.5       0.478      0.02500   
  25    30   1     0     5     5  24.5       0.503      0.02500   
  25    31   1     0     4     4  24.5       0.528      0.02500   
  25    32   1     0     3     3  24.6       0.553      0.02500   
  25    33   1     0     4     4  24.6       0.578      0.02500   
  25    34   1     0     4     4  24.6       0.603      0.02500   
  25    35   1     0     4     4  24.6       0.628      0.02500   
  25    36   1     0     4     4  24.7       0.653      0.02500   
  25    37   1     0     3     3  24.7       0.678      0.02500   
  25    38   1     0     3     3  24.7       0.703      0.02500   
  25    39   1     0     3     3  24.7       0.728      0.02500   
  25    40   1     0    10    10  24.8       0.753      0.02500   
  25    41   1     0     7     7  24.8       0.778      0.02500   
  25    42   1     0     6     6  24.8       0.803      0.02500   
  25    43   1     0     6     6  24.8       0.828      0.02500   
  25    44   1     0    10    10  24.9       0.853      0.02500   
  25    45   1     0    10    10  24.9       0.878      0.02500   
  25    46   1     0    10    10  24.9       0.903      0.02500   
  25    47   1     0     9     9  24.9       0.928      0.02500   
  25    48   1     0     7     7  25.0       0.953      0.02500   
  25    49   1     0     7     7  25.0       0.978      0.02500   
  25    50   1     0     7     7  25.0       1.00       0.02187   
  26     1   1     0    10    10  25.0       0.00500    0.005000  
  26     2   1     0     8     8  25.0       0.0100     0.005000  
  26     3   1     0     8     8  25.0       0.0150     0.005000  
  26     4   1     0     8     8  25.0       0.0200     0.005000  
  26     5   1     0     5     5  25.0       0.0250     0.005000  
  26     6   1     0     3     3  25.0       0.0300     0.005000  
  26     7   1     0     1     1  25.0       0.0350     0.005000  
  26     8   1     0     7     7  25.0       0.0425     0.007500  
  26     9   1     0     2     2  25.0       0.0500     0.007500  
  26    10   1     0     3     3  25.1       0.0575     0.007500  
  26    11   1     0     3     3  25.1       0.0688     0.01125   
  26    12   1     0     9     9  25.1       0.0856     0.01688   
  26    13   1     0     6     6  25.1       0.103      0.01688   
  26    14   1     0     5     5  25.1       0.119      0.01688   
  26    15   1     0     3     3  25.1       0.136      0.01688   
  26    16   1     0     3     3  25.2       0.153      0.01688   
  26    17   1     0     7     7  25.2       0.178      0.02500   
  26    18   1     0     6     6  25.2       0.203      0.02500   
  26    19   1     0     4     4  25.2       0.228      0.02500   
  26    20   1     0     9     9  25.3       0.253      0.02500   
  26    21   1     0     6     6  25.3       0.278      0.02500   
  26    22   1     0     1     1  25.3       0.303      0.02500   
  26    23   1     0    10    10  25.3       0.328      0.02500   
  26    24   1     0    10    10  25.4       0.353      0.02500   
  26    25   1     0    10    10  25.4       0.378      0.02500   
  26    26   1     0    10    10  25.4       0.403      0.02500   
  26    27   1     0     9     9  25.4       0.428      0.02500   
  26    28   1     0     6     6  25.5       0.453      0.02500   
  26    29   1     0     5     5  25.5       0.478      0.02500   
  26    30   1     0     5     5  25.5       0.503      0.02500   
  26    31   1     0     5     5  25.5       0.528      0.02500   
  26    32   1     0     3     3  25.6       0.553      0.02500   
  26    33   1     0     4     4  25.6       0.578      0.02500   
  26    34   1     0     4     4  25.6       0.603      0.02500   
  26    35   1     0     4     4  25.6       0.628      0.02500   
  26    36   1     0     4     4  25.7       0.653      0.02500   
  26    37   1     0     3     3  25.7       0.678      0.02500   
  26    38   1     0     3     3  25.7       0.703      0.02500   
  26    39   1     0     3     3  25.7       0.728      0.02500   
  26    40   1     0    10    10  25.8       0.753      0.02500   
  26    41   1     0     7     7  25.8       0.778      0.02500   
  26    42   1     0     6     6  25.8       0.803      0.02500   
  26    43   1     0     6     6  25.8       0.828      0.02500   
  26    44   1     0    10    10  25.9       0.853      0.02500   
  26    45   1     0    10    10  25.9       0.878      0.02500   
  26    46   1     0    10    10  25.9       0.903      0.02500   
  26    47   1     0     9     9  25.9       0.928      0.02500   
  26    48   1     0     7     7  26.0       0.953      0.02500   
  26    49   1     0     7     7  26.0       0.978      0.02500   
  26    50   1     0     7     7  26.0       1.00       0.02187   
  27     1   1     0    10    10  26.0       0.00500    0.005000  
  27     2   1     0     8     8  26.0       0.0100     0.005000  
  27     3   1     0     8     8  26.0       0.0150     0.005000  
  27     4   1     0     8     8  26.0       0.0200     0.005000  
  27     5   1     0     5     5  26.0       0.0250     0.005000  
  27     6   1     0     3     3  26.0       0.0300     0.005000  
  27     7   1     0     1     1  26.0       0.0350     0.005000  
  27     8   1     0     7     7  26.0       0.0425     0.007500  
  27     9   1     0     2     2  26.0       0.0500     0.007500  
  27    10   1     0     3     3  26.1       0.0575     0.007500  
  27    11   1     0     3     3  26.1       0.0688     0.01125   
  27    12   1     0     9     9  26.1       0.0856     0.01688   
  27    13   1     0     6     6  26.1       0.103      0.01688   
  27    14   1     0     5     5  26.1       0.119      0.01688   
  27    15   1     0     3     3  26.1       0.136      0.01688   
  27    16   1     0     3     3  26.2       0.153      0.01688   
  27    17   1     0     7     7  26.2       0.178      0.02500   
  27    18   1     0     6     6  26.2       0.203      0.02500   
  27    19   1     0     4     4  26.2       0.228      0.02500   
  27    20   1     0     9     9  26.3       0.253      0.02500   
  27    21   1     0     6     6  26.3       0.278      0.02500   
  27    22   1     0     1     1  26.3       0.303      0.02500   
  27    23   1     0    10    10  26.3       0.328      0.02500   
  27    24   1     0    10    10  26.4       0.353      0.02500   
  27    25   1     0    10    10  26.4       0.378      0.02500   
  27    26   1     0    10    10  26.4       0.403      0.02500   
  27    27   1     0     9     9  26.4       0.428      0.02500   
  27    28   1     0     6     6  26.5       0.453      0.02500   
  27    29   1     0     5     5  26.5       0.478      0.02500   
  27    30   1     0     5     5  26.5       0.503      0.02500   
  27    31   1     0     5     5  26.5       0.528      0.02500   
  27    32   1     0     3     3  26.6       0.553      0.02500   
  27    33   1     0     4     4  26.6       0.578      0.02500   
  27    34   1     0     4     4  26.6       0.603      0.02500   
  27    35   1     0     4     4  26.6       0.628      0.02500   
  27    36   1     0     4     4  26.7       0.653      0.02500   
  27    37   1     0     3     3  26.7       0.678      0.02500   
  27    38   1     0     3     3  26.7       0.703      0.02500   
  27    39   1     0     3     3  26.7       0.728      0.02500   
  27    40   1     0    10    10  26.8       0.753      0.02500   
  27    41   1     0     7     7  26.8       0.778      0.02500   
  27    42   1     0     6     6  26.8       0.803      0.02500   
  27    43   1     0     6     6  26.8       0.828      0.02500   
  27    44   1     0    10    10  26.9       0.853      0.02500   
  27    45   1     0    10    10  26.9       0.878      0.02500   
  27    46   1     0    10    10  26.9       0.903      0.02500   
  27    47   1     0     9     9  26.9       0.928      0.02500   
  27    48   1     0     7     7  27.0       0.953      0.02500   
  27    49   1     0     7     7  27.0       0.978      0.02500   
  27    50   1     0     7     7  27.0       1.00       0.02187   
  28     1   1     0    10    10  27.0       0.00500    0.005000  
  28     2   1     0     8     8  27.0       0.0100     0.005000  
  28     3   1     0     8     8  27.0       0.0150     0.005000  
  28     4   1     0     8     8  27.0       0.0200     0.005000  
  28     5   1     0     5     5  27.0       0.0250     0.005000  
  28     6   1     0     3     3  27.0       0.0300     0.005000  
  28     7   1     0     1     1  27.0       0.0350     0.005000  
  28     8   1     0     7     7  27.0       0.0425     0.007500  
  28     9   1     0     2     2  27.0       0.0500     0.007500  
  28    10   1     0     3     3  27.1       0.0575     0.007500  
  28    11   1     0     3     3  27.1       0.0688     0.01125   
  28    12   1     0     9     9  27.1       0.0856     0.01688   
  28    13   1     0     6     6  27.1       0.103      0.01688   
  28    14   1     0     5     5  27.1       0.119      0.01688   
  28    15   1     0     3     3  27.1       0.136      0.01688   
  28    16   1     0     3     3  27.2       0.153      0.01688   
  28    17   1     0     7     7  27.2       0.178      0.02500   
  28    18   1     0     6     6  27.2       0.203      0.02500   
  28    19   1     0     4     4  27.2       0.228      0.02500   
  28    20   1     0     9     9  27.3       0.253      0.02500   
  28    21   1     0     7     7  27.3       0.278      0.02500   
  28    22   1     0     1     1  27.3       0.303      0.02500   
  28    23   1     0    10    10  27.3       0.328      0.02500   
  28    24   1     0    10    10  27.4       0.353      0.02500   
  28    25   1     0    11    11  27.4       0.378      0.02500   
  28    26   1     0    10    10  27.4       0.397      0.01875   
  28    27   1     0    10    10  27.4       0.416      0.01875   
  28    28   1     0     9     9  27.4       0.434      0.01875   
  28    29   1     0     6     6  27.5       0.453      0.01875   
  28    30   1     0     6     6  27.5       0.472      0.01875   
  28    31   1     0     6     6  27.5       0.491      0.01875   
  28    32   1     0     5     5  27.5       0.509      0.01875   
  28    33   1     0     5     5  27.5       0.528      0.01875   
  28    34   1     0     4     4  27.5       0.547      0.01875   
  28    35   1     0     4     4  27.6       0.566      0.01875   
  28    36   1     0     8     8  27.6       0.591      0.02500   
  28    37   1     0     5     5  27.6       0.616      0.02500   
  28    38   1     0     4     4  27.6       0.641      0.02500   
  28    39   1     0     4     4  27.7       0.666      0.02500   
  28    40   1     0     4     4  27.7       0.691      0.02500   
  28    41   1     0     3     3  27.7       0.716      0.02500   
  28    42   1     0     3     3  27.7       0.741      0.02500   
  28    43   1     0    10    10  27.8       0.766      0.02500   
  28    44   1     0     8     8  27.8       0.791      0.02500   
  28    45   1     0     4     4  27.8       0.816      0.02500   
  28    46   1     0    10    10  27.8       0.841      0.02500   
  28    47   1     0    10    10  27.9       0.866      0.02500   
  28    48   1     0    11    11  27.9       0.891      0.02500   
  28    49   1     0    10    10  27.9       0.909      0.01875   
  28    50   1     0     9     9  27.9       0.928      0.01875   
  28    51   1     0     8     8  27.9       0.947      0.01875   
  28    52   1     0     8     8  28.0       0.966      0.01875   
  28    53   1     0     7     7  28.0       0.984      0.01875   
  28    54   1     0     9     9  28.0       1.00       0.01562   
  29     1   1     0    10    10  28.0       0.00500    0.005000  
  29     2   1     0     8     8  28.0       0.0100     0.005000  
  29     3   1     0     7     7  28.0       0.0150     0.005000  
  29     4   1     0     7     7  28.0       0.0200     0.005000  
  29     5   1     0     4     4  28.0       0.0250     0.005000  
  29     6   1     0     2     2  28.0       0.0300     0.005000  
  29     7   1     0     8     8  28.0       0.0375     0.007500  
  29     8   1     0     2     2  28.0       0.0450     0.007500  
  29     9   1     0     4     4  28.1       0.0525     0.007500  
  29    10   1U    0     5     5  28.1       0.0525     0.01125   
  29    10   2     0     9     9  28.1       0.0553     0.002812  
  29    11   1     0     3     3  28.1       0.0581     0.002812  
  29    12   1     0     5     5  28.1       0.0609     0.002812  
  29    13   1     0     4     4  28.1       0.0638     0.002812  
  29    14   1     0     3     3  28.1       0.0666     0.002812  
  29    15   1     0     7     7  28.1       0.0708     0.004219  
  29    16   1     0     1     1  28.1       0.0750     0.004219  
  29    17   1     0     1     1  28.1       0.0792     0.004219  
  29    18   1     0     5     5  28.1       0.0855     0.006328  
  29    19   1     0     1     1  28.1       0.0919     0.006328  
  29    20   1     0     2     2  28.1       0.0982     0.006328  
  29    21   1     0     5     5  28.1       0.108      0.009492  
  29    22   1     0     2     2  28.1       0.117      0.009492  
  29    23   1     0     3     3  28.1       0.127      0.009492  
  29    24   1     0     7     7  28.1       0.141      0.01424   
  29    25   1     0     4     4  28.2       0.155      0.01424   
  29    26   1     0     4     4  28.2       0.169      0.01424   
  29    27   1     0     6     6  28.2       0.191      0.02136   
  29    28   1     0     4     4  28.2       0.212      0.02136   
  29    29   1     0     4     4  28.2       0.233      0.02136   
  29    30   1     0    10    10  28.3       0.258      0.02500   
  29    31   1     0     4     4  28.3       0.283      0.02500   
  29    32   1     0     5     5  28.3       0.308      0.02500   
  29    33   1     0    10    10  28.3       0.333      0.02500   
  29    34   1     0    10    10  28.4       0.358      0.02500   
  29    35   1     0    10    10  28.4       0.383      0.02500   
  29    36   1     0    10    10  28.4       0.408      0.02500   
  29    37   1     0     9     9  28.4       0.433      0.02500   
  29    38   1     0     6     6  28.5       0.458      0.02500   
  29    39   1     0     5     5  28.5       0.483      0.02500   
  29    40   1     0     5     5  28.5       0.508      0.02500   
  29    41   1     0     5     5  28.5       0.533      0.02500   
  29    42   1     0     4     4  28.6       0.558      0.02500   
  29    43   1     0     4     4  28.6       0.583      0.02500   
  29    44   1     0     4     4  28.6       0.608      0.02500   
  29    45   1     0     4     4  28.6       0.633      0.02500   
  29    46   1     0     4     4  28.7       0.658      0.02500   
  29    47   1     0     3     3  28.7       0.683      0.02500   
  29    48   1     0     3     3  28.7       0.708      0.02500   
  29    49   1     0     2     2  28.7       0.733      0.02500   
  29    50   1     0    10    10  28.8       0.758      0.02500   
  29    51   1     0     9     9  28.8       0.783      0.02500   
  29    52   1     0     6     6  28.8       0.808      0.02500   
  29    53   1     0     6     6  28.8       0.833      0.02500   
  29    54   1     0    10    10  28.9       0.858      0.02500   
  29    55   1     0    10    10  28.9       0.883      0.02500   
  29    56   1     0    10    10  28.9       0.908      0.02500   
  29    57   1     0     9     9  28.9       0.933      0.02500   
  29    58   1     0     7     7  29.0       0.958      0.02500   
  29    59   1     0     6     6  29.0       0.983      0.02500   
  29    60   1     0    10    10  29.0       1.00       0.01653   
  30     1   1     0    10    10  29.0       0.00500    0.005000  
  30     2   1     0     8     8  29.0       0.0100     0.005000  
  30     3   1     0     7     7  29.0       0.0150     0.005000  
  30     4   1     0     5     5  29.0       0.0200     0.005000  
  30     5   1     0     2     2  29.0       0.0250     0.005000  
  30     6   1     0     2     2  29.0       0.0300     0.005000  
  30     7   1     0     5     5  29.0       0.0375     0.007500  
  30     8   1     0     2     2  29.0       0.0450     0.007500  
  30     9   1     0     3     3  29.1       0.0525     0.007500  
  30    10   1     0     5     5  29.1       0.0638     0.01125   
  30    11   1     0     4     4  29.1       0.0750     0.01125   
  30    12   1     0     5     5  29.1       0.0862     0.01125   
  30    13   1     0     4     4  29.1       0.0975     0.01125   
  30    14   1     0     3     3  29.1       0.109      0.01125   
  30    15   1     0     8     8  29.1       0.126      0.01688   
  30    16   1     0     3     3  29.1       0.142      0.01688   
  30    17   1     0     4     4  29.2       0.159      0.01688   
  30    18   1     0     7     7  29.2       0.184      0.02500   
  30    19   1     0     6     6  29.2       0.209      0.02500   
  30    20   1     0     4     4  29.2       0.234      0.02500   
  30    21   1     0    10    10  29.3       0.259      0.02500   
  30    22   1     0     5     5  29.3       0.284      0.02500   
  30    23   1     0     3     3  29.3       0.309      0.02500   
  30    24   1     0    10    10  29.3       0.334      0.02500   
  30    25   1     0    10    10  29.4       0.359      0.02500   
  30    26   1     0    10    10  29.4       0.384      0.02500   
  30    27   1     0    10    10  29.4       0.409      0.02500   
  30    28   1     0    10    10  29.4       0.434      0.02500   
  30    29   1     0     7     7  29.5       0.459      0.02500   
  30    30   1     0     4     4  29.5       0.484      0.02500   
  30    31   1     0     5     5  29.5       0.509      0.02500   
  30    32   1     0     5     5  29.5       0.534      0.02500   
  30    33   1     0     3     3  29.6       0.559      0.02500   
  30    34   1     0     4     4  29.6       0.584      0.02500   
  30    35   1     0     4     4  29.6       0.609      0.02500   
  30    36   1     0     4     4  29.6       0.634      0.02500   
  30    37   1     0     4     4  29.7       0.659      0.02500   
  30    38   1     0     3     3  29.7       0.684      0.02500   
  30    39   1     0     3     3  29.7       0.709      0.02500   
  30    40   1     0     3     3  29.7       0.734      0.02500   
  30    41   1     0    10    10  29.8       0.759      0.02500   
  30    42   1     0     9     9  29.8       0.784      0.02500   
  30    43   1     0     5     5  29.8       0.809      0.02500   
  30    44   1     0     7     7  29.8       0.834      0.02500   
  30    45   1     0    10    10  29.9       0.859      0.02500   
  30    46   1     0    10    10  29.9       0.884      0.02500   
  30    47   1     0    10    10  29.9       0.909      0.02500   
  30    48   1     0    10    10  29.9       0.934      0.02500   
  30    49   1     0     7     7  30.0       0.959      0.02500   
  30    50   1     0     7     7  30.0       0.984      0.02500   
  30    51   1     0    10    10  30.0       1.00       0.01562   
  31     1   1     0    10    10  30.0       0.00500    0.005000  
  31     2   1     0     7     7  30.0       0.0100     0.005000  
  31     3   1     0     8     8  30.0       0.0150     0.005000  
  31     4   1     0     5     5  30.0       0.0200     0.005000  
  31     5   1     0     1     1  30.0       0.0250     0.005000  
  31     6   1     0     2     2  30.0       0.0300     0.005000  
  31     7   1     0     6     6  30.0       0.0375     0.007500  
  31     8   1     0     2     2  30.0       0.0450     0.007500  
  31     9   1     0     4     4  30.1       0.0525     0.007500  
  31    10   1     0     5     5  30.1       0.0638     0.01125   
  31    11   1     0     4     4  30.1       0.0750     0.01125   
  31    12   1     0     5     5  30.1       0.0862     0.01125   
  31    13   1     0     4     4  30.1       0.0975     0.01125   
  31    14   1     0     3     3  30.1       0.109      0.01125   
  31    15   1     0     8     8  30.1       0.126      0.01688   
  31    16   1     0     3     3  30.1       0.142      0.01688   
  31    17   1     0     4     4  30.2       0.159      0.01688   
  31    18   1     0     7     7  30.2       0.184      0.02500   
  31    19   1     0     6     6  30.2       0.209      0.02500   
  31    20   1     0     4     4  30.2       0.234      0.02500   
  31    21   1     0    10    10  30.3       0.259      0.02500   
  31    22   1     0     6     6  30.3       0.284      0.02500   
  31    23   1     0     3     3  30.3       0.309      0.02500   
  31    24   1     0    10    10  30.3       0.334      0.02500   
  31    25   1     0    10    10  30.4       0.359      0.02500   
  31    26   1     0    10    10  30.4       0.384      0.02500   
  31    27   1     0    10    10  30.4       0.409      0.02500   
  31    28   1     0    10    10  30.4       0.434      0.02500   
  31    29   1     0     7     7  30.5       0.459      0.02500   
  31    30   1     0     5     5  30.5       0.484      0.02500   
  31    31   1     0     5     5  30.5       0.509      0.02500   
  31    32   1     0     5     5  30.5       0.534      0.02500   
  31    33   1     0     3     3  30.6       0.559      0.02500   
  31    34   1     0     4     4  30.6       0.584      0.02500   
  31    35   1     0     4     4  30.6       0.609      0.02500   
  31    36   1     0     4     4  30.6       0.634      0.02500   
  31    37   1     0     4     4  30.7       0.659      0.02500   
  31    38   1     0     3     3  30.7       0.684      0.02500   
  31    39   1     0     3     3  30.7       0.709      0.02500   
  31    40   1     0     3     3  30.7       0.734      0.02500   
  31    41   1     0    10    10  30.8       0.759      0.02500   
  31    42   1     0     9     9  30.8       0.784      0.02500   
  31    43   1     0     5     5  30.8       0.809      0.02500   
  31    44   1     0     7     7  30.8       0.834      0.02500   
  31    45   1     0    10    10  30.9       0.859      0.02500   
  31    46   1     0    10    10  30.9       0.884      0.02500   
  31    47   1     0    10    10  30.9       0.909      0.02500   
  31    48   1     0    10    10  30.9       0.934      0.02500   
  31    49   1     0     7     7  31.0       0.959      0.02500   
  31    50   1     0     7     7  31.0       0.984      0.02500   
  31    51   1     0    10    10  31.0       1.00       0.01562   
  32     1   1     0    10    10  31.0       0.00500    0.005000  
  32     2   1     0     7     7  31.0       0.0100     0.005000  
  32     3   1     0     8     8  31.0       0.0150     0.005000  
  32     4   1     0     5     5  31.0       0.0200     0.005000  
  32     5   1     0     1     1  31.0       0.0250     0.005000  
  32     6   1     0     2     2  31.0       0.0300     0.005000  
  32     7   1     0     6     6  31.0       0.0375     0.007500  
  32     8   1     0     2     2  31.0       0.0450     0.007500  
  32     9   1     0     4     4  31.1       0.0525     0.007500  
  32    10   1     0     5     5  31.1       0.0638     0.01125   
  32    11   1     0     4     4  31.1       0.0750     0.01125   
  32    12   1     0     5     5  31.1       0.0862     0.01125   
  32    13   1     0     4     4  31.1       0.0975     0.01125   
  32    14   1     0     3     3  31.1       0.109      0.01125   
  32    15   1     0     8     8  31.1       0.126      0.01688   
  32    16   1     0     3     3  31.1       0.142      0.01688   
  32    17   1     0     4     4  31.2       0.159      0.01688   
  32    18   1     0     7     7  31.2       0.184      0.02500   
  32    19   1     0     6     6  31.2       0.209      0.02500   
  32    20   1     0     4     4  31.2       0.234      0.02500   
  32    21   1     0    10    10  31.3       0.259      0.02500   
  32    22   1     0     6     6  31.3       0.284      0.02500   
  32    23   1     0     3     3  31.3       0.309      0.02500   
  32    24   1     0    10    10  31.3       0.334      0.02500   
  32    25   1     0    10    10  31.4       0.359      0.02500   
  32    26   1     0    10    10  31.4       0.384      0.02500   
  32    27   1     0    10    10  31.4       0.409      0.02500   
  32    28   1     0    10    10  31.4       0.434      0.02500   
  32    29   1     0     7     7  31.5       0.459      0.02500   
  32    30   1     0     5     5  31.5       0.484      0.02500   
  32    31   1     0     5     5  31.5       0.509      0.02500   
  32    32   1     0     5     5  31.5       0.534      0.02500   
  32    33   1     0     3     3  31.6       0.559      0.02500   
  32    34   1     0     4     4  31.6       0.584      0.02500   
  32    35   1     0     4     4  31.6       0.609      0.02500   
  32    36   1     0     4     4  31.6       0.634      0.02500   
  32    37   1     0     4     4  31.7       0.659      0.02500   
  32    38   1     0     3     3  31.7       0.684      0.02500   
  32    39   1     0     3     3  31.7       0.709      0.02500   
  32    40   1     0     3     3  31.7       0.734      0.02500   
  32    41   1     0    10    10  31.8       0.759      0.02500   
  32    42   1     0     9     9  31.8       0.784      0.02500   
  32    43   1     0     6     6  31.8       0.809      0.02500   
  32    44   1     0     6     6  31.8       0.834      0.02500   
  32    45   1     0    10    10  31.9       0.859      0.02500   
  32    46   1     0    10    10  31.9       0.884      0.02500   
  32    47   1     0    10    10  31.9       0.909      0.02500   
  32    48   1     0     9     9  31.9       0.934      0.02500   
  32    49   1     0     7     7  32.0       0.959      0.02500   
  32    50   1     0     6     6  32.0       0.984      0.02500   
  32    51   1     0    10    10  32.0       1.00       0.01562   
  33     1   1     0    10    10  32.0       0.00500    0.005000  
  33     2   1     0     6     6  32.0       0.0100     0.005000  
  33     3   1     0     8     8  32.0       0.0150     0.005000  
  33     4   1     0     5     5  32.0       0.0200     0.005000  
  33     5   1     0     1     1  32.0       0.0250     0.005000  
  33     6   1     0     2     2  32.0       0.0300     0.005000  
  33     7   1     0     6     6  32.0       0.0375     0.007500  
  33     8   1     0     2     2  32.0       0.0450     0.007500  
  33     9   1     0     4     4  32.1       0.0525     0.007500  
  33    10   1     0     6     6  32.1       0.0638     0.01125   
  33    11   1     0     4     4  32.1       0.0750     0.01125   
  33    12   1     0     5     5  32.1       0.0862     0.01125   
  33    13   1     0     4     4  32.1       0.0975     0.01125   
  33    14   1     0     3     3  32.1       0.109      0.01125   
  33    15   1     0     8     8  32.1       0.126      0.01688   
  33    16   1     0     3     3  32.1       0.142      0.01688   
  33    17   1     0     4     4  32.2       0.159      0.01688   
  33    18   1     0     7     7  32.2       0.184      0.02500   
  33    19   1     0     6     6  32.2       0.209      0.02500   
  33    20   1     0     4     4  32.2       0.234      0.02500   
  33    21   1     0    10    10  32.3       0.259      0.02500   
  33    22   1     0     6     6  32.3       0.284      0.02500   
  33    23   1     0     3     3  32.3       0.309      0.02500   
  33    24   1     0    10    10  32.3       0.334      0.02500   
  33    25   1     0    10    10  32.4       0.359      0.02500   
  33    26   1     0    10    10  32.4       0.384      0.02500   
  33    27   1     0    10    10  32.4       0.409      0.02500   
  33    28   1     0    10    10  32.4       0.434      0.02500   
  33    29   1     0     7     7  32.5       0.459      0.02500   
  33    30   1     0     5     5  32.5       0.484      0.02500   
  33    31   1     0     5     5  32.5       0.509      0.02500   
  33    32   1     0     5     5  32.5       0.534      0.02500   
  33    33   1     0     4     4  32.6       0.559      0.02500   
  33    34   1     0     4     4  32.6       0.584      0.02500   
  33    35   1     0     4     4  32.6       0.609      0.02500   
  33    36   1     0     4     4  32.6       0.634      0.02500   
  33    37   1     0     4     4  32.7       0.659      0.02500   
  33    38   1     0     3     3  32.7       0.684      0.02500   
  33    39   1     0     3     3  32.7       0.709      0.02500   
  33    40   1     0     3     3  32.7       0.734      0.02500   
  33    41   1     0    10    10  32.8       0.759      0.02500   
  33    42   1     0     9     9  32.8       0.784      0.02500   
  33    43   1     0     6     6  32.8       0.809      0.02500   
  33    44   1     0     6     6  32.8       0.834      0.02500   
  33    45   1     0    10    10  32.9       0.859      0.02500   
  33    46   1     0    10    10  32.9       0.884      0.02500   
  33    47   1     0    10    10  32.9       0.909      0.02500   
  33    48   1     0     9     9  32.9       0.934      0.02500   
  33    49   1     0     7     7  33.0       0.959      0.02500   
  33    50   1     0     6     6  33.0       0.984      0.02500   
  33    51   1     0    10    10  33.0       1.00       0.01562   
  34     1   1     0    10    10  33.0       0.00500    0.005000  
  34     2   1     0     6     6  33.0       0.0100     0.005000  
  34     3   1     0     8     8  33.0       0.0150     0.005000  
  34     4   1     0     5     5  33.0       0.0200     0.005000  
  34     5   1     0     2     2  33.0       0.0250     0.005000  
  34     6   1     0     1     1  33.0       0.0300     0.005000  
  34     7   1     0     6     6  33.0       0.0375     0.007500  
  34     8   1     0     2     2  33.0       0.0450     0.007500  
  34     9   1     0     4     4  33.1       0.0525     0.007500  
  34    10   1     0     6     6  33.1       0.0638     0.01125   
  34    11   1     0     4     4  33.1       0.0750     0.01125   
  34    12   1     0     5     5  33.1       0.0862     0.01125   
  34    13   1     0     4     4  33.1       0.0975     0.01125   
  34    14   1     0     3     3  33.1       0.109      0.01125   
  34    15   1     0     8     8  33.1       0.126      0.01688   
  34    16   1     0     3     3  33.1       0.142      0.01688   
  34    17   1     0     4     4  33.2       0.159      0.01688   
  34    18   1     0     7     7  33.2       0.184      0.02500   
  34    19   1     0     6     6  33.2       0.209      0.02500   
  34    20   1     0     4     4  33.2       0.234      0.02500   
  34    21   1     0    10    10  33.3       0.259      0.02500   
  34    22   1     0     6     6  33.3       0.284      0.02500   
  34    23   1     0     3     3  33.3       0.309      0.02500   
  34    24   1     0    10    10  33.3       0.334      0.02500   
  34    25   1     0    10    10  33.4       0.359      0.02500   
  34    26   1     0    10    10  33.4       0.384      0.02500   
  34    27   1     0    10    10  33.4       0.409      0.02500   
  34    28   1     0    10    10  33.4       0.434      0.02500   
  34    29   1     0     7     7  33.5       0.459      0.02500   
  34    30   1     0     5     5  33.5       0.484      0.02500   
  34    31   1     0     5     5  33.5       0.509      0.02500   
  34    32   1     0     5     5  33.5       0.534      0.02500   
  34    33   1     0     4     4  33.6       0.559      0.02500   
  34    34   1     0     4     4  33.6       0.584      0.02500   
  34    35   1     0     4     4  33.6       0.609      0.02500   
  34    36   1     0     4     4  33.6       0.634      0.02500   
  34    37   1     0     4     4  33.7       0.659      0.02500   
  34    38   1     0     3     3  33.7       0.684      0.02500   
  34    39   1     0     3     3  33.7       0.709      0.02500   
  34    40   1     0     3     3  33.7       0.734      0.02500   
  34    41   1     0    10    10  33.8       0.759      0.02500   
  34    42   1     0     9     9  33.8       0.784      0.02500   
  34    43   1     0     6     6  33.8       0.809      0.02500   
  34    44   1     0     6     6  33.8       0.834      0.02500   
  34    45   1     0    10    10  33.9       0.859      0.02500   
  34    46   1     0    10    10  33.9       0.884      0.02500   
  34    47   1     0    10    10  33.9       0.909      0.02500   
  34    48   1     0     9     9  33.9       0.934      0.02500   
  34    49   1     0     7     7  34.0       0.959      0.02500   
  34    50   1     0     6     6  34.0       0.984      0.02500   
  34    51   1     0    10    10  34.0       1.00       0.01562   
  35     1   1     0    10    10  34.0       0.00500    0.005000  
  35     2   1     0     6     6  34.0       0.0100     0.005000  
  35     3   1     0     8     8  34.0       0.0150     0.005000  
  35     4   1     0     5     5  34.0       0.0200     0.005000  
  35     5   1     0     2     2  34.0       0.0250     0.005000  
  35     6   1     0     1     1  34.0       0.0300     0.005000  
  35     7   1     0     6     6  34.0       0.0375     0.007500  
  35     8   1     0     2     2  34.0       0.0450     0.007500  
  35     9   1     0     4     4  34.1       0.0525     0.007500  
  35    10   1     0     6     6  34.1       0.0638     0.01125   
  35    11   1     0     4     4  34.1       0.0750     0.01125   
  35    12   1     0     6     6  34.1       0.0862     0.01125   
  35    13   1     0     4     4  34.1       0.0975     0.01125   
  35    14   1     0     3     3  34.1       0.109      0.01125   
  35    15   1     0     8     8  34.1       0.126      0.01688   
  35    16   1     0     3     3  34.1       0.142      0.01688   
  35    17   1     0     4     4  34.2       0.159      0.01688   
  35    18   1     0     7     7  34.2       0.184      0.02500   
  35    19   1     0     6     6  34.2       0.209      0.02500   
  35    20   1     0     4     4  34.2       0.234      0.02500   
  35    21   1     0    10    10  34.3       0.259      0.02500   
  35    22   1     0     6     6  34.3       0.284      0.02500   
  35    23   1     0     3     3  34.3       0.309      0.02500   
  35    24   1     0    10    10  34.3       0.334      0.02500   
  35    25   1     0    10    10  34.4       0.359      0.02500   
  35    26   1     0    11    11  34.4       0.384      0.02500   
  35    27   1     0    10    10  34.4       0.403      0.01875   
  35    28   1     0    10    10  34.4       0.422      0.01875   
  35    29   1     0     8     8  34.4       0.441      0.01875   
  35    30   1     0     6     6  34.5       0.459      0.01875   
  35    31   1     0     6     6  34.5       0.478      0.01875   
  35    32   1     0     6     6  34.5       0.497      0.01875   
  35    33   1     0     4     4  34.5       0.516      0.01875   
  35    34   1     0     5     5  34.5       0.534      0.01875   
  35    35   1     0     4     4  34.6       0.553      0.01875   
  35    36   1     0     4     4  34.6       0.572      0.01875   
  35    37   1     0     7     7  34.6       0.597      0.02500   
  35    38   1     0     5     5  34.6       0.622      0.02500   
  35    39   1     0     4     4  34.6       0.647      0.02500   
  35    40   1     0     4     4  34.7       0.672      0.02500   
  35    41   1     0     3     3  34.7       0.697      0.02500   
  35    42   1     0     4     4  34.7       0.722      0.02500   
  35    43   1     0     2     2  34.7       0.747      0.02500   
  35    44   1     0     9     9  34.8       0.772      0.02500   
  35    45   1     0     6     6  34.8       0.797      0.02500   
  35    46   1     0     3     3  34.8       0.822      0.02500   
  35    47   1     0    10    10  34.8       0.847      0.02500   
  35    48   1     0    10    10  34.9       0.872      0.02500   
  35    49   1     0    10    10  34.9       0.897      0.02500   
  35    50   1     0     9     9  34.9       0.922      0.02500   
  35    51   1     0     6     6  34.9       0.947      0.02500   
  35    52   1     0     6     6  35.0       0.972      0.02500   
  35    53   1     0     6     6  35.0       0.997      0.02500   
  35    54   1     0    10    10  35.0       1.00       0.003125  
  36     1   1     0    10    10  35.0       0.00500    0.005000  
  36     2   1     0     8     8  35.0       0.0100     0.005000  
  36     3   1     0     8     8  35.0       0.0150     0.005000  
  36     4   1     0     6     6  35.0       0.0200     0.005000  
  36     5   1     0     4     4  35.0       0.0250     0.005000  
  36     6   1     0     1     1  35.0       0.0300     0.005000  
  36     7   1     0     7     7  35.0       0.0375     0.007500  
  36     8   1     0     2     2  35.0       0.0450     0.007500  
  36     9   1     0     4     4  35.1       0.0525     0.007500  
  36    10   1U    0     4     4  35.1       0.0525     0.01125   
  36    10   2     0     9     9  35.1       0.0553     0.002812  
  36    11   1     0     3     3  35.1       0.0581     0.002812  
  36    12   1     0     4     4  35.1       0.0609     0.002812  
  36    13   1     0     8     8  35.1       0.0652     0.004219  
  36    14   1     0     1     1  35.1       0.0694     0.004219  
  36    15   1     0     1     1  35.1       0.0736     0.004219  
  36    16   1     0     6     6  35.1       0.0799     0.006328  
  36    17   1     0     1     1  35.1       0.0863     0.006328  
  36    18   1     0     2     2  35.1       0.0926     0.006328  
  36    19   1     0     4     4  35.1       0.102      0.009492  
  36    20   1     0     7     7  35.1       0.116      0.01424   
  36    21   1     0     5     5  35.1       0.131      0.01424   
  36    22   1     0     5     5  35.1       0.145      0.01424   
  36    23   1     0     3     3  35.2       0.159      0.01424   
  36    24   1     0     3     3  35.2       0.173      0.01424   
  36    25   1     0     7     7  35.2       0.195      0.02136   
  36    26   1     0     4     4  35.2       0.216      0.02136   
  36    27   1     0     4     4  35.2       0.237      0.02136   
  36    28   1     0    13    13  35.3       0.262      0.02500   
  36    29   1     0     5     5  35.3       0.281      0.01875   
  36    30   1     0     1     1  35.3       0.300      0.01875   
  36    31   1     0     8     8  35.3       0.319      0.01875   
  36    32   1     0    10    10  35.3       0.337      0.01875   
  36    33   1     0    10    10  35.4       0.356      0.01875   
  36    34   1     0    11    11  35.4       0.375      0.01875   
  36    35   1     0    10    10  35.4       0.389      0.01406   
  36    36   1     0    10    10  35.4       0.403      0.01406   
  36    37   1     0    10    10  35.4       0.417      0.01406   
  36    38   1     0     7     7  35.4       0.431      0.01406   
  36    39   1     0     7     7  35.4       0.445      0.01406   
  36    40   1     0     6     6  35.5       0.459      0.01406   
  36    41   1     0     6     6  35.5       0.473      0.01406   
  36    42   1     0     6     6  35.5       0.487      0.01406   
  36    43   1     0     6     6  35.5       0.501      0.01406   
  36    44   1     0     5     5  35.5       0.515      0.01406   
  36    45   1     0     5     5  35.5       0.530      0.01406   
  36    46   1     0     4     4  35.5       0.544      0.01406   
  36    47   1     0     4     4  35.6       0.558      0.01406   
  36    48   1     0     9     9  35.6       0.579      0.02109   
  36    49   1     0     5     5  35.6       0.600      0.02109   
  36    50   1     0     5     5  35.6       0.621      0.02109   
  36    51   1     0     4     4  35.6       0.642      0.02109   
  36    52   1     0     4     4  35.7       0.663      0.02109   
  36    53   1     0     6     6  35.7       0.688      0.02500   
  36    54   1     0     5     5  35.7       0.713      0.02500   
  36    55   1     0     4     4  35.7       0.738      0.02500   
  36    56   1     0    11    11  35.8       0.763      0.02500   
  36    57   1     0     9     9  35.8       0.782      0.01875   
  36    58   1     0     5     5  35.8       0.801      0.01875   
  36    59   1     0     2     2  35.8       0.819      0.01875   
  36    60   1     0     9     9  35.8       0.838      0.01875   
  36    61   1     0    10    10  35.9       0.857      0.01875   
  36    62   1     0    10    10  35.9       0.876      0.01875   
  36    63   1     0    10    10  35.9       0.894      0.01875   
  36    64   1     0    10    10  35.9       0.913      0.01875   
  36    65   1     0     7     7  35.9       0.932      0.01875   
  36    66   1     0     8     8  36.0       0.951      0.01875   
  36    67   1     0     7     7  36.0       0.969      0.01875   
  36    68   1     0     6     6  36.0       0.988      0.01875   
  36    69   1     0    10    10  36.0       1.00       0.01188   
  37     1   1     0    10    10  36.0       0.00500    0.005000  
  37     2   1     0     8     8  36.0       0.0100     0.005000  
  37     3   1     0     8     8  36.0       0.0150     0.005000  
  37     4   1     0     8     8  36.0       0.0200     0.005000  
  37     5   1     0     5     5  36.0       0.0250     0.005000  
  37     6   1     0     6     6  36.0       0.0300     0.005000  
  37     7   1     0     3     3  36.0       0.0350     0.005000  
  37     8   1     0     2     2  36.0       0.0400     0.005000  
  37     9   1     0     9     9  36.0       0.0475     0.007500  
  37    10   1     0     2     2  36.1       0.0550     0.007500  
  37    11   1     0     4     4  36.1       0.0625     0.007500  
  37    12   1     0    10    10  36.1       0.0737     0.01125   
  37    13   1     0     4     4  36.1       0.0850     0.01125   
  37    14   1     0     5     5  36.1       0.0962     0.01125   
  37    15   1     0     3     3  36.1       0.107      0.01125   
  37    16   1     0     2     2  36.1       0.119      0.01125   
  37    17   1     0     9     9  36.1       0.136      0.01688   
  37    18   1     0     4     4  36.2       0.152      0.01688   
  37    19   1     0     4     4  36.2       0.169      0.01688   
  37    20   1     0     7     7  36.2       0.194      0.02500   
  37    21   1     0     5     5  36.2       0.219      0.02500   
  37    22   1     0     5     5  36.2       0.244      0.02500   
  37    23   1     0     6     6  36.3       0.269      0.02500   
  37    24   1     0     2     2  36.3       0.294      0.02500   
  37    25   1     0     8     8  36.3       0.319      0.02500   
  37    26   1     0    10    10  36.3       0.344      0.02500   
  37    27   1     0    13    13  36.4       0.369      0.02500   
  37    28   1     0    12    12  36.4       0.388      0.01875   
  37    29   1     0    10    10  36.4       0.402      0.01406   
  37    30   1     0     9     9  36.4       0.416      0.01406   
  37    31   1     0     8     8  36.4       0.430      0.01406   
  37    32   1     0     6     6  36.4       0.444      0.01406   
  37    33   1     0     7     7  36.5       0.458      0.01406   
  37    34   1     0     6     6  36.5       0.472      0.01406   
  37    35   1     0     6     6  36.5       0.487      0.01406   
  37    36   1     0     6     6  36.5       0.501      0.01406   
  37    37   1     0     5     5  36.5       0.515      0.01406   
  37    38   1     0     5     5  36.5       0.529      0.01406   
  37    39   1     0     4     4  36.5       0.543      0.01406   
  37    40   1     0     4     4  36.6       0.557      0.01406   
  37    41   1     0     9     9  36.6       0.578      0.02109   
  37    42   1     0     5     5  36.6       0.599      0.02109   
  37    43   1     0     5     5  36.6       0.620      0.02109   
  37    44   1     0     4     4  36.6       0.641      0.02109   
  37    45   1     0     4     4  36.7       0.662      0.02109   
  37    46   1     0     6     6  36.7       0.687      0.02500   
  37    47   1     0     5     5  36.7       0.712      0.02500   
  37    48   1     0     4     4  36.7       0.737      0.02500   
  37    49   1     0    12    12  36.8       0.762      0.02500   
  37    50   1     0     8     8  36.8       0.781      0.01875   
  37    51   1     0     4     4  36.8       0.800      0.01875   
  37    52   1     0     2     2  36.8       0.819      0.01875   
  37    53   1     0    10    10  36.8       0.844      0.02500   
  37    54   1     0    11    11  36.9       0.869      0.02500   
  37    55   1     0    13    13  36.9       0.887      0.01875   
  37    56   1     0    10    10  36.9       0.901      0.01406   
  37    57   1     0    10    10  36.9       0.915      0.01406   
  37    58   1     0     8     8  36.9       0.930      0.01406   
  37    59   1     0     5     5  36.9       0.944      0.01406   
  37    60   1     0     6     6  37.0       0.958      0.01406   
  37    61   1     0     7     7  37.0       0.972      0.01406   
  37    62   1     0     6     6  37.0       0.986      0.01406   
  37    63   1     0     6     6  37.0       1.00       0.01406   
  37    64   1     0    10    10  37.0       1.00       0.0001562 
  38     1   1     0    10    10  37.0       0.00500    0.005000  
  38     2   1     0     6     6  37.0       0.0100     0.005000  
  38     3   1     0     6     6  37.0       0.0150     0.005000  
  38     4   1     0     4     4  37.0       0.0200     0.005000  
  38     5   1     0     1     1  37.0       0.0250     0.005000  
  38     6   1     0     9     9  37.0       0.0325     0.007500  
  38     7   1     0     3     3  37.0       0.0400     0.007500  
  38     8   1     0     5     5  37.0       0.0475     0.007500  
  38     9   1     0     3     3  37.1       0.0550     0.007500  
  38    10   1     0     3     3  37.1       0.0625     0.007500  
  38    11   1     0     9     9  37.1       0.0737     0.01125   
  38    12   1     0     4     4  37.1       0.0850     0.01125   
  38    13   1     0     5     5  37.1       0.0962     0.01125   
  38    14   1     0     3     3  37.1       0.107      0.01125   
  38    15   1     0     2     2  37.1       0.119      0.01125   
  38    16   1     0     9     9  37.1       0.136      0.01688   
  38    17   1     0     4     4  37.2       0.152      0.01688   
  38    18   1     0     4     4  37.2       0.169      0.01688   
  38    19   1     0     7     7  37.2       0.194      0.02500   
  38    20   1     0     5     5  37.2       0.219      0.02500   
  38    21   1     0     5     5  37.2       0.244      0.02500   
  38    22   1     0     7     7  37.3       0.269      0.02500   
  38    23   1     0     2     2  37.3       0.294      0.02500   
  38    24   1     0     7     7  37.3       0.319      0.02500   
  38    25   1     0    10    10  37.3       0.344      0.02500   
  38    26   1     0    13    13  37.4       0.369      0.02500   
  38    27   1     0    12    12  37.4       0.388      0.01875   
  38    28   1     0    10    10  37.4       0.402      0.01406   
  38    29   1     0     9     9  37.4       0.416      0.01406   
  38    30   1     0     8     8  37.4       0.430      0.01406   
  38    31   1     0     6     6  37.4       0.444      0.01406   
  38    32   1     0     7     7  37.5       0.458      0.01406   
  38    33   1     0     6     6  37.5       0.472      0.01406   
  38    34   1     0     6     6  37.5       0.487      0.01406   
  38    35   1     0     6     6  37.5       0.501      0.01406   
  38    36   1     0     5     5  37.5       0.515      0.01406   
  38    37   1     0     5     5  37.5       0.529      0.01406   
  38    38   1     0     4     4  37.5       0.543      0.01406   
  38    39   1     0     4     4  37.6       0.557      0.01406   
  38    40   1     0     9     9  37.6       0.578      0.02109   
  38    41   1     0     5     5  37.6       0.599      0.02109   
  38    42   1     0     5     5  37.6       0.620      0.02109   
  38    43   1     0     4     4  37.6       0.641      0.02109   
  38    44   1     0     4     4  37.7       0.662      0.02109   
  38    45   1     0     6     6  37.7       0.687      0.02500   
  38    46   1     0     5     5  37.7       0.712      0.02500   
  38    47   1     0     4     4  37.7       0.737      0.02500   
  38    48   1     0    12    12  37.8       0.762      0.02500   
  38    49   1     0     8     8  37.8       0.781      0.01875   
  38    50   1     0     4     4  37.8       0.800      0.01875   
  38    51   1     0     2     2  37.8       0.819      0.01875   
  38    52   1     0    10    10  37.8       0.844      0.02500   
  38    53   1     0    11    11  37.9       0.869      0.02500   
  38    54   1     0    13    13  37.9       0.887      0.01875   
  38    55   1     0    10    10  37.9       0.901      0.01406   
  38    56   1     0    10    10  37.9       0.915      0.01406   
  38    57   1     0     9     9  37.9       0.930      0.01406   
  38    58   1     0     5     5  37.9       0.944      0.01406   
  38    59   1     0     6     6  38.0       0.958      0.01406   
  38    60   1     0     7     7  38.0       0.972      0.01406   
  38    61   1     0     6     6  38.0       0.986      0.01406   
  38    62   1     0     6     6  38.0       1.00       0.01406   
  38    63   1     0    10    10  38.0       1.00       0.0001562 
  39     1   1     0    10    10  38.0       0.00500    0.005000  
  39     2   1     0     7     7  38.0       0.0100     0.005000  
  39     3   1     0     7     7  38.0       0.0150     0.005000  
  39     4   1     0     4     4  38.0       0.0200     0.005000  
  39     5   1     0     1     1  38.0       0.0250     0.005000  
  39     6   1     0     9     9  38.0       0.0325     0.007500  
  39     7   1     0     3     3  38.0       0.0400     0.007500  
  39     8   1     0     5     5  38.0       0.0475     0.007500  
  39     9   1     0     3     3  38.1       0.0550     0.007500  
  39    10   1     0     3     3  38.1       0.0625     0.007500  
  39    11   1     0     9     9  38.1       0.0737     0.01125   
  39    12   1     0     4     4  38.1       0.0850     0.01125   
  39    13   1     0     5     5  38.1       0.0962     0.01125   
  39    14   1     0     3     3  38.1       0.107      0.01125   
  39    15   1     0     2     2  38.1       0.119      0.01125   
  39    16   1     0     9     9  38.1       0.136      0.01688   
  39    17   1     0     4     4  38.2       0.152      0.01688   
  39    18   1     0     4     4  38.2       0.169      0.01688   
  39    19   1     0     7     7  38.2       0.194      0.02500   
  39    20   1     0     5     5  38.2       0.219      0.02500   
  39    21   1     0     5     5  38.2       0.244      0.02500   
  39    22   1     0     7     7  38.3       0.269      0.02500   
  39    23   1     0     2     2  38.3       0.294      0.02500   
  39    24   1     0     7     7  38.3       0.319      0.02500   
  39    25   1     0    10    10  38.3       0.344      0.02500   
  39    26   1     0    13    13  38.4       0.369      0.02500   
  39    27   1     0    12    12  38.4       0.388      0.01875   
  39    28   1     0    10    10  38.4       0.402      0.01406   
  39    29   1     0     9     9  38.4       0.416      0.01406   
  39    30   1     0     8     8  38.4       0.430      0.01406   
  39    31   1     0     6     6  38.4       0.444      0.01406   
  39    32   1     0     7     7  38.5       0.458      0.01406   
  39    33   1     0     6     6  38.5       0.472      0.01406   
  39    34   1     0     6     6  38.5       0.487      0.01406   
  39    35   1     0     6     6  38.5       0.501      0.01406   
  39    36   1     0     5     5  38.5       0.515      0.01406   
  39    37   1     0     5     5  38.5       0.529      0.01406   
  39    38   1     0     4     4  38.5       0.543      0.01406   
  39    39   1     0     4     4  38.6       0.557      0.01406   
  39    40   1     0     9     9  38.6       0.578      0.02109   
  39    41   1     0     5     5  38.6       0.599      0.02109   
  39    42   1     0     5     5  38.6       0.620      0.02109   
  39    43   1     0     4     4  38.6       0.641      0.02109   
  39    44   1     0     4     4  38.7       0.662      0.02109   
  39    45   1     0     6     6  38.7       0.687      0.02500   
  39    46   1     0     5     5  38.7       0.712      0.02500   
  39    47   1     0     4     4  38.7       0.737      0.02500   
  39    48   1     0    12    12  38.8       0.762      0.02500   
  39    49   1     0     8     8  38.8       0.781      0.01875   
  39    50   1     0     4     4  38.8       0.800      0.01875   
  39    51   1     0     2     2  38.8       0.819      0.01875   
  39    52   1     0    10    10  38.8       0.844      0.02500   
  39    53   1     0    11    11  38.9       0.869      0.02500   
  39    54   1     0    13    13  38.9       0.887      0.01875   
  39    55   1     0    10    10  38.9       0.901      0.01406   
  39    56   1     0    10    10  38.9       0.915      0.01406   
  39    57   1     0     9     9  38.9       0.930      0.01406   
  39    58   1     0     5     5  38.9       0.944      0.01406   
  39    59   1     0     6     6  39.0       0.958      0.01406   
  39    60   1     0     7     7  39.0       0.972      0.01406   
  39    61   1     0     7     7  39.0       0.986      0.01406   
  39    62   1     0     6     6  39.0       1.00       0.01406   
  39    63   1     0    10    10  39.0       1.00       0.0001562 
  40     1   1     0    10    10  39.0       0.00500    0.005000  
  40     2   1     0     7     7  39.0       0.0100     0.005000  
  40     3   1     0     7     7  39.0       0.0150     0.005000  
  40     4   1     0     4     4  39.0       0.0200     0.005000  
  40     5   1     0     2     2  39.0       0.0250     0.005000  
  40     6   1     0     9     9  39.0       0.0325     0.007500  
  40     7   1     0     3     3  39.0       0.0400     0.007500  
  40     8   1     0     5     5  39.0       0.0475     0.007500  
  40     9   1     0     3     3  39.1       0.0550     0.007500  
  40    10   1     0     2     2  39.1       0.0625     0.007500  
  40    11   1     0     9     9  39.1       0.0737     0.01125   
  40    12   1     0     4     4  39.1       0.0850     0.01125   
  40    13   1     0     5     5  39.1       0.0962     0.01125   
  40    14   1     0     3     3  39.1       0.107      0.01125   
  40    15   1     0     2     2  39.1       0.119      0.01125   
  40    16   1     0     9     9  39.1       0.136      0.01688   
  40    17   1     0     4     4  39.2       0.152      0.01688   
  40    18   1     0     4     4  39.2       0.169      0.01688   
  40    19   1     0     7     7  39.2       0.194      0.02500   
  40    20   1     0     5     5  39.2       0.219      0.02500   
  40    21   1     0     5     5  39.2       0.244      0.02500   
  40    22   1     0     7     7  39.3       0.269      0.02500   
  40    23   1     0     2     2  39.3       0.294      0.02500   
  40    24   1     0     7     7  39.3       0.319      0.02500   
  40    25   1     0    10    10  39.3       0.344      0.02500   
  40    26   1     0    13    13  39.4       0.369      0.02500   
  40    27   1     0    12    12  39.4       0.388      0.01875   
  40    28   1     0    10    10  39.4       0.402      0.01406   
  40    29   1     0     9     9  39.4       0.416      0.01406   
  40    30   1     0     8     8  39.4       0.430      0.01406   
  40    31   1     0     6     6  39.4       0.444      0.01406   
  40    32   1     0     7     7  39.5       0.458      0.01406   
  40    33   1     0     6     6  39.5       0.472      0.01406   
  40    34   1     0     6     6  39.5       0.487      0.01406   
  40    35   1     0     6     6  39.5       0.501      0.01406   
  40    36   1     0     5     5  39.5       0.515      0.01406   
  40    37   1     0     5     5  39.5       0.529      0.01406   
  40    38   1     0     4     4  39.5       0.543      0.01406   
  40    39   1     0     4     4  39.6       0.557      0.01406   
  40    40   1     0     9     9  39.6       0.578      0.02109   
  40    41   1     0     5     5  39.6       0.599      0.02109   
  40    42   1     0     5     5  39.6       0.620      0.02109   
  40    43   1     0     4     4  39.6       0.641      0.02109   
  40    44   1     0     4     4  39.7       0.662      0.02109   
  40    45   1     0     6     6  39.7       0.687      0.02500   
  40    46   1     0     5     5  39.7       0.712      0.02500   
  40    47   1     0     4     4  39.7       0.737      0.02500   
  40    48   1     0    12    12  39.8       0.762      0.02500   
  40    49   1     0     8     8  39.8       0.781      0.01875   
  40    50   1     0     4     4  39.8       0.800      0.01875   
  40    51   1     0     2     2  39.8       0.819      0.01875   
  40    52   1     0    10    10  39.8       0.844      0.02500   
  40    53   1     0    11    11  39.9       0.869      0.02500   
  40    54   1     0    13    13  39.9       0.887      0.01875   
  40    55   1     0    10    10  39.9       0.901      0.01406   
  40    56   1     0    10    10  39.9       0.915      0.01406   
  40    57   1     0     9     9  39.9       0.930      0.01406   
  40    58   1     0     5     5  39.9       0.944      0.01406   
  40    59   1     0     6     6  40.0       0.958      0.01406   
  40    60   1     0     8     8  40.0       0.972      0.01406   
  40    61   1     0     6     6  40.0       0.986      0.01406   
  40    62   1     0     6     6  40.0       1.00       0.01406   
  40    63   1     0    10    10  40.0       1.00       0.0001562 
  41     1   1     0    10    10  40.0       0.00500    0.005000  
  41     2   1     0     7     7  40.0       0.0100     0.005000  
  41     3   1     0     7     7  40.0       0.0150     0.005000  
  41     4   1     0     4     4  40.0       0.0200     0.005000  
  41     5   1     0     2     2  40.0       0.0250     0.005000  
  41     6   1     0     9     9  40.0       0.0325     0.007500  
  41     7   1     0     3     3  40.0       0.0400     0.007500  
  41     8   1     0     5     5  40.0       0.0475     0.007500  
  41     9   1     0     3     3  40.1       0.0550     0.007500  
  41    10   1     0     2     2  40.1       0.0625     0.007500  
  41    11   1     0     9     9  40.1       0.0737     0.01125   
  41    12   1     0     4     4  40.1       0.0850     0.01125   
  41    13   1     0     5     5  40.1       0.0962     0.01125   
  41    14   1     0     3     3  40.1       0.107      0.01125   
  41    15   1     0     2     2  40.1       0.119      0.01125   
  41    16   1     0     9     9  40.1       0.136      0.01688   
  41    17   1     0     4     4  40.2       0.152      0.01688   
  41    18   1     0     4     4  40.2       0.169      0.01688   
  41    19   1     0     7     7  40.2       0.194      0.02500   
  41    20   1     0     5     5  40.2       0.219      0.02500   
  41    21   1     0     5     5  40.2       0.244      0.02500   
  41    22   1     0     7     7  40.3       0.269      0.02500   
  41    23   1     0     2     2  40.3       0.294      0.02500   
  41    24   1     0     7     7  40.3       0.319      0.02500   
  41    25   1     0    10    10  40.3       0.344      0.02500   
  41    26   1     0    13    13  40.4       0.369      0.02500   
  41    27   1     0    12    12  40.4       0.388      0.01875   
  41    28   1     0    10    10  40.4       0.402      0.01406   
  41    29   1     0     9     9  40.4       0.416      0.01406   
  41    30   1     0     8     8  40.4       0.430      0.01406   
  41    31   1     0     6     6  40.4       0.444      0.01406   
  41    32   1     0     7     7  40.5       0.458      0.01406   
  41    33   1     0     6     6  40.5       0.472      0.01406   
  41    34   1     0     6     6  40.5       0.487      0.01406   
  41    35   1     0     6     6  40.5       0.501      0.01406   
  41    36   1     0     5     5  40.5       0.515      0.01406   
  41    37   1     0     5     5  40.5       0.529      0.01406   
  41    38   1     0     4     4  40.5       0.543      0.01406   
  41    39   1     0     4     4  40.6       0.557      0.01406   
  41    40   1     0     9     9  40.6       0.578      0.02109   
  41    41   1     0     5     5  40.6       0.599      0.02109   
  41    42   1     0     5     5  40.6       0.620      0.02109   
  41    43   1     0     4     4  40.6       0.641      0.02109   
  41    44   1     0     4     4  40.7       0.662      0.02109   
  41    45   1     0     6     6  40.7       0.687      0.02500   
  41    46   1     0     5     5  40.7       0.712      0.02500   
  41    47   1     0     4     4  40.7       0.737      0.02500   
  41    48   1     0    12    12  40.8       0.762      0.02500   
  41    49   1     0     8     8  40.8       0.781      0.01875   
  41    50   1     0     4     4  40.8       0.800      0.01875   
  41    51   1     0     2     2  40.8       0.819      0.01875   
  41    52   1     0    10    10  40.8       0.844      0.02500   
  41    53   1     0    11    11  40.9       0.869      0.02500   
  41    54   1     0    13    13  40.9       0.887      0.01875   
  41    55   1     0    10    10  40.9       0.901      0.01406   
  41    56   1     0    10    10  40.9       0.915      0.01406   
  41    57   1     0     9     9  40.9       0.930      0.01406   
  41    58   1     0     5     5  40.9       0.944      0.01406   
  41    59   1     0     6     6  41.0       0.958      0.01406   
  41    60   1     0     8     8  41.0       0.972      0.01406   
  41    61   1     0     6     6  41.0       0.986      0.01406   
  41    62   1     0     6     6  41.0       1.00       0.01406   
  41    63   1     0    10    10  41.0       1.00       0.0001562 
  42     1   1     0    10    10  41.0       0.00500    0.005000  
  42     2   1     0     6     6  41.0       0.0100     0.005000  
  42     3   1     0     7     7  41.0       0.0150     0.005000  
  42     4   1     0     4     4  41.0       0.0200     0.005000  
  42     5   1     0     2     2  41.0       0.0250     0.005000  
  42     6   1     0     9     9  41.0       0.0325     0.007500  
  42     7   1     0     3     3  41.0       0.0400     0.007500  
  42     8   1     0     5     5  41.0       0.0475     0.007500  
  42     9   1     0     3     3  41.1       0.0550     0.007500  
  42    10   1     0     2     2  41.1       0.0625     0.007500  
  42    11   1     0     9     9  41.1       0.0737     0.01125   
  42    12   1     0     4     4  41.1       0.0850     0.01125   
  42    13   1     0     5     5  41.1       0.0962     0.01125   
  42    14   1     0     3     3  41.1       0.107      0.01125   
  42    15   1     0     2     2  41.1       0.119      0.01125   
  42    16   1     0     9     9  41.1       0.136      0.01688   
  42    17   1     0     4     4  41.2       0.152      0.01688   
  42    18   1     0     4     4  41.2       0.169      0.01688   
  42    19   1     0     7     7  41.2       0.194      0.02500   
  42    20   1     0     5     5  41.2       0.219      0.02500   
  42    21   1     0     5     5  41.2       0.244      0.02500   
  42    22   1     0     7     7  41.3       0.269      0.02500   
  42    23   1     0     2     2  41.3       0.294      0.02500   
  42    24   1     0     7     7  41.3       0.319      0.02500   
  42    25   1     0    10    10  41.3       0.344      0.02500   
  42    26   1     0    13    13  41.4       0.369      0.02500   
  42    27   1     0    12    12  41.4       0.388      0.01875   
  42    28   1     0    10    10  41.4       0.402      0.01406   
  42    29   1     0     9     9  41.4       0.416      0.01406   
  42    30   1     0     8     8  41.4       0.430      0.01406   
  42    31   1     0     6     6  41.4       0.444      0.01406   
  42    32   1     0     7     7  41.5       0.458      0.01406   
  42    33   1     0     6     6  41.5       0.472      0.01406   
  42    34   1     0     6     6  41.5       0.487      0.01406   
  42    35   1     0     6     6  41.5       0.501      0.01406   
  42    36   1     0     5     5  41.5       0.515      0.01406   
  42    37   1     0     5     5  41.5       0.529      0.01406   
  42    38   1     0     4     4  41.5       0.543      0.01406   
  42    39   1     0     4     4  41.6       0.557      0.01406   
  42    40   1     0     9     9  41.6       0.578      0.02109   
  42    41   1     0     5     5  41.6       0.599      0.02109   
  42    42   1     0     5     5  41.6       0.620      0.02109   
  42    43   1     0     4     4  41.6       0.641      0.02109   
  42    44   1     0     4     4  41.7       0.662      0.02109   
  42    45   1     0     6     6  41.7       0.687      0.02500   
  42    46   1     0     5     5  41.7       0.712      0.02500   
  42    47   1     0     4     4  41.7       0.737      0.02500   
  42    48   1     0    12    12  41.8       0.762      0.02500   
  42    49   1     0     8     8  41.8       0.781      0.01875   
  42    50   1     0     4     4  41.8       0.800      0.01875   
  42    51   1     0     2     2  41.8       0.819      0.01875   
  42    52   1     0    10    10  41.8       0.844      0.02500   
  42    53   1     0    11    11  41.9       0.869      0.02500   
  42    54   1     0    13    13  41.9       0.887      0.01875   
  42    55   1     0    10    10  41.9       0.901      0.01406   
  42    56   1     0    10    10  41.9       0.915      0.01406   
  42    57   1     0     9     9  41.9       0.930      0.01406   
  42    58   1     0     5     5  41.9       0.944      0.01406   
  42    59   1     0     6     6  42.0       0.958      0.01406   
  42    60   1     0     8     8  42.0       0.972      0.01406   
  42    61   1     0     6     6  42.0       0.986      0.01406   
  42    62   1     0     6     6  42.0       1.00       0.01406   
  42    63   1     0    10    10  42.0       1.00       0.0001562 
  43     1   1     0    10    10  42.0       0.00500    0.005000  
  43     2   1     0     6     6  42.0       0.0100     0.005000  
  43     3   1     0     7     7  42.0       0.0150     0.005000  
  43     4   1     0     4     4  42.0       0.0200     0.005000  
  43     5   1     0     2     2  42.0       0.0250     0.005000  
  43     6   1     0     9     9  42.0       0.0325     0.007500  
  43     7   1     0     3     3  42.0       0.0400     0.007500  
  43     8   1     0     5     5  42.0       0.0475     0.007500  
  43     9   1     0     3     3  42.1       0.0550     0.007500  
  43    10   1     0     2     2  42.1       0.0625     0.007500  
  43    11   1     0     9     9  42.1       0.0737     0.01125   
  43    12   1     0     4     4  42.1       0.0850     0.01125   
  43    13   1     0     5     5  42.1       0.0962     0.01125   
  43    14   1     0     3     3  42.1       0.107      0.01125   
  43    15   1     0     2     2  42.1       0.119      0.01125   
  43    16   1     0     9     9  42.1       0.136      0.01688   
  43    17   1     0     4     4  42.2       0.152      0.01688   
  43    18   1     0     4     4  42.2       0.169      0.01688   
  43    19   1     0     7     7  42.2       0.194      0.02500   
  43    20   1     0     5     5  42.2       0.219      0.02500   
  43    21   1     0     5     5  42.2       0.244      0.02500   
  43    22   1     0     7     7  42.3       0.269      0.02500   
  43    23   1     0     2     2  42.3       0.294      0.02500   
  43    24   1     0     7     7  42.3       0.319      0.02500   
  43    25   1     0    10    10  42.3       0.344      0.02500   
  43    26   1     0    13    13  42.4       0.369      0.02500   
  43    27   1     0    12    12  42.4       0.388      0.01875   
  43    28   1     0    10    10  42.4       0.402      0.01406   
  43    29   1     0     9     9  42.4       0.416      0.01406   
  43    30   1     0     8     8  42.4       0.430      0.01406   
  43    31   1     0     6     6  42.4       0.444      0.01406   
  43    32   1     0     7     7  42.5       0.458      0.01406   
  43    33   1     0     6     6  42.5       0.472      0.01406   
  43    34   1     0     6     6  42.5       0.487      0.01406   
  43    35   1     0     6     6  42.5       0.501      0.01406   
  43    36   1     0     5     5  42.5       0.515      0.01406   
  43    37   1     0     5     5  42.5       0.529      0.01406   
  43    38   1     0     4     4  42.5       0.543      0.01406   
  43    39   1     0     4     4  42.6       0.557      0.01406   
  43    40   1     0     9     9  42.6       0.578      0.02109   
  43    41   1     0     5     5  42.6       0.599      0.02109   
  43    42   1     0     5     5  42.6       0.620      0.02109   
  43    43   1     0     4     4  42.6       0.641      0.02109   
  43    44   1     0     4     4  42.7       0.662      0.02109   
  43    45   1     0     6     6  42.7       0.687      0.02500   
  43    46   1     0     5     5  42.7       0.712      0.02500   
  43    47   1     0     4     4  42.7       0.737      0.02500   
  43    48   1     0    12    12  42.8       0.762      0.02500   
  43    49   1     0     8     8  42.8       0.781      0.01875   
  43    50   1     0     4     4  42.8       0.800      0.01875   
  43    51   1     0     2     2  42.8       0.819      0.01875   
  43    52   1     0    10    10  42.8       0.844      0.02500   
  43    53   1     0    11    11  42.9       0.869      0.02500   
  43    54   1     0    13    13  42.9       0.887      0.01875   
  43    55   1     0    10    10  42.9       0.901      0.01406   
  43    56   1     0    10    10  42.9       0.915      0.01406   
  43    57   1     0     9     9  42.9       0.930      0.01406   
  43    58   1     0     5     5  42.9       0.944      0.01406   
  43    59   1     0     6     6  43.0       0.958      0.01406   
  43    60   1     0     8     8  43.0       0.972      0.01406   
  43    61   1     0     6     6  43.0       0.986      0.01406   
  43    62   1     0     6     6  43.0       1.00       0.01406   
  43    63   1     0    10    10  43.0       1.00       0.0001562 
  44     1   1     0    10    10  43.0       0.00500    0.005000  
  44     2   1     0     6     6  43.0       0.0100     0.005000  
  44     3   1     0     7     7  43.0       0.0150     0.005000  
  44     4   1     0     4     4  43.0       0.0200     0.005000  
  44     5   1     0     2     2  43.0       0.0250     0.005000  
  44     6   1     0     9     9  43.0       0.0325     0.007500  
  44     7   1     0     3     3  43.0       0.0400     0.007500  
  44     8   1     0     5     5  43.0       0.0475     0.007500  
  44     9   1     0     3     3  43.1       0.0550     0.007500  
  44    10   1     0     2     2  43.1       0.0625     0.007500  
  44    11   1     0     9     9  43.1       0.0737     0.01125   
  44    12   1     0     4     4  43.1       0.0850     0.01125   
  44    13   1     0     5     5  43.1       0.0962     0.01125   
  44    14   1     0     3     3  43.1       0.107      0.01125   
  44    15   1     0     2     2  43.1       0.119      0.01125   
  44    16   1     0     9     9  43.1       0.136      0.01688   
  44    17   1     0     4     4  43.2       0.152      0.01688   
  44    18   1     0     4     4  43.2       0.169      0.01688   
  44    19   1     0     7     7  43.2       0.194      0.02500   
  44    20   1     0     5     5  43.2       0.219      0.02500   
  44    21   1     0     5     5  43.2       0.244      0.02500   
  44    22   1     0     7     7  43.3       0.269      0.02500   
  44    23   1     0     2     2  43.3       0.294      0.02500   
  44    24   1     0     7     7  43.3       0.319      0.02500   
  44    25   1     0    10    10  43.3       0.344      0.02500   
  44    26   1     0    13    13  43.4       0.369      0.02500   
  44    27   1     0    12    12  43.4       0.388      0.01875   
  44    28   1     0    10    10  43.4       0.402      0.01406   
  44    29   1     0     9     9  43.4       0.416      0.01406   
  44    30   1     0     8     8  43.4       0.430      0.01406   
  44    31   1     0     6     6  43.4       0.444      0.01406   
  44    32   1     0     7     7  43.5       0.458      0.01406   
  44    33   1     0     6     6  43.5       0.472      0.01406   
  44    34   1     0     6     6  43.5       0.487      0.01406   
  44    35   1     0     6     6  43.5       0.501      0.01406   
  44    36   1     0     5     5  43.5       0.515      0.01406   
  44    37   1     0     5     5  43.5       0.529      0.01406   
  44    38   1     0     4     4  43.5       0.543      0.01406   
  44    39   1     0     4     4  43.6       0.557      0.01406   
  44    40   1     0     9     9  43.6       0.578      0.02109   
  44    41   1     0     5     5  43.6       0.599      0.02109   
  44    42   1     0     5     5  43.6       0.620      0.02109   
  44    43   1     0     4     4  43.6       0.641      0.02109   
  44    44   1     0     4     4  43.7       0.662      0.02109   
  44    45   1     0     6     6  43.7       0.687      0.02500   
  44    46   1     0     5     5  43.7       0.712      0.02500   
  44    47   1     0     4     4  43.7       0.737      0.02500   
  44    48   1     0    12    12  43.8       0.762      0.02500   
  44    49   1     0     8     8  43.8       0.781      0.01875   
  44    50   1     0     4     4  43.8       0.800      0.01875   
  44    51   1     0     2     2  43.8       0.819      0.01875   
  44    52   1     0    10    10  43.8       0.844      0.02500   
  44    53   1     0    11    11  43.9       0.869      0.02500   
  44    54   1     0    13    13  43.9       0.887      0.01875   
  44    55   1     0    10    10  43.9       0.901      0.01406   
  44    56   1     0    10    10  43.9       0.915      0.01406   
  44    57   1     0     9     9  43.9       0.930      0.01406   
  44    58   1     0     5     5  43.9       0.944      0.01406   
  44    59   1     0     6     6  44.0       0.958      0.01406   
  44    60   1     0     8     8  44.0       0.972      0.01406   
  44    61   1     0     6     6  44.0       0.986      0.01406   
  44    62   1     0     6     6  44.0       1.00       0.01406   
  44    63   1     0    10    10  44.0       1.00       0.0001562 
  45     1   1     0    10    10  44.0       0.00500    0.005000  
  45     2   1     0     6     6  44.0       0.0100     0.005000  
  45     3   1     0     7     7  44.0       0.0150     0.005000  
  45     4   1     0     4     4  44.0       0.0200     0.005000  
  45     5   1     0     2     2  44.0       0.0250     0.005000  
  45     6   1     0     9     9  44.0       0.0325     0.007500  
  45     7   1     0     3     3  44.0       0.0400     0.007500  
  45     8   1     0     5     5  44.0       0.0475     0.007500  
  45     9   1     0     3     3  44.1       0.0550     0.007500  
  45    10   1     0     2     2  44.1       0.0625     0.007500  
  45    11   1     0     9     9  44.1       0.0737     0.01125   
  45    12   1     0     4     4  44.1       0.0850     0.01125   
  45    13   1     0     5     5  44.1       0.0962     0.01125   
  45    14   1     0     3     3  44.1       0.107      0.01125   
  45    15   1     0     2     2  44.1       0.119      0.01125   
  45    16   1     0     9     9  44.1       0.136      0.01688   
  45    17   1     0     4     4  44.2       0.152      0.01688   
  45    18   1     0     4     4  44.2       0.169      0.01688   
  45    19   1     0     7     7  44.2       0.194      0.02500   
  45    20   1     0     5     5  44.2       0.219      0.02500   
  45    21   1     0     5     5  44.2       0.244      0.02500   
  45    22   1     0     7     7  44.3       0.269      0.02500   
  45    23   1     0     2     2  44.3       0.294      0.02500   
  45    24   1     0     7     7  44.3       0.319      0.02500   
  45    25   1     0    10    10  44.3       0.344      0.02500   
  45    26   1     0    12    12  44.4       0.369      0.02500   
  45    27   1     0    12    12  44.4       0.388      0.01875   
  45    28   1     0    10    10  44.4       0.402      0.01406   
  45    29   1     0     9     9  44.4       0.416      0.01406   
  45    30   1     0     8     8  44.4       0.430      0.01406   
  45    31   1     0     6     6  44.4       0.444      0.01406   
  45    32   1     0     7     7  44.5       0.458      0.01406   
  45    33   1     0     6     6  44.5       0.472      0.01406   
  45    34   1     0     6     6  44.5       0.487      0.01406   
  45    35   1     0     6     6  44.5       0.501      0.01406   
  45    36   1     0     5     5  44.5       0.515      0.01406   
  45    37   1     0     5     5  44.5       0.529      0.01406   
  45    38   1     0     4     4  44.5       0.543      0.01406   
  45    39   1     0     4     4  44.6       0.557      0.01406   
  45    40   1     0     9     9  44.6       0.578      0.02109   
  45    41   1     0     5     5  44.6       0.599      0.02109   
  45    42   1     0     5     5  44.6       0.620      0.02109   
  45    43   1     0     4     4  44.6       0.641      0.02109   
  45    44   1     0     4     4  44.7       0.662      0.02109   
  45    45   1     0     6     6  44.7       0.687      0.02500   
  45    46   1     0     5     5  44.7       0.712      0.02500   
  45    47   1     0     4     4  44.7       0.737      0.02500   
  45    48   1     0    12    12  44.8       0.762      0.02500   
  45    49   1     0     8     8  44.8       0.781      0.01875   
  45    50   1     0     4     4  44.8       0.800      0.01875   
  45    51   1     0     2     2  44.8       0.819      0.01875   
  45    52   1     0    10    10  44.8       0.844      0.02500   
  45    53   1     0    11    11  44.9       0.869      0.02500   
  45    54   1     0    13    13  44.9       0.887      0.01875   
  45    55   1     0    10    10  44.9       0.901      0.01406   
  45    56   1     0    10    10  44.9       0.915      0.01406   
  45    57   1     0     9     9  44.9       0.930      0.01406   
  45    58   1     0     5     5  44.9       0.944      0.01406   
  45    59   1     0     6     6  45.0       0.958      0.01406   
  45    60   1     0     8     8  45.0       0.972      0.01406   
  45    61   1     0     6     6  45.0       0.986      0.01406   
  45    62   1     0     6     6  45.0       1.00       0.01406   
  45    63   1     0    10    10  45.0       1.00       0.0001562 
  46     1   1     0    10    10  45.0       0.00500    0.005000  
  46     2   1     0     6     6  45.0       0.0100     0.005000  
  46     3   1     0     7     7  45.0       0.0150     0.005000  
  46     4   1     0     4     4  45.0       0.0200     0.005000  
  46     5   1     0     2     2  45.0       0.0250     0.005000  
  46     6   1     0     9     9  45.0       0.0325     0.007500  
  46     7   1     0     3     3  45.0       0.0400     0.007500  
  46     8   1     0     5     5  45.0       0.0475     0.007500  
  46     9   1     0     3     3  45.1       0.0550     0.007500  
  46    10   1     0     2     2  45.1       0.0625     0.007500  
  46    11   1     0     9     9  45.1       0.0737     0.01125   
  46    12   1     0     4     4  45.1       0.0850     0.01125   
  46    13   1     0     5     5  45.1       0.0962     0.01125   
  46    14   1     0     3     3  45.1       0.107      0.01125   
  46    15   1     0     2     2  45.1       0.119      0.01125   
  46    16   1     0     9     9  45.1       0.136      0.01688   
  46    17   1     0     4     4  45.2       0.152      0.01688   
  46    18   1     0     4     4  45.2       0.169      0.01688   
  46    19   1     0     7     7  45.2       0.194      0.02500   
  46    20   1     0     5     5  45.2       0.219      0.02500   
  46    21   1     0     5     5  45.2       0.244      0.02500   
  46    22   1     0     7     7  45.3       0.269      0.02500   
  46    23   1     0     2     2  45.3       0.294      0.02500   
  46    24   1     0     7     7  45.3       0.319      0.02500   
  46    25   1     0    10    10  45.3       0.344      0.02500   
  46    26   1     0    12    12  45.4       0.369      0.02500   
  46    27   1     0    12    12  45.4       0.388      0.01875   
  46    28   1     0    10    10  45.4       0.402      0.01406   
  46    29   1     0     9     9  45.4       0.416      0.01406   
  46    30   1     0     8     8  45.4       0.430      0.01406   
  46    31   1     0     6     6  45.4       0.444      0.01406   
  46    32   1     0     7     7  45.5       0.458      0.01406   
  46    33   1     0     6     6  45.5       0.472      0.01406   
  46    34   1     0     6     6  45.5       0.487      0.01406   
  46    35   1     0     6     6  45.5       0.501      0.01406   
  46    36   1     0     5     5  45.5       0.515      0.01406   
  46    37   1     0     5     5  45.5       0.529      0.01406   
  46    38   1     0     4     4  45.5       0.543      0.01406   
  46    39   1     0     4     4  45.6       0.557      0.01406   
  46    40   1     0     9     9  45.6       0.578      0.02109   
  46    41   1     0     5     5  45.6       0.599      0.02109   
  46    42   1     0     5     5  45.6       0.620      0.02109   
  46    43   1     0     4     4  45.6       0.641      0.02109   
  46    44   1     0     4     4  45.7       0.662      0.02109   
  46    45   1     0     6     6  45.7       0.687      0.02500   
  46    46   1     0     5     5  45.7       0.712      0.02500   
  46    47   1     0     4     4  45.7       0.737      0.02500   
  46    48   1     0    12    12  45.8       0.762      0.02500   
  46    49   1     0     8     8  45.8       0.781      0.01875   
  46    50   1     0     4     4  45.8       0.800      0.01875   
  46    51   1     0     2     2  45.8       0.819      0.01875   
  46    52   1     0    10    10  45.8       0.844      0.02500   
  46    53   1     0    11    11  45.9       0.869      0.02500   
  46    54   1     0    13    13  45.9       0.887      0.01875   
  46    55   1     0    10    10  45.9       0.901      0.01406   
  46    56   1     0    10    10  45.9       0.915      0.01406   
  46    57   1     0     9     9  45.9       0.930      0.01406   
  46    58   1     0     5     5  45.9       0.944      0.01406   
  46    59   1     0     6     6  46.0       0.958      0.01406   
  46    60   1     0     8     8  46.0       0.972      0.01406   
  46    61   1     0     6     6  46.0       0.986      0.01406   
  46    62   1     0     6     6  46.0       1.00       0.01406   
  46    63   1     0    10    10  46.0       1.00       0.0001562 
  47     1   1     0    10    10  46.0       0.00500    0.005000  
  47     2   1     0     6     6  46.0       0.0100     0.005000  
  47     3   1     0     7     7  46.0       0.0150     0.005000  
  47     4   1     0     4     4  46.0       0.0200     0.005000  
  47     5   1     0     2     2  46.0       0.0250     0.005000  
  47     6   1     0     9     9  46.0       0.0325     0.007500  
  47     7   1     0     3     3  46.0       0.0400     0.007500  
  47     8   1     0     5     5  46.0       0.0475     0.007500  
  47     9   1     0     3     3  46.1       0.0550     0.007500  
  47    10   1     0     2     2  46.1       0.0625     0.007500  
  47    11   1     0     9     9  46.1       0.0737     0.01125   
  47    12   1     0     4     4  46.1       0.0850     0.01125   
  47    13   1     0     5     5  46.1       0.0962     0.01125   
  47    14   1     0     3     3  46.1       0.107      0.01125   
  47    15   1     0     2     2  46.1       0.119      0.01125   
  47    16   1     0     9     9  46.1       0.136      0.01688   
  47    17   1     0     4     4  46.2       0.152      0.01688   
  47    18   1     0     4     4  46.2       0.169      0.01688   
  47    19   1     0     7     7  46.2       0.194      0.02500   
  47    20   1     0     5     5  46.2       0.219      0.02500   
  47    21   1     0     5     5  46.2       0.244      0.02500   
  47    22   1     0     7     7  46.3       0.269      0.02500   
  47    23   1     0     3     3  46.3       0.294      0.02500   
  47    24   1     0     7     7  46.3       0.319      0.02500   
  47    25   1     0    10    10  46.3       0.344      0.02500   
  47    26   1     0    12    12  46.4       0.369      0.02500   
  47    27   1     0    12    12  46.4       0.388      0.01875   
  47    28   1     0    10    10  46.4       0.402      0.01406   
  47    29   1     0     8     8  46.4       0.416      0.01406   
  47    30   1     0     8     8  46.4       0.430      0.01406   
  47    31   1     0     6     6  46.4       0.444      0.01406   
  47    32   1     0     7     7  46.5       0.458      0.01406   
  47    33   1     0     6     6  46.5       0.472      0.01406   
  47    34   1     0     6     6  46.5       0.487      0.01406   
  47    35   1     0     6     6  46.5       0.501      0.01406   
  47    36   1     0     5     5  46.5       0.515      0.01406   
  47    37   1     0     5     5  46.5       0.529      0.01406   
  47    38   1     0     4     4  46.5       0.543      0.01406   
  47    39   1     0     4     4  46.6       0.557      0.01406   
  47    40   1     0     9     9  46.6       0.578      0.02109   
  47    41   1     0     5     5  46.6       0.599      0.02109   
  47    42   1     0     4     4  46.6       0.620      0.02109   
  47    43   1     0     4     4  46.6       0.641      0.02109   
  47    44   1     0     6     6  46.7       0.666      0.02500   
  47    45   1     0     5     5  46.7       0.691      0.02500   
  47    46   1     0     4     4  46.7       0.716      0.02500   
  47    47   1     0     3     3  46.7       0.741      0.02500   
  47    48   1     0    10    10  46.8       0.766      0.02500   
  47    49   1     0     6     6  46.8       0.791      0.02500   
  47    50   1     0     4     4  46.8       0.816      0.02500   
  47    51   1     0    10    10  46.8       0.841      0.02500   
  47    52   1     0    11    11  46.9       0.866      0.02500   
  47    53   1     0    10    10  46.9       0.885      0.01875   
  47    54   1     0    10    10  46.9       0.904      0.01875   
  47    55   1     0    10    10  46.9       0.923      0.01875   
  47    56   1     0     8     8  46.9       0.941      0.01875   
  47    57   1     0     7     7  47.0       0.960      0.01875   
  47    58   1     0     6     6  47.0       0.979      0.01875   
  47    59   1     0     6     6  47.0       0.998      0.01875   
  47    60   1     0    10    10  47.0       1.00       0.002500  
  48     1   1     0    10    10  47.0       0.00500    0.005000  
  48     2   1     0     8     8  47.0       0.0100     0.005000  
  48     3   1     0     8     8  47.0       0.0150     0.005000  
  48     4   1     0     7     7  47.0       0.0200     0.005000  
  48     5   1     0     5     5  47.0       0.0250     0.005000  
  48     6   1     0     5     5  47.0       0.0300     0.005000  
  48     7   1     0     4     4  47.0       0.0350     0.005000  
  48     8   1     0     2     2  47.0       0.0400     0.005000  
  48     9   1     0     9     9  47.0       0.0475     0.007500  
  48    10   1     0     2     2  47.1       0.0550     0.007500  
  48    11   1     0     4     4  47.1       0.0625     0.007500  
  48    12   1     0     8     8  47.1       0.0737     0.01125   
  48    13   1     0     4     4  47.1       0.0850     0.01125   
  48    14   1     0     5     5  47.1       0.0962     0.01125   
  48    15   1     0     3     3  47.1       0.107      0.01125   
  48    16   1     0     3     3  47.1       0.119      0.01125   
  48    17   1     0     9     9  47.1       0.136      0.01688   
  48    18   1     0     4     4  47.2       0.152      0.01688   
  48    19   1     0     4     4  47.2       0.169      0.01688   
  48    20   1     0     7     7  47.2       0.194      0.02500   
  48    21   1     0     5     5  47.2       0.219      0.02500   
  48    22   1     0     5     5  47.2       0.244      0.02500   
  48    23   1     0     7     7  47.3       0.269      0.02500   
  48    24   1     0     2     2  47.3       0.294      0.02500   
  48    25   1     0     7     7  47.3       0.319      0.02500   
  48    26   1     0    10    10  47.3       0.344      0.02500   
  48    27   1     0    12    12  47.4       0.369      0.02500   
  48    28   1     0    12    12  47.4       0.388      0.01875   
  48    29   1     0    10    10  47.4       0.402      0.01406   
  48    30   1     0     9     9  47.4       0.416      0.01406   
  48    31   1     0     8     8  47.4       0.430      0.01406   
  48    32   1     0     6     6  47.4       0.444      0.01406   
  48    33   1     0     7     7  47.5       0.458      0.01406   
  48    34   1     0     6     6  47.5       0.472      0.01406   
  48    35   1     0     6     6  47.5       0.487      0.01406   
  48    36   1     0     6     6  47.5       0.501      0.01406   
  48    37   1     0     5     5  47.5       0.515      0.01406   
  48    38   1     0     5     5  47.5       0.529      0.01406   
  48    39   1     0     4     4  47.5       0.543      0.01406   
  48    40   1     0     4     4  47.6       0.557      0.01406   
  48    41   1     0     9     9  47.6       0.578      0.02109   
  48    42   1     0     5     5  47.6       0.599      0.02109   
  48    43   1     0     4     4  47.6       0.620      0.02109   
  48    44   1     0     4     4  47.6       0.641      0.02109   
  48    45   1     0     6     6  47.7       0.666      0.02500   
  48    46   1     0     5     5  47.7       0.691      0.02500   
  48    47   1     0     4     4  47.7       0.716      0.02500   
  48    48   1     0     3     3  47.7       0.741      0.02500   
  48    49   1     0    10    10  47.8       0.766      0.02500   
  48    50   1     0     6     6  47.8       0.791      0.02500   
  48    51   1     0     4     4  47.8       0.816      0.02500   
  48    52   1     0    10    10  47.8       0.841      0.02500   
  48    53   1     0    11    11  47.9       0.866      0.02500   
  48    54   1     0    10    10  47.9       0.885      0.01875   
  48    55   1     0    10    10  47.9       0.904      0.01875   
  48    56   1     0    10    10  47.9       0.923      0.01875   
  48    57   1     0     8     8  47.9       0.941      0.01875   
  48    58   1     0     7     7  48.0       0.960      0.01875   
  48    59   1     0     6     6  48.0       0.979      0.01875   
  48    60   1     0     6     6  48.0       0.998      0.01875   
  48    61   1     0    10    10  48.0       1.00       0.002500  
  49     1   1     0    10    10  48.0       0.00500    0.005000  
  49     2   1     0     8     8  48.0       0.0100     0.005000  
  49     3   1     0     7     7  48.0       0.0150     0.005000  
  49     4   1     0     7     7  48.0       0.0200     0.005000  
  49     5   1     0     5     5  48.0       0.0250     0.005000  
  49     6   1     0     5     5  48.0       0.0300     0.005000  
  49     7   1     0     4     4  48.0       0.0350     0.005000  
  49     8   1     0     2     2  48.0       0.0400     0.005000  
  49     9   1     0     9     9  48.0       0.0475     0.007500  
  49    10   1     0     2     2  48.1       0.0550     0.007500  
  49    11   1     0     4     4  48.1       0.0625     0.007500  
  49    12   1     0     8     8  48.1       0.0737     0.01125   
  49    13   1     0     4     4  48.1       0.0850     0.01125   
  49    14   1     0     5     5  48.1       0.0962     0.01125   
  49    15   1     0     3     3  48.1       0.107      0.01125   
  49    16   1     0     3     3  48.1       0.119      0.01125   
  49    17   1     0     9     9  48.1       0.136      0.01688   
  49    18   1     0     4     4  48.2       0.152      0.01688   
  49    19   1     0     4     4  48.2       0.169      0.01688   
  49    20   1     0     7     7  48.2       0.194      0.02500   
  49    21   1     0     5     5  48.2       0.219      0.02500   
  49    22   1     0     5     5  48.2       0.244      0.02500   
  49    23   1     0     7     7  48.3       0.269      0.02500   
  49    24   1     0     2     2  48.3       0.294      0.02500   
  49    25   1     0     7     7  48.3       0.319      0.02500   
  49    26   1     0    10    10  48.3       0.344      0.02500   
  49    27   1     0    12    12  48.4       0.369      0.02500   
  49    28   1     0    12    12  48.4       0.388      0.01875   
  49    29   1     0    10    10  48.4       0.402      0.01406   
  49    30   1     0     9     9  48.4       0.416      0.01406   
  49    31   1     0     8     8  48.4       0.430      0.01406   
  49    32   1     0     6     6  48.4       0.444      0.01406   
  49    33   1     0     7     7  48.5       0.458      0.01406   
  49    34   1     0     6     6  48.5       0.472      0.01406   
  49    35   1     0     6     6  48.5       0.487      0.01406   
  49    36   1     0     6     6  48.5       0.501      0.01406   
  49    37   1     0     5     5  48.5       0.515      0.01406   
  49    38   1     0     5     5  48.5       0.529      0.01406   
  49    39   1     0     4     4  48.5       0.543      0.01406   
  49    40   1     0     4     4  48.6       0.557      0.01406   
  49    41   1     0     9     9  48.6       0.578      0.02109   
  49    42   1     0     5     5  48.6       0.599      0.02109   
  49    43   1     0     4     4  48.6       0.620      0.02109   
  49    44   1     0     4     4  48.6       0.641      0.02109   
  49    45   1     0     6     6  48.7       0.666      0.02500   
  49    46   1     0     5     5  48.7       0.691      0.02500   
  49    47   1     0     4     4  48.7       0.716      0.02500   
  49    48   1     0     3     3  48.7       0.741      0.02500   
  49    49   1     0    10    10  48.8       0.766      0.02500   
  49    50   1     0     6     6  48.8       0.791      0.02500   
  49    51   1     0     4     4  48.8       0.816      0.02500   
  49    52   1     0    10    10  48.8       0.841      0.02500   
  49    53   1     0    11    11  48.9       0.866      0.02500   
  49    54   1     0    10    10  48.9       0.885      0.01875   
  49    55   1     0    10    10  48.9       0.904      0.01875   
  49    56   1     0    10    10  48.9       0.923      0.01875   
  49    57   1     0     8     8  48.9       0.941      0.01875   
  49    58   1     0     7     7  49.0       0.960      0.01875   
  49    59   1     0     6     6  49.0       0.979      0.01875   
  49    60   1     0     6     6  49.0       0.998      0.01875   
  49    61   1     0    10    10  49.0       1.00       0.002500  
  50     1   1     0    10    10  49.0       0.00500    0.005000  
  50     2   1     0     8     8  49.0       0.0100     0.005000  
  50     3   1     0     7     7  49.0       0.0150     0.005000  
  50     4   1     0     7     7  49.0       0.0200     0.005000  
  50     5   1     0     5     5  49.0       0.0250     0.005000  
  50     6   1     0     5     5  49.0       0.0300     0.005000  
  50     7   1     0     4     4  49.0       0.0350     0.005000  
  50     8   1     0     2     2  49.0       0.0400     0.005000  
  50     9   1     0     9     9  49.0       0.0475     0.007500  
  50    10   1     0     2     2  49.1       0.0550     0.007500  
  50    11   1     0     4     4  49.1       0.0625     0.007500  
  50    12   1     0     8     8  49.1       0.0737     0.01125   
  50    13   1     0     4     4  49.1       0.0850     0.01125   
  50    14   1     0     5     5  49.1       0.0962     0.01125   
  50    15   1     0     3     3  49.1       0.107      0.01125   
  50    16   1     0     3     3  49.1       0.119      0.01125   
  50    17   1     0     9     9  49.1       0.136      0.01688   
  50    18   1     0     4     4  49.2       0.152      0.01688   
  50    19   1     0     4     4  49.2       0.169      0.01688   
  50    20   1     0     7     7  49.2       0.194      0.02500   
  50    21   1     0     5     5  49.2       0.219      0.02500   
  50    22   1     0     5     5  49.2       0.244      0.02500   
  50    23   1     0    10    10  49.2       0.250      0.005625  
  50    24   1     0     5     5  49.3       0.275      0.02500   
  50    25   1     0     1     1  49.3       0.300      0.02500   
  50    26   1     0    10    10  49.3       0.325      0.02500   
  50    27   1     0    10    10  49.3       0.350      0.02500   
  50    28   1     0    11    11  49.4       0.375      0.02500   
  50    29   1     0    10    10  49.4       0.394      0.01875   
  50    30   1     0    10    10  49.4       0.413      0.01875   
  50    31   1     0     9     9  49.4       0.431      0.01875   
  50    32   1     0     7     7  49.4       0.450      0.01875   
  50    33   1     0     6     6  49.5       0.469      0.01875   
  50    34   1     0     6     6  49.5       0.488      0.01875   
  50    35   1     0    10    10  49.5       0.500      0.01250   
  50    36   1     0    10    10  49.5       0.519      0.01875   
  50    37   1     0     6     6  49.5       0.538      0.01875   
  50    38   1     0     5     5  49.6       0.556      0.01875   
  50    39   1     0     4     4  49.6       0.575      0.01875   
  50    40   1     0     4     4  49.6       0.594      0.01875   
  50    41   1     0     7     7  49.6       0.619      0.02500   
  50    42   1     0     5     5  49.6       0.644      0.02500   
  50    43   1     0     5     5  49.7       0.669      0.02500   
  50    44   1     0     3     3  49.7       0.694      0.02500   
  50    45   1     0     4     4  49.7       0.719      0.02500   
  50    46   1     0     3     3  49.7       0.744      0.02500   
  50    47   1     0    10    10  49.7       0.750      0.006250  
  50    48   1     0     8     8  49.8       0.775      0.02500   
  50    49   1     0     6     6  49.8       0.800      0.02500   
  50    50   1     0     7     7  49.8       0.825      0.02500   
  50    51   1     0    10    10  49.8       0.850      0.02500   
  50    52   1     0    10    10  49.9       0.875      0.02500   
  50    53   1     0    10    10  49.9       0.900      0.02500   
  50    54   1     0     9     9  49.9       0.925      0.02500   
  50    55   1     0     6     6  49.9       0.950      0.02500   
  50    56   1     0     5     5  50.0       0.975      0.02500   
  50    57   1     0     5     5  50.0       1.00       0.02500   
  51     1   1     0    10    10  50.0       0.00500    0.005000  
  51     2   1     0     9     9  50.0       0.0100     0.005000  
  51     3   1     0    10    10  50.0       0.0150     0.005000  
  51     4   1     0     9     9  50.0       0.0200     0.005000  
  51     5   1     0     7     7  50.0       0.0250     0.005000  
  51     6   1     0     8     8  50.0       0.0300     0.005000  
  51     7   1     0     6     6  50.0       0.0350     0.005000  
  51     8   1     0     6     6  50.0       0.0400     0.005000  
  51     9   1     0     5     5  50.0       0.0450     0.005000  
  51    10   1     0     4     4  50.0       0.0500     0.005000  
  51    11   1     0     2     2  50.1       0.0550     0.005000  
  51    12   1     0     9     9  50.1       0.0625     0.007500  
  51    13   1     0     2     2  50.1       0.0700     0.007500  
  51    14   1     0     3     3  50.1       0.0775     0.007500  
  51    15   1     0     9     9  50.1       0.0887     0.01125   
  51    16   1     0     3     3  50.1       0.100      0.01125   
  51    17   1     0     4     4  50.1       0.111      0.01125   
  51    18   1     0     8     8  50.1       0.128      0.01688   
  51    19   1     0     4     4  50.1       0.145      0.01688   
  51    20   1     0     4     4  50.2       0.162      0.01688   
  51    21   1     0     7     7  50.2       0.187      0.02500   
  51    22   1     0     6     6  50.2       0.212      0.02500   
  51    23   1     0     5     5  50.2       0.237      0.02500   
  51    24   1     0    12    12  50.3       0.262      0.02500   
  51    25   1     0     6     6  50.3       0.281      0.01875   
  51    26   1     0     1     1  50.3       0.299      0.01875   
  51    27   1     0     8     8  50.3       0.318      0.01875   
  51    28   1     0    10    10  50.3       0.337      0.01875   
  51    29   1     0    10    10  50.4       0.356      0.01875   
  51    30   1     0    12    12  50.4       0.374      0.01875   
  51    31   1     0    11    11  50.4       0.388      0.01406   
  51    32   1     0    10    10  50.4       0.399      0.01055   
  51    33   1     0    10    10  50.4       0.410      0.01055   
  51    34   1     0     7     7  50.4       0.420      0.01055   
  51    35   1     0     6     6  50.4       0.431      0.01055   
  51    36   1     0     7     7  50.4       0.441      0.01055   
  51    37   1     0     6     6  50.5       0.452      0.01055   
  51    38   1     0     6     6  50.5       0.462      0.01055   
  51    39   1     0     6     6  50.5       0.473      0.01055   
  51    40   1     0     5     5  50.5       0.483      0.01055   
  51    41   1     0     6     6  50.5       0.494      0.01055   
  51    42   1     0     5     5  50.5       0.504      0.01055   
  51    43   1     0     5     5  50.5       0.515      0.01055   
  51    44   1     0     4     4  50.5       0.526      0.01055   
  51    45   1     0     3     3  50.5       0.536      0.01055   
  51    46   1     0    10    10  50.6       0.552      0.01582   
  51    47   1     0     6     6  50.6       0.568      0.01582   
  51    48   1     0     6     6  50.6       0.584      0.01582   
  51    49   1     0     4     4  50.6       0.599      0.01582   
  51    50   1     0     4     4  50.6       0.615      0.01582   
  51    51   1     0     8     8  50.6       0.639      0.02373   
  51    52   1     0     6     6  50.7       0.663      0.02373   
  51    53   1     0     4     4  50.7       0.686      0.02373   
  51    54   1     0     4     4  50.7       0.710      0.02373   
  51    55   1     0     5     5  50.7       0.735      0.02500   
  51    56   1     0    10    10  50.8       0.760      0.02500   
  51    57   1     0     7     7  50.8       0.785      0.02500   
  51    58   1     0     3     3  50.8       0.810      0.02500   
  51    59   1     0     9     9  50.8       0.835      0.02500   
  51    60   1     0    10    10  50.9       0.860      0.02500   
  51    61   1     0    10    10  50.9       0.885      0.02500   
  51    62   1     0    10    10  50.9       0.910      0.02500   
  51    63   1     0    10    10  50.9       0.935      0.02500   
  51    64   1     0     6     6  51.0       0.960      0.02500   
  51    65   1     0     5     5  51.0       0.985      0.02500   
  51    66   1     0    10    10  51.0       1.00       0.01488   
  52     1   1     0    10    10  51.0       0.00500    0.005000  
  52     2   1     0    10    10  51.0       0.0100     0.005000  
  52     3   1     0    10    10  51.0       0.0150     0.005000  
  52     4   1     0     9     9  51.0       0.0200     0.005000  
  52     5   1     0     8     8  51.0       0.0250     0.005000  
  52     6   1     0     7     7  51.0       0.0300     0.005000  
  52     7   1     0     7     7  51.0       0.0350     0.005000  
  52     8   1     0     6     6  51.0       0.0400     0.005000  
  52     9   1     0     4     4  51.0       0.0450     0.005000  
  52    10   1     0     4     4  51.0       0.0500     0.005000  
  52    11   1     0    10    10  51.1       0.0575     0.007500  
  52    12   1     0     4     4  51.1       0.0650     0.007500  
  52    13   1     0     4     4  51.1       0.0725     0.007500  
  52    14   1     0     9     9  51.1       0.0838     0.01125   
  52    15   1     0     5     5  51.1       0.0950     0.01125   
  52    16   1     0     5     5  51.1       0.106      0.01125   
  52    17   1     0     3     3  51.1       0.117      0.01125   
  52    18   1     0     2     2  51.1       0.129      0.01125   
  52    19   1     0     9     9  51.1       0.146      0.01688   
  52    20   1     0     4     4  51.2       0.163      0.01688   
  52    21   1     0     4     4  51.2       0.179      0.01688   
  52    22   1     0     7     7  51.2       0.204      0.02500   
  52    23   1     0     5     5  51.2       0.229      0.02500   
  52    24   1     0    10    10  51.3       0.254      0.02500   
  52    25   1     0     5     5  51.3       0.279      0.02500   
  52    26   1     0     1     1  51.3       0.304      0.02500   
  52    27   1     0    10    10  51.3       0.329      0.02500   
  52    28   1     0    10    10  51.4       0.354      0.02500   
  52    29   1     0    12    12  51.4       0.379      0.02500   
  52    30   1     0    10    10  51.4       0.398      0.01875   
  52    31   1     0    10    10  51.4       0.417      0.01875   
  52    32   1     0     9     9  51.4       0.436      0.01875   
  52    33   1     0     7     7  51.5       0.454      0.01875   
  52    34   1     0     6     6  51.5       0.473      0.01875   
  52    35   1     0     6     6  51.5       0.492      0.01875   
  52    36   1     0     5     5  51.5       0.511      0.01875   
  52    37   1     0     4     4  51.5       0.529      0.01875   
  52    38   1     0     5     5  51.5       0.548      0.01875   
  52    39   1     0     4     4  51.6       0.567      0.01875   
  52    40   1     0     3     3  51.6       0.586      0.01875   
  52    41   1     0     7     7  51.6       0.611      0.02500   
  52    42   1     0     5     5  51.6       0.636      0.02500   
  52    43   1     0     4     4  51.7       0.661      0.02500   
  52    44   1     0     4     4  51.7       0.686      0.02500   
  52    45   1     0     3     3  51.7       0.711      0.02500   
  52    46   1     0     3     3  51.7       0.736      0.02500   
  52    47   1     0    10    10  51.8       0.761      0.02500   
  52    48   1     0     9     9  51.8       0.786      0.02500   
  52    49   1     0     6     6  51.8       0.811      0.02500   
  52    50   1     0     7     7  51.8       0.836      0.02500   
  52    51   1     0    10    10  51.9       0.861      0.02500   
  52    52   1     0    10    10  51.9       0.886      0.02500   
  52    53   1     0    10    10  51.9       0.911      0.02500   
  52    54   1     0     9     9  51.9       0.936      0.02500   
  52    55   1     0     6     6  52.0       0.961      0.02500   
  52    56   1     0     5     5  52.0       0.986      0.02500   
  52    57   1     0    10    10  52.0       1.00       0.01437   
  53     1   1     0    11    11  52.0       0.00500    0.005000  
  53     2   1     0     7     7  52.0       0.00875    0.003750  
  53     3   1     0    10    10  52.0       0.0125     0.003750  
  53     4   1     0    10    10  52.0       0.0163     0.003750  
  53     5   1     0     7     7  52.0       0.0200     0.003750  
  53     6   1     0     7     7  52.0       0.0238     0.003750  
  53     7   1     0     6     6  52.0       0.0275     0.003750  
  53     8   1     0     4     4  52.0       0.0312     0.003750  
  53     9   1     0     3     3  52.0       0.0350     0.003750  
  53    10   1     0     8     8  52.0       0.0406     0.005625  
  53    11   1     0     2     2  52.0       0.0462     0.005625  
  53    12   1     0     3     3  52.1       0.0519     0.005625  
  53    13   1     0     6     6  52.1       0.0603     0.008438  
  53    14   1     0     2     2  52.1       0.0688     0.008438  
  53    15   1     0     5     5  52.1       0.0772     0.008438  
  53    16   1     0     4     4  52.1       0.0856     0.008438  
  53    17   1     0     2     2  52.1       0.0941     0.008438  
  53    18   1     0     8     8  52.1       0.107      0.01266   
  53    19   1     0     4     4  52.1       0.119      0.01266   
  53    20   1     0     4     4  52.1       0.132      0.01266   
  53    21   1     0     8     8  52.2       0.151      0.01898   
  53    22   1     0     5     5  52.2       0.170      0.01898   
  53    23   1     0     4     4  52.2       0.189      0.01898   
  53    24   1     0     2     2  52.2       0.208      0.01898   
  53    25   1     0     7     7  52.2       0.233      0.02500   
  53    26   1     0    10    10  52.3       0.258      0.02500   
  53    27   1     0     6     6  52.3       0.283      0.02500   
  53    28   1     0     3     3  52.3       0.308      0.02500   
  53    29   1     0    10    10  52.3       0.333      0.02500   
  53    30   1     0    10    10  52.4       0.358      0.02500   
  53    31   1     0    12    12  52.4       0.383      0.02500   
  53    32   1     0    10    10  52.4       0.402      0.01875   
  53    33   1     0    10    10  52.4       0.420      0.01875   
  53    34   1     0     9     9  52.4       0.439      0.01875   
  53    35   1     0     6     6  52.5       0.458      0.01875   
  53    36   1     0     6     6  52.5       0.477      0.01875   
  53    37   1     0     5     5  52.5       0.495      0.01875   
  53    38   1     0     5     5  52.5       0.514      0.01875   
  53    39   1     0     4     4  52.5       0.533      0.01875   
  53    40   1     0     5     5  52.6       0.552      0.01875   
  53    41   1     0     4     4  52.6       0.570      0.01875   
  53    42   1     0     3     3  52.6       0.589      0.01875   
  53    43   1     0     7     7  52.6       0.614      0.02500   
  53    44   1     0     5     5  52.6       0.639      0.02500   
  53    45   1     0     4     4  52.7       0.664      0.02500   
  53    46   1     0     4     4  52.7       0.689      0.02500   
  53    47   1     0     4     4  52.7       0.714      0.02500   
  53    48   1     0     3     3  52.7       0.739      0.02500   
  53    49   1     0    10    10  52.8       0.764      0.02500   
  53    50   1     0     9     9  52.8       0.789      0.02500   
  53    51   1     0     6     6  52.8       0.814      0.02500   
  53    52   1     0     8     8  52.8       0.839      0.02500   
  53    53   1     0    10    10  52.9       0.864      0.02500   
  53    54   1     0    10    10  52.9       0.889      0.02500   
  53    55   1     0    10    10  52.9       0.914      0.02500   
  53    56   1     0     9     9  52.9       0.939      0.02500   
  53    57   1     0     6     6  53.0       0.964      0.02500   
  53    58   1     0     5     5  53.0       0.989      0.02500   
  53    59   1     0    10    10  53.0       1.00       0.01078   
  54     1   1     0    10    10  53.0       0.00500    0.005000  
  54     2   1     0     9     9  53.0       0.0100     0.005000  
  54     3   1     0    10    10  53.0       0.0150     0.005000  
  54     4   1     0     7     7  53.0       0.0200     0.005000  
  54     5   1     0     7     7  53.0       0.0250     0.005000  
  54     6   1     0     4     4  53.0       0.0300     0.005000  
  54     7   1     0     3     3  53.0       0.0350     0.005000  
  54     8   1     0     8     8  53.0       0.0425     0.007500  
  54     9   1     0     2     2  53.0       0.0500     0.007500  
  54    10   1     0     4     4  53.1       0.0575     0.007500  
  54    11   1U    0     5     5  53.1       0.0575     0.01125   
  54    11   2     0    10    10  53.1       0.0603     0.002812  
  54    12   1     0     3     3  53.1       0.0631     0.002812  
  54    13   1     0     5     5  53.1       0.0659     0.002812  
  54    14   1     0     4     4  53.1       0.0687     0.002812  
  54    15   1     0     3     3  53.1       0.0716     0.002812  
  54    16   1     0     7     7  53.1       0.0758     0.004219  
  54    17   1     0     1     1  53.1       0.0800     0.004219  
  54    18   1     0     1     1  53.1       0.0842     0.004219  
  54    19   1     0     5     5  53.1       0.0905     0.006328  
  54    20   1     0     1     1  53.1       0.0969     0.006328  
  54    21   1     0     2     2  53.1       0.103      0.006328  
  54    22   1     0     5     5  53.1       0.113      0.009492  
  54    23   1     0     2     2  53.1       0.122      0.009492  
  54    24   1     0     3     3  53.1       0.132      0.009492  
  54    25   1     0     7     7  53.1       0.146      0.01424   
  54    26   1     0     4     4  53.2       0.160      0.01424   
  54    27   1     0     4     4  53.2       0.174      0.01424   
  54    28   1     0     7     7  53.2       0.196      0.02136   
  54    29   1     0     4     4  53.2       0.217      0.02136   
  54    30   1     0     4     4  53.2       0.238      0.02136   
  54    31   1     0    10    10  53.3       0.263      0.02500   
  54    32   1     0     2     2  53.3       0.288      0.02500   
  54    33   1     0     7     7  53.3       0.313      0.02500   
  54    34   1     0    10    10  53.3       0.338      0.02500   
  54    35   1     0    10    10  53.4       0.363      0.02500   
  54    36   1     0    11    11  53.4       0.388      0.02500   
  54    37   1     0    10    10  53.4       0.407      0.01875   
  54    38   1     0    10    10  53.4       0.426      0.01875   
  54    39   1     0     9     9  53.4       0.445      0.01875   
  54    40   1     0     6     6  53.5       0.463      0.01875   
  54    41   1     0     5     5  53.5       0.482      0.01875   
  54    42   1     0     5     5  53.5       0.501      0.01875   
  54    43   1     0     5     5  53.5       0.520      0.01875   
  54    44   1     0     4     4  53.5       0.538      0.01875   
  54    45   1     0     4     4  53.6       0.557      0.01875   
  54    46   1     0     7     7  53.6       0.582      0.02500   
  54    47   1     0     5     5  53.6       0.607      0.02500   
  54    48   1     0     4     4  53.6       0.632      0.02500   
  54    49   1     0     4     4  53.7       0.657      0.02500   
  54    50   1     0     4     4  53.7       0.682      0.02500   
  54    51   1     0     3     3  53.7       0.707      0.02500   
  54    52   1     0     3     3  53.7       0.732      0.02500   
  54    53   1     0    10    10  53.8       0.757      0.02500   
  54    54   1     0     8     8  53.8       0.782      0.02500   
  54    55   1     0     6     6  53.8       0.807      0.02500   
  54    56   1     0     6     6  53.8       0.832      0.02500   
  54    57   1     0    10    10  53.9       0.857      0.02500   
  54    58   1     0    10    10  53.9       0.882      0.02500   
  54    59   1     0    10    10  53.9       0.907      0.02500   
  54    60   1     0     9     9  53.9       0.932      0.02500   
  54    61   1     0     6     6  54.0       0.957      0.02500   
  54    62   1     0     5     5  54.0       0.982      0.02500   
  54    63   1     0    10    10  54.0       1.00       0.01778   
  55     1   1     0    10    10  54.0       0.00500    0.005000  
  55     2   1     0    10    10  54.0       0.0100     0.005000  
  55     3   1     0     8     8  54.0       0.0150     0.005000  
  55     4   1     0     7     7  54.0       0.0200     0.005000  
  55     5   1     0     5     5  54.0       0.0250     0.005000  
  55     6   1     0     3     3  54.0       0.0300     0.005000  
  55     7   1     0     1     1  54.0       0.0350     0.005000  
  55     8   1     0     7     7  54.0       0.0425     0.007500  
  55     9   1     0     2     2  54.0       0.0500     0.007500  
  55    10   1     0     4     4  54.1       0.0575     0.007500  
  55    11   1U    0     4     4  54.1       0.0575     0.01125   
  55    11   2     0     9     9  54.1       0.0603     0.002812  
  55    12   1     0     3     3  54.1       0.0631     0.002812  
  55    13   1     0     4     4  54.1       0.0659     0.002812  
  55    14   1     0     8     8  54.1       0.0702     0.004219  
  55    15   1     0     1     1  54.1       0.0744     0.004219  
  55    16   1     0     1     1  54.1       0.0786     0.004219  
  55    17   1     0     6     6  54.1       0.0849     0.006328  
  55    18   1     0     1     1  54.1       0.0912     0.006328  
  55    19   1     0     2     2  54.1       0.0976     0.006328  
  55    20   1     0     4     4  54.1       0.107      0.009492  
  55    21   1     0     7     7  54.1       0.121      0.01424   
  55    22   1     0     5     5  54.1       0.136      0.01424   
  55    23   1     0     5     5  54.1       0.150      0.01424   
  55    24   1     0     3     3  54.2       0.164      0.01424   
  55    25   1     0     2     2  54.2       0.178      0.01424   
  55    26   1     0     7     7  54.2       0.200      0.02136   
  55    27   1     0     4     4  54.2       0.221      0.02136   
  55    28   1     0     4     4  54.2       0.242      0.02136   
  55    29   1     0     7     7  54.3       0.267      0.02500   
  55    30   1     0     2     2  54.3       0.292      0.02500   
  55    31   1     0     8     8  54.3       0.317      0.02500   
  55    32   1     0    10    10  54.3       0.342      0.02500   
  55    33   1     0    10    10  54.4       0.367      0.02500   
  55    34   1     0    10    10  54.4       0.392      0.02500   
  55    35   1     0    10    10  54.4       0.417      0.02500   
  55    36   1     0     9     9  54.4       0.442      0.02500   
  55    37   1     0     7     7  54.5       0.467      0.02500   
  55    38   1     0     5     5  54.5       0.492      0.02500   
  55    39   1     0     4     4  54.5       0.517      0.02500   
  55    40   1     0     5     5  54.5       0.542      0.02500   
  55    41   1     0     4     4  54.6       0.567      0.02500   
  55    42   1     0     4     4  54.6       0.592      0.02500   
  55    43   1     0     4     4  54.6       0.617      0.02500   
  55    44   1     0     4     4  54.6       0.642      0.02500   
  55    45   1     0     3     3  54.7       0.667      0.02500   
  55    46   1     0     4     4  54.7       0.692      0.02500   
  55    47   1     0     3     3  54.7       0.717      0.02500   
  55    48   1     0     2     2  54.7       0.742      0.02500   
  55    49   1     0    10    10  54.8       0.767      0.02500   
  55    50   1     0     9     9  54.8       0.792      0.02500   
  55    51   1     0     6     6  54.8       0.817      0.02500   
  55    52   1     0     9     9  54.8       0.842      0.02500   
  55    53   1     0    10    10  54.9       0.867      0.02500   
  55    54   1     0    10    10  54.9       0.892      0.02500   
  55    55   1     0    10    10  54.9       0.917      0.02500   
  55    56   1     0    10    10  54.9       0.942      0.02500   
  55    57   1     0     6     6  55.0       0.967      0.02500   
  55    58   1     0     6     6  55.0       0.992      0.02500   
  55    59   1     0    10    10  55.0       1.00       0.007666  
  56     1   1     0    10    10  55.0       0.00500    0.005000  
  56     2   1     0     7     7  55.0       0.0100     0.005000  
  56     3   1     0     6     6  55.0       0.0150     0.005000  
  56     4   1     0     2     2  55.0       0.0200     0.005000  
  56     5   1     0     2     2  55.0       0.0250     0.005000  
  56     6   1     0     5     5  55.0       0.0325     0.007500  
  56     7   1     0     2     2  55.0       0.0400     0.007500  
  56     8   1     0     4     4  55.0       0.0475     0.007500  
  56     9   1     0     5     5  55.1       0.0587     0.01125   
  56    10   1     0     4     4  55.1       0.0700     0.01125   
  56    11   1     0     6     6  55.1       0.0812     0.01125   
  56    12   1     0     4     4  55.1       0.0925     0.01125   
  56    13   1     0     3     3  55.1       0.104      0.01125   
  56    14   1     0     9     9  55.1       0.121      0.01688   
  56    15   1     0     4     4  55.1       0.137      0.01688   
  56    16   1     0     4     4  55.2       0.154      0.01688   
  56    17   1     0     7     7  55.2       0.179      0.02500   
  56    18   1     0     6     6  55.2       0.204      0.02500   
  56    19   1     0     4     4  55.2       0.229      0.02500   
  56    20   1     0    10    10  55.3       0.254      0.02500   
  56    21   1     0     6     6  55.3       0.279      0.02500   
  56    22   1     0     1     1  55.3       0.304      0.02500   
  56    23   1     0    10    10  55.3       0.329      0.02500   
  56    24   1     0    10    10  55.4       0.354      0.02500   
  56    25   1     0    12    12  55.4       0.379      0.02500   
  56    26   1     0    10    10  55.4       0.398      0.01875   
  56    27   1     0    10    10  55.4       0.417      0.01875   
  56    28   1     0     9     9  55.4       0.436      0.01875   
  56    29   1     0     7     7  55.5       0.454      0.01875   
  56    30   1     0     6     6  55.5       0.473      0.01875   
  56    31   1     0     6     6  55.5       0.492      0.01875   
  56    32   1     0     5     5  55.5       0.511      0.01875   
  56    33   1     0     5     5  55.5       0.529      0.01875   
  56    34   1     0     4     4  55.5       0.548      0.01875   
  56    35   1     0     4     4  55.6       0.567      0.01875   
  56    36   1     0     7     7  55.6       0.592      0.02500   
  56    37   1     0     5     5  55.6       0.617      0.02500   
  56    38   1     0     4     4  55.6       0.642      0.02500   
  56    39   1     0     4     4  55.7       0.667      0.02500   
  56    40   1     0     4     4  55.7       0.692      0.02500   
  56    41   1     0     3     3  55.7       0.717      0.02500   
  56    42   1     0     3     3  55.7       0.742      0.02500   
  56    43   1     0    10    10  55.8       0.767      0.02500   
  56    44   1     0     7     7  55.8       0.792      0.02500   
  56    45   1     0     5     5  55.8       0.817      0.02500   
  56    46   1     0    10    10  55.8       0.842      0.02500   
  56    47   1     0    11    11  55.9       0.867      0.02500   
  56    48   1     0    10    10  55.9       0.886      0.01875   
  56    49   1     0    10    10  55.9       0.904      0.01875   
  56    50   1     0    10    10  55.9       0.923      0.01875   
  56    51   1     0     6     6  55.9       0.942      0.01875   
  56    52   1     0     6     6  56.0       0.961      0.01875   
  56    53   1     0     7     7  56.0       0.979      0.01875   
  56    54   1     0     6     6  56.0       0.998      0.01875   
  56    55   1     0    10    10  56.0       1.00       0.001875  
  57     1   1     0    10    10  56.0       0.00500    0.005000  
  57     2   1     0     5     5  56.0       0.0100     0.005000  
  57     3   1     0     5     5  56.0       0.0150     0.005000  
  57     4   1     0     2     2  56.0       0.0200     0.005000  
  57     5   1     0     1     1  56.0       0.0250     0.005000  
  57     6   1     0     7     7  56.0       0.0325     0.007500  
  57     7   1     0     2     2  56.0       0.0400     0.007500  
  57     8   1     0     5     5  56.0       0.0475     0.007500  
  57     9   1     0     3     3  56.1       0.0550     0.007500  
  57    10   1     0     3     3  56.1       0.0625     0.007500  
  57    11   1     0    10    10  56.1       0.0737     0.01125   
  57    12   1     0     5     5  56.1       0.0850     0.01125   
  57    13   1     0     3     3  56.1       0.0962     0.01125   
  57    14   1     0     3     3  56.1       0.107      0.01125   
  57    15   1     0     9     9  56.1       0.124      0.01688   
  57    16   1     0     4     4  56.1       0.141      0.01688   
  57    17   1     0     4     4  56.2       0.158      0.01688   
  57    18   1     0     7     7  56.2       0.183      0.02500   
  57    19   1     0     5     5  56.2       0.208      0.02500   
  57    20   1     0     5     5  56.2       0.233      0.02500   
  57    21   1     0    10    10  56.3       0.258      0.02500   
  57    22   1     0     6     6  56.3       0.283      0.02500   
  57    23   1     0     3     3  56.3       0.308      0.02500   
  57    24   1     0    10    10  56.3       0.333      0.02500   
  57    25   1     0    10    10  56.4       0.358      0.02500   
  57    26   1     0    12    12  56.4       0.383      0.02500   
  57    27   1     0    10    10  56.4       0.402      0.01875   
  57    28   1     0    10    10  56.4       0.421      0.01875   
  57    29   1     0     9     9  56.4       0.439      0.01875   
  57    30   1     0     6     6  56.5       0.458      0.01875   
  57    31   1     0     6     6  56.5       0.477      0.01875   
  57    32   1     0     5     5  56.5       0.496      0.01875   
  57    33   1     0     5     5  56.5       0.514      0.01875   
  57    34   1     0     4     4  56.5       0.533      0.01875   
  57    35   1     0     5     5  56.6       0.552      0.01875   
  57    36   1     0     4     4  56.6       0.571      0.01875   
  57    37   1     0     3     3  56.6       0.589      0.01875   
  57    38   1     0     7     7  56.6       0.614      0.02500   
  57    39   1     0     5     5  56.6       0.639      0.02500   
  57    40   1     0     4     4  56.7       0.664      0.02500   
  57    41   1     0     4     4  56.7       0.689      0.02500   
  57    42   1     0     3     3  56.7       0.714      0.02500   
  57    43   1     0     3     3  56.7       0.739      0.02500   
  57    44   1     0    10    10  56.8       0.764      0.02500   
  57    45   1     0     9     9  56.8       0.789      0.02500   
  57    46   1     0     6     6  56.8       0.814      0.02500   
  57    47   1     0     8     8  56.8       0.839      0.02500   
  57    48   1     0    10    10  56.9       0.864      0.02500   
  57    49   1     0    10    10  56.9       0.889      0.02500   
  57    50   1     0    10    10  56.9       0.914      0.02500   
  57    51   1     0     9     9  56.9       0.939      0.02500   
  57    52   1     0     6     6  57.0       0.964      0.02500   
  57    53   1     0     5     5  57.0       0.989      0.02500   
  57    54   1     0    10    10  57.0       1.00       0.01062   
  58     1   1     0    10    10  57.0       0.00500    0.005000  
  58     2   1     0     9     9  57.0       0.0100     0.005000  
  58     3   1     0    10    10  57.0       0.0150     0.005000  
  58     4   1     0     7     7  57.0       0.0200     0.005000  
  58     5   1     0     6     6  57.0       0.0250     0.005000  
  58     6   1     0     3     3  57.0       0.0300     0.005000  
  58     7   1     0     1     1  57.0       0.0350     0.005000  
  58     8   1     0     8     8  57.0       0.0425     0.007500  
  58     9   1     0     2     2  57.0       0.0500     0.007500  
  58    10   1     0     4     4  57.1       0.0575     0.007500  
  58    11   1     0     9     9  57.1       0.0688     0.01125   
  58    12   1     0     4     4  57.1       0.0800     0.01125   
  58    13   1     0     5     5  57.1       0.0912     0.01125   
  58    14   1     0     3     3  57.1       0.102      0.01125   
  58    15   1     0     3     3  57.1       0.114      0.01125   
  58    16   1     0     8     8  57.1       0.131      0.01688   
  58    17   1     0     3     3  57.1       0.147      0.01688   
  58    18   1     0     4     4  57.2       0.164      0.01688   
  58    19   1     0     7     7  57.2       0.189      0.02500   
  58    20   1     0     5     5  57.2       0.214      0.02500   
  58    21   1     0     5     5  57.2       0.239      0.02500   
  58    22   1     0    10    10  57.3       0.264      0.02500   
  58    23   1     0     5     5  57.3       0.289      0.02500   
  58    24   1     0     4     4  57.3       0.314      0.02500   
  58    25   1     0    10    10  57.3       0.339      0.02500   
  58    26   1     0    10    10  57.4       0.364      0.02500   
  58    27   1     0    11    11  57.4       0.389      0.02500   
  58    28   1     0    10    10  57.4       0.408      0.01875   
  58    29   1     0    10    10  57.4       0.427      0.01875   
  58    30   1     0     9     9  57.4       0.446      0.01875   
  58    31   1     0     6     6  57.5       0.464      0.01875   
  58    32   1     0     6     6  57.5       0.483      0.01875   
  58    33   1     0     5     5  57.5       0.502      0.01875   
  58    34   1     0     5     5  57.5       0.521      0.01875   
  58    35   1     0     4     4  57.5       0.539      0.01875   
  58    36   1     0     5     5  57.6       0.558      0.01875   
  58    37   1     0     3     3  57.6       0.577      0.01875   
  58    38   1     0     3     3  57.6       0.596      0.01875   
  58    39   1     0     7     7  57.6       0.621      0.02500   
  58    40   1     0     5     5  57.6       0.646      0.02500   
  58    41   1     0     4     4  57.7       0.671      0.02500   
  58    42   1     0     4     4  57.7       0.696      0.02500   
  58    43   1     0     3     3  57.7       0.721      0.02500   
  58    44   1     0     3     3  57.7       0.746      0.02500   
  58    45   1     0     9     9  57.8       0.771      0.02500   
  58    46   1     0     7     7  57.8       0.796      0.02500   
  58    47   1     0     4     4  57.8       0.821      0.02500   
  58    48   1     0    10    10  57.8       0.846      0.02500   
  58    49   1     0    11    11  57.9       0.871      0.02500   
  58    50   1     0    10    10  57.9       0.889      0.01875   
  58    51   1     0    10    10  57.9       0.908      0.01875   
  58    52   1     0    10    10  57.9       0.927      0.01875   
  58    53   1     0     7     7  57.9       0.946      0.01875   
  58    54   1     0     7     7  58.0       0.964      0.01875   
  58    55   1     0     7     7  58.0       0.983      0.01875   
  58    56   1     0     8     8  58.0       1.00       0.01687   
  59     1   1     0    10    10  58.0       0.00500    0.005000  
  59     2   1     0     8     8  58.0       0.0100     0.005000  
  59     3   1     0     8     8  58.0       0.0150     0.005000  
  59     4   1     0     7     7  58.0       0.0200     0.005000  
  59     5   1     0     5     5  58.0       0.0250     0.005000  
  59     6   1     0     2     2  58.0       0.0300     0.005000  
  59     7   1     0     1     1  58.0       0.0350     0.005000  
  59     8   1     0     8     8  58.0       0.0425     0.007500  
  59     9   1     0     2     2  58.0       0.0500     0.007500  
  59    10   1     0     4     4  58.1       0.0575     0.007500  
  59    11   1U    0     5     5  58.1       0.0575     0.01125   
  59    11   2     0    10    10  58.1       0.0603     0.002812  
  59    12   1     0     3     3  58.1       0.0631     0.002812  
  59    13   1     0     5     5  58.1       0.0659     0.002812  
  59    14   1     0     4     4  58.1       0.0687     0.002812  
  59    15   1     0     3     3  58.1       0.0716     0.002812  
  59    16   1     0     7     7  58.1       0.0758     0.004219  
  59    17   1     0     1     1  58.1       0.0800     0.004219  
  59    18   1     0     1     1  58.1       0.0842     0.004219  
  59    19   1     0     5     5  58.1       0.0905     0.006328  
  59    20   1     0     1     1  58.1       0.0969     0.006328  
  59    21   1     0     2     2  58.1       0.103      0.006328  
  59    22   1     0     5     5  58.1       0.113      0.009492  
  59    23   1     0     1     1  58.1       0.122      0.009492  
  59    24   1     0     3     3  58.1       0.132      0.009492  
  59    25   1     0     7     7  58.1       0.146      0.01424   
  59    26   1     0     4     4  58.2       0.160      0.01424   
  59    27   1     0     4     4  58.2       0.174      0.01424   
  59    28   1     0     6     6  58.2       0.196      0.02136   
  59    29   1     0     4     4  58.2       0.217      0.02136   
  59    30   1     0     4     4  58.2       0.238      0.02136   
  59    31   1     0    10    10  58.3       0.263      0.02500   
  59    32   1     0     2     2  58.3       0.288      0.02500   
  59    33   1     0     7     7  58.3       0.313      0.02500   
  59    34   1     0    10    10  58.3       0.338      0.02500   
  59    35   1     0    10    10  58.4       0.363      0.02500   
  59    36   1     0    11    11  58.4       0.388      0.02500   
  59    37   1     0    10    10  58.4       0.407      0.01875   
  59    38   1     0    10    10  58.4       0.426      0.01875   
  59    39   1     0     9     9  58.4       0.445      0.01875   
  59    40   1     0     6     6  58.5       0.463      0.01875   
  59    41   1     0     5     5  58.5       0.482      0.01875   
  59    42   1     0     5     5  58.5       0.501      0.01875   
  59    43   1     0     5     5  58.5       0.520      0.01875   
  59    44   1     0     4     4  58.5       0.538      0.01875   
  59    45   1     0     4     4  58.6       0.557      0.01875   
  59    46   1     0     7     7  58.6       0.582      0.02500   
  59    47   1     0     5     5  58.6       0.607      0.02500   
  59    48   1     0     4     4  58.6       0.632      0.02500   
  59    49   1     0     4     4  58.7       0.657      0.02500   
  59    50   1     0     4     4  58.7       0.682      0.02500   
  59    51   1     0     3     3  58.7       0.707      0.02500   
  59    52   1     0     3     3  58.7       0.732      0.02500   
  59    53   1     0    10    10  58.8       0.757      0.02500   
  59    54   1     0     8     8  58.8       0.782      0.02500   
  59    55   1     0     6     6  58.8       0.807      0.02500   
  59    56   1     0     5     5  58.8       0.832      0.02500   
  59    57   1     0    10    10  58.9       0.857      0.02500   
  59    58   1     0    10    10  58.9       0.882      0.02500   
  59    59   1     0    10    10  58.9       0.907      0.02500   
  59    60   1     0     9     9  58.9       0.932      0.02500   
  59    61   1     0     6     6  59.0       0.957      0.02500   
  59    62   1     0     5     5  59.0       0.982      0.02500   
  59    63   1     0    10    10  59.0       1.00       0.01778   
  60     1   1     0    10    10  59.0       0.00500    0.005000  
  60     2   1     0    10    10  59.0       0.0100     0.005000  
  60     3   1     0     8     8  59.0       0.0150     0.005000  
  60     4   1     0     7     7  59.0       0.0200     0.005000  
  60     5   1     0     5     5  59.0       0.0250     0.005000  
  60     6   1     0     2     2  59.0       0.0300     0.005000  
  60     7   1     0     2     2  59.0       0.0350     0.005000  
  60     8   1     0     7     7  59.0       0.0425     0.007500  
  60     9   1     0     2     2  59.0       0.0500     0.007500  
  60    10   1     0     4     4  59.1       0.0575     0.007500  
  60    11   1U    0     4     4  59.1       0.0575     0.01125   
  60    11   2     0     9     9  59.1       0.0603     0.002812  
  60    12   1     0     3     3  59.1       0.0631     0.002812  
  60    13   1     0     4     4  59.1       0.0659     0.002812  
  60    14   1     0     8     8  59.1       0.0702     0.004219  
  60    15   1     0     1     1  59.1       0.0744     0.004219  
  60    16   1     0     1     1  59.1       0.0786     0.004219  
  60    17   1     0     6     6  59.1       0.0849     0.006328  
  60    18   1     0     1     1  59.1       0.0912     0.006328  
  60    19   1     0     2     2  59.1       0.0976     0.006328  
  60    20   1     0     4     4  59.1       0.107      0.009492  
  60    21   1     0     7     7  59.1       0.121      0.01424   
  60    22   1     0     5     5  59.1       0.136      0.01424   
  60    23   1     0     5     5  59.1       0.150      0.01424   
  60    24   1     0     3     3  59.2       0.164      0.01424   
  60    25   1     0     2     2  59.2       0.178      0.01424   
  60    26   1     0     7     7  59.2       0.200      0.02136   
  60    27   1     0     4     4  59.2       0.221      0.02136   
  60    28   1     0     4     4  59.2       0.242      0.02136   
  60    29   1     0     7     7  59.3       0.267      0.02500   
  60    30   1     0     2     2  59.3       0.292      0.02500   
  60    31   1     0     7     7  59.3       0.317      0.02500   
  60    32   1     0    10    10  59.3       0.342      0.02500   
  60    33   1     0    10    10  59.4       0.367      0.02500   
  60    34   1     0    10    10  59.4       0.392      0.02500   
  60    35   1     0    10    10  59.4       0.417      0.02500   
  60    36   1     0     9     9  59.4       0.442      0.02500   
  60    37   1     0     7     7  59.5       0.467      0.02500   
  60    38   1     0     5     5  59.5       0.492      0.02500   
  60    39   1     0     4     4  59.5       0.517      0.02500   
  60    40   1     0     5     5  59.5       0.542      0.02500   
  60    41   1     0     4     4  59.6       0.567      0.02500   
  60    42   1     0     4     4  59.6       0.592      0.02500   
  60    43   1     0     4     4  59.6       0.617      0.02500   
  60    44   1     0     4     4  59.6       0.642      0.02500   
  60    45   1     0     3     3  59.7       0.667      0.02500   
  60    46   1     0     4     4  59.7       0.692      0.02500   
  60    47   1     0     3     3  59.7       0.717      0.02500   
  60    48   1     0     2     2  59.7       0.742      0.02500   
  60    49   1     0    10    10  59.8       0.767      0.02500   
  60    50   1     0     8     8  59.8       0.792      0.02500   
  60    51   1     0     6     6  59.8       0.817      0.02500   
  60    52   1     0     9     9  59.8       0.842      0.02500   
  60    53   1     0    10    10  59.9       0.867      0.02500   
  60    54   1     0    10    10  59.9       0.892      0.02500   
  60    55   1     0    10    10  59.9       0.917      0.02500   
  60    56   1     0    10    10  59.9       0.942      0.02500   
  60    57   1     0     6     6  60.0       0.967      0.02500   
  60    58   1     0     6     6  60.0       0.992      0.02500   
  60    59   1     0    10    10  60.0       1.00       0.007666  
  61     1   1     0    10    10  60.0       0.00500    0.005000  
  61     2   1     0     7     7  60.0       0.0100     0.005000  
  61     3   1     0     5     5  60.0       0.0150     0.005000  
  61     4   1     0     3     3  60.0       0.0200     0.005000  
  61     5   1     0     1     1  60.0       0.0250     0.005000  
  61     6   1     0     5     5  60.0       0.0325     0.007500  
  61     7   1     0     2     2  60.0       0.0400     0.007500  
  61     8   1     0     4     4  60.0       0.0475     0.007500  
  61     9   1     0     5     5  60.1       0.0587     0.01125   
  61    10   1     0     4     4  60.1       0.0700     0.01125   
  61    11   1     0     6     6  60.1       0.0812     0.01125   
  61    12   1     0     4     4  60.1       0.0925     0.01125   
  61    13   1     0     3     3  60.1       0.104      0.01125   
  61    14   1     0     9     9  60.1       0.121      0.01688   
  61    15   1     0     4     4  60.1       0.137      0.01688   
  61    16   1     0     4     4  60.2       0.154      0.01688   
  61    17   1     0     7     7  60.2       0.179      0.02500   
  61    18   1     0     6     6  60.2       0.204      0.02500   
  61    19   1     0     4     4  60.2       0.229      0.02500   
  61    20   1     0    10    10  60.3       0.254      0.02500   
  61    21   1     0     6     6  60.3       0.279      0.02500   
  61    22   1     0     1     1  60.3       0.304      0.02500   
  61    23   1     0    10    10  60.3       0.329      0.02500   
  61    24   1     0    10    10  60.4       0.354      0.02500   
  61    25   1     0    12    12  60.4       0.379      0.02500   
  61    26   1     0    10    10  60.4       0.398      0.01875   
  61    27   1     0    10    10  60.4       0.417      0.01875   
  61    28   1     0     9     9  60.4       0.436      0.01875   
  61    29   1     0     7     7  60.5       0.454      0.01875   
  61    30   1     0     6     6  60.5       0.473      0.01875   
  61    31   1     0     6     6  60.5       0.492      0.01875   
  61    32   1     0     5     5  60.5       0.511      0.01875   
  61    33   1     0     4     4  60.5       0.529      0.01875   
  61    34   1     0     5     5  60.5       0.548      0.01875   
  61    35   1     0     4     4  60.6       0.567      0.01875   
  61    36   1     0     3     3  60.6       0.586      0.01875   
  61    37   1     0     7     7  60.6       0.611      0.02500   
  61    38   1     0     5     5  60.6       0.636      0.02500   
  61    39   1     0     4     4  60.7       0.661      0.02500   
  61    40   1     0     4     4  60.7       0.686      0.02500   
  61    41   1     0     3     3  60.7       0.711      0.02500   
  61    42   1     0     3     3  60.7       0.736      0.02500   
  61    43   1     0    10    10  60.8       0.761      0.02500   
  61    44   1     0     8     8  60.8       0.786      0.02500   
  61    45   1     0     5     5  60.8       0.811      0.02500   
  61    46   1     0     7     7  60.8       0.836      0.02500   
  61    47   1     0    10    10  60.9       0.861      0.02500   
  61    48   1     0    10    10  60.9       0.886      0.02500   
  61    49   1     0    10    10  60.9       0.911      0.02500   
  61    50   1     0     9     9  60.9       0.936      0.02500   
  61    51   1     0     6     6  61.0       0.961      0.02500   
  61    52   1     0     5     5  61.0       0.986      0.02500   
  61    53   1     0    10    10  61.0       1.00       0.01437   
  62     1   1     0    11    11  61.0       0.00500    0.005000  
  62     2   1     0     7     7  61.0       0.00875    0.003750  
  62     3   1     0     9     9  61.0       0.0125     0.003750  
  62     4   1     0     8     8  61.0       0.0163     0.003750  
  62     5   1     0     5     5  61.0       0.0200     0.003750  
  62     6   1     0     3     3  61.0       0.0238     0.003750  
  62     7   1     0     2     2  61.0       0.0275     0.003750  
  62     8   1     0     6     6  61.0       0.0331     0.005625  
  62     9   1     0     1     1  61.0       0.0387     0.005625  
  62    10   1     0     3     3  61.0       0.0444     0.005625  
  62    11   1     0     4     4  61.1       0.0528     0.008438  
  62    12   1     0     9     9  61.1       0.0655     0.01266   
  62    13   1     0     6     6  61.1       0.0781     0.01266   
  62    14   1     0     6     6  61.1       0.0908     0.01266   
  62    15   1     0     4     4  61.1       0.103      0.01266   
  62    16   1     0     3     3  61.1       0.116      0.01266   
  62    17   1     0     9     9  61.1       0.135      0.01898   
  62    18   1     0     5     5  61.2       0.154      0.01898   
  62    19   1     0     4     4  61.2       0.173      0.01898   
  62    20   1     0     2     2  61.2       0.192      0.01898   
  62    21   1     0     7     7  61.2       0.217      0.02500   
  62    22   1     0     5     5  61.2       0.242      0.02500   
  62    23   1     0    10    10  61.3       0.267      0.02500   
  62    24   1     0     4     4  61.3       0.292      0.02500   
  62    25   1     0     6     6  61.3       0.317      0.02500   
  62    26   1     0    10    10  61.3       0.342      0.02500   
  62    27   1     0    10    10  61.4       0.367      0.02500   
  62    28   1     0    10    10  61.4       0.392      0.02500   
  62    29   1     0    10    10  61.4       0.417      0.02500   
  62    30   1     0    10    10  61.4       0.442      0.02500   
  62    31   1     0     7     7  61.5       0.467      0.02500   
  62    32   1     0     5     5  61.5       0.492      0.02500   
  62    33   1     0     4     4  61.5       0.517      0.02500   
  62    34   1     0     5     5  61.5       0.542      0.02500   
  62    35   1     0     4     4  61.6       0.567      0.02500   
  62    36   1     0     4     4  61.6       0.592      0.02500   
  62    37   1     0     4     4  61.6       0.617      0.02500   
  62    38   1     0     4     4  61.6       0.642      0.02500   
  62    39   1     0     4     4  61.7       0.667      0.02500   
  62    40   1     0     3     3  61.7       0.692      0.02500   
  62    41   1     0     3     3  61.7       0.717      0.02500   
  62    42   1     0     2     2  61.7       0.742      0.02500   
  62    43   1     0    10    10  61.8       0.767      0.02500   
  62    44   1     0     9     9  61.8       0.792      0.02500   
  62    45   1     0     5     5  61.8       0.817      0.02500   
  62    46   1     0     9     9  61.8       0.842      0.02500   
  62    47   1     0    10    10  61.9       0.867      0.02500   
  62    48   1     0    11    11  61.9       0.892      0.02500   
  62    49   1     0    10    10  61.9       0.911      0.01875   
  62    50   1     0    10    10  61.9       0.930      0.01875   
  62    51   1     0     7     7  61.9       0.948      0.01875   
  62    52   1     0     6     6  62.0       0.967      0.01875   
  62    53   1     0     7     7  62.0       0.986      0.01875   
  62    54   1     0     8     8  62.0       1.00       0.01422   
  63     1   1     0    10    10  62.0       0.00500    0.005000  
  63     2   1     0     7     7  62.0       0.0100     0.005000  
  63     3   1     0     7     7  62.0       0.0150     0.005000  
  63     4   1     0     3     3  62.0       0.0200     0.005000  
  63     5   1     0     1     1  62.0       0.0250     0.005000  
  63     6   1     0     7     7  62.0       0.0325     0.007500  
  63     7   1     0     2     2  62.0       0.0400     0.007500  
  63     8   1     0     4     4  62.0       0.0475     0.007500  
  63     9   1     0     3     3  62.1       0.0587     0.01125   
  63    10   1     0     9     9  62.1       0.0756     0.01688   
  63    11   1     0     6     6  62.1       0.0925     0.01688   
  63    12   1     0     5     5  62.1       0.109      0.01688   
  63    13   1     0     4     4  62.1       0.126      0.01688   
  63    14   1     0     3     3  62.1       0.143      0.01688   
  63    15   1     0     7     7  62.2       0.168      0.02500   
  63    16   1     0     5     5  62.2       0.193      0.02500   
  63    17   1     0     5     5  62.2       0.218      0.02500   
  63    18   1     0     3     3  62.2       0.243      0.02500   
  63    19   1     0     9     9  62.3       0.268      0.02500   
  63    20   1     0     5     5  62.3       0.293      0.02500   
  63    21   1     0     6     6  62.3       0.318      0.02500   
  63    22   1     0    10    10  62.3       0.343      0.02500   
  63    23   1     0    10    10  62.4       0.368      0.02500   
  63    24   1     0    10    10  62.4       0.393      0.02500   
  63    25   1     0    10    10  62.4       0.418      0.02500   
  63    26   1     0    10    10  62.4       0.443      0.02500   
  63    27   1     0     7     7  62.5       0.468      0.02500   
  63    28   1     0     5     5  62.5       0.493      0.02500   
  63    29   1     0     4     4  62.5       0.518      0.02500   
  63    30   1     0     5     5  62.5       0.543      0.02500   
  63    31   1     0     4     4  62.6       0.568      0.02500   
  63    32   1     0     4     4  62.6       0.593      0.02500   
  63    33   1     0     4     4  62.6       0.618      0.02500   
  63    34   1     0     4     4  62.6       0.643      0.02500   
  63    35   1     0     4     4  62.7       0.668      0.02500   
  63    36   1     0     3     3  62.7       0.693      0.02500   
  63    37   1     0     2     2  62.7       0.718      0.02500   
  63    38   1     0     3     3  62.7       0.743      0.02500   
  63    39   1     0    10    10  62.8       0.768      0.02500   
  63    40   1     0     8     8  62.8       0.793      0.02500   
  63    41   1     0     5     5  62.8       0.818      0.02500   
  63    42   1     0    10    10  62.8       0.843      0.02500   
  63    43   1     0    10    10  62.9       0.868      0.02500   
  63    44   1     0    11    11  62.9       0.893      0.02500   
  63    45   1     0    10    10  62.9       0.912      0.01875   
  63    46   1     0    10    10  62.9       0.931      0.01875   
  63    47   1     0     9     9  62.9       0.949      0.01875   
  63    48   1     0     6     6  63.0       0.968      0.01875   
  63    49   1     0     7     7  63.0       0.987      0.01875   
  63    50   1     0     8     8  63.0       1.00       0.01312   
  64     1   1     0    10    10  63.0       0.00500    0.005000  
  64     2   1     0     6     6  63.0       0.0100     0.005000  
  64     3   1     0     7     7  63.0       0.0150     0.005000  
  64     4   1     0     4     4  63.0       0.0200     0.005000  
  64     5   1     0     1     1  63.0       0.0250     0.005000  
  64     6   1     0     7     7  63.0       0.0325     0.007500  
  64     7   1     0     2     2  63.0       0.0400     0.007500  
  64     8   1     0     4     4  63.0       0.0475     0.007500  
  64     9   1     0     3     3  63.1       0.0587     0.01125   
  64    10   1     0     9     9  63.1       0.0756     0.01688   
  64    11   1     0     6     6  63.1       0.0925     0.01688   
  64    12   1     0     5     5  63.1       0.109      0.01688   
  64    13   1     0     4     4  63.1       0.126      0.01688   
  64    14   1     0     3     3  63.1       0.143      0.01688   
  64    15   1     0     7     7  63.2       0.168      0.02500   
  64    16   1     0     5     5  63.2       0.193      0.02500   
  64    17   1     0     5     5  63.2       0.218      0.02500   
  64    18   1     0     3     3  63.2       0.243      0.02500   
  64    19   1     0     9     9  63.3       0.268      0.02500   
  64    20   1     0     5     5  63.3       0.293      0.02500   
  64    21   1     0     6     6  63.3       0.318      0.02500   
  64    22   1     0    10    10  63.3       0.343      0.02500   
  64    23   1     0    10    10  63.4       0.368      0.02500   
  64    24   1     0    10    10  63.4       0.393      0.02500   
  64    25   1     0    10    10  63.4       0.418      0.02500   
  64    26   1     0    10    10  63.4       0.443      0.02500   
  64    27   1     0     7     7  63.5       0.468      0.02500   
  64    28   1     0     5     5  63.5       0.493      0.02500   
  64    29   1     0     4     4  63.5       0.518      0.02500   
  64    30   1     0     5     5  63.5       0.543      0.02500   
  64    31   1     0     4     4  63.6       0.568      0.02500   
  64    32   1     0     4     4  63.6       0.593      0.02500   
  64    33   1     0     4     4  63.6       0.618      0.02500   
  64    34   1     0     4     4  63.6       0.643      0.02500   
  64    35   1     0     4     4  63.7       0.668      0.02500   
  64    36   1     0     3     3  63.7       0.693      0.02500   
  64    37   1     0     2     2  63.7       0.718      0.02500   
  64    38   1     0     3     3  63.7       0.743      0.02500   
  64    39   1     0    10    10  63.8       0.768      0.02500   
  64    40   1     0     8     8  63.8       0.793      0.02500   
  64    41   1     0     5     5  63.8       0.818      0.02500   
  64    42   1     0    10    10  63.8       0.843      0.02500   
  64    43   1     0    10    10  63.9       0.868      0.02500   
  64    44   1     0    11    11  63.9       0.893      0.02500   
  64    45   1     0    10    10  63.9       0.912      0.01875   
  64    46   1     0    10    10  63.9       0.931      0.01875   
  64    47   1     0     9     9  63.9       0.949      0.01875   
  64    48   1     0     6     6  64.0       0.968      0.01875   
  64    49   1     0     7     7  64.0       0.987      0.01875   
  64    50   1     0     8     8  64.0       1.00       0.01312   
  65     1   1     0    10    10  64.0       0.00500    0.005000  
  65     2   1     0     6     6  64.0       0.0100     0.005000  
  65     3   1     0     7     7  64.0       0.0150     0.005000  
  65     4   1     0     4     4  64.0       0.0200     0.005000  
  65     5   1     0     1     1  64.0       0.0250     0.005000  
  65     6   1     0     7     7  64.0       0.0325     0.007500  
  65     7   1     0     2     2  64.0       0.0400     0.007500  
  65     8   1     0     4     4  64.0       0.0475     0.007500  
  65     9   1     0     3     3  64.1       0.0587     0.01125   
  65    10   1     0     9     9  64.1       0.0756     0.01688   
  65    11   1     0     6     6  64.1       0.0925     0.01688   
  65    12   1     0     5     5  64.1       0.109      0.01688   
  65    13   1     0     4     4  64.1       0.126      0.01688   
  65    14   1     0     3     3  64.1       0.143      0.01688   
  65    15   1     0     7     7  64.2       0.168      0.02500   
  65    16   1     0     5     5  64.2       0.193      0.02500   
  65    17   1     0     5     5  64.2       0.218      0.02500   
  65    18   1     0     3     3  64.2       0.243      0.02500   
  65    19   1     0     9     9  64.3       0.268      0.02500   
  65    20   1     0     5     5  64.3       0.293      0.02500   
  65    21   1     0     6     6  64.3       0.318      0.02500   
  65    22   1     0    10    10  64.3       0.343      0.02500   
  65    23   1     0    10    10  64.4       0.368      0.02500   
  65    24   1     0    10    10  64.4       0.393      0.02500   
  65    25   1     0    10    10  64.4       0.418      0.02500   
  65    26   1     0    10    10  64.4       0.443      0.02500   
  65    27   1     0     7     7  64.5       0.468      0.02500   
  65    28   1     0     5     5  64.5       0.493      0.02500   
  65    29   1     0     4     4  64.5       0.518      0.02500   
  65    30   1     0     5     5  64.5       0.543      0.02500   
  65    31   1     0     4     4  64.6       0.568      0.02500   
  65    32   1     0     4     4  64.6       0.593      0.02500   
  65    33   1     0     4     4  64.6       0.618      0.02500   
  65    34   1     0     4     4  64.6       0.643      0.02500   
  65    35   1     0     4     4  64.7       0.668      0.02500   
  65    36   1     0     3     3  64.7       0.693      0.02500   
  65    37   1     0     3     3  64.7       0.718      0.02500   
  65    38   1     0     2     2  64.7       0.743      0.02500   
  65    39   1     0    10    10  64.8       0.768      0.02500   
  65    40   1     0     8     8  64.8       0.793      0.02500   
  65    41   1     0     5     5  64.8       0.818      0.02500   
  65    42   1     0    10    10  64.8       0.843      0.02500   
  65    43   1     0    10    10  64.9       0.868      0.02500   
  65    44   1     0    11    11  64.9       0.893      0.02500   
  65    45   1     0    10    10  64.9       0.912      0.01875   
  65    46   1     0    10    10  64.9       0.931      0.01875   
  65    47   1     0     9     9  64.9       0.949      0.01875   
  65    48   1     0     6     6  65.0       0.968      0.01875   
  65    49   1     0     7     7  65.0       0.987      0.01875   
  65    50   1     0     8     8  65.0       1.00       0.01312   
  66     1   1     0    10    10  65.0       0.00500    0.005000  
  66     2   1     0     7     7  65.0       0.0100     0.005000  
  66     3   1     0     7     7  65.0       0.0150     0.005000  
  66     4   1     0     4     4  65.0       0.0200     0.005000  
  66     5   1     0     1     1  65.0       0.0250     0.005000  
  66     6   1     0     7     7  65.0       0.0325     0.007500  
  66     7   1     0     2     2  65.0       0.0400     0.007500  
  66     8   1     0     4     4  65.0       0.0475     0.007500  
  66     9   1     0     3     3  65.1       0.0587     0.01125   
  66    10   1     0     9     9  65.1       0.0756     0.01688   
  66    11   1     0     6     6  65.1       0.0925     0.01688   
  66    12   1     0     5     5  65.1       0.109      0.01688   
  66    13   1     0     4     4  65.1       0.126      0.01688   
  66    14   1     0     3     3  65.1       0.143      0.01688   
  66    15   1     0     7     7  65.2       0.168      0.02500   
  66    16   1     0     5     5  65.2       0.193      0.02500   
  66    17   1     0     5     5  65.2       0.218      0.02500   
  66    18   1     0     3     3  65.2       0.243      0.02500   
  66    19   1     0     9     9  65.3       0.268      0.02500   
  66    20   1     0     5     5  65.3       0.293      0.02500   
  66    21   1     0     6     6  65.3       0.318      0.02500   
  66    22   1     0    10    10  65.3       0.343      0.02500   
  66    23   1     0    10    10  65.4       0.368      0.02500   
  66    24   1     0    10    10  65.4       0.393      0.02500   
  66    25   1     0    10    10  65.4       0.418      0.02500   
  66    26   1     0    10    10  65.4       0.443      0.02500   
  66    27   1     0     7     7  65.5       0.468      0.02500   
  66    28   1     0     5     5  65.5       0.493      0.02500   
  66    29   1     0     4     4  65.5       0.518      0.02500   
  66    30   1     0     5     5  65.5       0.543      0.02500   
  66    31   1     0     4     4  65.6       0.568      0.02500   
  66    32   1     0     4     4  65.6       0.593      0.02500   
  66    33   1     0     4     4  65.6       0.618      0.02500   
  66    34   1     0     4     4  65.6       0.643      0.02500   
  66    35   1     0     4     4  65.7       0.668      0.02500   
  66    36   1     0     3     3  65.7       0.693      0.02500   
  66    37   1     0     3     3  65.7       0.718      0.02500   
  66    38   1     0     2     2  65.7       0.743      0.02500   
  66    39   1     0     9     9  65.8       0.768      0.02500   
  66    40   1     0     9     9  65.8       0.793      0.02500   
  66    41   1     0     5     5  65.8       0.818      0.02500   
  66    42   1     0    10    10  65.8       0.843      0.02500   
  66    43   1     0    10    10  65.9       0.868      0.02500   
  66    44   1     0    11    11  65.9       0.893      0.02500   
  66    45   1     0    10    10  65.9       0.912      0.01875   
  66    46   1     0    10    10  65.9       0.931      0.01875   
  66    47   1     0     9     9  65.9       0.949      0.01875   
  66    48   1     0     6     6  66.0       0.968      0.01875   
  66    49   1     0     7     7  66.0       0.987      0.01875   
  66    50   1     0     8     8  66.0       1.00       0.01312   
  67     1   1     0    10    10  66.0       0.00500    0.005000  
  67     2   1     0     7     7  66.0       0.0100     0.005000  
  67     3   1     0     7     7  66.0       0.0150     0.005000  
  67     4   1     0     4     4  66.0       0.0200     0.005000  
  67     5   1     0     2     2  66.0       0.0250     0.005000  
  67     6   1     0     7     7  66.0       0.0325     0.007500  
  67     7   1     0     2     2  66.0       0.0400     0.007500  
  67     8   1     0     4     4  66.0       0.0475     0.007500  
  67     9   1     0     3     3  66.1       0.0587     0.01125   
  67    10   1     0     9     9  66.1       0.0756     0.01688   
  67    11   1     0     6     6  66.1       0.0925     0.01688   
  67    12   1     0     5     5  66.1       0.109      0.01688   
  67    13   1     0     4     4  66.1       0.126      0.01688   
  67    14   1     0     3     3  66.1       0.143      0.01688   
  67    15   1     0     7     7  66.2       0.168      0.02500   
  67    16   1     0     5     5  66.2       0.193      0.02500   
  67    17   1     0     5     5  66.2       0.218      0.02500   
  67    18   1     0     3     3  66.2       0.243      0.02500   
  67    19   1     0     9     9  66.3       0.268      0.02500   
  67    20   1     0     5     5  66.3       0.293      0.02500   
  67    21   1     0     6     6  66.3       0.318      0.02500   
  67    22   1     0    10    10  66.3       0.343      0.02500   
  67    23   1     0    10    10  66.4       0.368      0.02500   
  67    24   1     0    10    10  66.4       0.393      0.02500   
  67    25   1     0    10    10  66.4       0.418      0.02500   
  67    26   1     0    10    10  66.4       0.443      0.02500   
  67    27   1     0     7     7  66.5       0.468      0.02500   
  67    28   1     0     5     5  66.5       0.493      0.02500   
  67    29   1     0     4     4  66.5       0.518      0.02500   
  67    30   1     0     5     5  66.5       0.543      0.02500   
  67    31   1     0     4     4  66.6       0.568      0.02500   
  67    32   1     0     4     4  66.6       0.593      0.02500   
  67    33   1     0     4     4  66.6       0.618      0.02500   
  67    34   1     0     4     4  66.6       0.643      0.02500   
  67    35   1     0     4     4  66.7       0.668      0.02500   
  67    36   1     0     3     3  66.7       0.693      0.02500   
  67    37   1     0     3     3  66.7       0.718      0.02500   
  67    38   1     0     2     2  66.7       0.743      0.02500   
  67    39   1     0     9     9  66.8       0.768      0.02500   
  67    40   1     0     9     9  66.8       0.793      0.02500   
  67    41   1     0     5     5  66.8       0.818      0.02500   
  67    42   1     0    10    10  66.8       0.843      0.02500   
  67    43   1     0    10    10  66.9       0.868      0.02500   
  67    44   1     0    11    11  66.9       0.893      0.02500   
  67    45   1     0    10    10  66.9       0.912      0.01875   
  67    46   1     0    10    10  66.9       0.931      0.01875   
  67    47   1     0     9     9  66.9       0.949      0.01875   
  67    48   1     0     6     6  67.0       0.968      0.01875   
  67    49   1     0     7     7  67.0       0.987      0.01875   
  67    50   1     0     8     8  67.0       1.00       0.01312   
  68     1   1     0    10    10  67.0       0.00500    0.005000  
  68     2   1     0     7     7  67.0       0.0100     0.005000  
  68     3   1     0     7     7  67.0       0.0150     0.005000  
  68     4   1     0     4     4  67.0       0.0200     0.005000  
  68     5   1     0     2     2  67.0       0.0250     0.005000  
  68     6   1     0     7     7  67.0       0.0325     0.007500  
  68     7   1     0     2     2  67.0       0.0400     0.007500  
  68     8   1     0     4     4  67.0       0.0475     0.007500  
  68     9   1     0     3     3  67.1       0.0587     0.01125   
  68    10   1     0     9     9  67.1       0.0756     0.01688   
  68    11   1     0     6     6  67.1       0.0925     0.01688   
  68    12   1     0     6     6  67.1       0.109      0.01688   
  68    13   1     0     4     4  67.1       0.126      0.01688   
  68    14   1     0     3     3  67.1       0.143      0.01688   
  68    15   1     0     7     7  67.2       0.168      0.02500   
  68    16   1     0     5     5  67.2       0.193      0.02500   
  68    17   1     0     5     5  67.2       0.218      0.02500   
  68    18   1     0     3     3  67.2       0.243      0.02500   
  68    19   1     0     9     9  67.3       0.268      0.02500   
  68    20   1     0     5     5  67.3       0.293      0.02500   
  68    21   1     0     6     6  67.3       0.318      0.02500   
  68    22   1     0    10    10  67.3       0.343      0.02500   
  68    23   1     0    10    10  67.4       0.368      0.02500   
  68    24   1     0    10    10  67.4       0.393      0.02500   
  68    25   1     0    10    10  67.4       0.418      0.02500   
  68    26   1     0    10    10  67.4       0.443      0.02500   
  68    27   1     0     7     7  67.5       0.468      0.02500   
  68    28   1     0     5     5  67.5       0.493      0.02500   
  68    29   1     0     4     4  67.5       0.518      0.02500   
  68    30   1     0     5     5  67.5       0.543      0.02500   
  68    31   1     0     4     4  67.6       0.568      0.02500   
  68    32   1     0     4     4  67.6       0.593      0.02500   
  68    33   1     0     4     4  67.6       0.618      0.02500   
  68    34   1     0     4     4  67.6       0.643      0.02500   
  68    35   1     0     4     4  67.7       0.668      0.02500   
  68    36   1     0     3     3  67.7       0.693      0.02500   
  68    37   1     0     3     3  67.7       0.718      0.02500   
  68    38   1     0     2     2  67.7       0.743      0.02500   
  68    39   1     0     9     9  67.8       0.768      0.02500   
  68    40   1     0     9     9  67.8       0.793      0.02500   
  68    41   1     0     5     5  67.8       0.818      0.02500   
  68    42   1     0    10    10  67.8       0.843      0.02500   
  68    43   1     0    10    10  67.9       0.868      0.02500   
  68    44   1     0    11    11  67.9       0.893      0.02500   
  68    45   1     0    10    10  67.9       0.912      0.01875   
  68    46   1     0    10    10  67.9       0.931      0.01875   
  68    47   1     0     9     9  67.9       0.949      0.01875   
  68    48   1     0     6     6  68.0       0.968      0.01875   
  68    49   1     0     7     7  68.0       0.987      0.01875   
  68    50   1     0     8     8  68.0       1.00       0.01312   
  69     1   1     0    10    10  68.0       0.00500    0.005000  
  69     2   1     0     7     7  68.0       0.0100     0.005000  
  69     3   1     0     7     7  68.0       0.0150     0.005000  
  69     4   1     0     4     4  68.0       0.0200     0.005000  
  69     5   1     0     2     2  68.0       0.0250     0.005000  
  69     6   1     0     7     7  68.0       0.0325     0.007500  
  69     7   1     0     2     2  68.0       0.0400     0.007500  
  69     8   1     0     4     4  68.0       0.0475     0.007500  
  69     9   1     0     3     3  68.1       0.0587     0.01125   
  69    10   1     0     9     9  68.1       0.0756     0.01688   
  69    11   1     0     6     6  68.1       0.0925     0.01688   
  69    12   1     0     6     6  68.1       0.109      0.01688   
  69    13   1     0     4     4  68.1       0.126      0.01688   
  69    14   1     0     3     3  68.1       0.143      0.01688   
  69    15   1     0     7     7  68.2       0.168      0.02500   
  69    16   1     0     5     5  68.2       0.193      0.02500   
  69    17   1     0     5     5  68.2       0.218      0.02500   
  69    18   1     0     3     3  68.2       0.243      0.02500   
  69    19   1     0     9     9  68.3       0.268      0.02500   
  69    20   1     0     5     5  68.3       0.293      0.02500   
  69    21   1     0     6     6  68.3       0.318      0.02500   
  69    22   1     0    10    10  68.3       0.343      0.02500   
  69    23   1     0    10    10  68.4       0.368      0.02500   
  69    24   1     0    10    10  68.4       0.393      0.02500   
  69    25   1     0    10    10  68.4       0.418      0.02500   
  69    26   1     0    10    10  68.4       0.443      0.02500   
  69    27   1     0     7     7  68.5       0.468      0.02500   
  69    28   1     0     5     5  68.5       0.493      0.02500   
  69    29   1     0     4     4  68.5       0.518      0.02500   
  69    30   1     0     5     5  68.5       0.543      0.02500   
  69    31   1     0     4     4  68.6       0.568      0.02500   
  69    32   1     0     4     4  68.6       0.593      0.02500   
  69    33   1     0     4     4  68.6       0.618      0.02500   
  69    34   1     0     4     4  68.6       0.643      0.02500   
  69    35   1     0     4     4  68.7       0.668      0.02500   
  69    36   1     0     3     3  68.7       0.693      0.02500   
  69    37   1     0     3     3  68.7       0.718      0.02500   
  69    38   1     0     2     2  68.7       0.743      0.02500   
  69    39   1     0     9     9  68.8       0.768      0.02500   
  69    40   1     0     9     9  68.8       0.793      0.02500   
  69    41   1     0     5     5  68.8       0.818      0.02500   
  69    42   1     0    10    10  68.8       0.843      0.02500   
  69    43   1     0    10    10  68.9       0.868      0.02500   
  69    44   1     0    11    11  68.9       0.893      0.02500   
  69    45   1     0    10    10  68.9       0.912      0.01875   
  69    46   1     0    10    10  68.9       0.931      0.01875   
  69    47   1     0     9     9  68.9       0.949      0.01875   
  69    48   1     0     6     6  69.0       0.968      0.01875   
  69    49   1     0     7     7  69.0       0.987      0.01875   
  69    50   1     0     8     8  69.0       1.00       0.01312   
  70     1   1     0    10    10  69.0       0.00500    0.005000  
  70     2   1     0     7     7  69.0       0.0100     0.005000  
  70     3   1     0     7     7  69.0       0.0150     0.005000  
  70     4   1     0     4     4  69.0       0.0200     0.005000  
  70     5   1     0     2     2  69.0       0.0250     0.005000  
  70     6   1     0     7     7  69.0       0.0325     0.007500  
  70     7   1     0     2     2  69.0       0.0400     0.007500  
  70     8   1     0     4     4  69.0       0.0475     0.007500  
  70     9   1     0     3     3  69.1       0.0587     0.01125   
  70    10   1     0     9     9  69.1       0.0756     0.01688   
  70    11   1     0     6     6  69.1       0.0925     0.01688   
  70    12   1     0     6     6  69.1       0.109      0.01688   
  70    13   1     0     4     4  69.1       0.126      0.01688   
  70    14   1     0     3     3  69.1       0.143      0.01688   
  70    15   1     0     7     7  69.2       0.168      0.02500   
  70    16   1     0     5     5  69.2       0.193      0.02500   
  70    17   1     0     5     5  69.2       0.218      0.02500   
  70    18   1     0     3     3  69.2       0.243      0.02500   
  70    19   1     0     9     9  69.3       0.268      0.02500   
  70    20   1     0     5     5  69.3       0.293      0.02500   
  70    21   1     0     6     6  69.3       0.318      0.02500   
  70    22   1     0    10    10  69.3       0.343      0.02500   
  70    23   1     0    10    10  69.4       0.368      0.02500   
  70    24   1     0    10    10  69.4       0.393      0.02500   
  70    25   1     0    10    10  69.4       0.418      0.02500   
  70    26   1     0    10    10  69.4       0.443      0.02500   
  70    27   1     0     7     7  69.5       0.468      0.02500   
  70    28   1     0     5     5  69.5       0.493      0.02500   
  70    29   1     0     4     4  69.5       0.518      0.02500   
  70    30   1     0     5     5  69.5       0.543      0.02500   
  70    31   1     0     4     4  69.6       0.568      0.02500   
  70    32   1     0     4     4  69.6       0.593      0.02500   
  70    33   1     0     4     4  69.6       0.618      0.02500   
  70    34   1     0     4     4  69.6       0.643      0.02500   
  70    35   1     0     4     4  69.7       0.668      0.02500   
  70    36   1     0     3     3  69.7       0.693      0.02500   
  70    37   1     0     3     3  69.7       0.718      0.02500   
  70    38   1     0     2     2  69.7       0.743      0.02500   
  70    39   1     0     9     9  69.8       0.768      0.02500   
  70    40   1     0     9     9  69.8       0.793      0.02500   
  70    41   1     0     5     5  69.8       0.818      0.02500   
  70    42   1     0    10    10  69.8       0.843      0.02500   
  70    43   1     0    10    10  69.9       0.868      0.02500   
  70    44   1     0    11    11  69.9       0.893      0.02500   
  70    45   1     0    10    10  69.9       0.912      0.01875   
  70    46   1     0    10    10  69.9       0.931      0.01875   
  70    47   1     0     9     9  69.9       0.949      0.01875   
  70    48   1     0     6     6  70.0       0.968      0.01875   
  70    49   1     0     7     7  70.0       0.987      0.01875   
  70    50   1     0     8     8  70.0       1.00       0.01312   
  71     1   1     0    10    10  70.0       0.00500    0.005000  
  71     2   1     0     7     7  70.0       0.0100     0.005000  
  71     3   1     0     7     7  70.0       0.0150     0.005000  
  71     4   1     0     4     4  70.0       0.0200     0.005000  
  71     5   1     0     2     2  70.0       0.0250     0.005000  
  71     6   1     0     7     7  70.0       0.0325     0.007500  
  71     7   1     0     2     2  70.0       0.0400     0.007500  
  71     8   1     0     4     4  70.0       0.0475     0.007500  
  71     9   1     0     3     3  70.1       0.0587     0.01125   
  71    10   1     0     9     9  70.1       0.0756     0.01688   
  71    11   1     0     6     6  70.1       0.0925     0.01688   
  71    12   1     0     6     6  70.1       0.109      0.01688   
  71    13   1     0     4     4  70.1       0.126      0.01688   
  71    14   1     0     3     3  70.1       0.143      0.01688   
  71    15   1     0     7     7  70.2       0.168      0.02500   
  71    16   1     0     5     5  70.2       0.193      0.02500   
  71    17   1     0     5     5  70.2       0.218      0.02500   
  71    18   1     0     3     3  70.2       0.243      0.02500   
  71    19   1     0     9     9  70.3       0.268      0.02500   
  71    20   1     0     5     5  70.3       0.293      0.02500   
  71    21   1     0     6     6  70.3       0.318      0.02500   
  71    22   1     0    10    10  70.3       0.343      0.02500   
  71    23   1     0    10    10  70.4       0.368      0.02500   
  71    24   1     0    10    10  70.4       0.393      0.02500   
  71    25   1     0    10    10  70.4       0.418      0.02500   
  71    26   1     0    10    10  70.4       0.443      0.02500   
  71    27   1     0     7     7  70.5       0.468      0.02500   
  71    28   1     0     6     6  70.5       0.493      0.02500   
  71    29   1     0     4     4  70.5       0.518      0.02500   
  71    30   1     0     5     5  70.5       0.543      0.02500   
  71    31   1     0     4     4  70.6       0.568      0.02500   
  71    32   1     0     4     4  70.6       0.593      0.02500   
  71    33   1     0     4     4  70.6       0.618      0.02500   
  71    34   1     0     4     4  70.6       0.643      0.02500   
  71    35   1     0     4     4  70.7       0.668      0.02500   
  71    36   1     0     3     3  70.7       0.693      0.02500   
  71    37   1     0     3     3  70.7       0.718      0.02500   
  71    38   1     0     2     2  70.7       0.743      0.02500   
  71    39   1     0     9     9  70.8       0.768      0.02500   
  71    40   1     0     9     9  70.8       0.793      0.02500   
  71    41   1     0     5     5  70.8       0.818      0.02500   
  71    42   1     0    10    10  70.8       0.843      0.02500   
  71    43   1     0    10    10  70.9       0.868      0.02500   
  71    44   1     0    11    11  70.9       0.893      0.02500   
  71    45   1     0    10    10  70.9       0.912      0.01875   
  71    46   1     0    10    10  70.9       0.931      0.01875   
  71    47   1     0     9     9  70.9       0.949      0.01875   
  71    48   1     0     6     6  71.0       0.968      0.01875   
  71    49   1     0     7     7  71.0       0.987      0.01875   
  71    50   1     0     8     8  71.0       1.00       0.01312   
  72     1   1     0    10    10  71.0       0.00500    0.005000  
  72     2   1     0     7     7  71.0       0.0100     0.005000  
  72     3   1     0     7     7  71.0       0.0150     0.005000  
  72     4   1     0     4     4  71.0       0.0200     0.005000  
  72     5   1     0     2     2  71.0       0.0250     0.005000  
  72     6   1     0     7     7  71.0       0.0325     0.007500  
  72     7   1     0     2     2  71.0       0.0400     0.007500  
  72     8   1     0     4     4  71.0       0.0475     0.007500  
  72     9   1     0     3     3  71.1       0.0587     0.01125   
  72    10   1     0     9     9  71.1       0.0756     0.01688   
  72    11   1     0     6     6  71.1       0.0925     0.01688   
  72    12   1     0     6     6  71.1       0.109      0.01688   
  72    13   1     0     4     4  71.1       0.126      0.01688   
  72    14   1     0     3     3  71.1       0.143      0.01688   
  72    15   1     0     7     7  71.2       0.168      0.02500   
  72    16   1     0     5     5  71.2       0.193      0.02500   
  72    17   1     0     5     5  71.2       0.218      0.02500   
  72    18   1     0     3     3  71.2       0.243      0.02500   
  72    19   1     0     9     9  71.3       0.268      0.02500   
  72    20   1     0     5     5  71.3       0.293      0.02500   
  72    21   1     0     6     6  71.3       0.318      0.02500   
  72    22   1     0    10    10  71.3       0.343      0.02500   
  72    23   1     0    10    10  71.4       0.368      0.02500   
  72    24   1     0    10    10  71.4       0.393      0.02500   
  72    25   1     0    10    10  71.4       0.418      0.02500   
  72    26   1     0    10    10  71.4       0.443      0.02500   
  72    27   1     0     7     7  71.5       0.468      0.02500   
  72    28   1     0     6     6  71.5       0.493      0.02500   
  72    29   1     0     4     4  71.5       0.518      0.02500   
  72    30   1     0     5     5  71.5       0.543      0.02500   
  72    31   1     0     4     4  71.6       0.568      0.02500   
  72    32   1     0     4     4  71.6       0.593      0.02500   
  72    33   1     0     4     4  71.6       0.618      0.02500   
  72    34   1     0     4     4  71.6       0.643      0.02500   
  72    35   1     0     4     4  71.7       0.668      0.02500   
  72    36   1     0     3     3  71.7       0.693      0.02500   
  72    37   1     0     3     3  71.7       0.718      0.02500   
  72    38   1     0     2     2  71.7       0.743      0.02500   
  72    39   1     0     9     9  71.8       0.768      0.02500   
  72    40   1     0     9     9  71.8       0.793      0.02500   
  72    41   1     0     5     5  71.8       0.818      0.02500   
  72    42   1     0    10    10  71.8       0.843      0.02500   
  72    43   1     0    10    10  71.9       0.868      0.02500   
  72    44   1     0    11    11  71.9       0.893      0.02500   
  72    45   1     0    10    10  71.9       0.912      0.01875   
  72    46   1     0    10    10  71.9       0.931      0.01875   
  72    47   1     0     9     9  71.9       0.949      0.01875   
  72    48   1     0     6     6  72.0       0.968      0.01875   
  72    49   1     0     7     7  72.0       0.987      0.01875   
  72    50   1     0     8     8  72.0       1.00       0.01312   
  73     1   1     0    10    10  72.0       0.00500    0.005000  
  73     2   1     0     7     7  72.0       0.0100     0.005000  
  73     3   1     0     7     7  72.0       0.0150     0.005000  
  73     4   1     0     4     4  72.0       0.0200     0.005000  
  73     5   1     0     2     2  72.0       0.0250     0.005000  
  73     6   1     0     7     7  72.0       0.0325     0.007500  
  73     7   1     0     2     2  72.0       0.0400     0.007500  
  73     8   1     0     4     4  72.0       0.0475     0.007500  
  73     9   1     0     3     3  72.1       0.0587     0.01125   
  73    10   1     0     9     9  72.1       0.0756     0.01688   
  73    11   1     0     6     6  72.1       0.0925     0.01688   
  73    12   1     0     6     6  72.1       0.109      0.01688   
  73    13   1     0     4     4  72.1       0.126      0.01688   
  73    14   1     0     3     3  72.1       0.143      0.01688   
  73    15   1     0     7     7  72.2       0.168      0.02500   
  73    16   1     0     5     5  72.2       0.193      0.02500   
  73    17   1     0     5     5  72.2       0.218      0.02500   
  73    18   1     0     3     3  72.2       0.243      0.02500   
  73    19   1     0     9     9  72.3       0.268      0.02500   
  73    20   1     0     5     5  72.3       0.293      0.02500   
  73    21   1     0     6     6  72.3       0.318      0.02500   
  73    22   1     0    10    10  72.3       0.343      0.02500   
  73    23   1     0    10    10  72.4       0.368      0.02500   
  73    24   1     0    10    10  72.4       0.393      0.02500   
  73    25   1     0    10    10  72.4       0.418      0.02500   
  73    26   1     0    10    10  72.4       0.443      0.02500   
  73    27   1     0     7     7  72.5       0.468      0.02500   
  73    28   1     0     6     6  72.5       0.493      0.02500   
  73    29   1     0     5     5  72.5       0.518      0.02500   
  73    30   1     0     4     4  72.5       0.543      0.02500   
  73    31   1     0     4     4  72.6       0.568      0.02500   
  73    32   1     0     4     4  72.6       0.593      0.02500   
  73    33   1     0     4     4  72.6       0.618      0.02500   
  73    34   1     0     4     4  72.6       0.643      0.02500   
  73    35   1     0     4     4  72.7       0.668      0.02500   
  73    36   1     0     3     3  72.7       0.693      0.02500   
  73    37   1     0     3     3  72.7       0.718      0.02500   
  73    38   1     0     2     2  72.7       0.743      0.02500   
  73    39   1     0     9     9  72.8       0.768      0.02500   
  73    40   1     0     9     9  72.8       0.793      0.02500   
  73    41   1     0     5     5  72.8       0.818      0.02500   
  73    42   1     0    10    10  72.8       0.843      0.02500   
  73    43   1     0    10    10  72.9       0.868      0.02500   
  73    44   1     0    11    11  72.9       0.893      0.02500   
  73    45   1     0    10    10  72.9       0.912      0.01875   
  73    46   1     0    10    10  72.9       0.931      0.01875   
  73    47   1     0     9     9  72.9       0.949      0.01875   
  73    48   1     0     6     6  73.0       0.968      0.01875   
  73    49   1     0     7     7  73.0       0.987      0.01875   
  73    50   1     0     8     8  73.0       1.00       0.01312   
  74     1   1     0    10    10  73.0       0.00500    0.005000  
  74     2   1     0     7     7  73.0       0.0100     0.005000  
  74     3   1     0     7     7  73.0       0.0150     0.005000  
  74     4   1     0     4     4  73.0       0.0200     0.005000  
  74     5   1     0     2     2  73.0       0.0250     0.005000  
  74     6   1     0     7     7  73.0       0.0325     0.007500  
  74     7   1     0     2     2  73.0       0.0400     0.007500  
  74     8   1     0     4     4  73.0       0.0475     0.007500  
  74     9   1     0     3     3  73.1       0.0587     0.01125   
  74    10   1     0     9     9  73.1       0.0756     0.01688   
  74    11   1     0     6     6  73.1       0.0925     0.01688   
  74    12   1     0     6     6  73.1       0.109      0.01688   
  74    13   1     0     4     4  73.1       0.126      0.01688   
  74    14   1     0     3     3  73.1       0.143      0.01688   
  74    15   1     0     7     7  73.2       0.168      0.02500   
  74    16   1     0     5     5  73.2       0.193      0.02500   
  74    17   1     0     5     5  73.2       0.218      0.02500   
  74    18   1     0     3     3  73.2       0.243      0.02500   
  74    19   1     0     9     9  73.3       0.268      0.02500   
  74    20   1     0     5     5  73.3       0.293      0.02500   
  74    21   1     0     6     6  73.3       0.318      0.02500   
  74    22   1     0    10    10  73.3       0.343      0.02500   
  74    23   1     0    10    10  73.4       0.368      0.02500   
  74    24   1     0    10    10  73.4       0.393      0.02500   
  74    25   1     0    10    10  73.4       0.418      0.02500   
  74    26   1     0    10    10  73.4       0.443      0.02500   
  74    27   1     0     7     7  73.5       0.468      0.02500   
  74    28   1     0     6     6  73.5       0.493      0.02500   
  74    29   1     0     5     5  73.5       0.518      0.02500   
  74    30   1     0     4     4  73.5       0.543      0.02500   
  74    31   1     0     4     4  73.6       0.568      0.02500   
  74    32   1     0     4     4  73.6       0.593      0.02500   
  74    33   1     0     4     4  73.6       0.618      0.02500   
  74    34   1     0     4     4  73.6       0.643      0.02500   
  74    35   1     0     4     4  73.7       0.668      0.02500   
  74    36   1     0     3     3  73.7       0.693      0.02500   
  74    37   1     0     3     3  73.7       0.718      0.02500   
  74    38   1     0     2     2  73.7       0.743      0.02500   
  74    39   1     0     9     9  73.8       0.768      0.02500   
  74    40   1     0     9     9  73.8       0.793      0.02500   
  74    41   1     0     5     5  73.8       0.818      0.02500   
  74    42   1     0    10    10  73.8       0.843      0.02500   
  74    43   1     0    10    10  73.9       0.868      0.02500   
  74    44   1     0    11    11  73.9       0.893      0.02500   
  74    45   1     0    10    10  73.9       0.912      0.01875   
  74    46   1     0    10    10  73.9       0.931      0.01875   
  74    47   1     0     9     9  73.9       0.949      0.01875   
  74    48   1     0     6     6  74.0       0.968      0.01875   
  74    49   1     0     7     7  74.0       0.987      0.01875   
  74    50   1     0     8     8  74.0       1.00       0.01312   
  75     1   1     0    10    10  74.0       0.00500    0.005000  
  75     2   1     0     7     7  74.0       0.0100     0.005000  
  75     3   1     0     7     7  74.0       0.0150     0.005000  
  75     4   1     0     4     4  74.0       0.0200     0.005000  
  75     5   1     0     2     2  74.0       0.0250     0.005000  
  75     6   1     0     7     7  74.0       0.0325     0.007500  
  75     7   1     0     2     2  74.0       0.0400     0.007500  
  75     8   1     0     4     4  74.0       0.0475     0.007500  
  75     9   1     0     3     3  74.1       0.0587     0.01125   
  75    10   1     0     9     9  74.1       0.0756     0.01688   
  75    11   1     0     6     6  74.1       0.0925     0.01688   
  75    12   1     0     6     6  74.1       0.109      0.01688   
  75    13   1     0     4     4  74.1       0.126      0.01688   
  75    14   1     0     3     3  74.1       0.143      0.01688   
  75    15   1     0     7     7  74.2       0.168      0.02500   
  75    16   1     0     5     5  74.2       0.193      0.02500   
  75    17   1     0     5     5  74.2       0.218      0.02500   
  75    18   1     0     3     3  74.2       0.243      0.02500   
  75    19   1     0     9     9  74.3       0.268      0.02500   
  75    20   1     0     5     5  74.3       0.293      0.02500   
  75    21   1     0     6     6  74.3       0.318      0.02500   
  75    22   1     0    10    10  74.3       0.343      0.02500   
  75    23   1     0    10    10  74.4       0.368      0.02500   
  75    24   1     0    10    10  74.4       0.393      0.02500   
  75    25   1     0    10    10  74.4       0.418      0.02500   
  75    26   1     0    10    10  74.4       0.443      0.02500   
  75    27   1     0     7     7  74.5       0.468      0.02500   
  75    28   1     0     6     6  74.5       0.493      0.02500   
  75    29   1     0     5     5  74.5       0.518      0.02500   
  75    30   1     0     4     4  74.5       0.543      0.02500   
  75    31   1     0     4     4  74.6       0.568      0.02500   
  75    32   1     0     4     4  74.6       0.593      0.02500   
  75    33   1     0     4     4  74.6       0.618      0.02500   
  75    34   1     0     4     4  74.6       0.643      0.02500   
  75    35   1     0     4     4  74.7       0.668      0.02500   
  75    36   1     0     3     3  74.7       0.693      0.02500   
  75    37   1     0     3     3  74.7       0.718      0.02500   
  75    38   1     0     2     2  74.7       0.743      0.02500   
  75    39   1     0     9     9  74.8       0.768      0.02500   
  75    40   1     0     9     9  74.8       0.793      0.02500   
  75    41   1     0     5     5  74.8       0.818      0.02500   
  75    42   1     0    10    10  74.8       0.843      0.02500   
  75    43   1     0    10    10  74.9       0.868      0.02500   
  75    44   1     0    11    11  74.9       0.893      0.02500   
  75    45   1     0    10    10  74.9       0.912      0.01875   
  75    46   1     0    10    10  74.9       0.931      0.01875   
  75    47   1     0     9     9  74.9       0.949      0.01875   
  75    48   1     0     6     6  75.0       0.968      0.01875   
  75    49   1     0     7     7  75.0       0.987      0.01875   
  75    50   1     0     8     8  75.0       1.00       0.01312   
  76     1   1     0    10    10  75.0       0.00500    0.005000  
  76     2   1     0     7     7  75.0       0.0100     0.005000  
  76     3   1     0     7     7  75.0       0.0150     0.005000  
  76     4   1     0     4     4  75.0       0.0200     0.005000  
  76     5   1     0     2     2  75.0       0.0250     0.005000  
  76     6   1     0     7     7  75.0       0.0325     0.007500  
  76     7   1     0     2     2  75.0       0.0400     0.007500  
  76     8   1     0     4     4  75.0       0.0475     0.007500  
  76     9   1     0     3     3  75.1       0.0587     0.01125   
  76    10   1     0     9     9  75.1       0.0756     0.01688   
  76    11   1     0     6     6  75.1       0.0925     0.01688   
  76    12   1     0     6     6  75.1       0.109      0.01688   
  76    13   1     0     4     4  75.1       0.126      0.01688   
  76    14   1     0     3     3  75.1       0.143      0.01688   
  76    15   1     0     7     7  75.2       0.168      0.02500   
  76    16   1     0     5     5  75.2       0.193      0.02500   
  76    17   1     0     5     5  75.2       0.218      0.02500   
  76    18   1     0     3     3  75.2       0.243      0.02500   
  76    19   1     0     9     9  75.3       0.268      0.02500   
  76    20   1     0     5     5  75.3       0.293      0.02500   
  76    21   1     0     6     6  75.3       0.318      0.02500   
  76    22   1     0    10    10  75.3       0.343      0.02500   
  76    23   1     0    10    10  75.4       0.368      0.02500   
  76    24   1     0    10    10  75.4       0.393      0.02500   
  76    25   1     0    10    10  75.4       0.418      0.02500   
  76    26   1     0    10    10  75.4       0.443      0.02500   
  76    27   1     0     7     7  75.5       0.468      0.02500   
  76    28   1     0     6     6  75.5       0.493      0.02500   
  76    29   1     0     5     5  75.5       0.518      0.02500   
  76    30   1     0     4     4  75.5       0.543      0.02500   
  76    31   1     0     4     4  75.6       0.568      0.02500   
  76    32   1     0     4     4  75.6       0.593      0.02500   
  76    33   1     0     4     4  75.6       0.618      0.02500   
  76    34   1     0     4     4  75.6       0.643      0.02500   
  76    35   1     0     4     4  75.7       0.668      0.02500   
  76    36   1     0     3     3  75.7       0.693      0.02500   
  76    37   1     0     3     3  75.7       0.718      0.02500   
  76    38   1     0     2     2  75.7       0.743      0.02500   
  76    39   1     0     9     9  75.8       0.768      0.02500   
  76    40   1     0     9     9  75.8       0.793      0.02500   
  76    41   1     0     5     5  75.8       0.818      0.02500   
  76    42   1     0    10    10  75.8       0.843      0.02500   
  76    43   1     0    10    10  75.9       0.868      0.02500   
  76    44   1     0    11    11  75.9       0.893      0.02500   
  76    45   1     0    10    10  75.9       0.912      0.01875   
  76    46   1     0    10    10  75.9       0.931      0.01875   
  76    47   1     0     9     9  75.9       0.949      0.01875   
  76    48   1     0     6     6  76.0       0.968      0.01875   
  76    49   1     0     7     7  76.0       0.987      0.01875   
  76    50   1     0     8     8  76.0       1.00       0.01312   
  77     1   1     0    10    10  76.0       0.00500    0.005000  
  77     2   1     0     7     7  76.0       0.0100     0.005000  
  77     3   1     0     7     7  76.0       0.0150     0.005000  
  77     4   1     0     4     4  76.0       0.0200     0.005000  
  77     5   1     0     2     2  76.0       0.0250     0.005000  
  77     6   1     0     7     7  76.0       0.0325     0.007500  
  77     7   1     0     2     2  76.0       0.0400     0.007500  
  77     8   1     0     4     4  76.0       0.0475     0.007500  
  77     9   1     0     3     3  76.1       0.0587     0.01125   
  77    10   1     0     9     9  76.1       0.0756     0.01688   
  77    11   1     0     6     6  76.1       0.0925     0.01688   
  77    12   1     0     6     6  76.1       0.109      0.01688   
  77    13   1     0     4     4  76.1       0.126      0.01688   
  77    14   1     0     3     3  76.1       0.143      0.01688   
  77    15   1     0     7     7  76.2       0.168      0.02500   
  77    16   1     0     5     5  76.2       0.193      0.02500   
  77    17   1     0     5     5  76.2       0.218      0.02500   
  77    18   1     0     3     3  76.2       0.243      0.02500   
  77    19   1     0     9     9  76.3       0.268      0.02500   
  77    20   1     0     5     5  76.3       0.293      0.02500   
  77    21   1     0     6     6  76.3       0.318      0.02500   
  77    22   1     0    10    10  76.3       0.343      0.02500   
  77    23   1     0    10    10  76.4       0.368      0.02500   
  77    24   1     0    10    10  76.4       0.393      0.02500   
  77    25   1     0    10    10  76.4       0.418      0.02500   
  77    26   1     0    10    10  76.4       0.443      0.02500   
  77    27   1     0     7     7  76.5       0.468      0.02500   
  77    28   1     0     6     6  76.5       0.493      0.02500   
  77    29   1     0     5     5  76.5       0.518      0.02500   
  77    30   1     0     4     4  76.5       0.543      0.02500   
  77    31   1     0     4     4  76.6       0.568      0.02500   
  77    32   1     0     4     4  76.6       0.593      0.02500   
  77    33   1     0     4     4  76.6       0.618      0.02500   
  77    34   1     0     4     4  76.6       0.643      0.02500   
  77    35   1     0     4     4  76.7       0.668      0.02500   
  77    36   1     0     3     3  76.7       0.693      0.02500   
  77    37   1     0     3     3  76.7       0.718      0.02500   
  77    38   1     0     2     2  76.7       0.743      0.02500   
  77    39   1     0     9     9  76.8       0.768      0.02500   
  77    40   1     0     9     9  76.8       0.793      0.02500   
  77    41   1     0     5     5  76.8       0.818      0.02500   
  77    42   1     0    10    10  76.8       0.843      0.02500   
  77    43   1     0    10    10  76.9       0.868      0.02500   
  77    44   1     0    11    11  76.9       0.893      0.02500   
  77    45   1     0    10    10  76.9       0.912      0.01875   
  77    46   1     0    10    10  76.9       0.931      0.01875   
  77    47   1     0     9     9  76.9       0.949      0.01875   
  77    48   1     0     6     6  77.0       0.968      0.01875   
  77    49   1     0     7     7  77.0       0.987      0.01875   
  77    50   1     0     8     8  77.0       1.00       0.01312   
  78     1   1     0    10    10  77.0       0.00500    0.005000  
  78     2   1     0     7     7  77.0       0.0100     0.005000  
  78     3   1     0     7     7  77.0       0.0150     0.005000  
  78     4   1     0     4     4  77.0       0.0200     0.005000  
  78     5   1     0     2     2  77.0       0.0250     0.005000  
  78     6   1     0     7     7  77.0       0.0325     0.007500  
  78     7   1     0     2     2  77.0       0.0400     0.007500  
  78     8   1     0     4     4  77.0       0.0475     0.007500  
  78     9   1     0     3     3  77.1       0.0587     0.01125   
  78    10   1     0     9     9  77.1       0.0756     0.01688   
  78    11   1     0     6     6  77.1       0.0925     0.01688   
  78    12   1     0     6     6  77.1       0.109      0.01688   
  78    13   1     0     4     4  77.1       0.126      0.01688   
  78    14   1     0     3     3  77.1       0.143      0.01688   
  78    15   1     0     7     7  77.2       0.168      0.02500   
  78    16   1     0     5     5  77.2       0.193      0.02500   
  78    17   1     0     5     5  77.2       0.218      0.02500   
  78    18   1     0     3     3  77.2       0.243      0.02500   
  78    19   1     0     9     9  77.3       0.268      0.02500   
  78    20   1     0     5     5  77.3       0.293      0.02500   
  78    21   1     0     6     6  77.3       0.318      0.02500   
  78    22   1     0    10    10  77.3       0.343      0.02500   
  78    23   1     0    10    10  77.4       0.368      0.02500   
  78    24   1     0    10    10  77.4       0.393      0.02500   
  78    25   1     0    10    10  77.4       0.418      0.02500   
  78    26   1     0    10    10  77.4       0.443      0.02500   
  78    27   1     0     7     7  77.5       0.468      0.02500   
  78    28   1     0     6     6  77.5       0.493      0.02500   
  78    29   1     0     5     5  77.5       0.518      0.02500   
  78    30   1     0     4     4  77.5       0.543      0.02500   
  78    31   1     0     4     4  77.6       0.568      0.02500   
  78    32   1     0     4     4  77.6       0.593      0.02500   
  78    33   1     0     4     4  77.6       0.618      0.02500   
  78    34   1     0     4     4  77.6       0.643      0.02500   
  78    35   1     0     4     4  77.7       0.668      0.02500   
  78    36   1     0     3     3  77.7       0.693      0.02500   
  78    37   1     0     3     3  77.7       0.718      0.02500   
  78    38   1     0     2     2  77.7       0.743      0.02500   
  78    39   1     0     9     9  77.8       0.768      0.02500   
  78    40   1     0     9     9  77.8       0.793      0.02500   
  78    41   1     0     5     5  77.8       0.818      0.02500   
  78    42   1     0    10    10  77.8       0.843      0.02500   
  78    43   1     0    10    10  77.9       0.868      0.02500   
  78    44   1     0    11    11  77.9       0.893      0.02500   
  78    45   1     0    10    10  77.9       0.912      0.01875   
  78    46   1     0    10    10  77.9       0.931      0.01875   
  78    47   1     0     9     9  77.9       0.949      0.01875   
  78    48   1     0     6     6  78.0       0.968      0.01875   
  78    49   1     0     7     7  78.0       0.987      0.01875   
  78    50   1     0     8     8  78.0       1.00       0.01312   
  79     1   1     0    10    10  78.0       0.00500    0.005000  
  79     2   1     0     7     7  78.0       0.0100     0.005000  
  79     3   1     0     7     7  78.0       0.0150     0.005000  
  79     4   1     0     4     4  78.0       0.0200     0.005000  
  79     5   1     0     2     2  78.0       0.0250     0.005000  
  79     6   1     0     7     7  78.0       0.0325     0.007500  
  79     7   1     0     2     2  78.0       0.0400     0.007500  
  79     8   1     0     4     4  78.0       0.0475     0.007500  
  79     9   1     0     3     3  78.1       0.0587     0.01125   
  79    10   1     0     9     9  78.1       0.0756     0.01688   
  79    11   1     0     6     6  78.1       0.0925     0.01688   
  79    12   1     0     6     6  78.1       0.109      0.01688   
  79    13   1     0     4     4  78.1       0.126      0.01688   
  79    14   1     0     3     3  78.1       0.143      0.01688   
  79    15   1     0     7     7  78.2       0.168      0.02500   
  79    16   1     0     5     5  78.2       0.193      0.02500   
  79    17   1     0     5     5  78.2       0.218      0.02500   
  79    18   1     0     3     3  78.2       0.243      0.02500   
  79    19   1     0     9     9  78.3       0.268      0.02500   
  79    20   1     0     5     5  78.3       0.293      0.02500   
  79    21   1     0     6     6  78.3       0.318      0.02500   
  79    22   1     0    10    10  78.3       0.343      0.02500   
  79    23   1     0    10    10  78.4       0.368      0.02500   
  79    24   1     0    10    10  78.4       0.393      0.02500   
  79    25   1     0    10    10  78.4       0.418      0.02500   
  79    26   1     0    10    10  78.4       0.443      0.02500   
  79    27   1     0     7     7  78.5       0.468      0.02500   
  79    28   1     0     6     6  78.5       0.493      0.02500   
  79    29   1     0     5     5  78.5       0.518      0.02500   
  79    30   1     0     4     4  78.5       0.543      0.02500   
  79    31   1     0     4     4  78.6       0.568      0.02500   
  79    32   1     0     4     4  78.6       0.593      0.02500   
  79    33   1     0     4     4  78.6       0.618      0.02500   
  79    34   1     0     4     4  78.6       0.643      0.02500   
  79    35   1     0     4     4  78.7       0.668      0.02500   
  79    36   1     0     3     3  78.7       0.693      0.02500   
  79    37   1     0     3     3  78.7       0.718      0.02500   
  79    38   1     0     2     2  78.7       0.743      0.02500   
  79    39   1     0     9     9  78.8       0.768      0.02500   
  79    40   1     0     9     9  78.8       0.793      0.02500   
  79    41   1     0     5     5  78.8       0.818      0.02500   
  79    42   1     0    10    10  78.8       0.843      0.02500   
  79    43   1     0    10    10  78.9       0.868      0.02500   
  79    44   1     0    11    11  78.9       0.893      0.02500   
  79    45   1     0    10    10  78.9       0.912      0.01875   
  79    46   1     0    10    10  78.9       0.931      0.01875   
  79    47   1     0     9     9  78.9       0.949      0.01875   
  79    48   1     0     6     6  79.0       0.968      0.01875   
  79    49   1     0     7     7  79.0       0.987      0.01875   
  79    50   1     0     8     8  79.0       1.00       0.01312   
  80     1   1     0    10    10  79.0       0.00500    0.005000  
  80     2   1     0     7     7  79.0       0.0100     0.005000  
  80     3   1     0     7     7  79.0       0.0150     0.005000  
  80     4   1     0     4     4  79.0       0.0200     0.005000  
  80     5   1     0     2     2  79.0       0.0250     0.005000  
  80     6   1     0     7     7  79.0       0.0325     0.007500  
  80     7   1     0     2     2  79.0       0.0400     0.007500  
  80     8   1     0     4     4  79.0       0.0475     0.007500  
  80     9   1     0     3     3  79.1       0.0587     0.01125   
  80    10   1     0     9     9  79.1       0.0756     0.01688   
  80    11   1     0     6     6  79.1       0.0925     0.01688   
  80    12   1     0     6     6  79.1       0.109      0.01688   
  80    13   1     0     4     4  79.1       0.126      0.01688   
  80    14   1     0     3     3  79.1       0.143      0.01688   
  80    15   1     0     7     7  79.2       0.168      0.02500   
  80    16   1     0     5     5  79.2       0.193      0.02500   
  80    17   1     0     5     5  79.2       0.218      0.02500   
  80    18   1     0     3     3  79.2       0.243      0.02500   
  80    19   1     0     9     9  79.3       0.268      0.02500   
  80    20   1     0     5     5  79.3       0.293      0.02500   
  80    21   1     0     6     6  79.3       0.318      0.02500   
  80    22   1     0    10    10  79.3       0.343      0.02500   
  80    23   1     0    10    10  79.4       0.368      0.02500   
  80    24   1     0    10    10  79.4       0.393      0.02500   
  80    25   1     0    10    10  79.4       0.418      0.02500   
  80    26   1     0    10    10  79.4       0.443      0.02500   
  80    27   1     0     7     7  79.5       0.468      0.02500   
  80    28   1     0     6     6  79.5       0.493      0.02500   
  80    29   1     0     5     5  79.5       0.518      0.02500   
  80    30   1     0     4     4  79.5       0.543      0.02500   
  80    31   1     0     4     4  79.6       0.568      0.02500   
  80    32   1     0     4     4  79.6       0.593      0.02500   
  80    33   1     0     4     4  79.6       0.618      0.02500   
  80    34   1     0     4     4  79.6       0.643      0.02500   
  80    35   1     0     4     4  79.7       0.668      0.02500   
  80    36   1     0     3     3  79.7       0.693      0.02500   
  80    37   1     0     3     3  79.7       0.718      0.02500   
  80    38   1     0     2     2  79.7       0.743      0.02500   
  80    39   1     0     9     9  79.8       0.768      0.02500   
  80    40   1     0     9     9  79.8       0.793      0.02500   
  80    41   1     0     5     5  79.8       0.818      0.02500   
  80    42   1     0    10    10  79.8       0.843      0.02500   
  80    43   1     0    10    10  79.9       0.868      0.02500   
  80    44   1     0    11    11  79.9       0.893      0.02500   
  80    45   1     0    10    10  79.9       0.912      0.01875   
  80    46   1     0    10    10  79.9       0.931      0.01875   
  80    47   1     0     9     9  79.9       0.949      0.01875   
  80    48   1     0     6     6  80.0       0.968      0.01875   
  80    49   1     0     7     7  80.0       0.987      0.01875   
  80    50   1     0     8     8  80.0       1.00       0.01312   
  81     1   1     0    10    10  80.0       0.00500    0.005000  
  81     2   1     0     7     7  80.0       0.0100     0.005000  
  81     3   1     0     7     7  80.0       0.0150     0.005000  
  81     4   1     0     4     4  80.0       0.0200     0.005000  
  81     5   1     0     2     2  80.0       0.0250     0.005000  
  81     6   1     0     7     7  80.0       0.0325     0.007500  
  81     7   1     0     2     2  80.0       0.0400     0.007500  
  81     8   1     0     4     4  80.0       0.0475     0.007500  
  81     9   1     0     3     3  80.1       0.0587     0.01125   
  81    10   1     0     9     9  80.1       0.0756     0.01688   
  81    11   1     0     6     6  80.1       0.0925     0.01688   
  81    12   1     0     6     6  80.1       0.109      0.01688   
  81    13   1     0     4     4  80.1       0.126      0.01688   
  81    14   1     0     3     3  80.1       0.143      0.01688   
  81    15   1     0     7     7  80.2       0.168      0.02500   
  81    16   1     0     5     5  80.2       0.193      0.02500   
  81    17   1     0     5     5  80.2       0.218      0.02500   
  81    18   1     0     3     3  80.2       0.243      0.02500   
  81    19   1     0     9     9  80.3       0.268      0.02500   
  81    20   1     0     5     5  80.3       0.293      0.02500   
  81    21   1     0     6     6  80.3       0.318      0.02500   
  81    22   1     0    10    10  80.3       0.343      0.02500   
  81    23   1     0    10    10  80.4       0.368      0.02500   
  81    24   1     0    10    10  80.4       0.393      0.02500   
  81    25   1     0    10    10  80.4       0.418      0.02500   
  81    26   1     0    10    10  80.4       0.443      0.02500   
  81    27   1     0     7     7  80.5       0.468      0.02500   
  81    28   1     0     6     6  80.5       0.493      0.02500   
  81    29   1     0     5     5  80.5       0.518      0.02500   
  81    30   1     0     4     4  80.5       0.543      0.02500   
  81    31   1     0     4     4  80.6       0.568      0.02500   
  81    32   1     0     4     4  80.6       0.593      0.02500   
  81    33   1     0     4     4  80.6       0.618      0.02500   
  81    34   1     0     4     4  80.6       0.643      0.02500   
  81    35   1     0     4     4  80.7       0.668      0.02500   
  81    36   1     0     3     3  80.7       0.693      0.02500   
  81    37   1     0     3     3  80.7       0.718      0.02500   
  81    38   1     0     2     2  80.7       0.743      0.02500   
  81    39   1     0     9     9  80.8       0.768      0.02500   
  81    40   1     0     9     9  80.8       0.793      0.02500   
  81    41   1     0     5     5  80.8       0.818      0.02500   
  81    42   1     0    10    10  80.8       0.843      0.02500   
  81    43   1     0    10    10  80.9       0.868      0.02500   
  81    44   1     0    11    11  80.9       0.893      0.02500   
  81    45   1     0    10    10  80.9       0.912      0.01875   
  81    46   1     0    10    10  80.9       0.931      0.01875   
  81    47   1     0     9     9  80.9       0.949      0.01875   
  81    48   1     0     6     6  81.0       0.968      0.01875   
  81    49   1     0     7     7  81.0       0.987      0.01875   
  81    50   1     0     8     8  81.0       1.00       0.01312   
  82     1   1     0    10    10  81.0       0.00500    0.005000  
  82     2   1     0     7     7  81.0       0.0100     0.005000  
  82     3   1     0     7     7  81.0       0.0150     0.005000  
  82     4   1     0     4     4  81.0       0.0200     0.005000  
  82     5   1     0     2     2  81.0       0.0250     0.005000  
  82     6   1     0     7     7  81.0       0.0325     0.007500  
  82     7   1     0     2     2  81.0       0.0400     0.007500  
  82     8   1     0     4     4  81.0       0.0475     0.007500  
  82     9   1     0     3     3  81.1       0.0587     0.01125   
  82    10   1     0     9     9  81.1       0.0756     0.01688   
  82    11   1     0     6     6  81.1       0.0925     0.01688   
  82    12   1     0     6     6  81.1       0.109      0.01688   
  82    13   1     0     4     4  81.1       0.126      0.01688   
  82    14   1     0     3     3  81.1       0.143      0.01688   
  82    15   1     0     7     7  81.2       0.168      0.02500   
  82    16   1     0     5     5  81.2       0.193      0.02500   
  82    17   1     0     5     5  81.2       0.218      0.02500   
  82    18   1     0     3     3  81.2       0.243      0.02500   
  82    19   1     0     9     9  81.3       0.268      0.02500   
  82    20   1     0     5     5  81.3       0.293      0.02500   
  82    21   1     0     6     6  81.3       0.318      0.02500   
  82    22   1     0    10    10  81.3       0.343      0.02500   
  82    23   1     0    10    10  81.4       0.368      0.02500   
  82    24   1     0    10    10  81.4       0.393      0.02500   
  82    25   1     0    10    10  81.4       0.418      0.02500   
  82    26   1     0    10    10  81.4       0.443      0.02500   
  82    27   1     0     7     7  81.5       0.468      0.02500   
  82    28   1     0     6     6  81.5       0.493      0.02500   
  82    29   1     0     5     5  81.5       0.518      0.02500   
  82    30   1     0     4     4  81.5       0.543      0.02500   
  82    31   1     0     4     4  81.6       0.568      0.02500   
  82    32   1     0     4     4  81.6       0.593      0.02500   
  82    33   1     0     4     4  81.6       0.618      0.02500   
  82    34   1     0     4     4  81.6       0.643      0.02500   
  82    35   1     0     4     4  81.7       0.668      0.02500   
  82    36   1     0     3     3  81.7       0.693      0.02500   
  82    37   1     0     3     3  81.7       0.718      0.02500   
  82    38   1     0     2     2  81.7       0.743      0.02500   
  82    39   1     0     9     9  81.8       0.768      0.02500   
  82    40   1     0     9     9  81.8       0.793      0.02500   
  82    41   1     0     5     5  81.8       0.818      0.02500   
  82    42   1     0    10    10  81.8       0.843      0.02500   
  82    43   1     0    10    10  81.9       0.868      0.02500   
  82    44   1     0    11    11  81.9       0.893      0.02500   
  82    45   1     0    10    10  81.9       0.912      0.01875   
  82    46   1     0    10    10  81.9       0.931      0.01875   
  82    47   1     0     9     9  81.9       0.949      0.01875   
  82    48   1     0     6     6  82.0       0.968      0.01875   
  82    49   1     0     7     7  82.0       0.987      0.01875   
  82    50   1     0     8     8  82.0       1.00       0.01312   
  83     1   1     0    10    10  82.0       0.00500    0.005000  
  83     2   1     0     7     7  82.0       0.0100     0.005000  
  83     3   1     0     7     7  82.0       0.0150     0.005000  
  83     4   1     0     4     4  82.0       0.0200     0.005000  
  83     5   1     0     2     2  82.0       0.0250     0.005000  
  83     6   1     0     7     7  82.0       0.0325     0.007500  
  83     7   1     0     2     2  82.0       0.0400     0.007500  
  83     8   1     0     4     4  82.0       0.0475     0.007500  
  83     9   1     0     3     3  82.1       0.0587     0.01125   
  83    10   1     0     9     9  82.1       0.0756     0.01688   
  83    11   1     0     6     6  82.1       0.0925     0.01688   
  83    12   1     0     6     6  82.1       0.109      0.01688   
  83    13   1     0     4     4  82.1       0.126      0.01688   
  83    14   1     0     3     3  82.1       0.143      0.01688   
  83    15   1     0     7     7  82.2       0.168      0.02500   
  83    16   1     0     5     5  82.2       0.193      0.02500   
  83    17   1     0     5     5  82.2       0.218      0.02500   
  83    18   1     0     3     3  82.2       0.243      0.02500   
  83    19   1     0     9     9  82.3       0.268      0.02500   
  83    20   1     0     5     5  82.3       0.293      0.02500   
  83    21   1     0     6     6  82.3       0.318      0.02500   
  83    22   1     0    10    10  82.3       0.343      0.02500   
  83    23   1     0    10    10  82.4       0.368      0.02500   
  83    24   1     0    10    10  82.4       0.393      0.02500   
  83    25   1     0    10    10  82.4       0.418      0.02500   
  83    26   1     0    10    10  82.4       0.443      0.02500   
  83    27   1     0     7     7  82.5       0.468      0.02500   
  83    28   1     0     6     6  82.5       0.493      0.02500   
  83    29   1     0     5     5  82.5       0.518      0.02500   
  83    30   1     0     4     4  82.5       0.543      0.02500   
  83    31   1     0     4     4  82.6       0.568      0.02500   
  83    32   1     0     4     4  82.6       0.593      0.02500   
  83    33   1     0     4     4  82.6       0.618      0.02500   
  83    34   1     0     4     4  82.6       0.643      0.02500   
  83    35   1     0     4     4  82.7       0.668      0.02500   
  83    36   1     0     3     3  82.7       0.693      0.02500   
  83    37   1     0     3     3  82.7       0.718      0.02500   
  83    38   1     0     2     2  82.7       0.743      0.02500   
  83    39   1     0     9     9  82.8       0.768      0.02500   
  83    40   1     0     9     9  82.8       0.793      0.02500   
  83    41   1     0     5     5  82.8       0.818      0.02500   
  83    42   1     0    10    10  82.8       0.843      0.02500   
  83    43   1     0    10    10  82.9       0.868      0.02500   
  83    44   1     0    11    11  82.9       0.893      0.02500   
  83    45   1     0    10    10  82.9       0.912      0.01875   
  83    46   1     0    10    10  82.9       0.931      0.01875   
  83    47   1     0     9     9  82.9       0.949      0.01875   
  83    48   1     0     6     6  83.0       0.968      0.01875   
  83    49   1     0     7     7  83.0       0.987      0.01875   
  83    50   1     0     8     8  83.0       1.00       0.01312   
  84     1   1     0    10    10  83.0       0.00500    0.005000  
  84     2   1     0     7     7  83.0       0.0100     0.005000  
  84     3   1     0     7     7  83.0       0.0150     0.005000  
  84     4   1     0     4     4  83.0       0.0200     0.005000  
  84     5   1     0     2     2  83.0       0.0250     0.005000  
  84     6   1     0     7     7  83.0       0.0325     0.007500  
  84     7   1     0     2     2  83.0       0.0400     0.007500  
  84     8   1     0     4     4  83.0       0.0475     0.007500  
  84     9   1     0     3     3  83.1       0.0587     0.01125   
  84    10   1     0     9     9  83.1       0.0756     0.01688   
  84    11   1     0     6     6  83.1       0.0925     0.01688   
  84    12   1     0     6     6  83.1       0.109      0.01688   
  84    13   1     0     4     4  83.1       0.126      0.01688   
  84    14   1     0     3     3  83.1       0.143      0.01688   
  84    15   1     0     7     7  83.2       0.168      0.02500   
  84    16   1     0     5     5  83.2       0.193      0.02500   
  84    17   1     0     5     5  83.2       0.218      0.02500   
  84    18   1     0     3     3  83.2       0.243      0.02500   
  84    19   1     0     9     9  83.3       0.268      0.02500   
  84    20   1     0     5     5  83.3       0.293      0.02500   
  84    21   1     0     6     6  83.3       0.318      0.02500   
  84    22   1     0    10    10  83.3       0.343      0.02500   
  84    23   1     0    10    10  83.4       0.368      0.02500   
  84    24   1     0    10    10  83.4       0.393      0.02500   
  84    25   1     0    10    10  83.4       0.418      0.02500   
  84    26   1     0    10    10  83.4       0.443      0.02500   
  84    27   1     0     7     7  83.5       0.468      0.02500   
  84    28   1     0     6     6  83.5       0.493      0.02500   
  84    29   1     0     5     5  83.5       0.518      0.02500   
  84    30   1     0     4     4  83.5       0.543      0.02500   
  84    31   1     0     5     5  83.6       0.568      0.02500   
  84    32   1     0     4     4  83.6       0.593      0.02500   
  84    33   1     0     4     4  83.6       0.618      0.02500   
  84    34   1     0     4     4  83.6       0.643      0.02500   
  84    35   1     0     4     4  83.7       0.668      0.02500   
  84    36   1     0     3     3  83.7       0.693      0.02500   
  84    37   1     0     3     3  83.7       0.718      0.02500   
  84    38   1     0     2     2  83.7       0.743      0.02500   
  84    39   1     0     9     9  83.8       0.768      0.02500   
  84    40   1     0     9     9  83.8       0.793      0.02500   
  84    41   1     0     5     5  83.8       0.818      0.02500   
  84    42   1     0    10    10  83.8       0.843      0.02500   
  84    43   1     0    11    11  83.9       0.868      0.02500   
  84    44   1     0    10    10  83.9       0.887      0.01875   
  84    45   1     0    10    10  83.9       0.906      0.01875   
  84    46   1     0    10    10  83.9       0.924      0.01875   
  84    47   1     0     6     6  83.9       0.943      0.01875   
  84    48   1     0     5     5  84.0       0.962      0.01875   
  84    49   1     0     7     7  84.0       0.981      0.01875   
  84    50   1     0     7     7  84.0       0.999      0.01875   
  84    51   1     0    11    11  84.0       1.00       0.0006250 
  85     1   1     0    10    10  84.0       0.00500    0.005000  
  85     2   1     0     6     6  84.0       0.0100     0.005000  
  85     3   1     0     5     5  84.0       0.0150     0.005000  
  85     4   1     0     2     2  84.0       0.0200     0.005000  
  85     5   1     0     1     1  84.0       0.0250     0.005000  
  85     6   1     0     6     6  84.0       0.0325     0.007500  
  85     7   1     0     2     2  84.0       0.0400     0.007500  
  85     8   1     0     4     4  84.0       0.0475     0.007500  
  85     9   1     0     3     3  84.1       0.0587     0.01125   
  85    10   1     0     9     9  84.1       0.0756     0.01688   
  85    11   1     0     6     6  84.1       0.0925     0.01688   
  85    12   1     0     6     6  84.1       0.109      0.01688   
  85    13   1     0     4     4  84.1       0.126      0.01688   
  85    14   1     0     3     3  84.1       0.143      0.01688   
  85    15   1     0     7     7  84.2       0.168      0.02500   
  85    16   1     0     5     5  84.2       0.193      0.02500   
  85    17   1     0     5     5  84.2       0.218      0.02500   
  85    18   1     0     3     3  84.2       0.243      0.02500   
  85    19   1     0     9     9  84.3       0.268      0.02500   
  85    20   1     0     5     5  84.3       0.293      0.02500   
  85    21   1     0     6     6  84.3       0.318      0.02500   
  85    22   1     0    10    10  84.3       0.343      0.02500   
  85    23   1     0    10    10  84.4       0.368      0.02500   
  85    24   1     0    10    10  84.4       0.393      0.02500   
  85    25   1     0    10    10  84.4       0.418      0.02500   
  85    26   1     0    10    10  84.4       0.443      0.02500   
  85    27   1     0     7     7  84.5       0.468      0.02500   
  85    28   1     0     6     6  84.5       0.493      0.02500   
  85    29   1     0     5     5  84.5       0.518      0.02500   
  85    30   1     0     4     4  84.5       0.543      0.02500   
  85    31   1     0     5     5  84.6       0.568      0.02500   
  85    32   1     0     4     4  84.6       0.593      0.02500   
  85    33   1     0     4     4  84.6       0.618      0.02500   
  85    34   1     0     4     4  84.6       0.643      0.02500   
  85    35   1     0     4     4  84.7       0.668      0.02500   
  85    36   1     0     3     3  84.7       0.693      0.02500   
  85    37   1     0     3     3  84.7       0.718      0.02500   
  85    38   1     0     2     2  84.7       0.743      0.02500   
  85    39   1     0     9     9  84.8       0.768      0.02500   
  85    40   1     0     9     9  84.8       0.793      0.02500   
  85    41   1     0     5     5  84.8       0.818      0.02500   
  85    42   1     0    10    10  84.8       0.843      0.02500   
  85    43   1     0    11    11  84.9       0.868      0.02500   
  85    44   1     0    10    10  84.9       0.887      0.01875   
  85    45   1     0    10    10  84.9       0.906      0.01875   
  85    46   1     0    10    10  84.9       0.924      0.01875   
  85    47   1     0     6     6  84.9       0.943      0.01875   
  85    48   1     0     5     5  85.0       0.962      0.01875   
  85    49   1     0     7     7  85.0       0.981      0.01875   
  85    50   1     0     7     7  85.0       0.999      0.01875   
  85    51   1     0    11    11  85.0       1.00       0.0006250 
  86     1   1     0    10    10  85.0       0.00500    0.005000  
  86     2   1     0     6     6  85.0       0.0100     0.005000  
  86     3   1     0     5     5  85.0       0.0150     0.005000  
  86     4   1     0     2     2  85.0       0.0200     0.005000  
  86     5   1     0     1     1  85.0       0.0250     0.005000  
  86     6   1     0     6     6  85.0       0.0325     0.007500  
  86     7   1     0     2     2  85.0       0.0400     0.007500  
  86     8   1     0     4     4  85.0       0.0475     0.007500  
  86     9   1     0     3     3  85.1       0.0587     0.01125   
  86    10   1     0     9     9  85.1       0.0756     0.01688   
  86    11   1     0     6     6  85.1       0.0925     0.01688   
  86    12   1     0     6     6  85.1       0.109      0.01688   
  86    13   1     0     4     4  85.1       0.126      0.01688   
  86    14   1     0     3     3  85.1       0.143      0.01688   
  86    15   1     0     7     7  85.2       0.168      0.02500   
  86    16   1     0     5     5  85.2       0.193      0.02500   
  86    17   1     0     5     5  85.2       0.218      0.02500   
  86    18   1     0     3     3  85.2       0.243      0.02500   
  86    19   1     0     9     9  85.3       0.268      0.02500   
  86    20   1     0     5     5  85.3       0.293      0.02500   
  86    21   1     0     6     6  85.3       0.318      0.02500   
  86    22   1     0    10    10  85.3       0.343      0.02500   
  86    23   1     0    10    10  85.4       0.368      0.02500   
  86    24   1     0    10    10  85.4       0.393      0.02500   
  86    25   1     0    10    10  85.4       0.418      0.02500   
  86    26   1     0    10    10  85.4       0.443      0.02500   
  86    27   1     0     7     7  85.5       0.468      0.02500   
  86    28   1     0     6     6  85.5       0.493      0.02500   
  86    29   1     0     5     5  85.5       0.518      0.02500   
  86    30   1     0     4     4  85.5       0.543      0.02500   
  86    31   1     0     5     5  85.6       0.568      0.02500   
  86    32   1     0     4     4  85.6       0.593      0.02500   
  86    33   1     0     4     4  85.6       0.618      0.02500   
  86    34   1     0     4     4  85.6       0.643      0.02500   
  86    35   1     0     4     4  85.7       0.668      0.02500   
  86    36   1     0     3     3  85.7       0.693      0.02500   
  86    37   1     0     3     3  85.7       0.718      0.02500   
  86    38   1     0     2     2  85.7       0.743      0.02500   
  86    39   1     0     9     9  85.8       0.768      0.02500   
  86    40   1     0     9     9  85.8       0.793      0.02500   
  86    41   1     0     5     5  85.8       0.818      0.02500   
  86    42   1     0    10    10  85.8       0.843      0.02500   
  86    43   1     0    11    11  85.9       0.868      0.02500   
  86    44   1     0    10    10  85.9       0.887      0.01875   
  86    45   1     0    10    10  85.9       0.906      0.01875   
  86    46   1     0    10    10  85.9       0.924      0.01875   
  86    47   1     0     6     6  85.9       0.943      0.01875   
  86    48   1     0     5     5  86.0       0.962      0.01875   
  86    49   1     0     7     7  86.0       0.981      0.01875   
  86    50   1     0     7     7  86.0       0.999      0.01875   
  86    51   1     0    11    11  86.0       1.00       0.0006250 
  87     1   1     0    10    10  86.0       0.00500    0.005000  
  87     2   1     0     6     6  86.0       0.0100     0.005000  
  87     3   1     0     5     5  86.0       0.0150     0.005000  
  87     4   1     0     2     2  86.0       0.0200     0.005000  
  87     5   1     0     1     1  86.0       0.0250     0.005000  
  87     6   1     0     6     6  86.0       0.0325     0.007500  
  87     7   1     0     2     2  86.0       0.0400     0.007500  
  87     8   1     0     4     4  86.0       0.0475     0.007500  
  87     9   1     0     3     3  86.1       0.0587     0.01125   
  87    10   1     0     9     9  86.1       0.0756     0.01688   
  87    11   1     0     6     6  86.1       0.0925     0.01688   
  87    12   1     0     6     6  86.1       0.109      0.01688   
  87    13   1     0     4     4  86.1       0.126      0.01688   
  87    14   1     0     3     3  86.1       0.143      0.01688   
  87    15   1     0     7     7  86.2       0.168      0.02500   
  87    16   1     0     5     5  86.2       0.193      0.02500   
  87    17   1     0     5     5  86.2       0.218      0.02500   
  87    18   1     0     3     3  86.2       0.243      0.02500   
  87    19   1     0     9     9  86.3       0.268      0.02500   
  87    20   1     0     5     5  86.3       0.293      0.02500   
  87    21   1     0     6     6  86.3       0.318      0.02500   
  87    22   1     0    10    10  86.3       0.343      0.02500   
  87    23   1     0    10    10  86.4       0.368      0.02500   
  87    24   1     0    10    10  86.4       0.393      0.02500   
  87    25   1     0    10    10  86.4       0.418      0.02500   
  87    26   1     0    10    10  86.4       0.443      0.02500   
  87    27   1     0     7     7  86.5       0.468      0.02500   
  87    28   1     0     6     6  86.5       0.493      0.02500   
  87    29   1     0     5     5  86.5       0.518      0.02500   
  87    30   1     0     4     4  86.5       0.543      0.02500   
  87    31   1     0     5     5  86.6       0.568      0.02500   
  87    32   1     0     4     4  86.6       0.593      0.02500   
  87    33   1     0     4     4  86.6       0.618      0.02500   
  87    34   1     0     4     4  86.6       0.643      0.02500   
  87    35   1     0     4     4  86.7       0.668      0.02500   
  87    36   1     0     3     3  86.7       0.693      0.02500   
  87    37   1     0     3     3  86.7       0.718      0.02500   
  87    38   1     0     2     2  86.7       0.743      0.02500   
  87    39   1     0     9     9  86.8       0.768      0.02500   
  87    40   1     0     9     9  86.8       0.793      0.02500   
  87    41   1     0     5     5  86.8       0.818      0.02500   
  87    42   1     0    10    10  86.8       0.843      0.02500   
  87    43   1     0    11    11  86.9       0.868      0.02500   
  87    44   1     0    10    10  86.9       0.887      0.01875   
  87    45   1     0    10    10  86.9       0.906      0.01875   
  87    46   1     0    10    10  86.9       0.924      0.01875   
  87    47   1     0     6     6  86.9       0.943      0.01875   
  87    48   1     0     5     5  87.0       0.962      0.01875   
  87    49   1     0     7     7  87.0       0.981      0.01875   
  87    50   1     0     7     7  87.0       0.999      0.01875   
  87    51   1     0    11    11  87.0       1.00       0.0006250 
  88     1   1     0    10    10  87.0       0.00500    0.005000  
  88     2   1     0     6     6  87.0       0.0100     0.005000  
  88     3   1     0     5     5  87.0       0.0150     0.005000  
  88     4   1     0     2     2  87.0       0.0200     0.005000  
  88     5   1     0     1     1  87.0       0.0250     0.005000  
  88     6   1     0     6     6  87.0       0.0325     0.007500  
  88     7   1     0     2     2  87.0       0.0400     0.007500  
  88     8   1     0     4     4  87.0       0.0475     0.007500  
  88     9   1     0     3     3  87.1       0.0587     0.01125   
  88    10   1     0     9     9  87.1       0.0756     0.01688   
  88    11   1     0     6     6  87.1       0.0925     0.01688   
  88    12   1     0     6     6  87.1       0.109      0.01688   
  88    13   1     0     4     4  87.1       0.126      0.01688   
  88    14   1     0     3     3  87.1       0.143      0.01688   
  88    15   1     0     7     7  87.2       0.168      0.02500   
  88    16   1     0     5     5  87.2       0.193      0.02500   
  88    17   1     0     5     5  87.2       0.218      0.02500   
  88    18   1     0     3     3  87.2       0.243      0.02500   
  88    19   1     0     9     9  87.3       0.268      0.02500   
  88    20   1     0     5     5  87.3       0.293      0.02500   
  88    21   1     0     6     6  87.3       0.318      0.02500   
  88    22   1     0    10    10  87.3       0.343      0.02500   
  88    23   1     0    10    10  87.4       0.368      0.02500   
  88    24   1     0    10    10  87.4       0.393      0.02500   
  88    25   1     0    10    10  87.4       0.418      0.02500   
  88    26   1     0    10    10  87.4       0.443      0.02500   
  88    27   1     0     7     7  87.5       0.468      0.02500   
  88    28   1     0     6     6  87.5       0.493      0.02500   
  88    29   1     0     5     5  87.5       0.518      0.02500   
  88    30   1     0     4     4  87.5       0.543      0.02500   
  88    31   1     0     5     5  87.6       0.568      0.02500   
  88    32   1     0     4     4  87.6       0.593      0.02500   
  88    33   1     0     4     4  87.6       0.618      0.02500   
  88    34   1     0     4     4  87.6       0.643      0.02500   
  88    35   1     0     4     4  87.7       0.668      0.02500   
  88    36   1     0     3     3  87.7       0.693      0.02500   
  88    37   1     0     3     3  87.7       0.718      0.02500   
  88    38   1     0     2     2  87.7       0.743      0.02500   
  88    39   1     0     9     9  87.8       0.768      0.02500   
  88    40   1     0     9     9  87.8       0.793      0.02500   
  88    41   1     0     5     5  87.8       0.818      0.02500   
  88    42   1     0    10    10  87.8       0.843      0.02500   
  88    43   1     0    11    11  87.9       0.868      0.02500   
  88    44   1     0    10    10  87.9       0.887      0.01875   
  88    45   1     0    10    10  87.9       0.906      0.01875   
  88    46   1     0    10    10  87.9       0.924      0.01875   
  88    47   1     0     6     6  87.9       0.943      0.01875   
  88    48   1     0     5     5  88.0       0.962      0.01875   
  88    49   1     0     7     7  88.0       0.981      0.01875   
  88    50   1     0     7     7  88.0       0.999      0.01875   
  88    51   1     0    11    11  88.0       1.00       0.0006250 
  89     1   1     0    10    10  88.0       0.00500    0.005000  
  89     2   1     0     6     6  88.0       0.0100     0.005000  
  89     3   1     0     5     5  88.0       0.0150     0.005000  
  89     4   1     0     2     2  88.0       0.0200     0.005000  
  89     5   1     0     2     2  88.0       0.0250     0.005000  
  89     6   1     0     6     6  88.0       0.0325     0.007500  
  89     7   1     0     2     2  88.0       0.0400     0.007500  
  89     8   1     0     4     4  88.0       0.0475     0.007500  
  89     9   1     0     3     3  88.1       0.0587     0.01125   
  89    10   1     0     9     9  88.1       0.0756     0.01688   
  89    11   1     0     6     6  88.1       0.0925     0.01688   
  89    12   1     0     6     6  88.1       0.109      0.01688   
  89    13   1     0     4     4  88.1       0.126      0.01688   
  89    14   1     0     3     3  88.1       0.143      0.01688   
  89    15   1     0     7     7  88.2       0.168      0.02500   
  89    16   1     0     5     5  88.2       0.193      0.02500   
  89    17   1     0     5     5  88.2       0.218      0.02500   
  89    18   1     0     3     3  88.2       0.243      0.02500   
  89    19   1     0     9     9  88.3       0.268      0.02500   
  89    20   1     0     5     5  88.3       0.293      0.02500   
  89    21   1     0     6     6  88.3       0.318      0.02500   
  89    22   1     0    10    10  88.3       0.343      0.02500   
  89    23   1     0    10    10  88.4       0.368      0.02500   
  89    24   1     0    10    10  88.4       0.393      0.02500   
  89    25   1     0    10    10  88.4       0.418      0.02500   
  89    26   1     0    10    10  88.4       0.443      0.02500   
  89    27   1     0     7     7  88.5       0.468      0.02500   
  89    28   1     0     6     6  88.5       0.493      0.02500   
  89    29   1     0     5     5  88.5       0.518      0.02500   
  89    30   1     0     4     4  88.5       0.543      0.02500   
  89    31   1     0     5     5  88.6       0.568      0.02500   
  89    32   1     0     4     4  88.6       0.593      0.02500   
  89    33   1     0     4     4  88.6       0.618      0.02500   
  89    34   1     0     4     4  88.6       0.643      0.02500   
  89    35   1     0     4     4  88.7       0.668      0.02500   
  89    36   1     0     3     3  88.7       0.693      0.02500   
  89    37   1     0     3     3  88.7       0.718      0.02500   
  89    38   1     0     2     2  88.7       0.743      0.02500   
  89    39   1     0     9     9  88.8       0.768      0.02500   
  89    40   1     0     9     9  88.8       0.793      0.02500   
  89    41   1     0     5     5  88.8       0.818      0.02500   
  89    42   1     0    10    10  88.8       0.843      0.02500   
  89    43   1     0    11    11  88.9       0.868      0.02500   
  89    44   1     0    10    10  88.9       0.887      0.01875   
  89    45   1     0    10    10  88.9       0.906      0.01875   
  89    46   1     0    10    10  88.9       0.924      0.01875   
  89    47   1     0     6     6  88.9       0.943      0.01875   
  89    48   1     0     5     5  89.0       0.962      0.01875   
  89    49   1     0     7     7  89.0       0.981      0.01875   
  89    50   1     0     7     7  89.0       0.999      0.01875   
  89    51   1     0    11    11  89.0       1.00       0.0006250 
  90     1   1     0    10    10  89.0       0.00500    0.005000  
  90     2   1     0     6     6  89.0       0.0100     0.005000  
  90     3   1     0     5     5  89.0       0.0150     0.005000  
  90     4   1     0     2     2  89.0       0.0200     0.005000  
  90     5   1     0     2     2  89.0       0.0250     0.005000  
  90     6   1     0     6     6  89.0       0.0325     0.007500  
  90     7   1     0     2     2  89.0       0.0400     0.007500  
  90     8   1     0     4     4  89.0       0.0475     0.007500  
  90     9   1     0     3     3  89.1       0.0587     0.01125   
  90    10   1     0     9     9  89.1       0.0756     0.01688   
  90    11   1     0     6     6  89.1       0.0925     0.01688   
  90    12   1     0     6     6  89.1       0.109      0.01688   
  90    13   1     0     4     4  89.1       0.126      0.01688   
  90    14   1     0     3     3  89.1       0.143      0.01688   
  90    15   1     0     7     7  89.2       0.168      0.02500   
  90    16   1     0     5     5  89.2       0.193      0.02500   
  90    17   1     0     5     5  89.2       0.218      0.02500   
  90    18   1     0     3     3  89.2       0.243      0.02500   
  90    19   1     0     9     9  89.3       0.268      0.02500   
  90    20   1     0     5     5  89.3       0.293      0.02500   
  90    21   1     0     6     6  89.3       0.318      0.02500   
  90    22   1     0    10    10  89.3       0.343      0.02500   
  90    23   1     0    10    10  89.4       0.368      0.02500   
  90    24   1     0    10    10  89.4       0.393      0.02500   
  90    25   1     0    10    10  89.4       0.418      0.02500   
  90    26   1     0    10    10  89.4       0.443      0.02500   
  90    27   1     0     7     7  89.5       0.468      0.02500   
  90    28   1     0     6     6  89.5       0.493      0.02500   
  90    29   1     0     5     5  89.5       0.518      0.02500   
  90    30   1     0     4     4  89.5       0.543      0.02500   
  90    31   1     0     5     5  89.6       0.568      0.02500   
  90    32   1     0     4     4  89.6       0.593      0.02500   
  90    33   1     0     4     4  89.6       0.618      0.02500   
  90    34   1     0     4     4  89.6       0.643      0.02500   
  90    35   1     0     4     4  89.7       0.668      0.02500   
  90    36   1     0     3     3  89.7       0.693      0.02500   
  90    37   1     0     3     3  89.7       0.718      0.02500   
  90    38   1     0     2     2  89.7       0.743      0.02500   
  90    39   1     0     9     9  89.8       0.768      0.02500   
  90    40   1     0     9     9  89.8       0.793      0.02500   
  90    41   1     0     5     5  89.8       0.818      0.02500   
  90    42   1     0    10    10  89.8       0.843      0.02500   
  90    43   1     0    11    11  89.9       0.868      0.02500   
  90    44   1     0    10    10  89.9       0.887      0.01875   
  90    45   1     0    10    10  89.9       0.906      0.01875   
  90    46   1     0    10    10  89.9       0.924      0.01875   
  90    47   1     0     6     6  89.9       0.943      0.01875   
  90    48   1     0     5     5  90.0       0.962      0.01875   
  90    49   1     0     7     7  90.0       0.981      0.01875   
  90    50   1     0     7     7  90.0       0.999      0.01875   
  90    51   1     0    11    11  90.0       1.00       0.0006250 
  91     1   1     0    10    10  90.0       0.00500    0.005000  
  91     2   1     0     6     6  90.0       0.0100     0.005000  
  91     3   1     0     5     5  90.0       0.0150     0.005000  
  91     4   1     0     2     2  90.0       0.0200     0.005000  
  91     5   1     0     2     2  90.0       0.0250     0.005000  
  91     6   1     0     6     6  90.0       0.0325     0.007500  
  91     7   1     0     2     2  90.0       0.0400     0.007500  
  91     8   1     0     4     4  90.0       0.0475     0.007500  
  91     9   1     0     3     3  90.1       0.0587     0.01125   
  91    10   1     0     9     9  90.1       0.0756     0.01688   
  91    11   1     0     6     6  90.1       0.0925     0.01688   
  91    12   1     0     6     6  90.1       0.109      0.01688   
  91    13   1     0     4     4  90.1       0.126      0.01688   
  91    14   1     0     3     3  90.1       0.143      0.01688   
  91    15   1     0     7     7  90.2       0.168      0.02500   
  91    16   1     0     5     5  90.2       0.193      0.02500   
  91    17   1     0     5     5  90.2       0.218      0.02500   
  91    18   1     0     3     3  90.2       0.243      0.02500   
  91    19   1     0     9     9  90.3       0.268      0.02500   
  91    20   1     0     5     5  90.3       0.293      0.02500   
  91    21   1     0     6     6  90.3       0.318      0.02500   
  91    22   1     0    10    10  90.3       0.343      0.02500   
  91    23   1     0    10    10  90.4       0.368      0.02500   
  91    24   1     0    10    10  90.4       0.393      0.02500   
  91    25   1     0    10    10  90.4       0.418      0.02500   
  91    26   1     0    10    10  90.4       0.443      0.02500   
  91    27   1     0     7     7  90.5       0.468      0.02500   
  91    28   1     0     6     6  90.5       0.493      0.02500   
  91    29   1     0     5     5  90.5       0.518      0.02500   
  91    30   1     0     4     4  90.5       0.543      0.02500   
  91    31   1     0     5     5  90.6       0.568      0.02500   
  91    32   1     0     4     4  90.6       0.593      0.02500   
  91    33   1     0     4     4  90.6       0.618      0.02500   
  91    34   1     0     4     4  90.6       0.643      0.02500   
  91    35   1     0     4     4  90.7       0.668      0.02500   
  91    36   1     0     3     3  90.7       0.693      0.02500   
  91    37   1     0     3     3  90.7       0.718      0.02500   
  91    38   1     0     2     2  90.7       0.743      0.02500   
  91    39   1     0     9     9  90.8       0.768      0.02500   
  91    40   1     0     9     9  90.8       0.793      0.02500   
  91    41   1     0     5     5  90.8       0.818      0.02500   
  91    42   1     0    10    10  90.8       0.843      0.02500   
  91    43   1     0    11    11  90.9       0.868      0.02500   
  91    44   1     0    10    10  90.9       0.887      0.01875   
  91    45   1     0    10    10  90.9       0.906      0.01875   
  91    46   1     0    10    10  90.9       0.924      0.01875   
  91    47   1     0     6     6  90.9       0.943      0.01875   
  91    48   1     0     5     5  91.0       0.962      0.01875   
  91    49   1     0     7     7  91.0       0.981      0.01875   
  91    50   1     0     7     7  91.0       0.999      0.01875   
  91    51   1     0    11    11  91.0       1.00       0.0006250 
  92     1   1     0    10    10  91.0       0.00500    0.005000  
  92     2   1     0     6     6  91.0       0.0100     0.005000  
  92     3   1     0     5     5  91.0       0.0150     0.005000  
  92     4   1     0     2     2  91.0       0.0200     0.005000  
  92     5   1     0     1     1  91.0       0.0250     0.005000  
  92     6   1     0     6     6  91.0       0.0325     0.007500  
  92     7   1     0     2     2  91.0       0.0400     0.007500  
  92     8   1     0     4     4  91.0       0.0475     0.007500  
  92     9   1     0     3     3  91.1       0.0587     0.01125   
  92    10   1     0     9     9  91.1       0.0756     0.01688   
  92    11   1     0     6     6  91.1       0.0925     0.01688   
  92    12   1     0     6     6  91.1       0.109      0.01688   
  92    13   1     0     4     4  91.1       0.126      0.01688   
  92    14   1     0     3     3  91.1       0.143      0.01688   
  92    15   1     0     7     7  91.2       0.168      0.02500   
  92    16   1     0     5     5  91.2       0.193      0.02500   
  92    17   1     0     5     5  91.2       0.218      0.02500   
  92    18   1     0     3     3  91.2       0.243      0.02500   
  92    19   1     0     9     9  91.3       0.268      0.02500   
  92    20   1     0     5     5  91.3       0.293      0.02500   
  92    21   1     0     6     6  91.3       0.318      0.02500   
  92    22   1     0    10    10  91.3       0.343      0.02500   
  92    23   1     0    10    10  91.4       0.368      0.02500   
  92    24   1     0    10    10  91.4       0.393      0.02500   
  92    25   1     0    10    10  91.4       0.418      0.02500   
  92    26   1     0    10    10  91.4       0.443      0.02500   
  92    27   1     0     7     7  91.5       0.468      0.02500   
  92    28   1     0     6     6  91.5       0.493      0.02500   
  92    29   1     0     5     5  91.5       0.518      0.02500   
  92    30   1     0     4     4  91.5       0.543      0.02500   
  92    31   1     0     5     5  91.6       0.568      0.02500   
  92    32   1     0     4     4  91.6       0.593      0.02500   
  92    33   1     0     4     4  91.6       0.618      0.02500   
  92    34   1     0     4     4  91.6       0.643      0.02500   
  92    35   1     0     4     4  91.7       0.668      0.02500   
  92    36   1     0     3     3  91.7       0.693      0.02500   
  92    37   1     0     3     3  91.7       0.718      0.02500   
  92    38   1     0     2     2  91.7       0.743      0.02500   
  92    39   1     0     9     9  91.8       0.768      0.02500   
  92    40   1     0     9     9  91.8       0.793      0.02500   
  92    41   1     0     5     5  91.8       0.818      0.02500   
  92    42   1     0    10    10  91.8       0.843      0.02500   
  92    43   1     0    11    11  91.9       0.868      0.02500   
  92    44   1     0    10    10  91.9       0.887      0.01875   
  92    45   1     0    10    10  91.9       0.906      0.01875   
  92    46   1     0    10    10  91.9       0.924      0.01875   
  92    47   1     0     6     6  91.9       0.943      0.01875   
  92    48   1     0     5     5  92.0       0.962      0.01875   
  92    49   1     0     7     7  92.0       0.981      0.01875   
  92    50   1     0     7     7  92.0       0.999      0.01875   
  92    51   1     0    11    11  92.0       1.00       0.0006250 
  93     1   1     0    10    10  92.0       0.00500    0.005000  
  93     2   1     0     6     6  92.0       0.0100     0.005000  
  93     3   1     0     5     5  92.0       0.0150     0.005000  
  93     4   1     0     2     2  92.0       0.0200     0.005000  
  93     5   1     0     1     1  92.0       0.0250     0.005000  
  93     6   1     0     6     6  92.0       0.0325     0.007500  
  93     7   1     0     2     2  92.0       0.0400     0.007500  
  93     8   1     0     4     4  92.0       0.0475     0.007500  
  93     9   1     0     3     3  92.1       0.0587     0.01125   
  93    10   1     0     9     9  92.1       0.0756     0.01688   
  93    11   1     0     6     6  92.1       0.0925     0.01688   
  93    12   1     0     6     6  92.1       0.109      0.01688   
  93    13   1     0     4     4  92.1       0.126      0.01688   
  93    14   1     0     3     3  92.1       0.143      0.01688   
  93    15   1     0     7     7  92.2       0.168      0.02500   
  93    16   1     0     5     5  92.2       0.193      0.02500   
  93    17   1     0     5     5  92.2       0.218      0.02500   
  93    18   1     0     3     3  92.2       0.243      0.02500   
  93    19   1     0     9     9  92.3       0.268      0.02500   
  93    20   1     0     5     5  92.3       0.293      0.02500   
  93    21   1     0     6     6  92.3       0.318      0.02500   
  93    22   1     0    10    10  92.3       0.343      0.02500   
  93    23   1     0    10    10  92.4       0.368      0.02500   
  93    24   1     0    10    10  92.4       0.393      0.02500   
  93    25   1     0    10    10  92.4       0.418      0.02500   
  93    26   1     0    10    10  92.4       0.443      0.02500   
  93    27   1     0     7     7  92.5       0.468      0.02500   
  93    28   1     0     6     6  92.5       0.493      0.02500   
  93    29   1     0     5     5  92.5       0.518      0.02500   
  93    30   1     0     4     4  92.5       0.543      0.02500   
  93    31   1     0     5     5  92.6       0.568      0.02500   
  93    32   1     0     4     4  92.6       0.593      0.02500   
  93    33   1     0     4     4  92.6       0.618      0.02500   
  93    34   1     0     4     4  92.6       0.643      0.02500   
  93    35   1     0     4     4  92.7       0.668      0.02500   
  93    36   1     0     3     3  92.7       0.693      0.02500   
  93    37   1     0     3     3  92.7       0.718      0.02500   
  93    38   1     0     2     2  92.7       0.743      0.02500   
  93    39   1     0     9     9  92.8       0.768      0.02500   
  93    40   1     0     9     9  92.8       0.793      0.02500   
  93    41   1     0     5     5  92.8       0.818      0.02500   
  93    42   1     0    10    10  92.8       0.843      0.02500   
  93    43   1     0    11    11  92.9       0.868      0.02500   
  93    44   1     0    10    10  92.9       0.887      0.01875   
  93    45   1     0    10    10  92.9       0.906      0.01875   
  93    46   1     0    10    10  92.9       0.924      0.01875   
  93    47   1     0     6     6  92.9       0.943      0.01875   
  93    48   1     0     5     5  93.0       0.962      0.01875   
  93    49   1     0     7     7  93.0       0.981      0.01875   
  93    50   1     0     7     7  93.0       0.999      0.01875   
  93    51   1     0    11    11  93.0       1.00       0.0006250 
  94     1   1     0    10    10  93.0       0.00500    0.005000  
  94     2   1     0     6     6  93.0       0.0100     0.005000  
  94     3   1     0     5     5  93.0       0.0150     0.005000  
  94     4   1     0     2     2  93.0       0.0200     0.005000  
  94     5   1     0     1     1  93.0       0.0250     0.005000  
  94     6   1     0     6     6  93.0       0.0325     0.007500  
  94     7   1     0     2     2  93.0       0.0400     0.007500  
  94     8   1     0     4     4  93.0       0.0475     0.007500  
  94     9   1     0     3     3  93.1       0.0587     0.01125   
  94    10   1     0     9     9  93.1       0.0756     0.01688   
  94    11   1     0     6     6  93.1       0.0925     0.01688   
  94    12   1     0     6     6  93.1       0.109      0.01688   
  94    13   1     0     4     4  93.1       0.126      0.01688   
  94    14   1     0     3     3  93.1       0.143      0.01688   
  94    15   1     0     7     7  93.2       0.168      0.02500   
  94    16   1     0     5     5  93.2       0.193      0.02500   
  94    17   1     0     5     5  93.2       0.218      0.02500   
  94    18   1     0     3     3  93.2       0.243      0.02500   
  94    19   1     0     9     9  93.3       0.268      0.02500   
  94    20   1     0     5     5  93.3       0.293      0.02500   
  94    21   1     0     6     6  93.3       0.318      0.02500   
  94    22   1     0    10    10  93.3       0.343      0.02500   
  94    23   1     0    10    10  93.4       0.368      0.02500   
  94    24   1     0    10    10  93.4       0.393      0.02500   
  94    25   1     0    10    10  93.4       0.418      0.02500   
  94    26   1     0    10    10  93.4       0.443      0.02500   
  94    27   1     0     7     7  93.5       0.468      0.02500   
  94    28   1     0     6     6  93.5       0.493      0.02500   
  94    29   1     0     5     5  93.5       0.518      0.02500   
  94    30   1     0     3     3  93.5       0.543      0.02500   
  94    31   1     0     5     5  93.6       0.568      0.02500   
  94    32   1     0     4     4  93.6       0.593      0.02500   
  94    33   1     0     4     4  93.6       0.618      0.02500   
  94    34   1     0     4     4  93.6       0.643      0.02500   
  94    35   1     0     4     4  93.7       0.668      0.02500   
  94    36   1     0     3     3  93.7       0.693      0.02500   
  94    37   1     0     3     3  93.7       0.718      0.02500   
  94    38   1     0     2     2  93.7       0.743      0.02500   
  94    39   1     0     9     9  93.8       0.768      0.02500   
  94    40   1     0     9     9  93.8       0.793      0.02500   
  94    41   1     0     5     5  93.8       0.818      0.02500   
  94    42   1     0    10    10  93.8       0.843      0.02500   
  94    43   1     0    11    11  93.9       0.868      0.02500   
  94    44   1     0    10    10  93.9       0.887      0.01875   
  94    45   1     0    10    10  93.9       0.906      0.01875   
  94    46   1     0    10    10  93.9       0.924      0.01875   
  94    47   1     0     6     6  93.9       0.943      0.01875   
  94    48   1     0     5     5  94.0       0.962      0.01875   
  94    49   1     0     7     7  94.0       0.981      0.01875   
  94    50   1     0     7     7  94.0       0.999      0.01875   
  94    51   1     0    11    11  94.0       1.00       0.0006250 
  95     1   1     0    10    10  94.0       0.00500    0.005000  
  95     2   1     0     6     6  94.0       0.0100     0.005000  
  95     3   1     0     5     5  94.0       0.0150     0.005000  
  95     4   1     0     2     2  94.0       0.0200     0.005000  
  95     5   1     0     1     1  94.0       0.0250     0.005000  
  95     6   1     0     6     6  94.0       0.0325     0.007500  
  95     7   1     0     2     2  94.0       0.0400     0.007500  
  95     8   1     0     4     4  94.0       0.0475     0.007500  
  95     9   1     0     3     3  94.1       0.0587     0.01125   
  95    10   1     0     9     9  94.1       0.0756     0.01688   
  95    11   1     0     6     6  94.1       0.0925     0.01688   
  95    12   1     0     6     6  94.1       0.109      0.01688   
  95    13   1     0     4     4  94.1       0.126      0.01688   
  95    14   1     0     3     3  94.1       0.143      0.01688   
  95    15   1     0     7     7  94.2       0.168      0.02500   
  95    16   1     0     5     5  94.2       0.193      0.02500   
  95    17   1     0     5     5  94.2       0.218      0.02500   
  95    18   1     0     3     3  94.2       0.243      0.02500   
  95    19   1     0     9     9  94.3       0.268      0.02500   
  95    20   1     0     5     5  94.3       0.293      0.02500   
  95    21   1     0     6     6  94.3       0.318      0.02500   
  95    22   1     0    10    10  94.3       0.343      0.02500   
  95    23   1     0    10    10  94.4       0.368      0.02500   
  95    24   1     0    10    10  94.4       0.393      0.02500   
  95    25   1     0    10    10  94.4       0.418      0.02500   
  95    26   1     0    10    10  94.4       0.443      0.02500   
  95    27   1     0     7     7  94.5       0.468      0.02500   
  95    28   1     0     6     6  94.5       0.493      0.02500   
  95    29   1     0     5     5  94.5       0.518      0.02500   
  95    30   1     0     3     3  94.5       0.543      0.02500   
  95    31   1     0     5     5  94.6       0.568      0.02500   
  95    32   1     0     4     4  94.6       0.593      0.02500   
  95    33   1     0     4     4  94.6       0.618      0.02500   
  95    34   1     0     4     4  94.6       0.643      0.02500   
  95    35   1     0     4     4  94.7       0.668      0.02500   
  95    36   1     0     3     3  94.7       0.693      0.02500   
  95    37   1     0     3     3  94.7       0.718      0.02500   
  95    38   1     0     2     2  94.7       0.743      0.02500   
  95    39   1     0     9     9  94.8       0.768      0.02500   
  95    40   1     0     9     9  94.8       0.793      0.02500   
  95    41   1     0     5     5  94.8       0.818      0.02500   
  95    42   1     0    10    10  94.8       0.843      0.02500   
  95    43   1     0    11    11  94.9       0.868      0.02500   
  95    44   1     0    10    10  94.9       0.887      0.01875   
  95    45   1     0    10    10  94.9       0.906      0.01875   
  95    46   1     0    10    10  94.9       0.924      0.01875   
  95    47   1     0     6     6  94.9       0.943      0.01875   
  95    48   1     0     5     5  95.0       0.962      0.01875   
  95    49   1     0     7     7  95.0       0.981      0.01875   
  95    50   1     0     7     7  95.0       0.999      0.01875   
  95    51   1     0    11    11  95.0       1.00       0.0006250 
  96     1   1     0    10    10  95.0       0.00500    0.005000  
  96     2   1     0     6     6  95.0       0.0100     0.005000  
  96     3   1     0     5     5  95.0       0.0150     0.005000  
  96     4   1     0     2     2  95.0       0.0200     0.005000  
  96     5   1     0     1     1  95.0       0.0250     0.005000  
  96     6   1     0     6     6  95.0       0.0325     0.007500  
  96     7   1     0     2     2  95.0       0.0400     0.007500  
  96     8   1     0     4     4  95.0       0.0475     0.007500  
  96     9   1     0     3     3  95.1       0.0587     0.01125   
  96    10   1     0     9     9  95.1       0.0756     0.01688   
  96    11   1     0     6     6  95.1       0.0925     0.01688   
  96    12   1     0     6     6  95.1       0.109      0.01688   
  96    13   1     0     4     4  95.1       0.126      0.01688   
  96    14   1     0     3     3  95.1       0.143      0.01688   
  96    15   1     0     7     7  95.2       0.168      0.02500   
  96    16   1     0     5     5  95.2       0.193      0.02500   
  96    17   1     0     5     5  95.2       0.218      0.02500   
  96    18   1     0     3     3  95.2       0.243      0.02500   
  96    19   1     0     9     9  95.3       0.268      0.02500   
  96    20   1     0     5     5  95.3       0.293      0.02500   
  96    21   1     0     6     6  95.3       0.318      0.02500   
  96    22   1     0    10    10  95.3       0.343      0.02500   
  96    23   1     0    10    10  95.4       0.368      0.02500   
  96    24   1     0    10    10  95.4       0.393      0.02500   
  96    25   1     0    10    10  95.4       0.418      0.02500   
  96    26   1     0    10    10  95.4       0.443      0.02500   
  96    27   1     0     7     7  95.5       0.468      0.02500   
  96    28   1     0     6     6  95.5       0.493      0.02500   
  96    29   1     0     5     5  95.5       0.518      0.02500   
  96    30   1     0     3     3  95.5       0.543      0.02500   
  96    31   1     0     5     5  95.6       0.568      0.02500   
  96    32   1     0     4     4  95.6       0.593      0.02500   
  96    33   1     0     4     4  95.6       0.618      0.02500   
  96    34   1     0     4     4  95.6       0.643      0.02500   
  96    35   1     0     4     4  95.7       0.668      0.02500   
  96    36   1     0     3     3  95.7       0.693      0.02500   
  96    37   1     0     3     3  95.7       0.718      0.02500   
  96    38   1     0     2     2  95.7       0.743      0.02500   
  96    39   1     0     9     9  95.8       0.768      0.02500   
  96    40   1     0     8     8  95.8       0.793      0.02500   
  96    41   1     0     5     5  95.8       0.818      0.02500   
  96    42   1     0    10    10  95.8       0.843      0.02500   
  96    43   1     0    11    11  95.9       0.868      0.02500   
  96    44   1     0    10    10  95.9       0.887      0.01875   
  96    45   1     0    10    10  95.9       0.906      0.01875   
  96    46   1     0    10    10  95.9       0.924      0.01875   
  96    47   1     0     6     6  95.9       0.943      0.01875   
  96    48   1     0     5     5  96.0       0.962      0.01875   
  96    49   1     0     7     7  96.0       0.981      0.01875   
  96    50   1     0     7     7  96.0       0.999      0.01875   
  96    51   1     0    11    11  96.0       1.00       0.0006250 
  97     1   1     0    10    10  96.0       0.00500    0.005000  
  97     2   1     0     6     6  96.0       0.0100     0.005000  
  97     3   1     0     5     5  96.0       0.0150     0.005000  
  97     4   1     0     2     2  96.0       0.0200     0.005000  
  97     5   1     0     1     1  96.0       0.0250     0.005000  
  97     6   1     0     6     6  96.0       0.0325     0.007500  
  97     7   1     0     2     2  96.0       0.0400     0.007500  
  97     8   1     0     4     4  96.0       0.0475     0.007500  
  97     9   1     0     3     3  96.1       0.0587     0.01125   
  97    10   1     0     9     9  96.1       0.0756     0.01688   
  97    11   1     0     6     6  96.1       0.0925     0.01688   
  97    12   1     0     6     6  96.1       0.109      0.01688   
  97    13   1     0     4     4  96.1       0.126      0.01688   
  97    14   1     0     3     3  96.1       0.143      0.01688   
  97    15   1     0     7     7  96.2       0.168      0.02500   
  97    16   1     0     5     5  96.2       0.193      0.02500   
  97    17   1     0     5     5  96.2       0.218      0.02500   
  97    18   1     0     3     3  96.2       0.243      0.02500   
  97    19   1     0     9     9  96.3       0.268      0.02500   
  97    20   1     0     5     5  96.3       0.293      0.02500   
  97    21   1     0     6     6  96.3       0.318      0.02500   
  97    22   1     0    10    10  96.3       0.343      0.02500   
  97    23   1     0    10    10  96.4       0.368      0.02500   
  97    24   1     0    10    10  96.4       0.393      0.02500   
  97    25   1     0    10    10  96.4       0.418      0.02500   
  97    26   1     0    10    10  96.4       0.443      0.02500   
  97    27   1     0     7     7  96.5       0.468      0.02500   
  97    28   1     0     6     6  96.5       0.493      0.02500   
  97    29   1     0     5     5  96.5       0.518      0.02500   
  97    30   1     0     3     3  96.5       0.543      0.02500   
  97    31   1     0     5     5  96.6       0.568      0.02500   
  97    32   1     0     4     4  96.6       0.593      0.02500   
  97    33   1     0     4     4  96.6       0.618      0.02500   
  97    34   1     0     4     4  96.6       0.643      0.02500   
  97    35   1     0     4     4  96.7       0.668      0.02500   
  97    36   1     0     3     3  96.7       0.693      0.02500   
  97    37   1     0     3     3  96.7       0.718      0.02500   
  97    38   1     0     2     2  96.7       0.743      0.02500   
  97    39   1     0     9     9  96.8       0.768      0.02500   
  97    40   1     0     8     8  96.8       0.793      0.02500   
  97    41   1     0     5     5  96.8       0.818      0.02500   
  97    42   1     0    10    10  96.8       0.843      0.02500   
  97    43   1     0    11    11  96.9       0.868      0.02500   
  97    44   1     0    10    10  96.9       0.887      0.01875   
  97    45   1     0    10    10  96.9       0.906      0.01875   
  97    46   1     0    10    10  96.9       0.924      0.01875   
  97    47   1     0     6     6  96.9       0.943      0.01875   
  97    48   1     0     5     5  97.0       0.962      0.01875   
  97    49   1     0     7     7  97.0       0.981      0.01875   
  97    50   1     0     7     7  97.0       0.999      0.01875   
  97    51   1     0    11    11  97.0       1.00       0.0006250 
  98     1   1     0    10    10  97.0       0.00500    0.005000  
  98     2   1     0     6     6  97.0       0.0100     0.005000  
  98     3   1     0     5     5  97.0       0.0150     0.005000  
  98     4   1     0     2     2  97.0       0.0200     0.005000  
  98     5   1     0     1     1  97.0       0.0250     0.005000  
  98     6   1     0     6     6  97.0       0.0325     0.007500  
  98     7   1     0     2     2  97.0       0.0400     0.007500  
  98     8   1     0     4     4  97.0       0.0475     0.007500  
  98     9   1     0     3     3  97.1       0.0587     0.01125   
  98    10   1     0     9     9  97.1       0.0756     0.01688   
  98    11   1     0     6     6  97.1       0.0925     0.01688   
  98    12   1     0     6     6  97.1       0.109      0.01688   
  98    13   1     0     4     4  97.1       0.126      0.01688   
  98    14   1     0     3     3  97.1       0.143      0.01688   
  98    15   1     0     7     7  97.2       0.168      0.02500   
  98    16   1     0     5     5  97.2       0.193      0.02500   
  98    17   1     0     5     5  97.2       0.218      0.02500   
  98    18   1     0     3     3  97.2       0.243      0.02500   
  98    19   1     0     9     9  97.3       0.268      0.02500   
  98    20   1     0     5     5  97.3       0.293      0.02500   
  98    21   1     0     6     6  97.3       0.318      0.02500   
  98    22   1     0    10    10  97.3       0.343      0.02500   
  98    23   1     0    10    10  97.4       0.368      0.02500   
  98    24   1     0    10    10  97.4       0.393      0.02500   
  98    25   1     0    10    10  97.4       0.418      0.02500   
  98    26   1     0    10    10  97.4       0.443      0.02500   
  98    27   1     0     7     7  97.5       0.468      0.02500   
  98    28   1     0     6     6  97.5       0.493      0.02500   
  98    29   1     0     5     5  97.5       0.518      0.02500   
  98    30   1     0     3     3  97.5       0.543      0.02500   
  98    31   1     0     5     5  97.6       0.568      0.02500   
  98    32   1     0     4     4  97.6       0.593      0.02500   
  98    33   1     0     4     4  97.6       0.618      0.02500   
  98    34   1     0     4     4  97.6       0.643      0.02500   
  98    35   1     0     4     4  97.7       0.668      0.02500   
  98    36   1     0     3     3  97.7       0.693      0.02500   
  98    37   1     0     3     3  97.7       0.718      0.02500   
  98    38   1     0     2     2  97.7       0.743      0.02500   
  98    39   1     0     9     9  97.8       0.768      0.02500   
  98    40   1     0     8     8  97.8       0.793      0.02500   
  98    41   1     0     5     5  97.8       0.818      0.02500   
  98    42   1     0    10    10  97.8       0.843      0.02500   
  98    43   1     0    11    11  97.9       0.868      0.02500   
  98    44   1     0    10    10  97.9       0.887      0.01875   
  98    45   1     0    10    10  97.9       0.906      0.01875   
  98    46   1     0    10    10  97.9       0.924      0.01875   
  98    47   1     0     6     6  97.9       0.943      0.01875   
  98    48   1     0     5     5  98.0       0.962      0.01875   
  98    49   1     0     7     7  98.0       0.981      0.01875   
  98    50   1     0     7     7  98.0       0.999      0.01875   
  98    51   1     0    11    11  98.0       1.00       0.0006250 
  99     1   1     0    10    10  98.0       0.00500    0.005000  
  99     2   1     0     6     6  98.0       0.0100     0.005000  
  99     3   1     0     5     5  98.0       0.0150     0.005000  
  99     4   1     0     2     2  98.0       0.0200     0.005000  
  99     5   1     0     1     1  98.0       0.0250     0.005000  
  99     6   1     0     6     6  98.0       0.0325     0.007500  
  99     7   1     0     2     2  98.0       0.0400     0.007500  
  99     8   1     0     4     4  98.0       0.0475     0.007500  
  99     9   1     0     3     3  98.1       0.0587     0.01125   
  99    10   1     0     9     9  98.1       0.0756     0.01688   
  99    11   1     0     6     6  98.1       0.0925     0.01688   
  99    12   1     0     6     6  98.1       0.109      0.01688   
  99    13   1     0     4     4  98.1       0.126      0.01688   
  99    14   1     0     3     3  98.1       0.143      0.01688   
  99    15   1     0     7     7  98.2       0.168      0.02500   
  99    16   1     0     5     5  98.2       0.193      0.02500   
  99    17   1     0     5     5  98.2       0.218      0.02500   
  99    18   1     0     3     3  98.2       0.243      0.02500   
  99    19   1     0     9     9  98.3       0.268      0.02500   
  99    20   1     0     5     5  98.3       0.293      0.02500   
  99    21   1     0     6     6  98.3       0.318      0.02500   
  99    22   1     0    10    10  98.3       0.343      0.02500   
  99    23   1     0    10    10  98.4       0.368      0.02500   
  99    24   1     0    10    10  98.4       0.393      0.02500   
  99    25   1     0    10    10  98.4       0.418      0.02500   
  99    26   1     0    10    10  98.4       0.443      0.02500   
  99    27   1     0     7     7  98.5       0.468      0.02500   
  99    28   1     0     6     6  98.5       0.493      0.02500   
  99    29   1     0     5     5  98.5       0.518      0.02500   
  99    30   1     0     3     3  98.5       0.543      0.02500   
  99    31   1     0     5     5  98.6       0.568      0.02500   
  99    32   1     0     4     4  98.6       0.593      0.02500   
  99    33   1     0     4     4  98.6       0.618      0.02500   
  99    34   1     0     4     4  98.6       0.643      0.02500   
  99    35   1     0     4     4  98.7       0.668      0.02500   
  99    36   1     0     3     3  98.7       0.693      0.02500   
  99    37   1     0     3     3  98.7       0.718      0.02500   
  99    38   1     0     2     2  98.7       0.743      0.02500   
  99    39   1     0     9     9  98.8       0.768      0.02500   
  99    40   1     0     8     8  98.8       0.793      0.02500   
  99    41   1     0     5     5  98.8       0.818      0.02500   
  99    42   1     0    10    10  98.8       0.843      0.02500   
  99    43   1     0    11    11  98.9       0.868      0.02500   
  99    44   1     0    10    10  98.9       0.887      0.01875   
  99    45   1     0    10    10  98.9       0.906      0.01875   
  99    46   1     0    10    10  98.9       0.924      0.01875   
  99    47   1     0     7     7  98.9       0.943      0.01875   
  99    48   1     0     5     5  99.0       0.962      0.01875   
  99    49   1     0     7     7  99.0       0.981      0.01875   
  99    50   1     0     7     7  99.0       0.999      0.01875   
  99    51   1     0    11    11  99.0       1.00       0.0006250 
 100     1   1     0    10    10  99.0       0.00500    0.005000  
 100     2   1     0     6     6  99.0       0.0100     0.005000  
 100     3   1     0     5     5  99.0       0.0150     0.005000  
 100     4   1     0     2     2  99.0       0.0200     0.005000  
 100     5   1     0     1     1  99.0       0.0250     0.005000  
 100     6   1     0     6     6  99.0       0.0325     0.007500  
 100     7   1     0     2     2  99.0       0.0400     0.007500  
 100     8   1     0     4     4  99.0       0.0475     0.007500  
 100     9   1     0     3     3  99.1       0.0587     0.01125   
 100    10   1     0     9     9  99.1       0.0756     0.01688   
 100    11   1     0     6     6  99.1       0.0925     0.01688   
 100    12   1     0     6     6  99.1       0.109      0.01688   
 100    13   1     0     4     4  99.1       0.126      0.01688   
 100    14   1     0     3     3  99.1       0.143      0.01688   
 100    15   1     0     7     7  99.2       0.168      0.02500   
 100    16   1     0     5     5  99.2       0.193      0.02500   
 100    17   1     0     5     5  99.2       0.218      0.02500   
 100    18   1     0     3     3  99.2       0.243      0.02500   
 100    19   1     0    10    10  99.3       0.250      0.006875  
 100    20   1     0     5     5  99.3       0.275      0.02500   
 100    21   1     0     1     1  99.3       0.300      0.02500   
 100    22   1     0    10    10  99.3       0.325      0.02500   
 100    23   1     0    10    10  99.4       0.350      0.02500   
 100    24   1     0    11    11  99.4       0.375      0.02500   
 100    25   1     0    10    10  99.4       0.394      0.01875   
 100    26   1     0    10    10  99.4       0.413      0.01875   
 100    27   1     0     9     9  99.4       0.431      0.01875   
 100    28   1     0     7     7  99.5       0.450      0.01875   
 100    29   1     0     6     6  99.5       0.469      0.01875   
 100    30   1     0     5     5  99.5       0.488      0.01875   
 100    31   1     0    10    10  99.5       0.500      0.01250   
 100    32   1     0    10    10  99.5       0.519      0.01875   
 100    33   1     0     6     6  99.5       0.538      0.01875   
 100    34   1     0     5     5  99.6       0.556      0.01875   
 100    35   1     0     4     4  99.6       0.575      0.01875   
 100    36   1     0     3     3  99.6       0.594      0.01875   
 100    37   1     0     7     7  99.6       0.619      0.02500   
 100    38   1     0     5     5  99.6       0.644      0.02500   
 100    39   1     0     4     4  99.7       0.669      0.02500   
 100    40   1     0     4     4  99.7       0.694      0.02500   
 100    41   1     0     3     3  99.7       0.719      0.02500   
 100    42   1     0     3     3  99.7       0.744      0.02500   
 100    43   1     0    10    10  99.8       0.750      0.006250  
 100    44   1     0     8     8  99.8       0.775      0.02500   
 100    45   1     0     5     5  99.8       0.800      0.02500   
 100    46   1     0     7     7  99.8       0.825      0.02500   
 100    47   1     0    10    10  99.9       0.850      0.02500   
 100    48   1     0    10    10  99.9       0.875      0.02500   
 100    49   1     0    10    10  99.9       0.900      0.02500   
 100    50   1     0    10    10  99.9       0.925      0.02500   
 100    51   1     0     7     7  100.       0.950      0.02500   
 100    52   1     0     6     6  100.       0.975      0.02500   
 100    53   1     0     5     5  100.       1.00       0.02500   
 101     1   1     0    11    11  100.       0.00500    0.005000  
 101     2   1     0     9     9  100.       0.00875    0.003750  
 101     3   1     0    10    10  100.       0.0125     0.003750  
 101     4   1     0     9     9  100.       0.0163     0.003750  
 101     5   1     0     9     9  100.       0.0200     0.003750  
 101     6   1     0     7     7  100.       0.0238     0.003750  
 101     7   1     0     7     7  100.       0.0275     0.003750  
 101     8   1     0     5     5  100.       0.0312     0.003750  
 101     9   1     0     3     3  100.       0.0350     0.003750  
 101    10   1     0     2     2  100.       0.0388     0.003750  
 101    11   1     0     8     8  100.       0.0444     0.005625  
 101    12   1     0     1     1  100.       0.0500     0.005625  
 101    13   1     0     3     3  100.       0.0556     0.005625  
 101    14   1     0     6     6  100.       0.0641     0.008438  
 101    15   1     0     2     2  100.       0.0725     0.008438  
 101    16   1     0     3     3  100.       0.0809     0.008438  
 101    17   1     0     7     7  100.       0.0936     0.01266   
 101    18   1     0     4     4  100.       0.106      0.01266   
 101    19   1     0     4     4  100.       0.119      0.01266   
 101    20   1     0     8     8  100.       0.138      0.01898   
 101    21   1     0     4     4  100.       0.157      0.01898   
 101    22   1     0     4     4  100.       0.176      0.01898   
 101    23   1     0     7     7  100.       0.201      0.02500   
 101    24   1     0     6     6  100.       0.226      0.02500   
 101    25   1     0     5     5  100.       0.251      0.02500   
 101    26   1     0     6     6  100.       0.276      0.02500   
 101    27   1     0     1     1  100.       0.301      0.02500   
 101    28   1     0    10    10  100.       0.326      0.02500   
 101    29   1     0    10    10  100.       0.351      0.02500   
 101    30   1     0    12    12  100.       0.376      0.02500   
 101    31   1     0    11    11  100.       0.395      0.01875   
 101    32   1     0    10    10  100.       0.409      0.01406   
 101    33   1     0     8     8  100.       0.423      0.01406   
 101    34   1     0     7     7  100.       0.437      0.01406   
 101    35   1     0     6     6  100.       0.451      0.01406   
 101    36   1     0     6     6  100.       0.465      0.01406   
 101    37   1     0     6     6  100.       0.479      0.01406   
 101    38   1     0     5     5  100.       0.493      0.01406   
 101    39   1     0     6     6  101.       0.507      0.01406   
 101    40   1     0     4     4  101.       0.521      0.01406   
 101    41   1     0     4     4  101.       0.535      0.01406   
 101    42   1     0     9     9  101.       0.556      0.02109   
 101    43   1     0     6     6  101.       0.577      0.02109   
 101    44   1     0     5     5  101.       0.599      0.02109   
 101    45   1     0     4     4  101.       0.620      0.02109   
 101    46   1     0     4     4  101.       0.641      0.02109   
 101    47   1     0     6     6  101.       0.666      0.02500   
 101    48   1     0     5     5  101.       0.691      0.02500   
 101    49   1     0     4     4  101.       0.716      0.02500   
 101    50   1     0     4     4  101.       0.741      0.02500   
 101    51   1     0    10    10  101.       0.766      0.02500   
 101    52   1     0     8     8  101.       0.791      0.02500   
 101    53   1     0     4     4  101.       0.816      0.02500   
 101    54   1     0    10    10  101.       0.841      0.02500   
 101    55   1     0    10    10  101.       0.866      0.02500   
 101    56   1     0    10    10  101.       0.891      0.02500   
 101    57   1     0    10    10  101.       0.916      0.02500   
 101    58   1     0     9     9  101.       0.941      0.02500   
 101    59   1     0     6     6  101.       0.966      0.02500   
 101    60   1     0     5     5  101.       0.991      0.02500   
 101    61   1     0    10    10  101.       1.00       0.009297  
 102     1   1     0    10    10  101.       0.00500    0.005000  
 102     2   1     0    10    10  101.       0.0100     0.005000  
 102     3   1     0    10    10  101.       0.0150     0.005000  
 102     4   1     0     8     8  101.       0.0200     0.005000  
 102     5   1     0     8     8  101.       0.0250     0.005000  
 102     6   1     0     6     6  101.       0.0300     0.005000  
 102     7   1     0     5     5  101.       0.0350     0.005000  
 102     8   1     0     5     5  101.       0.0400     0.005000  
 102     9   1     0     3     3  101.       0.0450     0.005000  
 102    10   1     0     2     2  101.       0.0500     0.005000  
 102    11   1     0     9     9  101.       0.0575     0.007500  
 102    12   1     0     2     2  101.       0.0650     0.007500  
 102    13   1     0     4     4  101.       0.0725     0.007500  
 102    14   1     0     9     9  101.       0.0838     0.01125   
 102    15   1     0     4     4  101.       0.0950     0.01125   
 102    16   1     0     5     5  101.       0.106      0.01125   
 102    17   1     0     3     3  101.       0.117      0.01125   
 102    18   1     0     2     2  101.       0.129      0.01125   
 102    19   1     0    10    10  101.       0.146      0.01688   
 102    20   1     0     4     4  101.       0.163      0.01688   
 102    21   1     0     4     4  101.       0.179      0.01688   
 102    22   1     0     7     7  101.       0.204      0.02500   
 102    23   1     0     5     5  101.       0.229      0.02500   
 102    24   1     0    10    10  101.       0.254      0.02500   
 102    25   1     0     5     5  101.       0.279      0.02500   
 102    26   1     0     1     1  101.       0.304      0.02500   
 102    27   1     0    10    10  101.       0.329      0.02500   
 102    28   1     0    10    10  101.       0.354      0.02500   
 102    29   1     0    12    12  101.       0.379      0.02500   
 102    30   1     0    10    10  101.       0.398      0.01875   
 102    31   1     0    10    10  101.       0.417      0.01875   
 102    32   1     0     9     9  101.       0.436      0.01875   
 102    33   1     0     7     7  101.       0.454      0.01875   
 102    34   1     0     6     6  101.       0.473      0.01875   
 102    35   1     0     5     5  101.       0.492      0.01875   
 102    36   1     0     5     5  102.       0.511      0.01875   
 102    37   1     0     4     4  102.       0.529      0.01875   
 102    38   1     0     4     4  102.       0.548      0.01875   
 102    39   1     0     8     8  102.       0.573      0.02500   
 102    40   1     0     5     5  102.       0.598      0.02500   
 102    41   1     0     4     4  102.       0.623      0.02500   
 102    42   1     0     4     4  102.       0.648      0.02500   
 102    43   1     0     4     4  102.       0.673      0.02500   
 102    44   1     0     4     4  102.       0.698      0.02500   
 102    45   1     0     3     3  102.       0.723      0.02500   
 102    46   1     0     3     3  102.       0.748      0.02500   
 102    47   1     0     8     8  102.       0.773      0.02500   
 102    48   1     0     6     6  102.       0.798      0.02500   
 102    49   1     0     2     2  102.       0.823      0.02500   
 102    50   1     0    10    10  102.       0.848      0.02500   
 102    51   1     0    10    10  102.       0.873      0.02500   
 102    52   1     0    10    10  102.       0.898      0.02500   
 102    53   1     0    10    10  102.       0.923      0.02500   
 102    54   1     0     7     7  102.       0.948      0.02500   
 102    55   1     0     6     6  102.       0.973      0.02500   
 102    56   1     0     5     5  102.       0.998      0.02500   
 102    57   1     0    10    10  102.       1.00       0.001875  
 103     1   1     0    10    10  102.       0.00500    0.005000  
 103     2   1     0     8     8  102.       0.0100     0.005000  
 103     3   1     0     9     9  102.       0.0150     0.005000  
 103     4   1     0     7     7  102.       0.0200     0.005000  
 103     5   1     0     5     5  102.       0.0250     0.005000  
 103     6   1     0     3     3  102.       0.0300     0.005000  
 103     7   1     0     1     1  102.       0.0350     0.005000  
 103     8   1     0     8     8  102.       0.0425     0.007500  
 103     9   1     0     2     2  102.       0.0500     0.007500  
 103    10   1     0     4     4  102.       0.0575     0.007500  
 103    11   1U    0     5     5  102.       0.0575     0.01125   
 103    11   2     0    10    10  102.       0.0603     0.002812  
 103    12   1     0     3     3  102.       0.0631     0.002812  
 103    13   1     0     5     5  102.       0.0659     0.002812  
 103    14   1     0     4     4  102.       0.0687     0.002812  
 103    15   1     0     3     3  102.       0.0716     0.002812  
 103    16   1     0     7     7  102.       0.0758     0.004219  
 103    17   1     0     1     1  102.       0.0800     0.004219  
 103    18   1     0     1     1  102.       0.0842     0.004219  
 103    19   1     0     5     5  102.       0.0905     0.006328  
 103    20   1     0     1     1  102.       0.0969     0.006328  
 103    21   1     0     2     2  102.       0.103      0.006328  
 103    22   1     0     5     5  102.       0.113      0.009492  
 103    23   1     0     2     2  102.       0.122      0.009492  
 103    24   1     0     3     3  102.       0.132      0.009492  
 103    25   1     0     7     7  102.       0.146      0.01424   
 103    26   1     0     4     4  102.       0.160      0.01424   
 103    27   1     0     4     4  102.       0.174      0.01424   
 103    28   1     0     6     6  102.       0.196      0.02136   
 103    29   1     0     4     4  102.       0.217      0.02136   
 103    30   1     0     4     4  102.       0.238      0.02136   
 103    31   1     0    10    10  102.       0.263      0.02500   
 103    32   1     0     2     2  102.       0.288      0.02500   
 103    33   1     0     7     7  102.       0.313      0.02500   
 103    34   1     0    10    10  102.       0.338      0.02500   
 103    35   1     0    10    10  102.       0.363      0.02500   
 103    36   1     0    11    11  102.       0.388      0.02500   
 103    37   1     0    10    10  102.       0.407      0.01875   
 103    38   1     0    10    10  102.       0.426      0.01875   
 103    39   1     0     9     9  102.       0.445      0.01875   
 103    40   1     0     6     6  102.       0.463      0.01875   
 103    41   1     0     6     6  102.       0.482      0.01875   
 103    42   1     0     5     5  103.       0.501      0.01875   
 103    43   1     0     5     5  103.       0.520      0.01875   
 103    44   1     0     4     4  103.       0.538      0.01875   
 103    45   1     0     4     4  103.       0.557      0.01875   
 103    46   1     0     8     8  103.       0.582      0.02500   
 103    47   1     0     4     4  103.       0.607      0.02500   
 103    48   1     0     4     4  103.       0.632      0.02500   
 103    49   1     0     4     4  103.       0.657      0.02500   
 103    50   1     0     3     3  103.       0.682      0.02500   
 103    51   1     0     4     4  103.       0.707      0.02500   
 103    52   1     0     3     3  103.       0.732      0.02500   
 103    53   1     0    10    10  103.       0.757      0.02500   
 103    54   1     0     8     8  103.       0.782      0.02500   
 103    55   1     0     5     5  103.       0.807      0.02500   
 103    56   1     0     5     5  103.       0.832      0.02500   
 103    57   1     0    10    10  103.       0.857      0.02500   
 103    58   1     0    10    10  103.       0.882      0.02500   
 103    59   1     0    10    10  103.       0.907      0.02500   
 103    60   1     0    10    10  103.       0.932      0.02500   
 103    61   1     0     7     7  103.       0.957      0.02500   
 103    62   1     0     6     6  103.       0.982      0.02500   
 103    63   1     0    10    10  103.       1.00       0.01778   
 104     1   1     0    10    10  103.       0.00500    0.005000  
 104     2   1     0    10    10  103.       0.0100     0.005000  
 104     3   1     0     8     8  103.       0.0150     0.005000  
 104     4   1     0     7     7  103.       0.0200     0.005000  
 104     5   1     0     5     5  103.       0.0250     0.005000  
 104     6   1     0     2     2  103.       0.0300     0.005000  
 104     7   1     0     2     2  103.       0.0350     0.005000  
 104     8   1     0     7     7  103.       0.0425     0.007500  
 104     9   1     0     2     2  103.       0.0500     0.007500  
 104    10   1     0     4     4  103.       0.0575     0.007500  
 104    11   1U    0     4     4  103.       0.0575     0.01125   
 104    11   2     0     9     9  103.       0.0603     0.002812  
 104    12   1     0     3     3  103.       0.0631     0.002812  
 104    13   1     0     4     4  103.       0.0659     0.002812  
 104    14   1     0     8     8  103.       0.0702     0.004219  
 104    15   1     0     1     1  103.       0.0744     0.004219  
 104    16   1     0     2     2  103.       0.0786     0.004219  
 104    17   1     0     6     6  103.       0.0849     0.006328  
 104    18   1     0     1     1  103.       0.0912     0.006328  
 104    19   1     0     2     2  103.       0.0976     0.006328  
 104    20   1     0     4     4  103.       0.107      0.009492  
 104    21   1     0     7     7  103.       0.121      0.01424   
 104    22   1     0     5     5  103.       0.136      0.01424   
 104    23   1     0     5     5  103.       0.150      0.01424   
 104    24   1     0     3     3  103.       0.164      0.01424   
 104    25   1     0     2     2  103.       0.178      0.01424   
 104    26   1     0     8     8  103.       0.200      0.02136   
 104    27   1     0     4     4  103.       0.221      0.02136   
 104    28   1     0     4     4  103.       0.242      0.02136   
 104    29   1     0     7     7  103.       0.267      0.02500   
 104    30   1     0     2     2  103.       0.292      0.02500   
 104    31   1     0     8     8  103.       0.317      0.02500   
 104    32   1     0    10    10  103.       0.342      0.02500   
 104    33   1     0    10    10  103.       0.367      0.02500   
 104    34   1     0    10    10  103.       0.392      0.02500   
 104    35   1     0    10    10  103.       0.417      0.02500   
 104    36   1     0    10    10  103.       0.442      0.02500   
 104    37   1     0     7     7  103.       0.467      0.02500   
 104    38   1     0     5     5  103.       0.492      0.02500   
 104    39   1     0     4     4  104.       0.517      0.02500   
 104    40   1     0     4     4  104.       0.542      0.02500   
 104    41   1     0     4     4  104.       0.567      0.02500   
 104    42   1     0     4     4  104.       0.592      0.02500   
 104    43   1     0     4     4  104.       0.617      0.02500   
 104    44   1     0     4     4  104.       0.642      0.02500   
 104    45   1     0     3     3  104.       0.667      0.02500   
 104    46   1     0     4     4  104.       0.692      0.02500   
 104    47   1     0     3     3  104.       0.717      0.02500   
 104    48   1     0     2     2  104.       0.742      0.02500   
 104    49   1     0    10    10  104.       0.767      0.02500   
 104    50   1     0     8     8  104.       0.792      0.02500   
 104    51   1     0     5     5  104.       0.817      0.02500   
 104    52   1     0    10    10  104.       0.842      0.02500   
 104    53   1     0    10    10  104.       0.867      0.02500   
 104    54   1     0    10    10  104.       0.892      0.02500   
 104    55   1     0    10    10  104.       0.917      0.02500   
 104    56   1     0    10    10  104.       0.942      0.02500   
 104    57   1     0     7     7  104.       0.967      0.02500   
 104    58   1     0     5     5  104.       0.992      0.02500   
 104    59   1     0    10    10  104.       1.00       0.007666  
 105     1   1     0    10    10  104.       0.00500    0.005000  
 105     2   1     0     7     7  104.       0.0100     0.005000  
 105     3   1     0     5     5  104.       0.0150     0.005000  
 105     4   1     0     3     3  104.       0.0200     0.005000  
 105     5   1     0     1     1  104.       0.0250     0.005000  
 105     6   1     0     6     6  104.       0.0325     0.007500  
 105     7   1     0     2     2  104.       0.0400     0.007500  
 105     8   1     0     4     4  104.       0.0475     0.007500  
 105     9   1     0     5     5  104.       0.0587     0.01125   
 105    10   1     0     4     4  104.       0.0700     0.01125   
 105    11   1     0     6     6  104.       0.0812     0.01125   
 105    12   1     0     4     4  104.       0.0925     0.01125   
 105    13   1     0     3     3  104.       0.104      0.01125   
 105    14   1     0     9     9  104.       0.121      0.01688   
 105    15   1     0     4     4  104.       0.137      0.01688   
 105    16   1     0     4     4  104.       0.154      0.01688   
 105    17   1     0     7     7  104.       0.179      0.02500   
 105    18   1     0     6     6  104.       0.204      0.02500   
 105    19   1     0     4     4  104.       0.229      0.02500   
 105    20   1     0    10    10  104.       0.254      0.02500   
 105    21   1     0     6     6  104.       0.279      0.02500   
 105    22   1     0     1     1  104.       0.304      0.02500   
 105    23   1     0    10    10  104.       0.329      0.02500   
 105    24   1     0    10    10  104.       0.354      0.02500   
 105    25   1     0    11    11  104.       0.379      0.02500   
 105    26   1     0    11    11  104.       0.398      0.01875   
 105    27   1     0    10    10  104.       0.412      0.01406   
 105    28   1     0     8     8  104.       0.426      0.01406   
 105    29   1     0     7     7  104.       0.440      0.01406   
 105    30   1     0     6     6  104.       0.454      0.01406   
 105    31   1     0     7     7  104.       0.468      0.01406   
 105    32   1     0     6     6  104.       0.482      0.01406   
 105    33   1     0     5     5  104.       0.497      0.01406   
 105    34   1     0     5     5  105.       0.511      0.01406   
 105    35   1     0     5     5  105.       0.525      0.01406   
 105    36   1     0     4     4  105.       0.539      0.01406   
 105    37   1     0     4     4  105.       0.553      0.01406   
 105    38   1     0     9     9  105.       0.574      0.02109   
 105    39   1     0     6     6  105.       0.595      0.02109   
 105    40   1     0     4     4  105.       0.616      0.02109   
 105    41   1     0     5     5  105.       0.637      0.02109   
 105    42   1     0     4     4  105.       0.658      0.02109   
 105    43   1     0     4     4  105.       0.679      0.02109   
 105    44   1     0     6     6  105.       0.704      0.02500   
 105    45   1     0     5     5  105.       0.729      0.02500   
 105    46   1     0    10    10  105.       0.754      0.02500   
 105    47   1     0     7     7  105.       0.779      0.02500   
 105    48   1     0     5     5  105.       0.804      0.02500   
 105    49   1     0     6     6  105.       0.829      0.02500   
 105    50   1     0    10    10  105.       0.854      0.02500   
 105    51   1     0    11    11  105.       0.879      0.02500   
 105    52   1     0    10    10  105.       0.898      0.01875   
 105    53   1     0    10    10  105.       0.917      0.01875   
 105    54   1     0     8     8  105.       0.936      0.01875   
 105    55   1     0     8     8  105.       0.954      0.01875   
 105    56   1     0     6     6  105.       0.973      0.01875   
 105    57   1     0     6     6  105.       0.992      0.01875   
 105    58   1     0    10    10  105.       1.00       0.008125  
 106     1   1     0    10    10  105.       0.00500    0.005000  
 106     2   1     0     8     8  105.       0.0100     0.005000  
 106     3   1     0     9     9  105.       0.0150     0.005000  
 106     4   1     0     6     6  105.       0.0200     0.005000  
 106     5   1     0     5     5  105.       0.0250     0.005000  
 106     6   1     0     3     3  105.       0.0300     0.005000  
 106     7   1     0     1     1  105.       0.0350     0.005000  
 106     8   1     0     9     9  105.       0.0425     0.007500  
 106     9   1     0     2     2  105.       0.0500     0.007500  
 106    10   1     0     5     5  105.       0.0575     0.007500  
 106    11   1     0     3     3  105.       0.0650     0.007500  
 106    12   1     0     2     2  105.       0.0725     0.007500  
 106    13   1     0     8     8  105.       0.0838     0.01125   
 106    14   1     0     3     3  105.       0.0950     0.01125   
 106    15   1     0     4     4  105.       0.106      0.01125   
 106    16   1     0     9     9  105.       0.123      0.01688   
 106    17   1     0     5     5  105.       0.140      0.01688   
 106    18   1     0     4     4  105.       0.157      0.01688   
 106    19   1     0     3     3  105.       0.174      0.01688   
 106    20   1     0     7     7  105.       0.199      0.02500   
 106    21   1     0     5     5  105.       0.224      0.02500   
 106    22   1     0     5     5  105.       0.249      0.02500   
 106    23   1     0     6     6  105.       0.274      0.02500   
 106    24   1     0     1     1  105.       0.299      0.02500   
 106    25   1     0     9     9  105.       0.324      0.02500   
 106    26   1     0    10    10  105.       0.349      0.02500   
 106    27   1     0    12    12  105.       0.374      0.02500   
 106    28   1     0    12    12  105.       0.393      0.01875   
 106    29   1     0    10    10  105.       0.407      0.01406   
 106    30   1     0     8     8  105.       0.421      0.01406   
 106    31   1     0     8     8  105.       0.435      0.01406   
 106    32   1     0     6     6  105.       0.449      0.01406   
 106    33   1     0     6     6  105.       0.463      0.01406   
 106    34   1     0     6     6  105.       0.477      0.01406   
 106    35   1     0     5     5  105.       0.491      0.01406   
 106    36   1     0     6     6  106.       0.505      0.01406   
 106    37   1     0     5     5  106.       0.519      0.01406   
 106    38   1     0     4     4  106.       0.533      0.01406   
 106    39   1     0     4     4  106.       0.547      0.01406   
 106    40   1     0     9     9  106.       0.568      0.02109   
 106    41   1     0     6     6  106.       0.589      0.02109   
 106    42   1     0     4     4  106.       0.610      0.02109   
 106    43   1     0     5     5  106.       0.632      0.02109   
 106    44   1     0     4     4  106.       0.653      0.02109   
 106    45   1     0     4     4  106.       0.674      0.02109   
 106    46   1     0     6     6  106.       0.699      0.02500   
 106    47   1     0     5     5  106.       0.724      0.02500   
 106    48   1     0     4     4  106.       0.749      0.02500   
 106    49   1     0     7     7  106.       0.774      0.02500   
 106    50   1     0     6     6  106.       0.799      0.02500   
 106    51   1     0     4     4  106.       0.824      0.02500   
 106    52   1     0    11    11  106.       0.849      0.02500   
 106    53   1     0    10    10  106.       0.868      0.01875   
 106    54   1     0    11    11  106.       0.886      0.01875   
 106    55   1     0    10    10  106.       0.900      0.01406   
 106    56   1     0    10    10  106.       0.914      0.01406   
 106    57   1     0     6     6  106.       0.928      0.01406   
 106    58   1     0     6     6  106.       0.943      0.01406   
 106    59   1     0     7     7  106.       0.957      0.01406   
 106    60   1     0     6     6  106.       0.971      0.01406   
 106    61   1     0     6     6  106.       0.985      0.01406   
 106    62   1     0     6     6  106.       0.999      0.01406   
 106    63   1     0    10    10  106.       1.00       0.001250  
 107     1   1     0    10    10  106.       0.00500    0.005000  
 107     2   1     0     6     6  106.       0.0100     0.005000  
 107     3   1     0     6     6  106.       0.0150     0.005000  
 107     4   1     0     3     3  106.       0.0200     0.005000  
 107     5   1     0     2     2  106.       0.0250     0.005000  
 107     6   1     0     9     9  106.       0.0325     0.007500  
 107     7   1     0     3     3  106.       0.0400     0.007500  
 107     8   1     0     5     5  106.       0.0475     0.007500  
 107     9   1     0     3     3  106.       0.0550     0.007500  
 107    10   1     0     2     2  106.       0.0625     0.007500  
 107    11   1     0     9     9  106.       0.0737     0.01125   
 107    12   1     0     4     4  106.       0.0850     0.01125   
 107    13   1     0     4     4  106.       0.0962     0.01125   
 107    14   1     0     9     9  106.       0.113      0.01688   
 107    15   1     0     5     5  106.       0.130      0.01688   
 107    16   1     0     4     4  106.       0.147      0.01688   
 107    17   1     0     3     3  106.       0.164      0.01688   
 107    18   1     0     7     7  106.       0.189      0.02500   
 107    19   1     0     5     5  106.       0.214      0.02500   
 107    20   1     0     5     5  106.       0.239      0.02500   
 107    21   1     0    11    11  106.       0.264      0.02500   
 107    22   1     0     5     5  106.       0.282      0.01875   
 107    23   1     0     1     1  106.       0.301      0.01875   
 107    24   1     0     7     7  106.       0.320      0.01875   
 107    25   1     0    10    10  106.       0.339      0.01875   
 107    26   1     0    10    10  106.       0.357      0.01875   
 107    27   1     0    12    12  106.       0.376      0.01875   
 107    28   1     0    11    11  106.       0.390      0.01406   
 107    29   1     0    10    10  106.       0.401      0.01055   
 107    30   1     0    10    10  106.       0.411      0.01055   
 107    31   1     0     7     7  106.       0.422      0.01055   
 107    32   1     0     6     6  106.       0.432      0.01055   
 107    33   1     0     7     7  106.       0.443      0.01055   
 107    34   1     0     6     6  106.       0.454      0.01055   
 107    35   1     0     6     6  106.       0.464      0.01055   
 107    36   1     0     6     6  106.       0.475      0.01055   
 107    37   1     0     5     5  106.       0.485      0.01055   
 107    38   1     0     6     6  106.       0.496      0.01055   
 107    39   1     0     5     5  107.       0.506      0.01055   
 107    40   1     0     4     4  107.       0.517      0.01055   
 107    41   1     0     4     4  107.       0.527      0.01055   
 107    42   1     0    10    10  107.       0.543      0.01582   
 107    43   1     0     7     7  107.       0.559      0.01582   
 107    44   1     0     6     6  107.       0.575      0.01582   
 107    45   1     0     4     4  107.       0.591      0.01582   
 107    46   1     0     4     4  107.       0.607      0.01582   
 107    47   1     0     8     8  107.       0.630      0.02373   
 107    48   1     0     6     6  107.       0.654      0.02373   
 107    49   1     0     5     5  107.       0.678      0.02373   
 107    50   1     0     4     4  107.       0.701      0.02373   
 107    51   1     0     4     4  107.       0.725      0.02373   
 107    52   1     0     4     4  107.       0.750      0.02500   
 107    53   1     0     8     8  107.       0.775      0.02500   
 107    54   1     0     4     4  107.       0.800      0.02500   
 107    55   1     0     6     6  107.       0.825      0.02500   
 107    56   1     0    10    10  107.       0.850      0.02500   
 107    57   1     0    12    12  107.       0.875      0.02500   
 107    58   1     0    11    11  107.       0.894      0.01875   
 107    59   1     0    10    10  107.       0.908      0.01406   
 107    60   1     0     8     8  107.       0.922      0.01406   
 107    61   1     0     8     8  107.       0.936      0.01406   
 107    62   1     0     8     8  107.       0.950      0.01406   
 107    63   1     0     7     7  107.       0.964      0.01406   
 107    64   1     0     7     7  107.       0.978      0.01406   
 107    65   1     0     6     6  107.       0.992      0.01406   
 107    66   1     0    10    10  107.       1.00       0.007637  
 108     1   1     0    10    10  107.       0.00500    0.005000  
 108     2   1     0     6     6  107.       0.0100     0.005000  
 108     3   1     0     7     7  107.       0.0150     0.005000  
 108     4   1     0     7     7  107.       0.0200     0.005000  
 108     5   1     0     8     8  107.       0.0250     0.005000  
 108     6   1     0     5     5  107.       0.0300     0.005000  
 108     7   1     0     5     5  107.       0.0350     0.005000  
 108     8   1     0     4     4  107.       0.0400     0.005000  
 108     9   1     0     3     3  107.       0.0450     0.005000  
 108    10   1     0     9     9  107.       0.0525     0.007500  
 108    11   1     0     2     2  107.       0.0600     0.007500  
 108    12   1     0     3     3  107.       0.0675     0.007500  
 108    13   1     0     8     8  107.       0.0788     0.01125   
 108    14   1     0     4     4  107.       0.0900     0.01125   
 108    15   1     0     5     5  107.       0.101      0.01125   
 108    16   1     0     3     3  107.       0.112      0.01125   
 108    17   1     0     3     3  107.       0.124      0.01125   
 108    18   1     0    10    10  107.       0.141      0.01688   
 108    19   1     0     4     4  107.       0.158      0.01688   
 108    20   1     0     4     4  107.       0.174      0.01688   
 108    21   1     0     7     7  107.       0.199      0.02500   
 108    22   1     0     5     5  107.       0.224      0.02500   
 108    23   1     0     5     5  107.       0.249      0.02500   
 108    24   1     0     6     6  107.       0.274      0.02500   
 108    25   1     0     1     1  107.       0.299      0.02500   
 108    26   1     0     8     8  107.       0.324      0.02500   
 108    27   1     0    10    10  107.       0.349      0.02500   
 108    28   1     0    12    12  107.       0.374      0.02500   
 108    29   1     0    11    11  107.       0.393      0.01875   
 108    30   1     0    10    10  107.       0.407      0.01406   
 108    31   1     0     8     8  107.       0.421      0.01406   
 108    32   1     0     7     7  107.       0.435      0.01406   
 108    33   1     0     6     6  107.       0.449      0.01406   
 108    34   1     0     6     6  107.       0.463      0.01406   
 108    35   1     0     6     6  107.       0.477      0.01406   
 108    36   1     0     5     5  107.       0.492      0.01406   
 108    37   1     0     5     5  108.       0.506      0.01406   
 108    38   1     0     5     5  108.       0.520      0.01406   
 108    39   1     0     4     4  108.       0.534      0.01406   
 108    40   1     0     4     4  108.       0.548      0.01406   
 108    41   1     0     9     9  108.       0.569      0.02109   
 108    42   1     0     6     6  108.       0.590      0.02109   
 108    43   1     0     4     4  108.       0.611      0.02109   
 108    44   1     0     4     4  108.       0.632      0.02109   
 108    45   1     0     6     6  108.       0.657      0.02500   
 108    46   1     0     5     5  108.       0.682      0.02500   
 108    47   1     0     4     4  108.       0.707      0.02500   
 108    48   1     0     4     4  108.       0.732      0.02500   
 108    49   1     0    10    10  108.       0.757      0.02500   
 108    50   1     0     8     8  108.       0.782      0.02500   
 108    51   1     0     6     6  108.       0.807      0.02500   
 108    52   1     0     7     7  108.       0.832      0.02500   
 108    53   1     0    10    10  108.       0.857      0.02500   
 108    54   1     0    11    11  108.       0.882      0.02500   
 108    55   1     0    11    11  108.       0.901      0.01875   
 108    56   1     0     9     9  108.       0.915      0.01406   
 108    57   1     0     7     7  108.       0.929      0.01406   
 108    58   1     0     6     6  108.       0.943      0.01406   
 108    59   1     0     7     7  108.       0.957      0.01406   
 108    60   1     0     6     6  108.       0.971      0.01406   
 108    61   1     0     6     6  108.       0.985      0.01406   
 108    62   1     0     6     6  108.       0.999      0.01406   
 108    63   1     0    10    10  108.       1.00       0.0006250 
 109     1   1     0    10    10  108.       0.00500    0.005000  
 109     2   1     0     6     6  108.       0.0100     0.005000  
 109     3   1     0     7     7  108.       0.0150     0.005000  
 109     4   1     0     4     4  108.       0.0200     0.005000  
 109     5   1     0     2     2  108.       0.0250     0.005000  
 109     6   1     0     9     9  108.       0.0325     0.007500  
 109     7   1     0     3     3  108.       0.0400     0.007500  
 109     8   1     0     5     5  108.       0.0475     0.007500  
 109     9   1     0     3     3  108.       0.0550     0.007500  
 109    10   1     0     2     2  108.       0.0625     0.007500  
 109    11   1     0     9     9  108.       0.0737     0.01125   
 109    12   1     0     4     4  108.       0.0850     0.01125   
 109    13   1     0     5     5  108.       0.0962     0.01125   
 109    14   1     0     3     3  108.       0.107      0.01125   
 109    15   1     0     2     2  108.       0.119      0.01125   
 109    16   1     0     9     9  108.       0.136      0.01688   
 109    17   1     0     4     4  108.       0.152      0.01688   
 109    18   1     0     4     4  108.       0.169      0.01688   
 109    19   1     0     7     7  108.       0.194      0.02500   
 109    20   1     0     5     5  108.       0.219      0.02500   
 109    21   1     0     5     5  108.       0.244      0.02500   
 109    22   1     0     7     7  108.       0.269      0.02500   
 109    23   1     0     3     3  108.       0.294      0.02500   
 109    24   1     0     7     7  108.       0.319      0.02500   
 109    25   1     0    10    10  108.       0.344      0.02500   
 109    26   1     0    12    12  108.       0.369      0.02500   
 109    27   1     0    10    10  108.       0.388      0.01875   
 109    28   1     0    10    10  108.       0.407      0.01875   
 109    29   1     0    10    10  108.       0.426      0.01875   
 109    30   1     0     7     7  108.       0.444      0.01875   
 109    31   1     0     6     6  108.       0.463      0.01875   
 109    32   1     0     6     6  108.       0.482      0.01875   
 109    33   1     0     5     5  109.       0.501      0.01875   
 109    34   1     0     5     5  109.       0.519      0.01875   
 109    35   1     0     4     4  109.       0.538      0.01875   
 109    36   1     0     4     4  109.       0.557      0.01875   
 109    37   1     0     8     8  109.       0.582      0.02500   
 109    38   1     0     5     5  109.       0.607      0.02500   
 109    39   1     0     4     4  109.       0.632      0.02500   
 109    40   1     0     4     4  109.       0.657      0.02500   
 109    41   1     0     4     4  109.       0.682      0.02500   
 109    42   1     0     3     3  109.       0.707      0.02500   
 109    43   1     0     3     3  109.       0.732      0.02500   
 109    44   1     0    10    10  109.       0.757      0.02500   
 109    45   1     0     8     8  109.       0.782      0.02500   
 109    46   1     0     5     5  109.       0.807      0.02500   
 109    47   1     0     6     6  109.       0.832      0.02500   
 109    48   1     0    10    10  109.       0.857      0.02500   
 109    49   1     0    10    10  109.       0.882      0.02500   
 109    50   1     0    10    10  109.       0.907      0.02500   
 109    51   1     0    10    10  109.       0.932      0.02500   
 109    52   1     0     7     7  109.       0.957      0.02500   
 109    53   1     0     6     6  109.       0.982      0.02500   
 109    54   1     0    10    10  109.       1.00       0.01812   
 110     1   1     0    10    10  109.       0.00500    0.005000  
 110     2   1     0    10    10  109.       0.0100     0.005000  
 110     3   1     0    10    10  109.       0.0150     0.005000  
 110     4   1     0     8     8  109.       0.0200     0.005000  
 110     5   1     0     7     7  109.       0.0250     0.005000  
 110     6   1     0     6     6  109.       0.0300     0.005000  
 110     7   1     0     5     5  109.       0.0350     0.005000  
 110     8   1     0     2     2  109.       0.0400     0.005000  
 110     9   1     0     2     2  109.       0.0450     0.005000  
 110    10   1     0     8     8  109.       0.0525     0.007500  
 110    11   1     0     2     2  109.       0.0600     0.007500  
 110    12   1     0     4     4  109.       0.0675     0.007500  
 110    13   1     0     9     9  109.       0.0788     0.01125   
 110    14   1     0     4     4  109.       0.0900     0.01125   
 110    15   1     0     4     4  109.       0.101      0.01125   
 110    16   1     0     7     7  109.       0.118      0.01688   
 110    17   1     0     4     4  109.       0.135      0.01688   
 110    18   1     0     5     5  109.       0.152      0.01688   
 110    19   1     0     3     3  109.       0.169      0.01688   
 110    20   1     0     2     2  109.       0.186      0.01688   
 110    21   1     0     7     7  109.       0.211      0.02500   
 110    22   1     0     6     6  109.       0.236      0.02500   
 110    23   1     0    10    10  109.       0.261      0.02500   
 110    24   1     0     6     6  109.       0.286      0.02500   
 110    25   1     0     3     3  109.       0.311      0.02500   
 110    26   1     0    10    10  109.       0.336      0.02500   
 110    27   1     0    10    10  109.       0.361      0.02500   
 110    28   1     0    11    11  109.       0.386      0.02500   
 110    29   1     0    10    10  109.       0.404      0.01875   
 110    30   1     0    10    10  109.       0.423      0.01875   
 110    31   1     0     9     9  109.       0.442      0.01875   
 110    32   1     0     7     7  109.       0.461      0.01875   
 110    33   1     0     6     6  109.       0.479      0.01875   
 110    34   1     0     5     5  109.       0.498      0.01875   
 110    35   1     0     5     5  110.       0.517      0.01875   
 110    36   1     0     4     4  110.       0.536      0.01875   
 110    37   1     0     4     4  110.       0.554      0.01875   
 110    38   1     0     8     8  110.       0.579      0.02500   
 110    39   1     0     5     5  110.       0.604      0.02500   
 110    40   1     0     4     4  110.       0.629      0.02500   
 110    41   1     0     4     4  110.       0.654      0.02500   
 110    42   1     0     4     4  110.       0.679      0.02500   
 110    43   1     0     3     3  110.       0.704      0.02500   
 110    44   1     0     3     3  110.       0.729      0.02500   
 110    45   1     0    10    10  110.       0.754      0.02500   
 110    46   1     0     8     8  110.       0.779      0.02500   
 110    47   1     0     6     6  110.       0.804      0.02500   
 110    48   1     0     5     5  110.       0.829      0.02500   
 110    49   1     0    10    10  110.       0.854      0.02500   
 110    50   1     0    10    10  110.       0.879      0.02500   
 110    51   1     0    10    10  110.       0.904      0.02500   
 110    52   1     0    10    10  110.       0.929      0.02500   
 110    53   1     0     7     7  110.       0.954      0.02500   
 110    54   1     0     6     6  110.       0.979      0.02500   
 110    55   1     0     9     9  110.       1.00       0.02062   
 111     1   1     0    10    10  110.       0.00500    0.005000  
 111     2   1     0    10    10  110.       0.0100     0.005000  
 111     3   1     0    10    10  110.       0.0150     0.005000  
 111     4   1     0     7     7  110.       0.0200     0.005000  
 111     5   1     0     7     7  110.       0.0250     0.005000  
 111     6   1     0     5     5  110.       0.0300     0.005000  
 111     7   1     0     3     3  110.       0.0350     0.005000  
 111     8   1     0     2     2  110.       0.0400     0.005000  
 111     9   1     0     8     8  110.       0.0475     0.007500  
 111    10   1     0     2     2  110.       0.0550     0.007500  
 111    11   1     0     4     4  110.       0.0625     0.007500  
 111    12   1     0     9     9  110.       0.0737     0.01125   
 111    13   1     0     5     5  110.       0.0850     0.01125   
 111    14   1     0     4     4  110.       0.0962     0.01125   
 111    15   1     0     3     3  110.       0.107      0.01125   
 111    16   1     0     9     9  110.       0.124      0.01688   
 111    17   1     0     4     4  110.       0.141      0.01688   
 111    18   1     0     4     4  110.       0.158      0.01688   
 111    19   1     0     7     7  110.       0.183      0.02500   
 111    20   1     0     5     5  110.       0.208      0.02500   
 111    21   1     0     5     5  110.       0.233      0.02500   
 111    22   1     0    10    10  110.       0.258      0.02500   
 111    23   1     0     6     6  110.       0.283      0.02500   
 111    24   1     0     1     1  110.       0.308      0.02500   
 111    25   1     0    10    10  110.       0.333      0.02500   
 111    26   1     0    10    10  110.       0.358      0.02500   
 111    27   1     0    12    12  110.       0.383      0.02500   
 111    28   1     0    10    10  110.       0.402      0.01875   
 111    29   1     0    10    10  110.       0.421      0.01875   
 111    30   1     0     9     9  110.       0.439      0.01875   
 111    31   1     0     7     7  110.       0.458      0.01875   
 111    32   1     0     6     6  110.       0.477      0.01875   
 111    33   1     0     5     5  110.       0.496      0.01875   
 111    34   1     0     5     5  111.       0.514      0.01875   
 111    35   1     0     4     4  111.       0.533      0.01875   
 111    36   1     0     4     4  111.       0.552      0.01875   
 111    37   1     0     8     8  111.       0.577      0.02500   
 111    38   1     0     5     5  111.       0.602      0.02500   
 111    39   1     0     4     4  111.       0.627      0.02500   
 111    40   1     0     4     4  111.       0.652      0.02500   
 111    41   1     0     4     4  111.       0.677      0.02500   
 111    42   1     0     3     3  111.       0.702      0.02500   
 111    43   1     0     3     3  111.       0.727      0.02500   
 111    44   1     0     9     9  111.       0.752      0.02500   
 111    45   1     0     7     7  111.       0.777      0.02500   
 111    46   1     0     6     6  111.       0.802      0.02500   
 111    47   1     0     4     4  111.       0.827      0.02500   
 111    48   1     0    10    10  111.       0.852      0.02500   
 111    49   1     0    10    10  111.       0.877      0.02500   
 111    50   1     0    10    10  111.       0.902      0.02500   
 111    51   1     0    10    10  111.       0.927      0.02500   
 111    52   1     0     7     7  111.       0.952      0.02500   
 111    53   1     0     6     6  111.       0.977      0.02500   
 111    54   1     0     6     6  111.       1.00       0.02312   
 112     1   1     0    11    11  111.       0.00500    0.005000  
 112     2   1     0     8     8  111.       0.00875    0.003750  
 112     3   1     0    10    10  111.       0.0125     0.003750  
 112     4   1     0     8     8  111.       0.0163     0.003750  
 112     5   1     0     8     8  111.       0.0200     0.003750  
 112     6   1     0     5     5  111.       0.0238     0.003750  
 112     7   1     0     3     3  111.       0.0275     0.003750  
 112     8   1     0     2     2  111.       0.0312     0.003750  
 112     9   1     0     7     7  111.       0.0369     0.005625  
 112    10   1     0     1     1  111.       0.0425     0.005625  
 112    11   1     0     3     3  111.       0.0481     0.005625  
 112    12   1     0     4     4  111.       0.0566     0.008438  
 112    13   1     0     7     7  111.       0.0692     0.01266   
 112    14   1     0     5     5  111.       0.0819     0.01266   
 112    15   1     0     6     6  111.       0.0945     0.01266   
 112    16   1     0     4     4  111.       0.107      0.01266   
 112    17   1     0     3     3  111.       0.120      0.01266   
 112    18   1     0     8     8  111.       0.139      0.01898   
 112    19   1     0     4     4  111.       0.158      0.01898   
 112    20   1     0     4     4  111.       0.177      0.01898   
 112    21   1     0     7     7  111.       0.202      0.02500   
 112    22   1     0     6     6  111.       0.227      0.02500   
 112    23   1     0     7     7  111.       0.252      0.02500   
 112    24   1     0     5     5  111.       0.277      0.02500   
 112    25   1     0     1     1  111.       0.302      0.02500   
 112    26   1     0    10    10  111.       0.327      0.02500   
 112    27   1     0    10    10  111.       0.352      0.02500   
 112    28   1     0    12    12  111.       0.377      0.02500   
 112    29   1     0    10    10  111.       0.396      0.01875   
 112    30   1     0    10    10  111.       0.414      0.01875   
 112    31   1     0     9     9  111.       0.433      0.01875   
 112    32   1     0     7     7  111.       0.452      0.01875   
 112    33   1     0     6     6  111.       0.471      0.01875   
 112    34   1     0     5     5  111.       0.489      0.01875   
 112    35   1     0     5     5  112.       0.508      0.01875   
 112    36   1     0     4     4  112.       0.527      0.01875   
 112    37   1     0     4     4  112.       0.546      0.01875   
 112    38   1     0     8     8  112.       0.571      0.02500   
 112    39   1     0     5     5  112.       0.596      0.02500   
 112    40   1     0     4     4  112.       0.621      0.02500   
 112    41   1     0     4     4  112.       0.646      0.02500   
 112    42   1     0     4     4  112.       0.671      0.02500   
 112    43   1     0     4     4  112.       0.696      0.02500   
 112    44   1     0     3     3  112.       0.721      0.02500   
 112    45   1     0     3     3  112.       0.746      0.02500   
 112    46   1     0     9     9  112.       0.771      0.02500   
 112    47   1     0     8     8  112.       0.796      0.02500   
 112    48   1     0     4     4  112.       0.821      0.02500   
 112    49   1     0    10    10  112.       0.846      0.02500   
 112    50   1     0    11    11  112.       0.871      0.02500   
 112    51   1     0    10    10  112.       0.889      0.01875   
 112    52   1     0    10    10  112.       0.908      0.01875   
 112    53   1     0    10    10  112.       0.927      0.01875   
 112    54   1     0     7     7  112.       0.946      0.01875   
 112    55   1     0     7     7  112.       0.964      0.01875   
 112    56   1     0     7     7  112.       0.983      0.01875   
 112    57   1     0     8     8  112.       1.00       0.01695   
 113     1   1     0    10    10  112.       0.00500    0.005000  
 113     2   1     0     8     8  112.       0.0100     0.005000  
 113     3   1     0     7     7  112.       0.0150     0.005000  
 113     4   1     0     7     7  112.       0.0200     0.005000  
 113     5   1     0     5     5  112.       0.0250     0.005000  
 113     6   1     0     2     2  112.       0.0300     0.005000  
 113     7   1     0     1     1  112.       0.0350     0.005000  
 113     8   1     0     8     8  112.       0.0425     0.007500  
 113     9   1     0     2     2  112.       0.0500     0.007500  
 113    10   1     0     4     4  112.       0.0575     0.007500  
 113    11   1U    0     5     5  112.       0.0575     0.01125   
 113    11   2     0    10    10  112.       0.0603     0.002812  
 113    12   1     0     3     3  112.       0.0631     0.002812  
 113    13   1     0     5     5  112.       0.0659     0.002812  
 113    14   1     0     4     4  112.       0.0687     0.002812  
 113    15   1     0     3     3  112.       0.0716     0.002812  
 113    16   1     0     7     7  112.       0.0758     0.004219  
 113    17   1     0     1     1  112.       0.0800     0.004219  
 113    18   1     0     1     1  112.       0.0842     0.004219  
 113    19   1     0     5     5  112.       0.0905     0.006328  
 113    20   1     0     2     2  112.       0.0969     0.006328  
 113    21   1     0     1     1  112.       0.103      0.006328  
 113    22   1     0     4     4  112.       0.113      0.009492  
 113    23   1     0     7     7  112.       0.127      0.01424   
 113    24   1     0     5     5  112.       0.141      0.01424   
 113    25   1     0     5     5  112.       0.155      0.01424   
 113    26   1     0     3     3  112.       0.170      0.01424   
 113    27   1     0     2     2  112.       0.184      0.01424   
 113    28   1     0     7     7  112.       0.205      0.02136   
 113    29   1     0     4     4  112.       0.227      0.02136   
 113    30   1     0     4     4  112.       0.248      0.02136   
 113    31   1     0     6     6  112.       0.273      0.02500   
 113    32   1     0     1     1  112.       0.298      0.02500   
 113    33   1     0    10    10  112.       0.323      0.02500   
 113    34   1     0    10    10  112.       0.348      0.02500   
 113    35   1     0    12    12  112.       0.373      0.02500   
 113    36   1     0    11    11  112.       0.392      0.01875   
 113    37   1     0    10    10  112.       0.406      0.01406   
 113    38   1     0     8     8  112.       0.420      0.01406   
 113    39   1     0     7     7  112.       0.434      0.01406   
 113    40   1     0     6     6  112.       0.448      0.01406   
 113    41   1     0     6     6  112.       0.462      0.01406   
 113    42   1     0     6     6  112.       0.476      0.01406   
 113    43   1     0     5     5  112.       0.490      0.01406   
 113    44   1     0     5     5  113.       0.504      0.01406   
 113    45   1     0     5     5  113.       0.518      0.01406   
 113    46   1     0     4     4  113.       0.532      0.01406   
 113    47   1     0     4     4  113.       0.546      0.01406   
 113    48   1     0     9     9  113.       0.567      0.02109   
 113    49   1     0     6     6  113.       0.589      0.02109   
 113    50   1     0     4     4  113.       0.610      0.02109   
 113    51   1     0     4     4  113.       0.631      0.02109   
 113    52   1     0     6     6  113.       0.656      0.02500   
 113    53   1     0     5     5  113.       0.681      0.02500   
 113    54   1     0     4     4  113.       0.706      0.02500   
 113    55   1     0     4     4  113.       0.731      0.02500   
 113    56   1     0    10    10  113.       0.756      0.02500   
 113    57   1     0     8     8  113.       0.781      0.02500   
 113    58   1     0     5     5  113.       0.806      0.02500   
 113    59   1     0     6     6  113.       0.831      0.02500   
 113    60   1     0    10    10  113.       0.856      0.02500   
 113    61   1     0    10    10  113.       0.881      0.02500   
 113    62   1     0    10    10  113.       0.906      0.02500   
 113    63   1     0    10    10  113.       0.931      0.02500   
 113    64   1     0     6     6  113.       0.956      0.02500   
 113    65   1     0     6     6  113.       0.981      0.02500   
 113    66   1     0     9     9  113.       1.00       0.01923   
 114     1   1     0    11    11  113.       0.00500    0.005000  
 114     2   1     0     8     8  113.       0.00875    0.003750  
 114     3   1     0    10    10  113.       0.0125     0.003750  
 114     4   1     0     8     8  113.       0.0163     0.003750  
 114     5   1     0     8     8  113.       0.0200     0.003750  
 114     6   1     0     5     5  113.       0.0238     0.003750  
 114     7   1     0     4     4  113.       0.0275     0.003750  
 114     8   1     0     2     2  113.       0.0312     0.003750  
 114     9   1     0     7     7  113.       0.0369     0.005625  
 114    10   1     0     1     1  113.       0.0425     0.005625  
 114    11   1     0     3     3  113.       0.0481     0.005625  
 114    12   1     0     5     5  113.       0.0566     0.008438  
 114    13   1     0     2     2  113.       0.0650     0.008438  
 114    14   1     0     4     4  113.       0.0734     0.008438  
 114    15   1     0     8     8  113.       0.0861     0.01266   
 114    16   1     0     4     4  113.       0.0988     0.01266   
 114    17   1     0     5     5  113.       0.111      0.01266   
 114    18   1     0     3     3  113.       0.124      0.01266   
 114    19   1     0     2     2  113.       0.137      0.01266   
 114    20   1     0     9     9  113.       0.156      0.01898   
 114    21   1     0     5     5  113.       0.175      0.01898   
 114    22   1     0     4     4  113.       0.194      0.01898   
 114    23   1     0     2     2  113.       0.213      0.01898   
 114    24   1     0     7     7  113.       0.238      0.02500   
 114    25   1     0    13    13  113.       0.263      0.02500   
 114    26   1     0     6     6  113.       0.281      0.01875   
 114    27   1     0     1     1  113.       0.300      0.01875   
 114    28   1     0     8     8  113.       0.319      0.01875   
 114    29   1     0    10    10  113.       0.338      0.01875   
 114    30   1     0    10    10  113.       0.356      0.01875   
 114    31   1     0    13    13  113.       0.375      0.01875   
 114    32   1     0    11    11  113.       0.389      0.01406   
 114    33   1     0    10    10  113.       0.400      0.01055   
 114    34   1     0    10    10  113.       0.410      0.01055   
 114    35   1     0     8     8  113.       0.421      0.01055   
 114    36   1     0     6     6  113.       0.431      0.01055   
 114    37   1     0     7     7  113.       0.442      0.01055   
 114    38   1     0     6     6  113.       0.453      0.01055   
 114    39   1     0     5     5  113.       0.463      0.01055   
 114    40   1     0     6     6  113.       0.474      0.01055   
 114    41   1     0     6     6  113.       0.484      0.01055   
 114    42   1     0     5     5  113.       0.495      0.01055   
 114    43   1     0     5     5  114.       0.505      0.01055   
 114    44   1     0     5     5  114.       0.516      0.01055   
 114    45   1     0     4     4  114.       0.526      0.01055   
 114    46   1     0     3     3  114.       0.537      0.01055   
 114    47   1     0    10    10  114.       0.553      0.01582   
 114    48   1     0     7     7  114.       0.569      0.01582   
 114    49   1     0     6     6  114.       0.584      0.01582   
 114    50   1     0     4     4  114.       0.600      0.01582   
 114    51   1     0     3     3  114.       0.616      0.01582   
 114    52   1     0     8     8  114.       0.640      0.02373   
 114    53   1     0     6     6  114.       0.663      0.02373   
 114    54   1     0     5     5  114.       0.687      0.02373   
 114    55   1     0     4     4  114.       0.711      0.02373   
 114    56   1     0     4     4  114.       0.735      0.02373   
 114    57   1     0    10    10  114.       0.760      0.02500   
 114    58   1     0     8     8  114.       0.785      0.02500   
 114    59   1     0     4     4  114.       0.810      0.02500   
 114    60   1     0     9     9  114.       0.835      0.02500   
 114    61   1     0    10    10  114.       0.860      0.02500   
 114    62   1     0    11    11  114.       0.885      0.02500   
 114    63   1     0    10    10  114.       0.903      0.01875   
 114    64   1     0    10    10  114.       0.922      0.01875   
 114    65   1     0     8     8  114.       0.941      0.01875   
 114    66   1     0     8     8  114.       0.960      0.01875   
 114    67   1     0     6     6  114.       0.978      0.01875   
 114    68   1     0     6     6  114.       0.997      0.01875   
 114    69   1     0    10    10  114.       1.00       0.002871  
 115     1   1     0    10    10  114.       0.00500    0.005000  
 115     2   1     0     8     8  114.       0.0100     0.005000  
 115     3   1     0     9     9  114.       0.0150     0.005000  
 115     4   1     0     7     7  114.       0.0200     0.005000  
 115     5   1     0     5     5  114.       0.0250     0.005000  
 115     6   1     0     4     4  114.       0.0300     0.005000  
 115     7   1     0     7     7  114.       0.0350     0.005000  
 115     8   1     0     5     5  114.       0.0400     0.005000  
 115     9   1     0     5     5  114.       0.0450     0.005000  
 115    10   1     0     4     4  114.       0.0500     0.005000  
 115    11   1     0     3     3  114.       0.0550     0.005000  
 115    12   1     0     9     9  114.       0.0625     0.007500  
 115    13   1     0     2     2  114.       0.0700     0.007500  
 115    14   1     0     3     3  114.       0.0775     0.007500  
 115    15   1     0     8     8  114.       0.0887     0.01125   
 115    16   1     0     4     4  114.       0.100      0.01125   
 115    17   1     0     5     5  114.       0.111      0.01125   
 115    18   1     0     3     3  114.       0.122      0.01125   
 115    19   1     0     3     3  114.       0.134      0.01125   
 115    20   1     0     9     9  114.       0.151      0.01688   
 115    21   1     0     4     4  114.       0.167      0.01688   
 115    22   1     0     4     4  114.       0.184      0.01688   
 115    23   1     0     7     7  114.       0.209      0.02500   
 115    24   1     0     5     5  114.       0.234      0.02500   
 115    25   1     0    10    10  114.       0.259      0.02500   
 115    26   1     0     6     6  114.       0.284      0.02500   
 115    27   1     0     3     3  114.       0.309      0.02500   
 115    28   1     0    10    10  114.       0.334      0.02500   
 115    29   1     0    10    10  114.       0.359      0.02500   
 115    30   1     0    11    11  114.       0.384      0.02500   
 115    31   1     0    10    10  114.       0.403      0.01875   
 115    32   1     0    10    10  114.       0.422      0.01875   
 115    33   1     0     9     9  114.       0.441      0.01875   
 115    34   1     0     7     7  114.       0.459      0.01875   
 115    35   1     0     6     6  114.       0.478      0.01875   
 115    36   1     0     5     5  114.       0.497      0.01875   
 115    37   1     0     5     5  115.       0.516      0.01875   
 115    38   1     0     4     4  115.       0.534      0.01875   
 115    39   1     0     4     4  115.       0.553      0.01875   
 115    40   1     0     8     8  115.       0.578      0.02500   
 115    41   1     0     5     5  115.       0.603      0.02500   
 115    42   1     0     4     4  115.       0.628      0.02500   
 115    43   1     0     4     4  115.       0.653      0.02500   
 115    44   1     0     4     4  115.       0.678      0.02500   
 115    45   1     0     3     3  115.       0.703      0.02500   
 115    46   1     0     3     3  115.       0.728      0.02500   
 115    47   1     0    10    10  115.       0.753      0.02500   
 115    48   1     0     8     8  115.       0.778      0.02500   
 115    49   1     0     6     6  115.       0.803      0.02500   
 115    50   1     0     5     5  115.       0.828      0.02500   
 115    51   1     0    10    10  115.       0.853      0.02500   
 115    52   1     0    10    10  115.       0.878      0.02500   
 115    53   1     0    10    10  115.       0.903      0.02500   
 115    54   1     0    10    10  115.       0.928      0.02500   
 115    55   1     0     7     7  115.       0.953      0.02500   
 115    56   1     0     6     6  115.       0.978      0.02500   
 115    57   1     0     7     7  115.       1.00       0.02187   
 116     1   1     0    10    10  115.       0.00500    0.005000  
 116     2   1     0    10    10  115.       0.0100     0.005000  
 116     3   1     0    10    10  115.       0.0150     0.005000  
 116     4   1     0     7     7  115.       0.0200     0.005000  
 116     5   1     0     7     7  115.       0.0250     0.005000  
 116     6   1     0     6     6  115.       0.0300     0.005000  
 116     7   1     0     5     5  115.       0.0350     0.005000  
 116     8   1     0     2     2  115.       0.0400     0.005000  
 116     9   1     0     1     1  115.       0.0450     0.005000  
 116    10   1     0     8     8  115.       0.0525     0.007500  
 116    11   1     0     2     2  115.       0.0600     0.007500  
 116    12   1     0     4     4  115.       0.0675     0.007500  
 116    13   1     0     9     9  115.       0.0788     0.01125   
 116    14   1     0     4     4  115.       0.0900     0.01125   
 116    15   1     0     4     4  115.       0.101      0.01125   
 116    16   1     0     9     9  115.       0.118      0.01688   
 116    17   1     0     4     4  115.       0.135      0.01688   
 116    18   1     0     5     5  115.       0.152      0.01688   
 116    19   1     0     3     3  115.       0.169      0.01688   
 116    20   1     0     2     2  115.       0.186      0.01688   
 116    21   1     0     7     7  115.       0.211      0.02500   
 116    22   1     0     6     6  115.       0.236      0.02500   
 116    23   1     0    10    10  115.       0.261      0.02500   
 116    24   1     0     6     6  115.       0.286      0.02500   
 116    25   1     0     3     3  115.       0.311      0.02500   
 116    26   1     0    10    10  115.       0.336      0.02500   
 116    27   1     0    10    10  115.       0.361      0.02500   
 116    28   1     0    11    11  115.       0.386      0.02500   
 116    29   1     0    10    10  115.       0.404      0.01875   
 116    30   1     0    10    10  115.       0.423      0.01875   
 116    31   1     0     9     9  115.       0.442      0.01875   
 116    32   1     0     7     7  115.       0.461      0.01875   
 116    33   1     0     6     6  115.       0.479      0.01875   
 116    34   1     0     5     5  115.       0.498      0.01875   
 116    35   1     0     5     5  116.       0.517      0.01875   
 116    36   1     0     4     4  116.       0.536      0.01875   
 116    37   1     0     4     4  116.       0.554      0.01875   
 116    38   1     0     8     8  116.       0.579      0.02500   
 116    39   1     0     5     5  116.       0.604      0.02500   
 116    40   1     0     4     4  116.       0.629      0.02500   
 116    41   1     0     4     4  116.       0.654      0.02500   
 116    42   1     0     4     4  116.       0.679      0.02500   
 116    43   1     0     3     3  116.       0.704      0.02500   
 116    44   1     0     3     3  116.       0.729      0.02500   
 116    45   1     0    10    10  116.       0.754      0.02500   
 116    46   1     0     7     7  116.       0.779      0.02500   
 116    47   1     0     6     6  116.       0.804      0.02500   
 116    48   1     0     5     5  116.       0.829      0.02500   
 116    49   1     0    10    10  116.       0.854      0.02500   
 116    50   1     0    10    10  116.       0.879      0.02500   
 116    51   1     0    10    10  116.       0.904      0.02500   
 116    52   1     0    10    10  116.       0.929      0.02500   
 116    53   1     0     7     7  116.       0.954      0.02500   
 116    54   1     0     6     6  116.       0.979      0.02500   
 116    55   1     0     9     9  116.       1.00       0.02062   
 117     1   1     0    10    10  116.       0.00500    0.005000  
 117     2   1     0    10    10  116.       0.0100     0.005000  
 117     3   1     0     9     9  116.       0.0150     0.005000  
 117     4   1     0     7     7  116.       0.0200     0.005000  
 117     5   1     0     7     7  116.       0.0250     0.005000  
 117     6   1     0     5     5  116.       0.0300     0.005000  
 117     7   1     0     3     3  116.       0.0350     0.005000  
 117     8   1     0     1     1  116.       0.0400     0.005000  
 117     9   1     0     8     8  116.       0.0475     0.007500  
 117    10   1     0     2     2  116.       0.0550     0.007500  
 117    11   1     0     4     4  116.       0.0625     0.007500  
 117    12   1     0     9     9  116.       0.0737     0.01125   
 117    13   1     0     5     5  116.       0.0850     0.01125   
 117    14   1     0     4     4  116.       0.0962     0.01125   
 117    15   1     0     3     3  116.       0.107      0.01125   
 117    16   1     0     9     9  116.       0.124      0.01688   
 117    17   1     0     4     4  116.       0.141      0.01688   
 117    18   1     0     4     4  116.       0.158      0.01688   
 117    19   1     0     7     7  116.       0.183      0.02500   
 117    20   1     0     5     5  116.       0.208      0.02500   
 117    21   1     0     5     5  116.       0.233      0.02500   
 117    22   1     0    10    10  116.       0.258      0.02500   
 117    23   1     0     6     6  116.       0.283      0.02500   
 117    24   1     0     1     1  116.       0.308      0.02500   
 117    25   1     0    10    10  116.       0.333      0.02500   
 117    26   1     0    10    10  116.       0.358      0.02500   
 117    27   1     0    12    12  116.       0.383      0.02500   
 117    28   1     0    10    10  116.       0.402      0.01875   
 117    29   1     0    10    10  116.       0.421      0.01875   
 117    30   1     0     9     9  116.       0.439      0.01875   
 117    31   1     0     7     7  116.       0.458      0.01875   
 117    32   1     0     5     5  116.       0.477      0.01875   
 117    33   1     0     5     5  116.       0.496      0.01875   
 117    34   1     0     5     5  117.       0.514      0.01875   
 117    35   1     0     4     4  117.       0.533      0.01875   
 117    36   1     0     4     4  117.       0.552      0.01875   
 117    37   1     0     8     8  117.       0.577      0.02500   
 117    38   1     0     5     5  117.       0.602      0.02500   
 117    39   1     0     4     4  117.       0.627      0.02500   
 117    40   1     0     4     4  117.       0.652      0.02500   
 117    41   1     0     4     4  117.       0.677      0.02500   
 117    42   1     0     3     3  117.       0.702      0.02500   
 117    43   1     0     3     3  117.       0.727      0.02500   
 117    44   1     0     9     9  117.       0.752      0.02500   
 117    45   1     0     7     7  117.       0.777      0.02500   
 117    46   1     0     6     6  117.       0.802      0.02500   
 117    47   1     0     4     4  117.       0.827      0.02500   
 117    48   1     0    10    10  117.       0.852      0.02500   
 117    49   1     0    10    10  117.       0.877      0.02500   
 117    50   1     0    10    10  117.       0.902      0.02500   
 117    51   1     0    10    10  117.       0.927      0.02500   
 117    52   1     0     7     7  117.       0.952      0.02500   
 117    53   1     0     6     6  117.       0.977      0.02500   
 117    54   1     0     6     6  117.       1.00       0.02312   
 118     1   1     0    10    10  117.       0.00500    0.005000  
 118     2   1     0    10    10  117.       0.0100     0.005000  
 118     3   1     0    10    10  117.       0.0150     0.005000  
 118     4   1     0     7     7  117.       0.0200     0.005000  
 118     5   1     0     7     7  117.       0.0250     0.005000  
 118     6   1     0     6     6  117.       0.0300     0.005000  
 118     7   1     0     3     3  117.       0.0350     0.005000  
 118     8   1     0     2     2  117.       0.0400     0.005000  
 118     9   1     0     8     8  117.       0.0475     0.007500  
 118    10   1     0     2     2  117.       0.0550     0.007500  
 118    11   1     0     4     4  117.       0.0625     0.007500  
 118    12   1     0     9     9  117.       0.0737     0.01125   
 118    13   1     0     5     5  117.       0.0850     0.01125   
 118    14   1     0     4     4  117.       0.0962     0.01125   
 118    15   1     0     3     3  117.       0.107      0.01125   
 118    16   1     0     9     9  117.       0.124      0.01688   
 118    17   1     0     4     4  117.       0.141      0.01688   
 118    18   1     0     4     4  117.       0.158      0.01688   
 118    19   1     0     7     7  117.       0.183      0.02500   
 118    20   1     0     5     5  117.       0.208      0.02500   
 118    21   1     0     5     5  117.       0.233      0.02500   
 118    22   1     0    10    10  117.       0.258      0.02500   
 118    23   1     0     6     6  117.       0.283      0.02500   
 118    24   1     0     2     2  117.       0.308      0.02500   
 118    25   1     0    10    10  117.       0.333      0.02500   
 118    26   1     0    10    10  117.       0.358      0.02500   
 118    27   1     0    12    12  117.       0.383      0.02500   
 118    28   1     0    10    10  117.       0.402      0.01875   
 118    29   1     0    10    10  117.       0.421      0.01875   
 118    30   1     0     9     9  117.       0.439      0.01875   
 118    31   1     0     7     7  117.       0.458      0.01875   
 118    32   1     0     5     5  117.       0.477      0.01875   
 118    33   1     0     5     5  117.       0.496      0.01875   
 118    34   1     0     5     5  118.       0.514      0.01875   
 118    35   1     0     4     4  118.       0.533      0.01875   
 118    36   1     0     4     4  118.       0.552      0.01875   
 118    37   1     0     8     8  118.       0.577      0.02500   
 118    38   1     0     5     5  118.       0.602      0.02500   
 118    39   1     0     4     4  118.       0.627      0.02500   
 118    40   1     0     4     4  118.       0.652      0.02500   
 118    41   1     0     4     4  118.       0.677      0.02500   
 118    42   1     0     3     3  118.       0.702      0.02500   
 118    43   1     0     3     3  118.       0.727      0.02500   
 118    44   1     0     9     9  118.       0.752      0.02500   
 118    45   1     0     7     7  118.       0.777      0.02500   
 118    46   1     0     6     6  118.       0.802      0.02500   
 118    47   1     0     4     4  118.       0.827      0.02500   
 118    48   1     0    10    10  118.       0.852      0.02500   
 118    49   1     0    10    10  118.       0.877      0.02500   
 118    50   1     0    10    10  118.       0.902      0.02500   
 118    51   1     0    10    10  118.       0.927      0.02500   
 118    52   1     0     7     7  118.       0.952      0.02500   
 118    53   1     0     6     6  118.       0.977      0.02500   
 118    54   1     0     6     6  118.       1.00       0.02312   
 119     1   1     0    10    10  118.       0.00500    0.005000  
 119     2   1     0    10    10  118.       0.0100     0.005000  
 119     3   1     0    10    10  118.       0.0150     0.005000  
 119     4   1     0     7     7  118.       0.0200     0.005000  
 119     5   1     0     7     7  118.       0.0250     0.005000  
 119     6   1     0     6     6  118.       0.0300     0.005000  
 119     7   1     0     3     3  118.       0.0350     0.005000  
 119     8   1     0     2     2  118.       0.0400     0.005000  
 119     9   1     0     8     8  118.       0.0475     0.007500  
 119    10   1     0     2     2  118.       0.0550     0.007500  
 119    11   1     0     4     4  118.       0.0625     0.007500  
 119    12   1     0     9     9  118.       0.0737     0.01125   
 119    13   1     0     5     5  118.       0.0850     0.01125   
 119    14   1     0     4     4  118.       0.0962     0.01125   
 119    15   1     0     3     3  118.       0.107      0.01125   
 119    16   1     0     9     9  118.       0.124      0.01688   
 119    17   1     0     4     4  118.       0.141      0.01688   
 119    18   1     0     4     4  118.       0.158      0.01688   
 119    19   1     0     7     7  118.       0.183      0.02500   
 119    20   1     0     5     5  118.       0.208      0.02500   
 119    21   1     0     5     5  118.       0.233      0.02500   
 119    22   1     0    10    10  118.       0.258      0.02500   
 119    23   1     0     6     6  118.       0.283      0.02500   
 119    24   1     0     2     2  118.       0.308      0.02500   
 119    25   1     0    10    10  118.       0.333      0.02500   
 119    26   1     0    10    10  118.       0.358      0.02500   
 119    27   1     0    12    12  118.       0.383      0.02500   
 119    28   1     0    10    10  118.       0.402      0.01875   
 119    29   1     0    10    10  118.       0.421      0.01875   
 119    30   1     0     9     9  118.       0.439      0.01875   
 119    31   1     0     7     7  118.       0.458      0.01875   
 119    32   1     0     5     5  118.       0.477      0.01875   
 119    33   1     0     5     5  118.       0.496      0.01875   
 119    34   1     0     5     5  119.       0.514      0.01875   
 119    35   1     0     4     4  119.       0.533      0.01875   
 119    36   1     0     4     4  119.       0.552      0.01875   
 119    37   1     0     8     8  119.       0.577      0.02500   
 119    38   1     0     5     5  119.       0.602      0.02500   
 119    39   1     0     4     4  119.       0.627      0.02500   
 119    40   1     0     4     4  119.       0.652      0.02500   
 119    41   1     0     4     4  119.       0.677      0.02500   
 119    42   1     0     3     3  119.       0.702      0.02500   
 119    43   1     0     3     3  119.       0.727      0.02500   
 119    44   1     0     9     9  119.       0.752      0.02500   
 119    45   1     0     7     7  119.       0.777      0.02500   
 119    46   1     0     6     6  119.       0.802      0.02500   
 119    47   1     0     4     4  119.       0.827      0.02500   
 119    48   1     0    10    10  119.       0.852      0.02500   
 119    49   1     0    10    10  119.       0.877      0.02500   
 119    50   1     0    10    10  119.       0.902      0.02500   
 119    51   1     0    10    10  119.       0.927      0.02500   
 119    52   1     0     7     7  119.       0.952      0.02500   
 119    53   1     0     6     6  119.       0.977      0.02500   
 119    54   1     0     6     6  119.       1.00       0.02312   
 120     1   1     0    10    10  119.       0.00500    0.005000  
 120     2   1     0    10    10  119.       0.0100     0.005000  
 120     3   1     0    10    10  119.       0.0150     0.005000  
 120     4   1     0     7     7  119.       0.0200     0.005000  
 120     5   1     0     7     7  119.       0.0250     0.005000  
 120     6   1     0     6     6  119.       0.0300     0.005000  
 120     7   1     0     3     3  119.       0.0350     0.005000  
 120     8   1     0     2     2  119.       0.0400     0.005000  
 120     9   1     0     8     8  119.       0.0475     0.007500  
 120    10   1     0     2     2  119.       0.0550     0.007500  
 120    11   1     0     4     4  119.       0.0625     0.007500  
 120    12   1     0     9     9  119.       0.0737     0.01125   
 120    13   1     0     5     5  119.       0.0850     0.01125   
 120    14   1     0     4     4  119.       0.0962     0.01125   
 120    15   1     0     3     3  119.       0.107      0.01125   
 120    16   1     0     9     9  119.       0.124      0.01688   
 120    17   1     0     4     4  119.       0.141      0.01688   
 120    18   1     0     4     4  119.       0.158      0.01688   
 120    19   1     0     7     7  119.       0.183      0.02500   
 120    20   1     0     5     5  119.       0.208      0.02500   
 120    21   1     0     5     5  119.       0.233      0.02500   
 120    22   1     0    10    10  119.       0.258      0.02500   
 120    23   1     0     6     6  119.       0.283      0.02500   
 120    24   1     0     2     2  119.       0.308      0.02500   
 120    25   1     0    10    10  119.       0.333      0.02500   
 120    26   1     0    10    10  119.       0.358      0.02500   
 120    27   1     0    12    12  119.       0.383      0.02500   
 120    28   1     0    10    10  119.       0.402      0.01875   
 120    29   1     0    10    10  119.       0.421      0.01875   
 120    30   1     0     9     9  119.       0.439      0.01875   
 120    31   1     0     7     7  119.       0.458      0.01875   
 120    32   1     0     5     5  119.       0.477      0.01875   
 120    33   1     0     5     5  119.       0.496      0.01875   
 120    34   1     0     5     5  120.       0.514      0.01875   
 120    35   1     0     4     4  120.       0.533      0.01875   
 120    36   1     0     4     4  120.       0.552      0.01875   
 120    37   1     0     8     8  120.       0.577      0.02500   
 120    38   1     0     5     5  120.       0.602      0.02500   
 120    39   1     0     4     4  120.       0.627      0.02500   
 120    40   1     0     4     4  120.       0.652      0.02500   
 120    41   1     0     4     4  120.       0.677      0.02500   
 120    42   1     0     3     3  120.       0.702      0.02500   
 120    43   1     0     3     3  120.       0.727      0.02500   
 120    44   1     0     9     9  120.       0.752      0.02500   
 120    45   1     0     7     7  120.       0.777      0.02500   
 120    46   1     0     6     6  120.       0.802      0.02500   
 120    47   1     0     4     4  120.       0.827      0.02500   
 120    48   1     0    10    10  120.       0.852      0.02500   
 120    49   1     0    10    10  120.       0.877      0.02500   
 120    50   1     0    10    10  120.       0.902      0.02500   
 120    51   1     0    10    10  120.       0.927      0.02500   
 120    52   1     0     7     7  120.       0.952      0.02500   
 120    53   1     0     6     6  120.       0.977      0.02500   
 120    54   1     0     6     6  120.       1.00       0.02312   
 121     1   1     0    10    10  120.       0.00500    0.005000  
 121     2   1     0    10    10  120.       0.0100     0.005000  
 121     3   1     0    10    10  120.       0.0150     0.005000  
 121     4   1     0     7     7  120.       0.0200     0.005000  
 121     5   1     0     7     7  120.       0.0250     0.005000  
 121     6   1     0     5     5  120.       0.0300     0.005000  
 121     7   1     0     4     4  120.       0.0350     0.005000  
 121     8   1     0     1     1  120.       0.0400     0.005000  
 121     9   1     0     8     8  120.       0.0475     0.007500  
 121    10   1     0     2     2  120.       0.0550     0.007500  
 121    11   1     0     4     4  120.       0.0625     0.007500  
 121    12   1     0     9     9  120.       0.0737     0.01125   
 121    13   1     0     5     5  120.       0.0850     0.01125   
 121    14   1     0     4     4  120.       0.0962     0.01125   
 121    15   1     0     3     3  120.       0.107      0.01125   
 121    16   1     0     9     9  120.       0.124      0.01688   
 121    17   1     0     4     4  120.       0.141      0.01688   
 121    18   1     0     4     4  120.       0.158      0.01688   
 121    19   1     0     7     7  120.       0.183      0.02500   
 121    20   1     0     5     5  120.       0.208      0.02500   
 121    21   1     0     5     5  120.       0.233      0.02500   
 121    22   1     0    10    10  120.       0.258      0.02500   
 121    23   1     0     6     6  120.       0.283      0.02500   
 121    24   1     0     2     2  120.       0.308      0.02500   
 121    25   1     0    10    10  120.       0.333      0.02500   
 121    26   1     0    10    10  120.       0.358      0.02500   
 121    27   1     0    12    12  120.       0.383      0.02500   
 121    28   1     0    10    10  120.       0.402      0.01875   
 121    29   1     0    10    10  120.       0.421      0.01875   
 121    30   1     0     9     9  120.       0.439      0.01875   
 121    31   1     0     7     7  120.       0.458      0.01875   
 121    32   1     0     5     5  120.       0.477      0.01875   
 121    33   1     0     5     5  120.       0.496      0.01875   
 121    34   1     0     5     5  121.       0.514      0.01875   
 121    35   1     0     4     4  121.       0.533      0.01875   
 121    36   1     0     4     4  121.       0.552      0.01875   
 121    37   1     0     8     8  121.       0.577      0.02500   
 121    38   1     0     5     5  121.       0.602      0.02500   
 121    39   1     0     4     4  121.       0.627      0.02500   
 121    40   1     0     4     4  121.       0.652      0.02500   
 121    41   1     0     4     4  121.       0.677      0.02500   
 121    42   1     0     3     3  121.       0.702      0.02500   
 121    43   1     0     3     3  121.       0.727      0.02500   
 121    44   1     0     9     9  121.       0.752      0.02500   
 121    45   1     0     7     7  121.       0.777      0.02500   
 121    46   1     0     6     6  121.       0.802      0.02500   
 121    47   1     0     4     4  121.       0.827      0.02500   
 121    48   1     0    10    10  121.       0.852      0.02500   
 121    49   1     0    10    10  121.       0.877      0.02500   
 121    50   1     0    10    10  121.       0.902      0.02500   
 121    51   1     0    10    10  121.       0.927      0.02500   
 121    52   1     0     7     7  121.       0.952      0.02500   
 121    53   1     0     6     6  121.       0.977      0.02500   
 121    54   1     0     6     6  121.       1.00       0.02312   
 122     1   1     0    10    10  121.       0.00500    0.005000  
 122     2   1     0    10    10  121.       0.0100     0.005000  
 122     3   1     0    10    10  121.       0.0150     0.005000  
 122     4   1     0     7     7  121.       0.0200     0.005000  
 122     5   1     0     7     7  121.       0.0250     0.005000  
 122     6   1     0     5     5  121.       0.0300     0.005000  
 122     7   1     0     4     4  121.       0.0350     0.005000  
 122     8   1     0     1     1  121.       0.0400     0.005000  
 122     9   1     0     8     8  121.       0.0475     0.007500  
 122    10   1     0     2     2  121.       0.0550     0.007500  
 122    11   1     0     4     4  121.       0.0625     0.007500  
 122    12   1     0     9     9  121.       0.0737     0.01125   
 122    13   1     0     5     5  121.       0.0850     0.01125   
 122    14   1     0     4     4  121.       0.0962     0.01125   
 122    15   1     0     3     3  121.       0.107      0.01125   
 122    16   1     0     9     9  121.       0.124      0.01688   
 122    17   1     0     4     4  121.       0.141      0.01688   
 122    18   1     0     4     4  121.       0.158      0.01688   
 122    19   1     0     7     7  121.       0.183      0.02500   
 122    20   1     0     5     5  121.       0.208      0.02500   
 122    21   1     0     5     5  121.       0.233      0.02500   
 122    22   1     0    10    10  121.       0.258      0.02500   
 122    23   1     0     6     6  121.       0.283      0.02500   
 122    24   1     0     2     2  121.       0.308      0.02500   
 122    25   1     0    10    10  121.       0.333      0.02500   
 122    26   1     0    10    10  121.       0.358      0.02500   
 122    27   1     0    12    12  121.       0.383      0.02500   
 122    28   1     0    10    10  121.       0.402      0.01875   
 122    29   1     0    10    10  121.       0.421      0.01875   
 122    30   1     0     9     9  121.       0.439      0.01875   
 122    31   1     0     7     7  121.       0.458      0.01875   
 122    32   1     0     5     5  121.       0.477      0.01875   
 122    33   1     0     5     5  121.       0.496      0.01875   
 122    34   1     0     5     5  122.       0.514      0.01875   
 122    35   1     0     4     4  122.       0.533      0.01875   
 122    36   1     0     4     4  122.       0.552      0.01875   
 122    37   1     0     8     8  122.       0.577      0.02500   
 122    38   1     0     5     5  122.       0.602      0.02500   
 122    39   1     0     4     4  122.       0.627      0.02500   
 122    40   1     0     4     4  122.       0.652      0.02500   
 122    41   1     0     4     4  122.       0.677      0.02500   
 122    42   1     0     3     3  122.       0.702      0.02500   
 122    43   1     0     3     3  122.       0.727      0.02500   
 122    44   1     0     9     9  122.       0.752      0.02500   
 122    45   1     0     7     7  122.       0.777      0.02500   
 122    46   1     0     6     6  122.       0.802      0.02500   
 122    47   1     0     4     4  122.       0.827      0.02500   
 122    48   1     0    10    10  122.       0.852      0.02500   
 122    49   1     0    10    10  122.       0.877      0.02500   
 122    50   1     0    10    10  122.       0.902      0.02500   
 122    51   1     0    10    10  122.       0.927      0.02500   
 122    52   1     0     7     7  122.       0.952      0.02500   
 122    53   1     0     6     6  122.       0.977      0.02500   
 122    54   1     0     6     6  122.       1.00       0.02312   
 123     1   1     0    10    10  122.       0.00500    0.005000  
 123     2   1     0    10    10  122.       0.0100     0.005000  
 123     3   1     0    10    10  122.       0.0150     0.005000  
 123     4   1     0     7     7  122.       0.0200     0.005000  
 123     5   1     0     7     7  122.       0.0250     0.005000  
 123     6   1     0     5     5  122.       0.0300     0.005000  
 123     7   1     0     4     4  122.       0.0350     0.005000  
 123     8   1     0     1     1  122.       0.0400     0.005000  
 123     9   1     0     8     8  122.       0.0475     0.007500  
 123    10   1     0     2     2  122.       0.0550     0.007500  
 123    11   1     0     4     4  122.       0.0625     0.007500  
 123    12   1     0     9     9  122.       0.0737     0.01125   
 123    13   1     0     5     5  122.       0.0850     0.01125   
 123    14   1     0     4     4  122.       0.0962     0.01125   
 123    15   1     0     3     3  122.       0.107      0.01125   
 123    16   1     0     9     9  122.       0.124      0.01688   
 123    17   1     0     4     4  122.       0.141      0.01688   
 123    18   1     0     4     4  122.       0.158      0.01688   
 123    19   1     0     7     7  122.       0.183      0.02500   
 123    20   1     0     5     5  122.       0.208      0.02500   
 123    21   1     0     5     5  122.       0.233      0.02500   
 123    22   1     0    10    10  122.       0.258      0.02500   
 123    23   1     0     6     6  122.       0.283      0.02500   
 123    24   1     0     2     2  122.       0.308      0.02500   
 123    25   1     0    10    10  122.       0.333      0.02500   
 123    26   1     0    10    10  122.       0.358      0.02500   
 123    27   1     0    12    12  122.       0.383      0.02500   
 123    28   1     0    10    10  122.       0.402      0.01875   
 123    29   1     0    10    10  122.       0.421      0.01875   
 123    30   1     0     9     9  122.       0.439      0.01875   
 123    31   1     0     7     7  122.       0.458      0.01875   
 123    32   1     0     5     5  122.       0.477      0.01875   
 123    33   1     0     5     5  122.       0.496      0.01875   
 123    34   1     0     5     5  123.       0.514      0.01875   
 123    35   1     0     4     4  123.       0.533      0.01875   
 123    36   1     0     4     4  123.       0.552      0.01875   
 123    37   1     0     8     8  123.       0.577      0.02500   
 123    38   1     0     5     5  123.       0.602      0.02500   
 123    39   1     0     4     4  123.       0.627      0.02500   
 123    40   1     0     4     4  123.       0.652      0.02500   
 123    41   1     0     4     4  123.       0.677      0.02500   
 123    42   1     0     3     3  123.       0.702      0.02500   
 123    43   1     0     3     3  123.       0.727      0.02500   
 123    44   1     0     9     9  123.       0.752      0.02500   
 123    45   1     0     7     7  123.       0.777      0.02500   
 123    46   1     0     6     6  123.       0.802      0.02500   
 123    47   1     0     4     4  123.       0.827      0.02500   
 123    48   1     0    10    10  123.       0.852      0.02500   
 123    49   1     0    10    10  123.       0.877      0.02500   
 123    50   1     0    10    10  123.       0.902      0.02500   
 123    51   1     0    10    10  123.       0.927      0.02500   
 123    52   1     0     7     7  123.       0.952      0.02500   
 123    53   1     0     6     6  123.       0.977      0.02500   
 123    54   1     0     6     6  123.       1.00       0.02312   
 124     1   1     0    10    10  123.       0.00500    0.005000  
 124     2   1     0    10    10  123.       0.0100     0.005000  
 124     3   1     0    10    10  123.       0.0150     0.005000  
 124     4   1     0     7     7  123.       0.0200     0.005000  
 124     5   1     0     7     7  123.       0.0250     0.005000  
 124     6   1     0     5     5  123.       0.0300     0.005000  
 124     7   1     0     4     4  123.       0.0350     0.005000  
 124     8   1     0     1     1  123.       0.0400     0.005000  
 124     9   1     0     8     8  123.       0.0475     0.007500  
 124    10   1     0     2     2  123.       0.0550     0.007500  
 124    11   1     0     4     4  123.       0.0625     0.007500  
 124    12   1     0     9     9  123.       0.0737     0.01125   
 124    13   1     0     5     5  123.       0.0850     0.01125   
 124    14   1     0     4     4  123.       0.0962     0.01125   
 124    15   1     0     3     3  123.       0.107      0.01125   
 124    16   1     0     9     9  123.       0.124      0.01688   
 124    17   1     0     4     4  123.       0.141      0.01688   
 124    18   1     0     4     4  123.       0.158      0.01688   
 124    19   1     0     7     7  123.       0.183      0.02500   
 124    20   1     0     5     5  123.       0.208      0.02500   
 124    21   1     0     5     5  123.       0.233      0.02500   
 124    22   1     0    10    10  123.       0.258      0.02500   
 124    23   1     0     6     6  123.       0.283      0.02500   
 124    24   1     0     2     2  123.       0.308      0.02500   
 124    25   1     0    10    10  123.       0.333      0.02500   
 124    26   1     0    10    10  123.       0.358      0.02500   
 124    27   1     0    12    12  123.       0.383      0.02500   
 124    28   1     0    10    10  123.       0.402      0.01875   
 124    29   1     0    10    10  123.       0.421      0.01875   
 124    30   1     0     9     9  123.       0.439      0.01875   
 124    31   1     0     7     7  123.       0.458      0.01875   
 124    32   1     0     5     5  123.       0.477      0.01875   
 124    33   1     0     5     5  123.       0.496      0.01875   
 124    34   1     0     5     5  124.       0.514      0.01875   
 124    35   1     0     4     4  124.       0.533      0.01875   
 124    36   1     0     4     4  124.       0.552      0.01875   
 124    37   1     0     8     8  124.       0.577      0.02500   
 124    38   1     0     5     5  124.       0.602      0.02500   
 124    39   1     0     4     4  124.       0.627      0.02500   
 124    40   1     0     4     4  124.       0.652      0.02500   
 124    41   1     0     4     4  124.       0.677      0.02500   
 124    42   1     0     3     3  124.       0.702      0.02500   
 124    43   1     0     3     3  124.       0.727      0.02500   
 124    44   1     0     9     9  124.       0.752      0.02500   
 124    45   1     0     7     7  124.       0.777      0.02500   
 124    46   1     0     6     6  124.       0.802      0.02500   
 124    47   1     0     4     4  124.       0.827      0.02500   
 124    48   1     0    10    10  124.       0.852      0.02500   
 124    49   1     0    10    10  124.       0.877      0.02500   
 124    50   1     0    10    10  124.       0.902      0.02500   
 124    51   1     0    10    10  124.       0.927      0.02500   
 124    52   1     0     7     7  124.       0.952      0.02500   
 124    53   1     0     6     6  124.       0.977      0.02500   
 124    54   1     0     6     6  124.       1.00       0.02312   
 125     1   1     0    10    10  124.       0.00500    0.005000  
 125     2   1     0    10    10  124.       0.0100     0.005000  
 125     3   1     0    10    10  124.       0.0150     0.005000  
 125     4   1     0     7     7  124.       0.0200     0.005000  
 125     5   1     0     7     7  124.       0.0250     0.005000  
 125     6   1     0     5     5  124.       0.0300     0.005000  
 125     7   1     0     4     4  124.       0.0350     0.005000  
 125     8   1     0     1     1  124.       0.0400     0.005000  
 125     9   1     0     8     8  124.       0.0475     0.007500  
 125    10   1     0     2     2  124.       0.0550     0.007500  
 125    11   1     0     4     4  124.       0.0625     0.007500  
 125    12   1     0     9     9  124.       0.0737     0.01125   
 125    13   1     0     5     5  124.       0.0850     0.01125   
 125    14   1     0     4     4  124.       0.0962     0.01125   
 125    15   1     0     3     3  124.       0.107      0.01125   
 125    16   1     0     9     9  124.       0.124      0.01688   
 125    17   1     0     4     4  124.       0.141      0.01688   
 125    18   1     0     4     4  124.       0.158      0.01688   
 125    19   1     0     7     7  124.       0.183      0.02500   
 125    20   1     0     5     5  124.       0.208      0.02500   
 125    21   1     0     5     5  124.       0.233      0.02500   
 125    22   1     0    10    10  124.       0.258      0.02500   
 125    23   1     0     6     6  124.       0.283      0.02500   
 125    24   1     0     2     2  124.       0.308      0.02500   
 125    25   1     0    10    10  124.       0.333      0.02500   
 125    26   1     0    10    10  124.       0.358      0.02500   
 125    27   1     0    12    12  124.       0.383      0.02500   
 125    28   1     0    10    10  124.       0.402      0.01875   
 125    29   1     0    10    10  124.       0.421      0.01875   
 125    30   1     0     9     9  124.       0.439      0.01875   
 125    31   1     0     7     7  124.       0.458      0.01875   
 125    32   1     0     5     5  124.       0.477      0.01875   
 125    33   1     0     5     5  124.       0.496      0.01875   
 125    34   1     0     5     5  125.       0.514      0.01875   
 125    35   1     0     4     4  125.       0.533      0.01875   
 125    36   1     0     4     4  125.       0.552      0.01875   
 125    37   1     0     8     8  125.       0.577      0.02500   
 125    38   1     0     5     5  125.       0.602      0.02500   
 125    39   1     0     4     4  125.       0.627      0.02500   
 125    40   1     0     4     4  125.       0.652      0.02500   
 125    41   1     0     4     4  125.       0.677      0.02500   
 125    42   1     0     3     3  125.       0.702      0.02500   
 125    43   1     0     3     3  125.       0.727      0.02500   
 125    44   1     0     9     9  125.       0.752      0.02500   
 125    45   1     0     7     7  125.       0.777      0.02500   
 125    46   1     0     6     6  125.       0.802      0.02500   
 125    47   1     0     4     4  125.       0.827      0.02500   
 125    48   1     0    10    10  125.       0.852      0.02500   
 125    49   1     0    10    10  125.       0.877      0.02500   
 125    50   1     0    10    10  125.       0.902      0.02500   
 125    51   1     0    10    10  125.       0.927      0.02500   
 125    52   1     0     7     7  125.       0.952      0.02500   
 125    53   1     0     6     6  125.       0.977      0.02500   
 125    54   1     0     6     6  125.       1.00       0.02312   
 126     1   1     0    10    10  125.       0.00500    0.005000  
 126     2   1     0    10    10  125.       0.0100     0.005000  
 126     3   1     0    10    10  125.       0.0150     0.005000  
 126     4   1     0     7     7  125.       0.0200     0.005000  
 126     5   1     0     7     7  125.       0.0250     0.005000  
 126     6   1     0     5     5  125.       0.0300     0.005000  
 126     7   1     0     4     4  125.       0.0350     0.005000  
 126     8   1     0     1     1  125.       0.0400     0.005000  
 126     9   1     0     8     8  125.       0.0475     0.007500  
 126    10   1     0     2     2  125.       0.0550     0.007500  
 126    11   1     0     4     4  125.       0.0625     0.007500  
 126    12   1     0     9     9  125.       0.0737     0.01125   
 126    13   1     0     5     5  125.       0.0850     0.01125   
 126    14   1     0     4     4  125.       0.0962     0.01125   
 126    15   1     0     3     3  125.       0.107      0.01125   
 126    16   1     0     9     9  125.       0.124      0.01688   
 126    17   1     0     4     4  125.       0.141      0.01688   
 126    18   1     0     4     4  125.       0.158      0.01688   
 126    19   1     0     7     7  125.       0.183      0.02500   
 126    20   1     0     5     5  125.       0.208      0.02500   
 126    21   1     0     5     5  125.       0.233      0.02500   
 126    22   1     0    10    10  125.       0.258      0.02500   
 126    23   1     0     6     6  125.       0.283      0.02500   
 126    24   1     0     2     2  125.       0.308      0.02500   
 126    25   1     0    10    10  125.       0.333      0.02500   
 126    26   1     0    10    10  125.       0.358      0.02500   
 126    27   1     0    12    12  125.       0.383      0.02500   
 126    28   1     0    10    10  125.       0.402      0.01875   
 126    29   1     0    10    10  125.       0.421      0.01875   
 126    30   1     0     9     9  125.       0.439      0.01875   
 126    31   1     0     7     7  125.       0.458      0.01875   
 126    32   1     0     5     5  125.       0.477      0.01875   
 126    33   1     0     5     5  125.       0.496      0.01875   
 126    34   1     0     5     5  126.       0.514      0.01875   
 126    35   1     0     4     4  126.       0.533      0.01875   
 126    36   1     0     4     4  126.       0.552      0.01875   
 126    37   1     0     8     8  126.       0.577      0.02500   
 126    38   1     0     5     5  126.       0.602      0.02500   
 126    39   1     0     4     4  126.       0.627      0.02500   
 126    40   1     0     4     4  126.       0.652      0.02500   
 126    41   1     0     4     4  126.       0.677      0.02500   
 126    42   1     0     3     3  126.       0.702      0.02500   
 126    43   1     0     3     3  126.       0.727      0.02500   
 126    44   1     0     9     9  126.       0.752      0.02500   
 126    45   1     0     7     7  126.       0.777      0.02500   
 126    46   1     0     6     6  126.       0.802      0.02500   
 126    47   1     0     4     4  126.       0.827      0.02500   
 126    48   1     0    10    10  126.       0.852      0.02500   
 126    49   1     0    10    10  126.       0.877      0.02500   
 126    50   1     0    10    10  126.       0.902      0.02500   
 126    51   1     0    10    10  126.       0.927      0.02500   
 126    52   1     0     7     7  126.       0.952      0.02500   
 126    53   1     0     6     6  126.       0.977      0.02500   
 126    54   1     0     6     6  126.       1.00       0.02312   
 127     1   1     0    10    10  126.       0.00500    0.005000  
 127     2   1     0    10    10  126.       0.0100     0.005000  
 127     3   1     0    10    10  126.       0.0150     0.005000  
 127     4   1     0     7     7  126.       0.0200     0.005000  
 127     5   1     0     7     7  126.       0.0250     0.005000  
 127     6   1     0     5     5  126.       0.0300     0.005000  
 127     7   1     0     4     4  126.       0.0350     0.005000  
 127     8   1     0     1     1  126.       0.0400     0.005000  
 127     9   1     0     8     8  126.       0.0475     0.007500  
 127    10   1     0     2     2  126.       0.0550     0.007500  
 127    11   1     0     4     4  126.       0.0625     0.007500  
 127    12   1     0     9     9  126.       0.0737     0.01125   
 127    13   1     0     5     5  126.       0.0850     0.01125   
 127    14   1     0     4     4  126.       0.0962     0.01125   
 127    15   1     0     3     3  126.       0.107      0.01125   
 127    16   1     0     9     9  126.       0.124      0.01688   
 127    17   1     0     4     4  126.       0.141      0.01688   
 127    18   1     0     4     4  126.       0.158      0.01688   
 127    19   1     0     7     7  126.       0.183      0.02500   
 127    20   1     0     5     5  126.       0.208      0.02500   
 127    21   1     0     5     5  126.       0.233      0.02500   
 127    22   1     0    10    10  126.       0.258      0.02500   
 127    23   1     0     6     6  126.       0.283      0.02500   
 127    24   1     0     2     2  126.       0.308      0.02500   
 127    25   1     0    10    10  126.       0.333      0.02500   
 127    26   1     0    10    10  126.       0.358      0.02500   
 127    27   1     0    12    12  126.       0.383      0.02500   
 127    28   1     0    10    10  126.       0.402      0.01875   
 127    29   1     0    10    10  126.       0.421      0.01875   
 127    30   1     0     9     9  126.       0.439      0.01875   
 127    31   1     0     7     7  126.       0.458      0.01875   
 127    32   1     0     5     5  126.       0.477      0.01875   
 127    33   1     0     5     5  126.       0.496      0.01875   
 127    34   1     0     5     5  127.       0.514      0.01875   
 127    35   1     0     4     4  127.       0.533      0.01875   
 127    36   1     0     4     4  127.       0.552      0.01875   
 127    37   1     0     8     8  127.       0.577      0.02500   
 127    38   1     0     5     5  127.       0.602      0.02500   
 127    39   1     0     4     4  127.       0.627      0.02500   
 127    40   1     0     4     4  127.       0.652      0.02500   
 127    41   1     0     4     4  127.       0.677      0.02500   
 127    42   1     0     3     3  127.       0.702      0.02500   
 127    43   1     0     3     3  127.       0.727      0.02500   
 127    44   1     0     9     9  127.       0.752      0.02500   
 127    45   1     0     7     7  127.       0.777      0.02500   
 127    46   1     0     6     6  127.       0.802      0.02500   
 127    47   1     0     4     4  127.       0.827      0.02500   
 127    48   1     0    10    10  127.       0.852      0.02500   
 127    49   1     0    10    10  127.       0.877      0.02500   
 127    50   1     0    10    10  127.       0.902      0.02500   
 127    51   1     0    10    10  127.       0.927      0.02500   
 127    52   1     0     7     7  127.       0.952      0.02500   
 127    53   1     0     6     6  127.       0.977      0.02500   
 127    54   1     0     6     6  127.       1.00       0.02312   
 128     1   1     0    10    10  127.       0.00500    0.005000  
 128     2   1     0    10    10  127.       0.0100     0.005000  
 128     3   1     0    10    10  127.       0.0150     0.005000  
 128     4   1     0     7     7  127.       0.0200     0.005000  
 128     5   1     0     7     7  127.       0.0250     0.005000  
 128     6   1     0     5     5  127.       0.0300     0.005000  
 128     7   1     0     4     4  127.       0.0350     0.005000  
 128     8   1     0     1     1  127.       0.0400     0.005000  
 128     9   1     0     8     8  127.       0.0475     0.007500  
 128    10   1     0     2     2  127.       0.0550     0.007500  
 128    11   1     0     4     4  127.       0.0625     0.007500  
 128    12   1     0     9     9  127.       0.0737     0.01125   
 128    13   1     0     5     5  127.       0.0850     0.01125   
 128    14   1     0     4     4  127.       0.0962     0.01125   
 128    15   1     0     3     3  127.       0.107      0.01125   
 128    16   1     0     9     9  127.       0.124      0.01688   
 128    17   1     0     4     4  127.       0.141      0.01688   
 128    18   1     0     4     4  127.       0.158      0.01688   
 128    19   1     0     7     7  127.       0.183      0.02500   
 128    20   1     0     5     5  127.       0.208      0.02500   
 128    21   1     0     5     5  127.       0.233      0.02500   
 128    22   1     0    10    10  127.       0.258      0.02500   
 128    23   1     0     6     6  127.       0.283      0.02500   
 128    24   1     0     2     2  127.       0.308      0.02500   
 128    25   1     0    10    10  127.       0.333      0.02500   
 128    26   1     0    10    10  127.       0.358      0.02500   
 128    27   1     0    12    12  127.       0.383      0.02500   
 128    28   1     0    10    10  127.       0.402      0.01875   
 128    29   1     0    10    10  127.       0.421      0.01875   
 128    30   1     0     9     9  127.       0.439      0.01875   
 128    31   1     0     7     7  127.       0.458      0.01875   
 128    32   1     0     5     5  127.       0.477      0.01875   
 128    33   1     0     5     5  127.       0.496      0.01875   
 128    34   1     0     5     5  128.       0.514      0.01875   
 128    35   1     0     4     4  128.       0.533      0.01875   
 128    36   1     0     4     4  128.       0.552      0.01875   
 128    37   1     0     8     8  128.       0.577      0.02500   
 128    38   1     0     5     5  128.       0.602      0.02500   
 128    39   1     0     4     4  128.       0.627      0.02500   
 128    40   1     0     4     4  128.       0.652      0.02500   
 128    41   1     0     4     4  128.       0.677      0.02500   
 128    42   1     0     3     3  128.       0.702      0.02500   
 128    43   1     0     3     3  128.       0.727      0.02500   
 128    44   1     0     9     9  128.       0.752      0.02500   
 128    45   1     0     7     7  128.       0.777      0.02500   
 128    46   1     0     6     6  128.       0.802      0.02500   
 128    47   1     0     4     4  128.       0.827      0.02500   
 128    48   1     0    10    10  128.       0.852      0.02500   
 128    49   1     0    10    10  128.       0.877      0.02500   
 128    50   1     0    10    10  128.       0.902      0.02500   
 128    51   1     0    10    10  128.       0.927      0.02500   
 128    52   1     0     7     7  128.       0.952      0.02500   
 128    53   1     0     6     6  128.       0.977      0.02500   
 128    54   1     0     6     6  128.       1.00       0.02312   
 129     1   1     0    10    10  128.       0.00500    0.005000  
 129     2   1     0    10    10  128.       0.0100     0.005000  
 129     3   1     0    10    10  128.       0.0150     0.005000  
 129     4   1     0     7     7  128.       0.0200     0.005000  
 129     5   1     0     7     7  128.       0.0250     0.005000  
 129     6   1     0     5     5  128.       0.0300     0.005000  
 129     7   1     0     4     4  128.       0.0350     0.005000  
 129     8   1     0     1     1  128.       0.0400     0.005000  
 129     9   1     0     8     8  128.       0.0475     0.007500  
 129    10   1     0     2     2  128.       0.0550     0.007500  
 129    11   1     0     4     4  128.       0.0625     0.007500  
 129    12   1     0     9     9  128.       0.0737     0.01125   
 129    13   1     0     5     5  128.       0.0850     0.01125   
 129    14   1     0     4     4  128.       0.0962     0.01125   
 129    15   1     0     3     3  128.       0.107      0.01125   
 129    16   1     0     9     9  128.       0.124      0.01688   
 129    17   1     0     4     4  128.       0.141      0.01688   
 129    18   1     0     4     4  128.       0.158      0.01688   
 129    19   1     0     7     7  128.       0.183      0.02500   
 129    20   1     0     5     5  128.       0.208      0.02500   
 129    21   1     0     5     5  128.       0.233      0.02500   
 129    22   1     0    10    10  128.       0.258      0.02500   
 129    23   1     0     6     6  128.       0.283      0.02500   
 129    24   1     0     2     2  128.       0.308      0.02500   
 129    25   1     0    10    10  128.       0.333      0.02500   
 129    26   1     0    10    10  128.       0.358      0.02500   
 129    27   1     0    12    12  128.       0.383      0.02500   
 129    28   1     0    10    10  128.       0.402      0.01875   
 129    29   1     0    10    10  128.       0.421      0.01875   
 129    30   1     0     9     9  128.       0.439      0.01875   
 129    31   1     0     7     7  128.       0.458      0.01875   
 129    32   1     0     5     5  128.       0.477      0.01875   
 129    33   1     0     5     5  128.       0.496      0.01875   
 129    34   1     0     5     5  129.       0.514      0.01875   
 129    35   1     0     4     4  129.       0.533      0.01875   
 129    36   1     0     4     4  129.       0.552      0.01875   
 129    37   1     0     8     8  129.       0.577      0.02500   
 129    38   1     0     5     5  129.       0.602      0.02500   
 129    39   1     0     4     4  129.       0.627      0.02500   
 129    40   1     0     4     4  129.       0.652      0.02500   
 129    41   1     0     4     4  129.       0.677      0.02500   
 129    42   1     0     3     3  129.       0.702      0.02500   
 129    43   1     0     3     3  129.       0.727      0.02500   
 129    44   1     0     9     9  129.       0.752      0.02500   
 129    45   1     0     7     7  129.       0.777      0.02500   
 129    46   1     0     6     6  129.       0.802      0.02500   
 129    47   1     0     4     4  129.       0.827      0.02500   
 129    48   1     0    10    10  129.       0.852      0.02500   
 129    49   1     0    10    10  129.       0.877      0.02500   
 129    50   1     0    10    10  129.       0.902      0.02500   
 129    51   1     0    10    10  129.       0.927      0.02500   
 129    52   1     0     7     7  129.       0.952      0.02500   
 129    53   1     0     6     6  129.       0.977      0.02500   
 129    54   1     0     6     6  129.       1.00       0.02312   
 130     1   1     0    10    10  129.       0.00500    0.005000  
 130     2   1     0    10    10  129.       0.0100     0.005000  
 130     3   1     0    10    10  129.       0.0150     0.005000  
 130     4   1     0     7     7  129.       0.0200     0.005000  
 130     5   1     0     7     7  129.       0.0250     0.005000  
 130     6   1     0     5     5  129.       0.0300     0.005000  
 130     7   1     0     4     4  129.       0.0350     0.005000  
 130     8   1     0     1     1  129.       0.0400     0.005000  
 130     9   1     0     8     8  129.       0.0475     0.007500  
 130    10   1     0     2     2  129.       0.0550     0.007500  
 130    11   1     0     4     4  129.       0.0625     0.007500  
 130    12   1     0     9     9  129.       0.0737     0.01125   
 130    13   1     0     5     5  129.       0.0850     0.01125   
 130    14   1     0     4     4  129.       0.0962     0.01125   
 130    15   1     0     3     3  129.       0.107      0.01125   
 130    16   1     0     9     9  129.       0.124      0.01688   
 130    17   1     0     4     4  129.       0.141      0.01688   
 130    18   1     0     4     4  129.       0.158      0.01688   
 130    19   1     0     7     7  129.       0.183      0.02500   
 130    20   1     0     5     5  129.       0.208      0.02500   
 130    21   1     0     5     5  129.       0.233      0.02500   
 130    22   1     0    10    10  129.       0.258      0.02500   
 130    23   1     0     6     6  129.       0.283      0.02500   
 130    24   1     0     2     2  129.       0.308      0.02500   
 130    25   1     0    10    10  129.       0.333      0.02500   
 130    26   1     0    10    10  129.       0.358      0.02500   
 130    27   1     0    12    12  129.       0.383      0.02500   
 130    28   1     0    10    10  129.       0.402      0.01875   
 130    29   1     0    10    10  129.       0.421      0.01875   
 130    30   1     0     9     9  129.       0.439      0.01875   
 130    31   1     0     7     7  129.       0.458      0.01875   
 130    32   1     0     5     5  129.       0.477      0.01875   
 130    33   1     0     5     5  129.       0.496      0.01875   
 130    34   1     0     5     5  130.       0.514      0.01875   
 130    35   1     0     4     4  130.       0.533      0.01875   
 130    36   1     0     4     4  130.       0.552      0.01875   
 130    37   1     0     8     8  130.       0.577      0.02500   
 130    38   1     0     5     5  130.       0.602      0.02500   
 130    39   1     0     4     4  130.       0.627      0.02500   
 130    40   1     0     4     4  130.       0.652      0.02500   
 130    41   1     0     4     4  130.       0.677      0.02500   
 130    42   1     0     3     3  130.       0.702      0.02500   
 130    43   1     0     3     3  130.       0.727      0.02500   
 130    44   1     0     9     9  130.       0.752      0.02500   
 130    45   1     0     7     7  130.       0.777      0.02500   
 130    46   1     0     6     6  130.       0.802      0.02500   
 130    47   1     0     4     4  130.       0.827      0.02500   
 130    48   1     0    10    10  130.       0.852      0.02500   
 130    49   1     0    10    10  130.       0.877      0.02500   
 130    50   1     0    10    10  130.       0.902      0.02500   
 130    51   1     0    10    10  130.       0.927      0.02500   
 130    52   1     0     7     7  130.       0.952      0.02500   
 130    53   1     0     6     6  130.       0.977      0.02500   
 130    54   1     0     6     6  130.       1.00       0.02312   
 131     1   1     0    10    10  130.       0.00500    0.005000  
 131     2   1     0    10    10  130.       0.0100     0.005000  
 131     3   1     0    10    10  130.       0.0150     0.005000  
 131     4   1     0     7     7  130.       0.0200     0.005000  
 131     5   1     0     7     7  130.       0.0250     0.005000  
 131     6   1     0     5     5  130.       0.0300     0.005000  
 131     7   1     0     4     4  130.       0.0350     0.005000  
 131     8   1     0     1     1  130.       0.0400     0.005000  
 131     9   1     0     8     8  130.       0.0475     0.007500  
 131    10   1     0     2     2  130.       0.0550     0.007500  
 131    11   1     0     4     4  130.       0.0625     0.007500  
 131    12   1     0     9     9  130.       0.0737     0.01125   
 131    13   1     0     5     5  130.       0.0850     0.01125   
 131    14   1     0     4     4  130.       0.0962     0.01125   
 131    15   1     0     3     3  130.       0.107      0.01125   
 131    16   1     0     9     9  130.       0.124      0.01688   
 131    17   1     0     4     4  130.       0.141      0.01688   
 131    18   1     0     4     4  130.       0.158      0.01688   
 131    19   1     0     7     7  130.       0.183      0.02500   
 131    20   1     0     5     5  130.       0.208      0.02500   
 131    21   1     0     5     5  130.       0.233      0.02500   
 131    22   1     0    10    10  130.       0.258      0.02500   
 131    23   1     0     6     6  130.       0.283      0.02500   
 131    24   1     0     2     2  130.       0.308      0.02500   
 131    25   1     0    10    10  130.       0.333      0.02500   
 131    26   1     0    10    10  130.       0.358      0.02500   
 131    27   1     0    12    12  130.       0.383      0.02500   
 131    28   1     0    10    10  130.       0.402      0.01875   
 131    29   1     0    10    10  130.       0.421      0.01875   
 131    30   1     0     9     9  130.       0.439      0.01875   
 131    31   1     0     7     7  130.       0.458      0.01875   
 131    32   1     0     5     5  130.       0.477      0.01875   
 131    33   1     0     5     5  130.       0.496      0.01875   
 131    34   1     0     5     5  131.       0.514      0.01875   
 131    35   1     0     4     4  131.       0.533      0.01875   
 131    36   1     0     4     4  131.       0.552      0.01875   
 131    37   1     0     8     8  131.       0.577      0.02500   
 131    38   1     0     5     5  131.       0.602      0.02500   
 131    39   1     0     4     4  131.       0.627      0.02500   
 131    40   1     0     4     4  131.       0.652      0.02500   
 131    41   1     0     4     4  131.       0.677      0.02500   
 131    42   1     0     3     3  131.       0.702      0.02500   
 131    43   1     0     3     3  131.       0.727      0.02500   
 131    44   1     0     9     9  131.       0.752      0.02500   
 131    45   1     0     7     7  131.       0.777      0.02500   
 131    46   1     0     6     6  131.       0.802      0.02500   
 131    47   1     0     4     4  131.       0.827      0.02500   
 131    48   1     0    10    10  131.       0.852      0.02500   
 131    49   1     0    10    10  131.       0.877      0.02500   
 131    50   1     0    10    10  131.       0.902      0.02500   
 131    51   1     0    10    10  131.       0.927      0.02500   
 131    52   1     0     7     7  131.       0.952      0.02500   
 131    53   1     0     6     6  131.       0.977      0.02500   
 131    54   1     0     6     6  131.       1.00       0.02312   
 132     1   1     0    10    10  131.       0.00500    0.005000  
 132     2   1     0    10    10  131.       0.0100     0.005000  
 132     3   1     0    10    10  131.       0.0150     0.005000  
 132     4   1     0     7     7  131.       0.0200     0.005000  
 132     5   1     0     7     7  131.       0.0250     0.005000  
 132     6   1     0     5     5  131.       0.0300     0.005000  
 132     7   1     0     4     4  131.       0.0350     0.005000  
 132     8   1     0     1     1  131.       0.0400     0.005000  
 132     9   1     0     8     8  131.       0.0475     0.007500  
 132    10   1     0     2     2  131.       0.0550     0.007500  
 132    11   1     0     4     4  131.       0.0625     0.007500  
 132    12   1     0     9     9  131.       0.0737     0.01125   
 132    13   1     0     5     5  131.       0.0850     0.01125   
 132    14   1     0     4     4  131.       0.0962     0.01125   
 132    15   1     0     3     3  131.       0.107      0.01125   
 132    16   1     0     9     9  131.       0.124      0.01688   
 132    17   1     0     4     4  131.       0.141      0.01688   
 132    18   1     0     4     4  131.       0.158      0.01688   
 132    19   1     0     7     7  131.       0.183      0.02500   
 132    20   1     0     5     5  131.       0.208      0.02500   
 132    21   1     0     5     5  131.       0.233      0.02500   
 132    22   1     0    10    10  131.       0.258      0.02500   
 132    23   1     0     6     6  131.       0.283      0.02500   
 132    24   1     0     2     2  131.       0.308      0.02500   
 132    25   1     0    10    10  131.       0.333      0.02500   
 132    26   1     0    10    10  131.       0.358      0.02500   
 132    27   1     0    12    12  131.       0.383      0.02500   
 132    28   1     0    10    10  131.       0.402      0.01875   
 132    29   1     0    10    10  131.       0.421      0.01875   
 132    30   1     0     9     9  131.       0.439      0.01875   
 132    31   1     0     7     7  131.       0.458      0.01875   
 132    32   1     0     5     5  131.       0.477      0.01875   
 132    33   1     0     5     5  131.       0.496      0.01875   
 132    34   1     0     5     5  132.       0.514      0.01875   
 132    35   1     0     4     4  132.       0.533      0.01875   
 132    36   1     0     4     4  132.       0.552      0.01875   
 132    37   1     0     8     8  132.       0.577      0.02500   
 132    38   1     0     5     5  132.       0.602      0.02500   
 132    39   1     0     4     4  132.       0.627      0.02500   
 132    40   1     0     4     4  132.       0.652      0.02500   
 132    41   1     0     4     4  132.       0.677      0.02500   
 132    42   1     0     3     3  132.       0.702      0.02500   
 132    43   1     0     3     3  132.       0.727      0.02500   
 132    44   1     0     9     9  132.       0.752      0.02500   
 132    45   1     0     7     7  132.       0.777      0.02500   
 132    46   1     0     6     6  132.       0.802      0.02500   
 132    47   1     0     4     4  132.       0.827      0.02500   
 132    48   1     0    10    10  132.       0.852      0.02500   
 132    49   1     0    10    10  132.       0.877      0.02500   
 132    50   1     0    10    10  132.       0.902      0.02500   
 132    51   1     0    10    10  132.       0.927      0.02500   
 132    52   1     0     7     7  132.       0.952      0.02500   
 132    53   1     0     6     6  132.       0.977      0.02500   
 132    54   1     0     6     6  132.       1.00       0.02312   
 133     1   1     0    10    10  132.       0.00500    0.005000  
 133     2   1     0    10    10  132.       0.0100     0.005000  
 133     3   1     0    10    10  132.       0.0150     0.005000  
 133     4   1     0     7     7  132.       0.0200     0.005000  
 133     5   1     0     7     7  132.       0.0250     0.005000  
 133     6   1     0     5     5  132.       0.0300     0.005000  
 133     7   1     0     4     4  132.       0.0350     0.005000  
 133     8   1     0     1     1  132.       0.0400     0.005000  
 133     9   1     0     8     8  132.       0.0475     0.007500  
 133    10   1     0     2     2  132.       0.0550     0.007500  
 133    11   1     0     4     4  132.       0.0625     0.007500  
 133    12   1     0     9     9  132.       0.0737     0.01125   
 133    13   1     0     5     5  132.       0.0850     0.01125   
 133    14   1     0     4     4  132.       0.0962     0.01125   
 133    15   1     0     3     3  132.       0.107      0.01125   
 133    16   1     0     9     9  132.       0.124      0.01688   
 133    17   1     0     4     4  132.       0.141      0.01688   
 133    18   1     0     4     4  132.       0.158      0.01688   
 133    19   1     0     7     7  132.       0.183      0.02500   
 133    20   1     0     5     5  132.       0.208      0.02500   
 133    21   1     0     5     5  132.       0.233      0.02500   
 133    22   1     0    10    10  132.       0.258      0.02500   
 133    23   1     0     6     6  132.       0.283      0.02500   
 133    24   1     0     2     2  132.       0.308      0.02500   
 133    25   1     0    10    10  132.       0.333      0.02500   
 133    26   1     0    10    10  132.       0.358      0.02500   
 133    27   1     0    12    12  132.       0.383      0.02500   
 133    28   1     0    10    10  132.       0.402      0.01875   
 133    29   1     0    10    10  132.       0.421      0.01875   
 133    30   1     0     9     9  132.       0.439      0.01875   
 133    31   1     0     7     7  132.       0.458      0.01875   
 133    32   1     0     5     5  132.       0.477      0.01875   
 133    33   1     0     5     5  132.       0.496      0.01875   
 133    34   1     0     5     5  133.       0.514      0.01875   
 133    35   1     0     4     4  133.       0.533      0.01875   
 133    36   1     0     4     4  133.       0.552      0.01875   
 133    37   1     0     8     8  133.       0.577      0.02500   
 133    38   1     0     5     5  133.       0.602      0.02500   
 133    39   1     0     4     4  133.       0.627      0.02500   
 133    40   1     0     4     4  133.       0.652      0.02500   
 133    41   1     0     4     4  133.       0.677      0.02500   
 133    42   1     0     3     3  133.       0.702      0.02500   
 133    43   1     0     3     3  133.       0.727      0.02500   
 133    44   1     0     9     9  133.       0.752      0.02500   
 133    45   1     0     7     7  133.       0.777      0.02500   
 133    46   1     0     6     6  133.       0.802      0.02500   
 133    47   1     0     4     4  133.       0.827      0.02500   
 133    48   1     0    10    10  133.       0.852      0.02500   
 133    49   1     0    10    10  133.       0.877      0.02500   
 133    50   1     0    10    10  133.       0.902      0.02500   
 133    51   1     0    10    10  133.       0.927      0.02500   
 133    52   1     0     7     7  133.       0.952      0.02500   
 133    53   1     0     6     6  133.       0.977      0.02500   
 133    54   1     0     6     6  133.       1.00       0.02312   
 134     1   1     0    10    10  133.       0.00500    0.005000  
 134     2   1     0    10    10  133.       0.0100     0.005000  
 134     3   1     0    10    10  133.       0.0150     0.005000  
 134     4   1     0     7     7  133.       0.0200     0.005000  
 134     5   1     0     7     7  133.       0.0250     0.005000  
 134     6   1     0     5     5  133.       0.0300     0.005000  
 134     7   1     0     4     4  133.       0.0350     0.005000  
 134     8   1     0     1     1  133.       0.0400     0.005000  
 134     9   1     0     8     8  133.       0.0475     0.007500  
 134    10   1     0     2     2  133.       0.0550     0.007500  
 134    11   1     0     4     4  133.       0.0625     0.007500  
 134    12   1     0     9     9  133.       0.0737     0.01125   
 134    13   1     0     5     5  133.       0.0850     0.01125   
 134    14   1     0     4     4  133.       0.0962     0.01125   
 134    15   1     0     3     3  133.       0.107      0.01125   
 134    16   1     0     9     9  133.       0.124      0.01688   
 134    17   1     0     4     4  133.       0.141      0.01688   
 134    18   1     0     4     4  133.       0.158      0.01688   
 134    19   1     0     7     7  133.       0.183      0.02500   
 134    20   1     0     5     5  133.       0.208      0.02500   
 134    21   1     0     5     5  133.       0.233      0.02500   
 134    22   1     0    10    10  133.       0.258      0.02500   
 134    23   1     0     6     6  133.       0.283      0.02500   
 134    24   1     0     2     2  133.       0.308      0.02500   
 134    25   1     0    10    10  133.       0.333      0.02500   
 134    26   1     0    10    10  133.       0.358      0.02500   
 134    27   1     0    12    12  133.       0.383      0.02500   
 134    28   1     0    10    10  133.       0.402      0.01875   
 134    29   1     0    10    10  133.       0.421      0.01875   
 134    30   1     0     9     9  133.       0.439      0.01875   
 134    31   1     0     7     7  133.       0.458      0.01875   
 134    32   1     0     5     5  133.       0.477      0.01875   
 134    33   1     0     5     5  133.       0.496      0.01875   
 134    34   1     0     5     5  134.       0.514      0.01875   
 134    35   1     0     4     4  134.       0.533      0.01875   
 134    36   1     0     4     4  134.       0.552      0.01875   
 134    37   1     0     8     8  134.       0.577      0.02500   
 134    38   1     0     5     5  134.       0.602      0.02500   
 134    39   1     0     4     4  134.       0.627      0.02500   
 134    40   1     0     4     4  134.       0.652      0.02500   
 134    41   1     0     4     4  134.       0.677      0.02500   
 134    42   1     0     3     3  134.       0.702      0.02500   
 134    43   1     0     3     3  134.       0.727      0.02500   
 134    44   1     0     9     9  134.       0.752      0.02500   
 134    45   1     0     7     7  134.       0.777      0.02500   
 134    46   1     0     6     6  134.       0.802      0.02500   
 134    47   1     0     4     4  134.       0.827      0.02500   
 134    48   1     0    10    10  134.       0.852      0.02500   
 134    49   1     0    10    10  134.       0.877      0.02500   
 134    50   1     0    10    10  134.       0.902      0.02500   
 134    51   1     0    10    10  134.       0.927      0.02500   
 134    52   1     0     7     7  134.       0.952      0.02500   
 134    53   1     0     6     6  134.       0.977      0.02500   
 134    54   1     0     6     6  134.       1.00       0.02312   
 135     1   1     0    10    10  134.       0.00500    0.005000  
 135     2   1     0    10    10  134.       0.0100     0.005000  
 135     3   1     0    10    10  134.       0.0150     0.005000  
 135     4   1     0     7     7  134.       0.0200     0.005000  
 135     5   1     0     7     7  134.       0.0250     0.005000  
 135     6   1     0     5     5  134.       0.0300     0.005000  
 135     7   1     0     4     4  134.       0.0350     0.005000  
 135     8   1     0     1     1  134.       0.0400     0.005000  
 135     9   1     0     8     8  134.       0.0475     0.007500  
 135    10   1     0     2     2  134.       0.0550     0.007500  
 135    11   1     0     4     4  134.       0.0625     0.007500  
 135    12   1     0     9     9  134.       0.0737     0.01125   
 135    13   1     0     5     5  134.       0.0850     0.01125   
 135    14   1     0     4     4  134.       0.0962     0.01125   
 135    15   1     0     3     3  134.       0.107      0.01125   
 135    16   1     0     9     9  134.       0.124      0.01688   
 135    17   1     0     4     4  134.       0.141      0.01688   
 135    18   1     0     4     4  134.       0.158      0.01688   
 135    19   1     0     7     7  134.       0.183      0.02500   
 135    20   1     0     5     5  134.       0.208      0.02500   
 135    21   1     0     5     5  134.       0.233      0.02500   
 135    22   1     0    10    10  134.       0.258      0.02500   
 135    23   1     0     6     6  134.       0.283      0.02500   
 135    24   1     0     2     2  134.       0.308      0.02500   
 135    25   1     0    10    10  134.       0.333      0.02500   
 135    26   1     0    10    10  134.       0.358      0.02500   
 135    27   1     0    12    12  134.       0.383      0.02500   
 135    28   1     0    10    10  134.       0.402      0.01875   
 135    29   1     0    10    10  134.       0.421      0.01875   
 135    30   1     0     9     9  134.       0.439      0.01875   
 135    31   1     0     7     7  134.       0.458      0.01875   
 135    32   1     0     5     5  134.       0.477      0.01875   
 135    33   1     0     5     5  134.       0.496      0.01875   
 135    34   1     0     5     5  135.       0.514      0.01875   
 135    35   1     0     4     4  135.       0.533      0.01875   
 135    36   1     0     4     4  135.       0.552      0.01875   
 135    37   1     0     8     8  135.       0.577      0.02500   
 135    38   1     0     5     5  135.       0.602      0.02500   
 135    39   1     0     4     4  135.       0.627      0.02500   
 135    40   1     0     4     4  135.       0.652      0.02500   
 135    41   1     0     4     4  135.       0.677      0.02500   
 135    42   1     0     3     3  135.       0.702      0.02500   
 135    43   1     0     3     3  135.       0.727      0.02500   
 135    44   1     0     9     9  135.       0.752      0.02500   
 135    45   1     0     7     7  135.       0.777      0.02500   
 135    46   1     0     6     6  135.       0.802      0.02500   
 135    47   1     0     4     4  135.       0.827      0.02500   
 135    48   1     0    10    10  135.       0.852      0.02500   
 135    49   1     0    10    10  135.       0.877      0.02500   
 135    50   1     0    10    10  135.       0.902      0.02500   
 135    51   1     0    10    10  135.       0.927      0.02500   
 135    52   1     0     7     7  135.       0.952      0.02500   
 135    53   1     0     6     6  135.       0.977      0.02500   
 135    54   1     0     6     6  135.       1.00       0.02312   
 136     1   1     0    10    10  135.       0.00500    0.005000  
 136     2   1     0    10    10  135.       0.0100     0.005000  
 136     3   1     0    10    10  135.       0.0150     0.005000  
 136     4   1     0     7     7  135.       0.0200     0.005000  
 136     5   1     0     7     7  135.       0.0250     0.005000  
 136     6   1     0     5     5  135.       0.0300     0.005000  
 136     7   1     0     4     4  135.       0.0350     0.005000  
 136     8   1     0     1     1  135.       0.0400     0.005000  
 136     9   1     0     8     8  135.       0.0475     0.007500  
 136    10   1     0     2     2  135.       0.0550     0.007500  
 136    11   1     0     4     4  135.       0.0625     0.007500  
 136    12   1     0     9     9  135.       0.0737     0.01125   
 136    13   1     0     5     5  135.       0.0850     0.01125   
 136    14   1     0     4     4  135.       0.0962     0.01125   
 136    15   1     0     3     3  135.       0.107      0.01125   
 136    16   1     0     9     9  135.       0.124      0.01688   
 136    17   1     0     4     4  135.       0.141      0.01688   
 136    18   1     0     4     4  135.       0.158      0.01688   
 136    19   1     0     7     7  135.       0.183      0.02500   
 136    20   1     0     5     5  135.       0.208      0.02500   
 136    21   1     0     5     5  135.       0.233      0.02500   
 136    22   1     0    10    10  135.       0.258      0.02500   
 136    23   1     0     6     6  135.       0.283      0.02500   
 136    24   1     0     2     2  135.       0.308      0.02500   
 136    25   1     0    10    10  135.       0.333      0.02500   
 136    26   1     0    10    10  135.       0.358      0.02500   
 136    27   1     0    12    12  135.       0.383      0.02500   
 136    28   1     0    10    10  135.       0.402      0.01875   
 136    29   1     0    10    10  135.       0.421      0.01875   
 136    30   1     0     9     9  135.       0.439      0.01875   
 136    31   1     0     7     7  135.       0.458      0.01875   
 136    32   1     0     5     5  135.       0.477      0.01875   
 136    33   1     0     5     5  135.       0.496      0.01875   
 136    34   1     0     5     5  136.       0.514      0.01875   
 136    35   1     0     4     4  136.       0.533      0.01875   
 136    36   1     0     4     4  136.       0.552      0.01875   
 136    37   1     0     8     8  136.       0.577      0.02500   
 136    38   1     0     5     5  136.       0.602      0.02500   
 136    39   1     0     4     4  136.       0.627      0.02500   
 136    40   1     0     4     4  136.       0.652      0.02500   
 136    41   1     0     4     4  136.       0.677      0.02500   
 136    42   1     0     3     3  136.       0.702      0.02500   
 136    43   1     0     3     3  136.       0.727      0.02500   
 136    44   1     0     9     9  136.       0.752      0.02500   
 136    45   1     0     7     7  136.       0.777      0.02500   
 136    46   1     0     6     6  136.       0.802      0.02500   
 136    47   1     0     4     4  136.       0.827      0.02500   
 136    48   1     0    10    10  136.       0.852      0.02500   
 136    49   1     0    10    10  136.       0.877      0.02500   
 136    50   1     0    10    10  136.       0.902      0.02500   
 136    51   1     0    10    10  136.       0.927      0.02500   
 136    52   1     0     7     7  136.       0.952      0.02500   
 136    53   1     0     6     6  136.       0.977      0.02500   
 136    54   1     0     6     6  136.       1.00       0.02312   
 137     1   1     0    10    10  136.       0.00500    0.005000  
 137     2   1     0    10    10  136.       0.0100     0.005000  
 137     3   1     0    10    10  136.       0.0150     0.005000  
 137     4   1     0     7     7  136.       0.0200     0.005000  
 137     5   1     0     7     7  136.       0.0250     0.005000  
 137     6   1     0     5     5  136.       0.0300     0.005000  
 137     7   1     0     4     4  136.       0.0350     0.005000  
 137     8   1     0     1     1  136.       0.0400     0.005000  
 137     9   1     0     8     8  136.       0.0475     0.007500  
 137    10   1     0     2     2  136.       0.0550     0.007500  
 137    11   1     0     4     4  136.       0.0625     0.007500  
 137    12   1     0     9     9  136.       0.0737     0.01125   
 137    13   1     0     5     5  136.       0.0850     0.01125   
 137    14   1     0     4     4  136.       0.0962     0.01125   
 137    15   1     0     3     3  136.       0.107      0.01125   
 137    16   1     0     9     9  136.       0.124      0.01688   
 137    17   1     0     4     4  136.       0.141      0.01688   
 137    18   1     0     4     4  136.       0.158      0.01688   
 137    19   1     0     7     7  136.       0.183      0.02500   
 137    20   1     0     5     5  136.       0.208      0.02500   
 137    21   1     0     5     5  136.       0.233      0.02500   
 137    22   1     0    10    10  136.       0.258      0.02500   
 137    23   1     0     6     6  136.       0.283      0.02500   
 137    24   1     0     2     2  136.       0.308      0.02500   
 137    25   1     0    10    10  136.       0.333      0.02500   
 137    26   1     0    10    10  136.       0.358      0.02500   
 137    27   1     0    12    12  136.       0.383      0.02500   
 137    28   1     0    10    10  136.       0.402      0.01875   
 137    29   1     0    10    10  136.       0.421      0.01875   
 137    30   1     0     9     9  136.       0.439      0.01875   
 137    31   1     0     7     7  136.       0.458      0.01875   
 137    32   1     0     5     5  136.       0.477      0.01875   
 137    33   1     0     5     5  136.       0.496      0.01875   
 137    34   1     0     5     5  137.       0.514      0.01875   
 137    35   1     0     4     4  137.       0.533      0.01875   
 137    36   1     0     4     4  137.       0.552      0.01875   
 137    37   1     0     8     8  137.       0.577      0.02500   
 137    38   1     0     5     5  137.       0.602      0.02500   
 137    39   1     0     4     4  137.       0.627      0.02500   
 137    40   1     0     4     4  137.       0.652      0.02500   
 137    41   1     0     4     4  137.       0.677      0.02500   
 137    42   1     0     3     3  137.       0.702      0.02500   
 137    43   1     0     3     3  137.       0.727      0.02500   
 137    44   1     0     9     9  137.       0.752      0.02500   
 137    45   1     0     7     7  137.       0.777      0.02500   
 137    46   1     0     6     6  137.       0.802      0.02500   
 137    47   1     0     4     4  137.       0.827      0.02500   
 137    48   1     0    10    10  137.       0.852      0.02500   
 137    49   1     0    10    10  137.       0.877      0.02500   
 137    50   1     0    10    10  137.       0.902      0.02500   
 137    51   1     0    10    10  137.       0.927      0.02500   
 137    52   1     0     7     7  137.       0.952      0.02500   
 137    53   1     0     6     6  137.       0.977      0.02500   
 137    54   1     0     6     6  137.       1.00       0.02312   
 138     1   1     0    10    10  137.       0.00500    0.005000  
 138     2   1     0    10    10  137.       0.0100     0.005000  
 138     3   1     0    10    10  137.       0.0150     0.005000  
 138     4   1     0     7     7  137.       0.0200     0.005000  
 138     5   1     0     7     7  137.       0.0250     0.005000  
 138     6   1     0     5     5  137.       0.0300     0.005000  
 138     7   1     0     4     4  137.       0.0350     0.005000  
 138     8   1     0     1     1  137.       0.0400     0.005000  
 138     9   1     0     8     8  137.       0.0475     0.007500  
 138    10   1     0     2     2  137.       0.0550     0.007500  
 138    11   1     0     4     4  137.       0.0625     0.007500  
 138    12   1     0     9     9  137.       0.0737     0.01125   
 138    13   1     0     5     5  137.       0.0850     0.01125   
 138    14   1     0     4     4  137.       0.0962     0.01125   
 138    15   1     0     3     3  137.       0.107      0.01125   
 138    16   1     0     9     9  137.       0.124      0.01688   
 138    17   1     0     4     4  137.       0.141      0.01688   
 138    18   1     0     4     4  137.       0.158      0.01688   
 138    19   1     0     7     7  137.       0.183      0.02500   
 138    20   1     0     5     5  137.       0.208      0.02500   
 138    21   1     0     5     5  137.       0.233      0.02500   
 138    22   1     0    10    10  137.       0.258      0.02500   
 138    23   1     0     6     6  137.       0.283      0.02500   
 138    24   1     0     2     2  137.       0.308      0.02500   
 138    25   1     0    10    10  137.       0.333      0.02500   
 138    26   1     0    10    10  137.       0.358      0.02500   
 138    27   1     0    12    12  137.       0.383      0.02500   
 138    28   1     0    10    10  137.       0.402      0.01875   
 138    29   1     0    10    10  137.       0.421      0.01875   
 138    30   1     0     9     9  137.       0.439      0.01875   
 138    31   1     0     7     7  137.       0.458      0.01875   
 138    32   1     0     5     5  137.       0.477      0.01875   
 138    33   1     0     5     5  137.       0.496      0.01875   
 138    34   1     0     5     5  138.       0.514      0.01875   
 138    35   1     0     4     4  138.       0.533      0.01875   
 138    36   1     0     4     4  138.       0.552      0.01875   
 138    37   1     0     8     8  138.       0.577      0.02500   
 138    38   1     0     5     5  138.       0.602      0.02500   
 138    39   1     0     4     4  138.       0.627      0.02500   
 138    40   1     0     4     4  138.       0.652      0.02500   
 138    41   1     0     4     4  138.       0.677      0.02500   
 138    42   1     0     3     3  138.       0.702      0.02500   
 138    43   1     0     3     3  138.       0.727      0.02500   
 138    44   1     0     9     9  138.       0.752      0.02500   
 138    45   1     0     7     7  138.       0.777      0.02500   
 138    46   1     0     6     6  138.       0.802      0.02500   
 138    47   1     0     4     4  138.       0.827      0.02500   
 138    48   1     0    10    10  138.       0.852      0.02500   
 138    49   1     0    10    10  138.       0.877      0.02500   
 138    50   1     0    10    10  138.       0.902      0.02500   
 138    51   1     0    10    10  138.       0.927      0.02500   
 138    52   1     0     7     7  138.       0.952      0.02500   
 138    53   1     0     6     6  138.       0.977      0.02500   
 138    54   1     0     6     6  138.       1.00       0.02312   
 139     1   1     0    10    10  138.       0.00500    0.005000  
 139     2   1     0    10    10  138.       0.0100     0.005000  
 139     3   1     0    10    10  138.       0.0150     0.005000  
 139     4   1     0     7     7  138.       0.0200     0.005000  
 139     5   1     0     7     7  138.       0.0250     0.005000  
 139     6   1     0     5     5  138.       0.0300     0.005000  
 139     7   1     0     4     4  138.       0.0350     0.005000  
 139     8   1     0     1     1  138.       0.0400     0.005000  
 139     9   1     0     8     8  138.       0.0475     0.007500  
 139    10   1     0     2     2  138.       0.0550     0.007500  
 139    11   1     0     4     4  138.       0.0625     0.007500  
 139    12   1     0     9     9  138.       0.0737     0.01125   
 139    13   1     0     5     5  138.       0.0850     0.01125   
 139    14   1     0     4     4  138.       0.0962     0.01125   
 139    15   1     0     3     3  138.       0.107      0.01125   
 139    16   1     0     9     9  138.       0.124      0.01688   
 139    17   1     0     4     4  138.       0.141      0.01688   
 139    18   1     0     4     4  138.       0.158      0.01688   
 139    19   1     0     7     7  138.       0.183      0.02500   
 139    20   1     0     5     5  138.       0.208      0.02500   
 139    21   1     0     5     5  138.       0.233      0.02500   
 139    22   1     0    10    10  138.       0.258      0.02500   
 139    23   1     0     6     6  138.       0.283      0.02500   
 139    24   1     0     2     2  138.       0.308      0.02500   
 139    25   1     0    10    10  138.       0.333      0.02500   
 139    26   1     0    10    10  138.       0.358      0.02500   
 139    27   1     0    12    12  138.       0.383      0.02500   
 139    28   1     0    10    10  138.       0.402      0.01875   
 139    29   1     0    10    10  138.       0.421      0.01875   
 139    30   1     0     9     9  138.       0.439      0.01875   
 139    31   1     0     7     7  138.       0.458      0.01875   
 139    32   1     0     5     5  138.       0.477      0.01875   
 139    33   1     0     5     5  138.       0.496      0.01875   
 139    34   1     0     5     5  139.       0.514      0.01875   
 139    35   1     0     4     4  139.       0.533      0.01875   
 139    36   1     0     4     4  139.       0.552      0.01875   
 139    37   1     0     8     8  139.       0.577      0.02500   
 139    38   1     0     5     5  139.       0.602      0.02500   
 139    39   1     0     4     4  139.       0.627      0.02500   
 139    40   1     0     4     4  139.       0.652      0.02500   
 139    41   1     0     4     4  139.       0.677      0.02500   
 139    42   1     0     3     3  139.       0.702      0.02500   
 139    43   1     0     3     3  139.       0.727      0.02500   
 139    44   1     0     9     9  139.       0.752      0.02500   
 139    45   1     0     7     7  139.       0.777      0.02500   
 139    46   1     0     6     6  139.       0.802      0.02500   
 139    47   1     0     4     4  139.       0.827      0.02500   
 139    48   1     0    10    10  139.       0.852      0.02500   
 139    49   1     0    10    10  139.       0.877      0.02500   
 139    50   1     0    10    10  139.       0.902      0.02500   
 139    51   1     0    10    10  139.       0.927      0.02500   
 139    52   1     0     7     7  139.       0.952      0.02500   
 139    53   1     0     6     6  139.       0.977      0.02500   
 139    54   1     0     6     6  139.       1.00       0.02312   
 140     1   1     0    10    10  139.       0.00500    0.005000  
 140     2   1     0    10    10  139.       0.0100     0.005000  
 140     3   1     0    10    10  139.       0.0150     0.005000  
 140     4   1     0     7     7  139.       0.0200     0.005000  
 140     5   1     0     7     7  139.       0.0250     0.005000  
 140     6   1     0     5     5  139.       0.0300     0.005000  
 140     7   1     0     4     4  139.       0.0350     0.005000  
 140     8   1     0     1     1  139.       0.0400     0.005000  
 140     9   1     0     8     8  139.       0.0475     0.007500  
 140    10   1     0     2     2  139.       0.0550     0.007500  
 140    11   1     0     4     4  139.       0.0625     0.007500  
 140    12   1     0     9     9  139.       0.0737     0.01125   
 140    13   1     0     5     5  139.       0.0850     0.01125   
 140    14   1     0     4     4  139.       0.0962     0.01125   
 140    15   1     0     3     3  139.       0.107      0.01125   
 140    16   1     0     9     9  139.       0.124      0.01688   
 140    17   1     0     4     4  139.       0.141      0.01688   
 140    18   1     0     4     4  139.       0.158      0.01688   
 140    19   1     0     7     7  139.       0.183      0.02500   
 140    20   1     0     5     5  139.       0.208      0.02500   
 140    21   1     0     5     5  139.       0.233      0.02500   
 140    22   1     0    10    10  139.       0.258      0.02500   
 140    23   1     0     6     6  139.       0.283      0.02500   
 140    24   1     0     2     2  139.       0.308      0.02500   
 140    25   1     0    10    10  139.       0.333      0.02500   
 140    26   1     0    10    10  139.       0.358      0.02500   
 140    27   1     0    12    12  139.       0.383      0.02500   
 140    28   1     0    10    10  139.       0.402      0.01875   
 140    29   1     0    10    10  139.       0.421      0.01875   
 140    30   1     0     9     9  139.       0.439      0.01875   
 140    31   1     0     7     7  139.       0.458      0.01875   
 140    32   1     0     5     5  139.       0.477      0.01875   
 140    33   1     0     5     5  139.       0.496      0.01875   
 140    34   1     0     5     5  140.       0.514      0.01875   
 140    35   1     0     4     4  140.       0.533      0.01875   
 140    36   1     0     4     4  140.       0.552      0.01875   
 140    37   1     0     8     8  140.       0.577      0.02500   
 140    38   1     0     5     5  140.       0.602      0.02500   
 140    39   1     0     4     4  140.       0.627      0.02500   
 140    40   1     0     4     4  140.       0.652      0.02500   
 140    41   1     0     4     4  140.       0.677      0.02500   
 140    42   1     0     3     3  140.       0.702      0.02500   
 140    43   1     0     3     3  140.       0.727      0.02500   
 140    44   1     0     9     9  140.       0.752      0.02500   
 140    45   1     0     7     7  140.       0.777      0.02500   
 140    46   1     0     6     6  140.       0.802      0.02500   
 140    47   1     0     4     4  140.       0.827      0.02500   
 140    48   1     0    10    10  140.       0.852      0.02500   
 140    49   1     0    10    10  140.       0.877      0.02500   
 140    50   1     0    10    10  140.       0.902      0.02500   
 140    51   1     0    10    10  140.       0.927      0.02500   
 140    52   1     0     7     7  140.       0.952      0.02500   
 140    53   1     0     6     6  140.       0.977      0.02500   
 140    54   1     0     6     6  140.       1.00       0.02312   
 141     1   1     0    10    10  140.       0.00500    0.005000  
 141     2   1     0    10    10  140.       0.0100     0.005000  
 141     3   1     0    10    10  140.       0.0150     0.005000  
 141     4   1     0     7     7  140.       0.0200     0.005000  
 141     5   1     0     7     7  140.       0.0250     0.005000  
 141     6   1     0     5     5  140.       0.0300     0.005000  
 141     7   1     0     4     4  140.       0.0350     0.005000  
 141     8   1     0     1     1  140.       0.0400     0.005000  
 141     9   1     0     8     8  140.       0.0475     0.007500  
 141    10   1     0     2     2  140.       0.0550     0.007500  
 141    11   1     0     4     4  140.       0.0625     0.007500  
 141    12   1     0     9     9  140.       0.0737     0.01125   
 141    13   1     0     5     5  140.       0.0850     0.01125   
 141    14   1     0     4     4  140.       0.0962     0.01125   
 141    15   1     0     3     3  140.       0.107      0.01125   
 141    16   1     0     9     9  140.       0.124      0.01688   
 141    17   1     0     4     4  140.       0.141      0.01688   
 141    18   1     0     4     4  140.       0.158      0.01688   
 141    19   1     0     7     7  140.       0.183      0.02500   
 141    20   1     0     5     5  140.       0.208      0.02500   
 141    21   1     0     5     5  140.       0.233      0.02500   
 141    22   1     0    10    10  140.       0.258      0.02500   
 141    23   1     0     6     6  140.       0.283      0.02500   
 141    24   1     0     2     2  140.       0.308      0.02500   
 141    25   1     0    10    10  140.       0.333      0.02500   
 141    26   1     0    10    10  140.       0.358      0.02500   
 141    27   1     0    12    12  140.       0.383      0.02500   
 141    28   1     0    10    10  140.       0.402      0.01875   
 141    29   1     0    10    10  140.       0.421      0.01875   
 141    30   1     0     9     9  140.       0.439      0.01875   
 141    31   1     0     7     7  140.       0.458      0.01875   
 141    32   1     0     5     5  140.       0.477      0.01875   
 141    33   1     0     5     5  140.       0.496      0.01875   
 141    34   1     0     5     5  141.       0.514      0.01875   
 141    35   1     0     4     4  141.       0.533      0.01875   
 141    36   1     0     4     4  141.       0.552      0.01875   
 141    37   1     0     8     8  141.       0.577      0.02500   
 141    38   1     0     5     5  141.       0.602      0.02500   
 141    39   1     0     4     4  141.       0.627      0.02500   
 141    40   1     0     4     4  141.       0.652      0.02500   
 141    41   1     0     4     4  141.       0.677      0.02500   
 141    42   1     0     3     3  141.       0.702      0.02500   
 141    43   1     0     3     3  141.       0.727      0.02500   
 141    44   1     0     9     9  141.       0.752      0.02500   
 141    45   1     0     7     7  141.       0.777      0.02500   
 141    46   1     0     6     6  141.       0.802      0.02500   
 141    47   1     0     4     4  141.       0.827      0.02500   
 141    48   1     0    10    10  141.       0.852      0.02500   
 141    49   1     0    10    10  141.       0.877      0.02500   
 141    50   1     0    10    10  141.       0.902      0.02500   
 141    51   1     0    10    10  141.       0.927      0.02500   
 141    52   1     0     7     7  141.       0.952      0.02500   
 141    53   1     0     6     6  141.       0.977      0.02500   
 141    54   1     0     6     6  141.       1.00       0.02312   
 142     1   1     0    10    10  141.       0.00500    0.005000  
 142     2   1     0    10    10  141.       0.0100     0.005000  
 142     3   1     0    10    10  141.       0.0150     0.005000  
 142     4   1     0     7     7  141.       0.0200     0.005000  
 142     5   1     0     7     7  141.       0.0250     0.005000  
 142     6   1     0     5     5  141.       0.0300     0.005000  
 142     7   1     0     4     4  141.       0.0350     0.005000  
 142     8   1     0     1     1  141.       0.0400     0.005000  
 142     9   1     0     8     8  141.       0.0475     0.007500  
 142    10   1     0     2     2  141.       0.0550     0.007500  
 142    11   1     0     4     4  141.       0.0625     0.007500  
 142    12   1     0     9     9  141.       0.0737     0.01125   
 142    13   1     0     5     5  141.       0.0850     0.01125   
 142    14   1     0     4     4  141.       0.0962     0.01125   
 142    15   1     0     3     3  141.       0.107      0.01125   
 142    16   1     0     9     9  141.       0.124      0.01688   
 142    17   1     0     4     4  141.       0.141      0.01688   
 142    18   1     0     4     4  141.       0.158      0.01688   
 142    19   1     0     7     7  141.       0.183      0.02500   
 142    20   1     0     5     5  141.       0.208      0.02500   
 142    21   1     0     5     5  141.       0.233      0.02500   
 142    22   1     0    10    10  141.       0.258      0.02500   
 142    23   1     0     6     6  141.       0.283      0.02500   
 142    24   1     0     2     2  141.       0.308      0.02500   
 142    25   1     0    10    10  141.       0.333      0.02500   
 142    26   1     0    10    10  141.       0.358      0.02500   
 142    27   1     0    12    12  141.       0.383      0.02500   
 142    28   1     0    10    10  141.       0.402      0.01875   
 142    29   1     0    10    10  141.       0.421      0.01875   
 142    30   1     0     9     9  141.       0.439      0.01875   
 142    31   1     0     7     7  141.       0.458      0.01875   
 142    32   1     0     5     5  141.       0.477      0.01875   
 142    33   1     0     5     5  141.       0.496      0.01875   
 142    34   1     0     5     5  142.       0.514      0.01875   
 142    35   1     0     4     4  142.       0.533      0.01875   
 142    36   1     0     4     4  142.       0.552      0.01875   
 142    37   1     0     8     8  142.       0.577      0.02500   
 142    38   1     0     5     5  142.       0.602      0.02500   
 142    39   1     0     4     4  142.       0.627      0.02500   
 142    40   1     0     4     4  142.       0.652      0.02500   
 142    41   1     0     4     4  142.       0.677      0.02500   
 142    42   1     0     3     3  142.       0.702      0.02500   
 142    43   1     0     3     3  142.       0.727      0.02500   
 142    44   1     0     9     9  142.       0.752      0.02500   
 142    45   1     0     7     7  142.       0.777      0.02500   
 142    46   1     0     6     6  142.       0.802      0.02500   
 142    47   1     0     4     4  142.       0.827      0.02500   
 142    48   1     0    10    10  142.       0.852      0.02500   
 142    49   1     0    10    10  142.       0.877      0.02500   
 142    50   1     0    10    10  142.       0.902      0.02500   
 142    51   1     0    10    10  142.       0.927      0.02500   
 142    52   1     0     7     7  142.       0.952      0.02500   
 142    53   1     0     6     6  142.       0.977      0.02500   
 142    54   1     0     6     6  142.       1.00       0.02312   
 143     1   1     0    10    10  142.       0.00500    0.005000  
 143     2   1     0    10    10  142.       0.0100     0.005000  
 143     3   1     0    10    10  142.       0.0150     0.005000  
 143     4   1     0     7     7  142.       0.0200     0.005000  
 143     5   1     0     7     7  142.       0.0250     0.005000  
 143     6   1     0     5     5  142.       0.0300     0.005000  
 143     7   1     0     4     4  142.       0.0350     0.005000  
 143     8   1     0     1     1  142.       0.0400     0.005000  
 143     9   1     0     8     8  142.       0.0475     0.007500  
 143    10   1     0     2     2  142.       0.0550     0.007500  
 143    11   1     0     4     4  142.       0.0625     0.007500  
 143    12   1     0     9     9  142.       0.0737     0.01125   
 143    13   1     0     5     5  142.       0.0850     0.01125   
 143    14   1     0     4     4  142.       0.0962     0.01125   
 143    15   1     0     3     3  142.       0.107      0.01125   
 143    16   1     0     9     9  142.       0.124      0.01688   
 143    17   1     0     4     4  142.       0.141      0.01688   
 143    18   1     0     4     4  142.       0.158      0.01688   
 143    19   1     0     7     7  142.       0.183      0.02500   
 143    20   1     0     5     5  142.       0.208      0.02500   
 143    21   1     0     5     5  142.       0.233      0.02500   
 143    22   1     0    10    10  142.       0.258      0.02500   
 143    23   1     0     6     6  142.       0.283      0.02500   
 143    24   1     0     2     2  142.       0.308      0.02500   
 143    25   1     0    10    10  142.       0.333      0.02500   
 143    26   1     0    10    10  142.       0.358      0.02500   
 143    27   1     0    12    12  142.       0.383      0.02500   
 143    28   1     0    10    10  142.       0.402      0.01875   
 143    29   1     0    10    10  142.       0.421      0.01875   
 143    30   1     0     9     9  142.       0.439      0.01875   
 143    31   1     0     7     7  142.       0.458      0.01875   
 143    32   1     0     5     5  142.       0.477      0.01875   
 143    33   1     0     5     5  142.       0.496      0.01875   
 143    34   1     0     5     5  143.       0.514      0.01875   
 143    35   1     0     4     4  143.       0.533      0.01875   
 143    36   1     0     4     4  143.       0.552      0.01875   
 143    37   1     0     8     8  143.       0.577      0.02500   
 143    38   1     0     5     5  143.       0.602      0.02500   
 143    39   1     0     4     4  143.       0.627      0.02500   
 143    40   1     0     4     4  143.       0.652      0.02500   
 143    41   1     0     4     4  143.       0.677      0.02500   
 143    42   1     0     3     3  143.       0.702      0.02500   
 143    43   1     0     3     3  143.       0.727      0.02500   
 143    44   1     0     9     9  143.       0.752      0.02500   
 143    45   1     0     7     7  143.       0.777      0.02500   
 143    46   1     0     6     6  143.       0.802      0.02500   
 143    47   1     0     4     4  143.       0.827      0.02500   
 143    48   1     0    10    10  143.       0.852      0.02500   
 143    49   1     0    10    10  143.       0.877      0.02500   
 143    50   1     0    10    10  143.       0.902      0.02500   
 143    51   1     0    10    10  143.       0.927      0.02500   
 143    52   1     0     7     7  143.       0.952      0.02500   
 143    53   1     0     6     6  143.       0.977      0.02500   
 143    54   1     0     6     6  143.       1.00       0.02312   
 144     1   1     0    10    10  143.       0.00500    0.005000  
 144     2   1     0    10    10  143.       0.0100     0.005000  
 144     3   1     0    10    10  143.       0.0150     0.005000  
 144     4   1     0     7     7  143.       0.0200     0.005000  
 144     5   1     0     7     7  143.       0.0250     0.005000  
 144     6   1     0     5     5  143.       0.0300     0.005000  
 144     7   1     0     4     4  143.       0.0350     0.005000  
 144     8   1     0     1     1  143.       0.0400     0.005000  
 144     9   1     0     8     8  143.       0.0475     0.007500  
 144    10   1     0     2     2  143.       0.0550     0.007500  
 144    11   1     0     4     4  143.       0.0625     0.007500  
 144    12   1     0     9     9  143.       0.0737     0.01125   
 144    13   1     0     5     5  143.       0.0850     0.01125   
 144    14   1     0     4     4  143.       0.0962     0.01125   
 144    15   1     0     3     3  143.       0.107      0.01125   
 144    16   1     0     9     9  143.       0.124      0.01688   
 144    17   1     0     4     4  143.       0.141      0.01688   
 144    18   1     0     4     4  143.       0.158      0.01688   
 144    19   1     0     7     7  143.       0.183      0.02500   
 144    20   1     0     5     5  143.       0.208      0.02500   
 144    21   1     0     5     5  143.       0.233      0.02500   
 144    22   1     0    10    10  143.       0.258      0.02500   
 144    23   1     0     6     6  143.       0.283      0.02500   
 144    24   1     0     2     2  143.       0.308      0.02500   
 144    25   1     0    10    10  143.       0.333      0.02500   
 144    26   1     0    10    10  143.       0.358      0.02500   
 144    27   1     0    12    12  143.       0.383      0.02500   
 144    28   1     0    10    10  143.       0.402      0.01875   
 144    29   1     0    10    10  143.       0.421      0.01875   
 144    30   1     0     9     9  143.       0.439      0.01875   
 144    31   1     0     7     7  143.       0.458      0.01875   
 144    32   1     0     5     5  143.       0.477      0.01875   
 144    33   1     0     5     5  143.       0.496      0.01875   
 144    34   1     0     5     5  144.       0.514      0.01875   
 144    35   1     0     4     4  144.       0.533      0.01875   
 144    36   1     0     4     4  144.       0.552      0.01875   
 144    37   1     0     8     8  144.       0.577      0.02500   
 144    38   1     0     5     5  144.       0.602      0.02500   
 144    39   1     0     4     4  144.       0.627      0.02500   
 144    40   1     0     4     4  144.       0.652      0.02500   
 144    41   1     0     4     4  144.       0.677      0.02500   
 144    42   1     0     3     3  144.       0.702      0.02500   
 144    43   1     0     3     3  144.       0.727      0.02500   
 144    44   1     0     9     9  144.       0.752      0.02500   
 144    45   1     0     7     7  144.       0.777      0.02500   
 144    46   1     0     6     6  144.       0.802      0.02500   
 144    47   1     0     4     4  144.       0.827      0.02500   
 144    48   1     0    10    10  144.       0.852      0.02500   
 144    49   1     0    10    10  144.       0.877      0.02500   
 144    50   1     0    10    10  144.       0.902      0.02500   
 144    51   1     0    10    10  144.       0.927      0.02500   
 144    52   1     0     7     7  144.       0.952      0.02500   
 144    53   1     0     6     6  144.       0.977      0.02500   
 144    54   1     0     6     6  144.       1.00       0.02312   
 145     1   1     0    10    10  144.       0.00500    0.005000  
 145     2   1     0    10    10  144.       0.0100     0.005000  
 145     3   1     0    10    10  144.       0.0150     0.005000  
 145     4   1     0     7     7  144.       0.0200     0.005000  
 145     5   1     0     7     7  144.       0.0250     0.005000  
 145     6   1     0     5     5  144.       0.0300     0.005000  
 145     7   1     0     4     4  144.       0.0350     0.005000  
 145     8   1     0     1     1  144.       0.0400     0.005000  
 145     9   1     0     8     8  144.       0.0475     0.007500  
 145    10   1     0     2     2  144.       0.0550     0.007500  
 145    11   1     0     4     4  144.       0.0625     0.007500  
 145    12   1     0     9     9  144.       0.0737     0.01125   
 145    13   1     0     5     5  144.       0.0850     0.01125   
 145    14   1     0     4     4  144.       0.0962     0.01125   
 145    15   1     0     3     3  144.       0.107      0.01125   
 145    16   1     0     9     9  144.       0.124      0.01688   
 145    17   1     0     4     4  144.       0.141      0.01688   
 145    18   1     0     4     4  144.       0.158      0.01688   
 145    19   1     0     7     7  144.       0.183      0.02500   
 145    20   1     0     5     5  144.       0.208      0.02500   
 145    21   1     0     5     5  144.       0.233      0.02500   
 145    22   1     0    10    10  144.       0.258      0.02500   
 145    23   1     0     6     6  144.       0.283      0.02500   
 145    24   1     0     2     2  144.       0.308      0.02500   
 145    25   1     0    10    10  144.       0.333      0.02500   
 145    26   1     0    10    10  144.       0.358      0.02500   
 145    27   1     0    12    12  144.       0.383      0.02500   
 145    28   1     0    10    10  144.       0.402      0.01875   
 145    29   1     0    10    10  144.       0.421      0.01875   
 145    30   1     0     9     9  144.       0.439      0.01875   
 145    31   1     0     7     7  144.       0.458      0.01875   
 145    32   1     0     5     5  144.       0.477      0.01875   
 145    33   1     0     5     5  144.       0.496      0.01875   
 145    34   1     0     5     5  145.       0.514      0.01875   
 145    35   1     0     4     4  145.       0.533      0.01875   
 145    36   1     0     4     4  145.       0.552      0.01875   
 145    37   1     0     8     8  145.       0.577      0.02500   
 145    38   1     0     5     5  145.       0.602      0.02500   
 145    39   1     0     4     4  145.       0.627      0.02500   
 145    40   1     0     4     4  145.       0.652      0.02500   
 145    41   1     0     4     4  145.       0.677      0.02500   
 145    42   1     0     3     3  145.       0.702      0.02500   
 145    43   1     0     3     3  145.       0.727      0.02500   
 145    44   1     0     9     9  145.       0.752      0.02500   
 145    45   1     0     7     7  145.       0.777      0.02500   
 145    46   1     0     6     6  145.       0.802      0.02500   
 145    47   1     0     4     4  145.       0.827      0.02500   
 145    48   1     0    10    10  145.       0.852      0.02500   
 145    49   1     0    10    10  145.       0.877      0.02500   
 145    50   1     0    10    10  145.       0.902      0.02500   
 145    51   1     0    10    10  145.       0.927      0.02500   
 145    52   1     0     7     7  145.       0.952      0.02500   
 145    53   1     0     6     6  145.       0.977      0.02500   
 145    54   1     0     6     6  145.       1.00       0.02312   
 146     1   1     0    10    10  145.       0.00500    0.005000  
 146     2   1     0    10    10  145.       0.0100     0.005000  
 146     3   1     0    10    10  145.       0.0150     0.005000  
 146     4   1     0     7     7  145.       0.0200     0.005000  
 146     5   1     0     7     7  145.       0.0250     0.005000  
 146     6   1     0     5     5  145.       0.0300     0.005000  
 146     7   1     0     4     4  145.       0.0350     0.005000  
 146     8   1     0     1     1  145.       0.0400     0.005000  
 146     9   1     0     8     8  145.       0.0475     0.007500  
 146    10   1     0     2     2  145.       0.0550     0.007500  
 146    11   1     0     4     4  145.       0.0625     0.007500  
 146    12   1     0     9     9  145.       0.0737     0.01125   
 146    13   1     0     5     5  145.       0.0850     0.01125   
 146    14   1     0     4     4  145.       0.0962     0.01125   
 146    15   1     0     3     3  145.       0.107      0.01125   
 146    16   1     0     9     9  145.       0.124      0.01688   
 146    17   1     0     4     4  145.       0.141      0.01688   
 146    18   1     0     4     4  145.       0.158      0.01688   
 146    19   1     0     7     7  145.       0.183      0.02500   
 146    20   1     0     5     5  145.       0.208      0.02500   
 146    21   1     0     5     5  145.       0.233      0.02500   
 146    22   1     0    10    10  145.       0.258      0.02500   
 146    23   1     0     6     6  145.       0.283      0.02500   
 146    24   1     0     2     2  145.       0.308      0.02500   
 146    25   1     0    10    10  145.       0.333      0.02500   
 146    26   1     0    10    10  145.       0.358      0.02500   
 146    27   1     0    12    12  145.       0.383      0.02500   
 146    28   1     0    10    10  145.       0.402      0.01875   
 146    29   1     0    10    10  145.       0.421      0.01875   
 146    30   1     0     9     9  145.       0.439      0.01875   
 146    31   1     0     7     7  145.       0.458      0.01875   
 146    32   1     0     5     5  145.       0.477      0.01875   
 146    33   1     0     5     5  145.       0.496      0.01875   
 146    34   1     0     5     5  146.       0.514      0.01875   
 146    35   1     0     4     4  146.       0.533      0.01875   
 146    36   1     0     4     4  146.       0.552      0.01875   
 146    37   1     0     8     8  146.       0.577      0.02500   
 146    38   1     0     5     5  146.       0.602      0.02500   
 146    39   1     0     4     4  146.       0.627      0.02500   
 146    40   1     0     4     4  146.       0.652      0.02500   
 146    41   1     0     4     4  146.       0.677      0.02500   
 146    42   1     0     3     3  146.       0.702      0.02500   
 146    43   1     0     3     3  146.       0.727      0.02500   
 146    44   1     0     9     9  146.       0.752      0.02500   
 146    45   1     0     7     7  146.       0.777      0.02500   
 146    46   1     0     6     6  146.       0.802      0.02500   
 146    47   1     0     4     4  146.       0.827      0.02500   
 146    48   1     0    10    10  146.       0.852      0.02500   
 146    49   1     0    10    10  146.       0.877      0.02500   
 146    50   1     0    10    10  146.       0.902      0.02500   
 146    51   1     0    10    10  146.       0.927      0.02500   
 146    52   1     0     7     7  146.       0.952      0.02500   
 146    53   1     0     6     6  146.       0.977      0.02500   
 146    54   1     0     6     6  146.       1.00       0.02312   
 147     1   1     0    10    10  146.       0.00500    0.005000  
 147     2   1     0    10    10  146.       0.0100     0.005000  
 147     3   1     0    10    10  146.       0.0150     0.005000  
 147     4   1     0     7     7  146.       0.0200     0.005000  
 147     5   1     0     7     7  146.       0.0250     0.005000  
 147     6   1     0     5     5  146.       0.0300     0.005000  
 147     7   1     0     4     4  146.       0.0350     0.005000  
 147     8   1     0     1     1  146.       0.0400     0.005000  
 147     9   1     0     8     8  146.       0.0475     0.007500  
 147    10   1     0     2     2  146.       0.0550     0.007500  
 147    11   1     0     4     4  146.       0.0625     0.007500  
 147    12   1     0     9     9  146.       0.0737     0.01125   
 147    13   1     0     5     5  146.       0.0850     0.01125   
 147    14   1     0     4     4  146.       0.0962     0.01125   
 147    15   1     0     3     3  146.       0.107      0.01125   
 147    16   1     0     9     9  146.       0.124      0.01688   
 147    17   1     0     4     4  146.       0.141      0.01688   
 147    18   1     0     4     4  146.       0.158      0.01688   
 147    19   1     0     7     7  146.       0.183      0.02500   
 147    20   1     0     5     5  146.       0.208      0.02500   
 147    21   1     0     5     5  146.       0.233      0.02500   
 147    22   1     0    10    10  146.       0.258      0.02500   
 147    23   1     0     6     6  146.       0.283      0.02500   
 147    24   1     0     2     2  146.       0.308      0.02500   
 147    25   1     0    10    10  146.       0.333      0.02500   
 147    26   1     0    10    10  146.       0.358      0.02500   
 147    27   1     0    12    12  146.       0.383      0.02500   
 147    28   1     0    10    10  146.       0.402      0.01875   
 147    29   1     0    10    10  146.       0.421      0.01875   
 147    30   1     0     9     9  146.       0.439      0.01875   
 147    31   1     0     7     7  146.       0.458      0.01875   
 147    32   1     0     5     5  146.       0.477      0.01875   
 147    33   1     0     5     5  146.       0.496      0.01875   
 147    34   1     0     5     5  147.       0.514      0.01875   
 147    35   1     0     4     4  147.       0.533      0.01875   
 147    36   1     0     4     4  147.       0.552      0.01875   
 147    37   1     0     8     8  147.       0.577      0.02500   
 147    38   1     0     5     5  147.       0.602      0.02500   
 147    39   1     0     4     4  147.       0.627      0.02500   
 147    40   1     0     4     4  147.       0.652      0.02500   
 147    41   1     0     4     4  147.       0.677      0.02500   
 147    42   1     0     3     3  147.       0.702      0.02500   
 147    43   1     0     3     3  147.       0.727      0.02500   
 147    44   1     0     9     9  147.       0.752      0.02500   
 147    45   1     0     7     7  147.       0.777      0.02500   
 147    46   1     0     6     6  147.       0.802      0.02500   
 147    47   1     0     4     4  147.       0.827      0.02500   
 147    48   1     0    10    10  147.       0.852      0.02500   
 147    49   1     0    10    10  147.       0.877      0.02500   
 147    50   1     0    10    10  147.       0.902      0.02500   
 147    51   1     0    10    10  147.       0.927      0.02500   
 147    52   1     0     7     7  147.       0.952      0.02500   
 147    53   1     0     6     6  147.       0.977      0.02500   
 147    54   1     0     6     6  147.       1.00       0.02312   
 148     1   1     0    10    10  147.       0.00500    0.005000  
 148     2   1     0    10    10  147.       0.0100     0.005000  
 148     3   1     0    10    10  147.       0.0150     0.005000  
 148     4   1     0     7     7  147.       0.0200     0.005000  
 148     5   1     0     7     7  147.       0.0250     0.005000  
 148     6   1     0     5     5  147.       0.0300     0.005000  
 148     7   1     0     4     4  147.       0.0350     0.005000  
 148     8   1     0     1     1  147.       0.0400     0.005000  
 148     9   1     0     8     8  147.       0.0475     0.007500  
 148    10   1     0     2     2  147.       0.0550     0.007500  
 148    11   1     0     4     4  147.       0.0625     0.007500  
 148    12   1     0     9     9  147.       0.0737     0.01125   
 148    13   1     0     5     5  147.       0.0850     0.01125   
 148    14   1     0     4     4  147.       0.0962     0.01125   
 148    15   1     0     3     3  147.       0.107      0.01125   
 148    16   1     0     9     9  147.       0.124      0.01688   
 148    17   1     0     4     4  147.       0.141      0.01688   
 148    18   1     0     4     4  147.       0.158      0.01688   
 148    19   1     0     7     7  147.       0.183      0.02500   
 148    20   1     0     5     5  147.       0.208      0.02500   
 148    21   1     0     5     5  147.       0.233      0.02500   
 148    22   1     0    10    10  147.       0.258      0.02500   
 148    23   1     0     6     6  147.       0.283      0.02500   
 148    24   1     0     2     2  147.       0.308      0.02500   
 148    25   1     0    10    10  147.       0.333      0.02500   
 148    26   1     0    10    10  147.       0.358      0.02500   
 148    27   1     0    12    12  147.       0.383      0.02500   
 148    28   1     0    10    10  147.       0.402      0.01875   
 148    29   1     0    10    10  147.       0.421      0.01875   
 148    30   1     0     9     9  147.       0.439      0.01875   
 148    31   1     0     7     7  147.       0.458      0.01875   
 148    32   1     0     5     5  147.       0.477      0.01875   
 148    33   1     0     5     5  147.       0.496      0.01875   
 148    34   1     0     5     5  148.       0.514      0.01875   
 148    35   1     0     4     4  148.       0.533      0.01875   
 148    36   1     0     4     4  148.       0.552      0.01875   
 148    37   1     0     8     8  148.       0.577      0.02500   
 148    38   1     0     5     5  148.       0.602      0.02500   
 148    39   1     0     4     4  148.       0.627      0.02500   
 148    40   1     0     4     4  148.       0.652      0.02500   
 148    41   1     0     4     4  148.       0.677      0.02500   
 148    42   1     0     3     3  148.       0.702      0.02500   
 148    43   1     0     3     3  148.       0.727      0.02500   
 148    44   1     0     9     9  148.       0.752      0.02500   
 148    45   1     0     7     7  148.       0.777      0.02500   
 148    46   1     0     6     6  148.       0.802      0.02500   
 148    47   1     0     4     4  148.       0.827      0.02500   
 148    48   1     0    10    10  148.       0.852      0.02500   
 148    49   1     0    10    10  148.       0.877      0.02500   
 148    50   1     0    10    10  148.       0.902      0.02500   
 148    51   1     0    10    10  148.       0.927      0.02500   
 148    52   1     0     7     7  148.       0.952      0.02500   
 148    53   1     0     6     6  148.       0.977      0.02500   
 148    54   1     0     6     6  148.       1.00       0.02312   
 149     1   1     0    10    10  148.       0.00500    0.005000  
 149     2   1     0    10    10  148.       0.0100     0.005000  
 149     3   1     0    10    10  148.       0.0150     0.005000  
 149     4   1     0     7     7  148.       0.0200     0.005000  
 149     5   1     0     7     7  148.       0.0250     0.005000  
 149     6   1     0     5     5  148.       0.0300     0.005000  
 149     7   1     0     4     4  148.       0.0350     0.005000  
 149     8   1     0     1     1  148.       0.0400     0.005000  
 149     9   1     0     8     8  148.       0.0475     0.007500  
 149    10   1     0     2     2  148.       0.0550     0.007500  
 149    11   1     0     4     4  148.       0.0625     0.007500  
 149    12   1     0     9     9  148.       0.0737     0.01125   
 149    13   1     0     5     5  148.       0.0850     0.01125   
 149    14   1     0     4     4  148.       0.0962     0.01125   
 149    15   1     0     3     3  148.       0.107      0.01125   
 149    16   1     0     9     9  148.       0.124      0.01688   
 149    17   1     0     4     4  148.       0.141      0.01688   
 149    18   1     0     4     4  148.       0.158      0.01688   
 149    19   1     0     7     7  148.       0.183      0.02500   
 149    20   1     0     5     5  148.       0.208      0.02500   
 149    21   1     0     5     5  148.       0.233      0.02500   
 149    22   1     0    10    10  148.       0.258      0.02500   
 149    23   1     0     6     6  148.       0.283      0.02500   
 149    24   1     0     2     2  148.       0.308      0.02500   
 149    25   1     0    10    10  148.       0.333      0.02500   
 149    26   1     0    10    10  148.       0.358      0.02500   
 149    27   1     0    12    12  148.       0.383      0.02500   
 149    28   1     0    10    10  148.       0.402      0.01875   
 149    29   1     0    10    10  148.       0.421      0.01875   
 149    30   1     0     9     9  148.       0.439      0.01875   
 149    31   1     0     7     7  148.       0.458      0.01875   
 149    32   1     0     5     5  148.       0.477      0.01875   
 149    33   1     0     5     5  148.       0.496      0.01875   
 149    34   1     0     5     5  149.       0.514      0.01875   
 149    35   1     0     4     4  149.       0.533      0.01875   
 149    36   1     0     4     4  149.       0.552      0.01875   
 149    37   1     0     8     8  149.       0.577      0.02500   
 149    38   1     0     5     5  149.       0.602      0.02500   
 149    39   1     0     4     4  149.       0.627      0.02500   
 149    40   1     0     4     4  149.       0.652      0.02500   
 149    41   1     0     4     4  149.       0.677      0.02500   
 149    42   1     0     3     3  149.       0.702      0.02500   
 149    43   1     0     3     3  149.       0.727      0.02500   
 149    44   1     0     9     9  149.       0.752      0.02500   
 149    45   1     0     7     7  149.       0.777      0.02500   
 149    46   1     0     6     6  149.       0.802      0.02500   
 149    47   1     0     4     4  149.       0.827      0.02500   
 149    48   1     0    10    10  149.       0.852      0.02500   
 149    49   1     0    10    10  149.       0.877      0.02500   
 149    50   1     0    10    10  149.       0.902      0.02500   
 149    51   1     0    10    10  149.       0.927      0.02500   
 149    52   1     0     7     7  149.       0.952      0.02500   
 149    53   1     0     6     6  149.       0.977      0.02500   
 149    54   1     0     6     6  149.       1.00       0.02312   
 150     1   1     0    10    10  149.       0.00500    0.005000  
 150     2   1     0    10    10  149.       0.0100     0.005000  
 150     3   1     0    10    10  149.       0.0150     0.005000  
 150     4   1     0     7     7  149.       0.0200     0.005000  
 150     5   1     0     7     7  149.       0.0250     0.005000  
 150     6   1     0     5     5  149.       0.0300     0.005000  
 150     7   1     0     4     4  149.       0.0350     0.005000  
 150     8   1     0     1     1  149.       0.0400     0.005000  
 150     9   1     0     8     8  149.       0.0475     0.007500  
 150    10   1     0     2     2  149.       0.0550     0.007500  
 150    11   1     0     4     4  149.       0.0625     0.007500  
 150    12   1     0     9     9  149.       0.0737     0.01125   
 150    13   1     0     5     5  149.       0.0850     0.01125   
 150    14   1     0     4     4  149.       0.0962     0.01125   
 150    15   1     0     3     3  149.       0.107      0.01125   
 150    16   1     0     9     9  149.       0.124      0.01688   
 150    17   1     0     4     4  149.       0.141      0.01688   
 150    18   1     0     4     4  149.       0.158      0.01688   
 150    19   1     0     7     7  149.       0.183      0.02500   
 150    20   1     0     5     5  149.       0.208      0.02500   
 150    21   1     0     5     5  149.       0.233      0.02500   
 150    22   1     0    10    10  149.       0.258      0.02500   
 150    23   1     0     6     6  149.       0.283      0.02500   
 150    24   1     0     2     2  149.       0.308      0.02500   
 150    25   1     0    10    10  149.       0.333      0.02500   
 150    26   1     0    10    10  149.       0.358      0.02500   
 150    27   1     0    12    12  149.       0.383      0.02500   
 150    28   1     0    10    10  149.       0.402      0.01875   
 150    29   1     0    10    10  149.       0.421      0.01875   
 150    30   1     0     9     9  149.       0.439      0.01875   
 150    31   1     0     7     7  149.       0.458      0.01875   
 150    32   1     0     5     5  149.       0.477      0.01875   
 150    33   1     0     5     5  149.       0.496      0.01875   
 150    34   1     0     5     5  150.       0.514      0.01875   
 150    35   1     0     4     4  150.       0.533      0.01875   
 150    36   1     0     4     4  150.       0.552      0.01875   
 150    37   1     0     8     8  150.       0.577      0.02500   
 150    38   1     0     5     5  150.       0.602      0.02500   
 150    39   1     0     4     4  150.       0.627      0.02500   
 150    40   1     0     4     4  150.       0.652      0.02500   
 150    41   1     0     4     4  150.       0.677      0.02500   
 150    42   1     0     3     3  150.       0.702      0.02500   
 150    43   1     0     3     3  150.       0.727      0.02500   
 150    44   1     0     9     9  150.       0.752      0.02500   
 150    45   1     0     7     7  150.       0.777      0.02500   
 150    46   1     0     6     6  150.       0.802      0.02500   
 150    47   1     0     4     4  150.       0.827      0.02500   
 150    48   1     0    10    10  150.       0.852      0.02500   
 150    49   1     0    10    10  150.       0.877      0.02500   
 150    50   1     0    10    10  150.       0.902      0.02500   
 150    51   1     0    10    10  150.       0.927      0.02500   
 150    52   1     0     7     7  150.       0.952      0.02500   
 150    53   1     0     6     6  150.       0.977      0.02500   
 150    54   1     0     6     6  150.       1.00       0.02312   
 151     1   1     0    10    10  150.       0.00500    0.005000  
 151     2   1     0    10    10  150.       0.0100     0.005000  
 151     3   1     0    10    10  150.       0.0150     0.005000  
 151     4   1     0     7     7  150.       0.0200     0.005000  
 151     5   1     0     7     7  150.       0.0250     0.005000  
 151     6   1     0     5     5  150.       0.0300     0.005000  
 151     7   1     0     4     4  150.       0.0350     0.005000  
 151     8   1     0     1     1  150.       0.0400     0.005000  
 151     9   1     0     8     8  150.       0.0475     0.007500  
 151    10   1     0     2     2  150.       0.0550     0.007500  
 151    11   1     0     4     4  150.       0.0625     0.007500  
 151    12   1     0     9     9  150.       0.0737     0.01125   
 151    13   1     0     5     5  150.       0.0850     0.01125   
 151    14   1     0     4     4  150.       0.0962     0.01125   
 151    15   1     0     3     3  150.       0.107      0.01125   
 151    16   1     0     9     9  150.       0.124      0.01688   
 151    17   1     0     4     4  150.       0.141      0.01688   
 151    18   1     0     4     4  150.       0.158      0.01688   
 151    19   1     0     7     7  150.       0.183      0.02500   
 151    20   1     0     5     5  150.       0.208      0.02500   
 151    21   1     0     5     5  150.       0.233      0.02500   
 151    22   1     0    10    10  150.       0.258      0.02500   
 151    23   1     0     6     6  150.       0.283      0.02500   
 151    24   1     0     2     2  150.       0.308      0.02500   
 151    25   1     0    10    10  150.       0.333      0.02500   
 151    26   1     0    10    10  150.       0.358      0.02500   
 151    27   1     0    12    12  150.       0.383      0.02500   
 151    28   1     0    10    10  150.       0.402      0.01875   
 151    29   1     0    10    10  150.       0.421      0.01875   
 151    30   1     0     9     9  150.       0.439      0.01875   
 151    31   1     0     7     7  150.       0.458      0.01875   
 151    32   1     0     5     5  150.       0.477      0.01875   
 151    33   1     0     5     5  150.       0.496      0.01875   
 151    34   1     0     5     5  151.       0.514      0.01875   
 151    35   1     0     4     4  151.       0.533      0.01875   
 151    36   1     0     4     4  151.       0.552      0.01875   
 151    37   1     0     8     8  151.       0.577      0.02500   
 151    38   1     0     5     5  151.       0.602      0.02500   
 151    39   1     0     4     4  151.       0.627      0.02500   
 151    40   1     0     4     4  151.       0.652      0.02500   
 151    41   1     0     4     4  151.       0.677      0.02500   
 151    42   1     0     3     3  151.       0.702      0.02500   
 151    43   1     0     3     3  151.       0.727      0.02500   
 151    44   1     0     9     9  151.       0.752      0.02500   
 151    45   1     0     7     7  151.       0.777      0.02500   
 151    46   1     0     6     6  151.       0.802      0.02500   
 151    47   1     0     4     4  151.       0.827      0.02500   
 151    48   1     0    10    10  151.       0.852      0.02500   
 151    49   1     0    10    10  151.       0.877      0.02500   
 151    50   1     0    10    10  151.       0.902      0.02500   
 151    51   1     0    10    10  151.       0.927      0.02500   
 151    52   1     0     7     7  151.       0.952      0.02500   
 151    53   1     0     6     6  151.       0.977      0.02500   
 151    54   1     0     6     6  151.       1.00       0.02312   
 152     1   1     0    10    10  151.       0.00500    0.005000  
 152     2   1     0    10    10  151.       0.0100     0.005000  
 152     3   1     0    10    10  151.       0.0150     0.005000  
 152     4   1     0     7     7  151.       0.0200     0.005000  
 152     5   1     0     7     7  151.       0.0250     0.005000  
 152     6   1     0     5     5  151.       0.0300     0.005000  
 152     7   1     0     4     4  151.       0.0350     0.005000  
 152     8   1     0     1     1  151.       0.0400     0.005000  
 152     9   1     0     8     8  151.       0.0475     0.007500  
 152    10   1     0     2     2  151.       0.0550     0.007500  
 152    11   1     0     4     4  151.       0.0625     0.007500  
 152    12   1     0     9     9  151.       0.0737     0.01125   
 152    13   1     0     5     5  151.       0.0850     0.01125   
 152    14   1     0     4     4  151.       0.0962     0.01125   
 152    15   1     0     3     3  151.       0.107      0.01125   
 152    16   1     0     9     9  151.       0.124      0.01688   
 152    17   1     0     4     4  151.       0.141      0.01688   
 152    18   1     0     4     4  151.       0.158      0.01688   
 152    19   1     0     7     7  151.       0.183      0.02500   
 152    20   1     0     5     5  151.       0.208      0.02500   
 152    21   1     0     5     5  151.       0.233      0.02500   
 152    22   1     0    10    10  151.       0.258      0.02500   
 152    23   1     0     6     6  151.       0.283      0.02500   
 152    24   1     0     2     2  151.       0.308      0.02500   
 152    25   1     0    10    10  151.       0.333      0.02500   
 152    26   1     0    10    10  151.       0.358      0.02500   
 152    27   1     0    12    12  151.       0.383      0.02500   
 152    28   1     0    10    10  151.       0.402      0.01875   
 152    29   1     0    10    10  151.       0.421      0.01875   
 152    30   1     0     9     9  151.       0.439      0.01875   
 152    31   1     0     7     7  151.       0.458      0.01875   
 152    32   1     0     5     5  151.       0.477      0.01875   
 152    33   1     0     5     5  151.       0.496      0.01875   
 152    34   1     0     5     5  152.       0.514      0.01875   
 152    35   1     0     4     4  152.       0.533      0.01875   
 152    36   1     0     4     4  152.       0.552      0.01875   
 152    37   1     0     8     8  152.       0.577      0.02500   
 152    38   1     0     5     5  152.       0.602      0.02500   
 152    39   1     0     4     4  152.       0.627      0.02500   
 152    40   1     0     4     4  152.       0.652      0.02500   
 152    41   1     0     4     4  152.       0.677      0.02500   
 152    42   1     0     3     3  152.       0.702      0.02500   
 152    43   1     0     3     3  152.       0.727      0.02500   
 152    44   1     0     9     9  152.       0.752      0.02500   
 152    45   1     0     7     7  152.       0.777      0.02500   
 152    46   1     0     6     6  152.       0.802      0.02500   
 152    47   1     0     4     4  152.       0.827      0.02500   
 152    48   1     0    10    10  152.       0.852      0.02500   
 152    49   1     0    10    10  152.       0.877      0.02500   
 152    50   1     0    10    10  152.       0.902      0.02500   
 152    51   1     0    10    10  152.       0.927      0.02500   
 152    52   1     0     7     7  152.       0.952      0.02500   
 152    53   1     0     6     6  152.       0.977      0.02500   
 152    54   1     0     6     6  152.       1.00       0.02312   
 153     1   1     0    10    10  152.       0.00500    0.005000  
 153     2   1     0    10    10  152.       0.0100     0.005000  
 153     3   1     0    10    10  152.       0.0150     0.005000  
 153     4   1     0     7     7  152.       0.0200     0.005000  
 153     5   1     0     7     7  152.       0.0250     0.005000  
 153     6   1     0     5     5  152.       0.0300     0.005000  
 153     7   1     0     4     4  152.       0.0350     0.005000  
 153     8   1     0     1     1  152.       0.0400     0.005000  
 153     9   1     0     8     8  152.       0.0475     0.007500  
 153    10   1     0     2     2  152.       0.0550     0.007500  
 153    11   1     0     4     4  152.       0.0625     0.007500  
 153    12   1     0     9     9  152.       0.0737     0.01125   
 153    13   1     0     5     5  152.       0.0850     0.01125   
 153    14   1     0     4     4  152.       0.0962     0.01125   
 153    15   1     0     3     3  152.       0.107      0.01125   
 153    16   1     0     9     9  152.       0.124      0.01688   
 153    17   1     0     4     4  152.       0.141      0.01688   
 153    18   1     0     4     4  152.       0.158      0.01688   
 153    19   1     0     7     7  152.       0.183      0.02500   
 153    20   1     0     5     5  152.       0.208      0.02500   
 153    21   1     0     5     5  152.       0.233      0.02500   
 153    22   1     0    10    10  152.       0.258      0.02500   
 153    23   1     0     6     6  152.       0.283      0.02500   
 153    24   1     0     2     2  152.       0.308      0.02500   
 153    25   1     0    10    10  152.       0.333      0.02500   
 153    26   1     0    10    10  152.       0.358      0.02500   
 153    27   1     0    12    12  152.       0.383      0.02500   
 153    28   1     0    10    10  152.       0.402      0.01875   
 153    29   1     0    10    10  152.       0.421      0.01875   
 153    30   1     0     9     9  152.       0.439      0.01875   
 153    31   1     0     7     7  152.       0.458      0.01875   
 153    32   1     0     5     5  152.       0.477      0.01875   
 153    33   1     0     5     5  152.       0.496      0.01875   
 153    34   1     0     5     5  153.       0.514      0.01875   
 153    35   1     0     4     4  153.       0.533      0.01875   
 153    36   1     0     4     4  153.       0.552      0.01875   
 153    37   1     0     8     8  153.       0.577      0.02500   
 153    38   1     0     5     5  153.       0.602      0.02500   
 153    39   1     0     4     4  153.       0.627      0.02500   
 153    40   1     0     4     4  153.       0.652      0.02500   
 153    41   1     0     4     4  153.       0.677      0.02500   
 153    42   1     0     3     3  153.       0.702      0.02500   
 153    43   1     0     3     3  153.       0.727      0.02500   
 153    44   1     0     9     9  153.       0.752      0.02500   
 153    45   1     0     7     7  153.       0.777      0.02500   
 153    46   1     0     6     6  153.       0.802      0.02500   
 153    47   1     0     4     4  153.       0.827      0.02500   
 153    48   1     0    10    10  153.       0.852      0.02500   
 153    49   1     0    10    10  153.       0.877      0.02500   
 153    50   1     0    10    10  153.       0.902      0.02500   
 153    51   1     0    10    10  153.       0.927      0.02500   
 153    52   1     0     7     7  153.       0.952      0.02500   
 153    53   1     0     6     6  153.       0.977      0.02500   
 153    54   1     0     6     6  153.       1.00       0.02312   
 154     1   1     0    10    10  153.       0.00500    0.005000  
 154     2   1     0    10    10  153.       0.0100     0.005000  
 154     3   1     0    10    10  153.       0.0150     0.005000  
 154     4   1     0     7     7  153.       0.0200     0.005000  
 154     5   1     0     7     7  153.       0.0250     0.005000  
 154     6   1     0     5     5  153.       0.0300     0.005000  
 154     7   1     0     4     4  153.       0.0350     0.005000  
 154     8   1     0     1     1  153.       0.0400     0.005000  
 154     9   1     0     8     8  153.       0.0475     0.007500  
 154    10   1     0     2     2  153.       0.0550     0.007500  
 154    11   1     0     4     4  153.       0.0625     0.007500  
 154    12   1     0     9     9  153.       0.0737     0.01125   
 154    13   1     0     5     5  153.       0.0850     0.01125   
 154    14   1     0     4     4  153.       0.0962     0.01125   
 154    15   1     0     3     3  153.       0.107      0.01125   
 154    16   1     0     9     9  153.       0.124      0.01688   
 154    17   1     0     4     4  153.       0.141      0.01688   
 154    18   1     0     4     4  153.       0.158      0.01688   
 154    19   1     0     7     7  153.       0.183      0.02500   
 154    20   1     0     5     5  153.       0.208      0.02500   
 154    21   1     0     5     5  153.       0.233      0.02500   
 154    22   1     0    10    10  153.       0.258      0.02500   
 154    23   1     0     6     6  153.       0.283      0.02500   
 154    24   1     0     2     2  153.       0.308      0.02500   
 154    25   1     0    10    10  153.       0.333      0.02500   
 154    26   1     0    10    10  153.       0.358      0.02500   
 154    27   1     0    12    12  153.       0.383      0.02500   
 154    28   1     0    10    10  153.       0.402      0.01875   
 154    29   1     0    10    10  153.       0.421      0.01875   
 154    30   1     0     9     9  153.       0.439      0.01875   
 154    31   1     0     7     7  153.       0.458      0.01875   
 154    32   1     0     5     5  153.       0.477      0.01875   
 154    33   1     0     5     5  153.       0.496      0.01875   
 154    34   1     0     5     5  154.       0.514      0.01875   
 154    35   1     0     4     4  154.       0.533      0.01875   
 154    36   1     0     4     4  154.       0.552      0.01875   
 154    37   1     0     8     8  154.       0.577      0.02500   
 154    38   1     0     5     5  154.       0.602      0.02500   
 154    39   1     0     4     4  154.       0.627      0.02500   
 154    40   1     0     4     4  154.       0.652      0.02500   
 154    41   1     0     4     4  154.       0.677      0.02500   
 154    42   1     0     3     3  154.       0.702      0.02500   
 154    43   1     0     3     3  154.       0.727      0.02500   
 154    44   1     0     9     9  154.       0.752      0.02500   
 154    45   1     0     7     7  154.       0.777      0.02500   
 154    46   1     0     6     6  154.       0.802      0.02500   
 154    47   1     0     4     4  154.       0.827      0.02500   
 154    48   1     0    10    10  154.       0.852      0.02500   
 154    49   1     0    10    10  154.       0.877      0.02500   
 154    50   1     0    10    10  154.       0.902      0.02500   
 154    51   1     0    10    10  154.       0.927      0.02500   
 154    52   1     0     7     7  154.       0.952      0.02500   
 154    53   1     0     6     6  154.       0.977      0.02500   
 154    54   1     0     6     6  154.       1.00       0.02312   
 155     1   1     0    10    10  154.       0.00500    0.005000  
 155     2   1     0    10    10  154.       0.0100     0.005000  
 155     3   1     0    10    10  154.       0.0150     0.005000  
 155     4   1     0     7     7  154.       0.0200     0.005000  
 155     5   1     0     7     7  154.       0.0250     0.005000  
 155     6   1     0     5     5  154.       0.0300     0.005000  
 155     7   1     0     4     4  154.       0.0350     0.005000  
 155     8   1     0     1     1  154.       0.0400     0.005000  
 155     9   1     0     8     8  154.       0.0475     0.007500  
 155    10   1     0     2     2  154.       0.0550     0.007500  
 155    11   1     0     4     4  154.       0.0625     0.007500  
 155    12   1     0     9     9  154.       0.0737     0.01125   
 155    13   1     0     5     5  154.       0.0850     0.01125   
 155    14   1     0     4     4  154.       0.0962     0.01125   
 155    15   1     0     3     3  154.       0.107      0.01125   
 155    16   1     0     9     9  154.       0.124      0.01688   
 155    17   1     0     4     4  154.       0.141      0.01688   
 155    18   1     0     4     4  154.       0.158      0.01688   
 155    19   1     0     7     7  154.       0.183      0.02500   
 155    20   1     0     5     5  154.       0.208      0.02500   
 155    21   1     0     5     5  154.       0.233      0.02500   
 155    22   1     0    10    10  154.       0.258      0.02500   
 155    23   1     0     6     6  154.       0.283      0.02500   
 155    24   1     0     2     2  154.       0.308      0.02500   
 155    25   1     0    10    10  154.       0.333      0.02500   
 155    26   1     0    10    10  154.       0.358      0.02500   
 155    27   1     0    12    12  154.       0.383      0.02500   
 155    28   1     0    10    10  154.       0.402      0.01875   
 155    29   1     0    10    10  154.       0.421      0.01875   
 155    30   1     0     9     9  154.       0.439      0.01875   
 155    31   1     0     7     7  154.       0.458      0.01875   
 155    32   1     0     5     5  154.       0.477      0.01875   
 155    33   1     0     5     5  154.       0.496      0.01875   
 155    34   1     0     5     5  155.       0.514      0.01875   
 155    35   1     0     4     4  155.       0.533      0.01875   
 155    36   1     0     4     4  155.       0.552      0.01875   
 155    37   1     0     8     8  155.       0.577      0.02500   
 155    38   1     0     5     5  155.       0.602      0.02500   
 155    39   1     0     4     4  155.       0.627      0.02500   
 155    40   1     0     4     4  155.       0.652      0.02500   
 155    41   1     0     4     4  155.       0.677      0.02500   
 155    42   1     0     3     3  155.       0.702      0.02500   
 155    43   1     0     3     3  155.       0.727      0.02500   
 155    44   1     0     9     9  155.       0.752      0.02500   
 155    45   1     0     7     7  155.       0.777      0.02500   
 155    46   1     0     6     6  155.       0.802      0.02500   
 155    47   1     0     4     4  155.       0.827      0.02500   
 155    48   1     0    10    10  155.       0.852      0.02500   
 155    49   1     0    10    10  155.       0.877      0.02500   
 155    50   1     0    10    10  155.       0.902      0.02500   
 155    51   1     0    10    10  155.       0.927      0.02500   
 155    52   1     0     7     7  155.       0.952      0.02500   
 155    53   1     0     6     6  155.       0.977      0.02500   
 155    54   1     0     6     6  155.       1.00       0.02312   
 156     1   1     0    10    10  155.       0.00500    0.005000  
 156     2   1     0    10    10  155.       0.0100     0.005000  
 156     3   1     0    10    10  155.       0.0150     0.005000  
 156     4   1     0     7     7  155.       0.0200     0.005000  
 156     5   1     0     7     7  155.       0.0250     0.005000  
 156     6   1     0     5     5  155.       0.0300     0.005000  
 156     7   1     0     4     4  155.       0.0350     0.005000  
 156     8   1     0     1     1  155.       0.0400     0.005000  
 156     9   1     0     8     8  155.       0.0475     0.007500  
 156    10   1     0     2     2  155.       0.0550     0.007500  
 156    11   1     0     4     4  155.       0.0625     0.007500  
 156    12   1     0     9     9  155.       0.0737     0.01125   
 156    13   1     0     5     5  155.       0.0850     0.01125   
 156    14   1     0     4     4  155.       0.0962     0.01125   
 156    15   1     0     3     3  155.       0.107      0.01125   
 156    16   1     0     9     9  155.       0.124      0.01688   
 156    17   1     0     4     4  155.       0.141      0.01688   
 156    18   1     0     4     4  155.       0.158      0.01688   
 156    19   1     0     7     7  155.       0.183      0.02500   
 156    20   1     0     5     5  155.       0.208      0.02500   
 156    21   1     0     5     5  155.       0.233      0.02500   
 156    22   1     0    10    10  155.       0.258      0.02500   
 156    23   1     0     6     6  155.       0.283      0.02500   
 156    24   1     0     2     2  155.       0.308      0.02500   
 156    25   1     0    10    10  155.       0.333      0.02500   
 156    26   1     0    10    10  155.       0.358      0.02500   
 156    27   1     0    12    12  155.       0.383      0.02500   
 156    28   1     0    10    10  155.       0.402      0.01875   
 156    29   1     0    10    10  155.       0.421      0.01875   
 156    30   1     0     9     9  155.       0.439      0.01875   
 156    31   1     0     7     7  155.       0.458      0.01875   
 156    32   1     0     5     5  155.       0.477      0.01875   
 156    33   1     0     5     5  155.       0.496      0.01875   
 156    34   1     0     5     5  156.       0.514      0.01875   
 156    35   1     0     5     5  156.       0.533      0.01875   
 156    36   1     0     4     4  156.       0.552      0.01875   
 156    37   1     0     3     3  156.       0.571      0.01875   
 156    38   1     0     7     7  156.       0.596      0.02500   
 156    39   1     0     5     5  156.       0.621      0.02500   
 156    40   1     0     4     4  156.       0.646      0.02500   
 156    41   1     0     4     4  156.       0.671      0.02500   
 156    42   1     0     4     4  156.       0.696      0.02500   
 156    43   1     0     3     3  156.       0.721      0.02500   
 156    44   1     0     3     3  156.       0.746      0.02500   
 156    45   1     0     8     8  156.       0.771      0.02500   
 156    46   1     0     8     8  156.       0.796      0.02500   
 156    47   1     0     4     4  156.       0.821      0.02500   
 156    48   1     0    10    10  156.       0.846      0.02500   
 156    49   1     0    11    11  156.       0.871      0.02500   
 156    50   1     0    10    10  156.       0.889      0.01875   
 156    51   1     0    11    11  156.       0.908      0.01875   
 156    52   1     0    10    10  156.       0.922      0.01406   
 156    53   1     0     8     8  156.       0.936      0.01406   
 156    54   1     0     6     6  156.       0.950      0.01406   
 156    55   1     0     6     6  156.       0.964      0.01406   
 156    56   1     0     7     7  156.       0.978      0.01406   
 156    57   1     0     5     5  156.       0.993      0.01406   
 156    58   1     0    10    10  156.       1.00       0.007500  
 157     1   1     0    10    10  156.       0.00500    0.005000  
 157     2   1     0     2     2  156.       0.0100     0.005000  
 157     3   1     0     5     5  156.       0.0150     0.005000  
 157     4   1     0     3     3  156.       0.0200     0.005000  
 157     5   1     0     1     1  156.       0.0250     0.005000  
 157     6   1     0     7     7  156.       0.0325     0.007500  
 157     7   1     0     2     2  156.       0.0400     0.007500  
 157     8   1     0     4     4  156.       0.0475     0.007500  
 157     9   1     0     8     8  156.       0.0587     0.01125   
 157    10   1     0     5     5  156.       0.0700     0.01125   
 157    11   1     0     4     4  156.       0.0812     0.01125   
 157    12   1     0     4     4  156.       0.0925     0.01125   
 157    13   1     0     9     9  156.       0.109      0.01688   
 157    14   1     0     5     5  156.       0.126      0.01688   
 157    15   1     0     4     4  156.       0.143      0.01688   
 157    16   1     0     3     3  156.       0.160      0.01688   
 157    17   1     0     7     7  156.       0.185      0.02500   
 157    18   1     0     5     5  156.       0.210      0.02500   
 157    19   1     0     5     5  156.       0.235      0.02500   
 157    20   1     0    10    10  156.       0.260      0.02500   
 157    21   1     0     5     5  156.       0.285      0.02500   
 157    22   1     0     3     3  156.       0.310      0.02500   
 157    23   1     0    10    10  156.       0.335      0.02500   
 157    24   1     0    10    10  156.       0.360      0.02500   
 157    25   1     0    11    11  156.       0.385      0.02500   
 157    26   1     0    10    10  156.       0.404      0.01875   
 157    27   1     0    10    10  156.       0.423      0.01875   
 157    28   1     0     9     9  156.       0.441      0.01875   
 157    29   1     0     7     7  156.       0.460      0.01875   
 157    30   1     0     5     5  156.       0.479      0.01875   
 157    31   1     0     5     5  156.       0.497      0.01875   
 157    32   1     0     5     5  157.       0.516      0.01875   
 157    33   1     0     5     5  157.       0.535      0.01875   
 157    34   1     0     4     4  157.       0.554      0.01875   
 157    35   1     0     3     3  157.       0.573      0.01875   
 157    36   1     0     8     8  157.       0.598      0.02500   
 157    37   1     0     5     5  157.       0.623      0.02500   
 157    38   1     0     4     4  157.       0.648      0.02500   
 157    39   1     0     4     4  157.       0.673      0.02500   
 157    40   1     0     4     4  157.       0.698      0.02500   
 157    41   1     0     3     3  157.       0.723      0.02500   
 157    42   1     0     3     3  157.       0.748      0.02500   
 157    43   1     0     9     9  157.       0.773      0.02500   
 157    44   1     0     6     6  157.       0.798      0.02500   
 157    45   1     0     3     3  157.       0.823      0.02500   
 157    46   1     0    10    10  157.       0.848      0.02500   
 157    47   1     0    11    11  157.       0.873      0.02500   
 157    48   1     0    10    10  157.       0.891      0.01875   
 157    49   1     0    10    10  157.       0.910      0.01875   
 157    50   1     0     9     9  157.       0.929      0.01875   
 157    51   1     0     7     7  157.       0.948      0.01875   
 157    52   1     0     7     7  157.       0.966      0.01875   
 157    53   1     0     7     7  157.       0.985      0.01875   
 157    54   1     0    10    10  157.       1.00       0.01500   
 158     1   1     0    10    10  157.       0.00500    0.005000  
 158     2   1     0     8     8  157.       0.0100     0.005000  
 158     3   1     0     7     7  157.       0.0150     0.005000  
 158     4   1     0     7     7  157.       0.0200     0.005000  
 158     5   1     0     4     4  157.       0.0250     0.005000  
 158     6   1     0     3     3  157.       0.0300     0.005000  
 158     7   1     0     8     8  157.       0.0375     0.007500  
 158     8   1     0     2     2  157.       0.0450     0.007500  
 158     9   1     0     4     4  157.       0.0525     0.007500  
 158    10   1U    0     5     5  157.       0.0525     0.01125   
 158    10   2     0    10    10  157.       0.0553     0.002812  
 158    11   1     0     4     4  157.       0.0581     0.002812  
 158    12   1     0     5     5  157.       0.0609     0.002812  
 158    13   1     0     4     4  157.       0.0638     0.002812  
 158    14   1     0     3     3  157.       0.0666     0.002812  
 158    15   1     0     7     7  157.       0.0708     0.004219  
 158    16   1     0     1     1  157.       0.0750     0.004219  
 158    17   1     0     1     1  157.       0.0792     0.004219  
 158    18   1     0     5     5  157.       0.0855     0.006328  
 158    19   1     0     1     1  157.       0.0919     0.006328  
 158    20   1     0     2     2  157.       0.0982     0.006328  
 158    21   1     0     5     5  157.       0.108      0.009492  
 158    22   1     0     2     2  157.       0.117      0.009492  
 158    23   1     0     3     3  157.       0.127      0.009492  
 158    24   1     0     7     7  157.       0.141      0.01424   
 158    25   1     0     4     4  157.       0.155      0.01424   
 158    26   1     0     4     4  157.       0.169      0.01424   
 158    27   1     0     7     7  157.       0.191      0.02136   
 158    28   1     0     4     4  157.       0.212      0.02136   
 158    29   1     0     4     4  157.       0.233      0.02136   
 158    30   1     0    10    10  157.       0.258      0.02500   
 158    31   1     0     4     4  157.       0.283      0.02500   
 158    32   1     0     4     4  157.       0.308      0.02500   
 158    33   1     0    10    10  157.       0.333      0.02500   
 158    34   1     0    10    10  157.       0.358      0.02500   
 158    35   1     0    11    11  157.       0.383      0.02500   
 158    36   1     0    10    10  157.       0.402      0.01875   
 158    37   1     0    10    10  157.       0.421      0.01875   
 158    38   1     0     9     9  157.       0.440      0.01875   
 158    39   1     0     7     7  157.       0.458      0.01875   
 158    40   1     0     5     5  157.       0.477      0.01875   
 158    41   1     0     5     5  157.       0.496      0.01875   
 158    42   1     0     5     5  158.       0.515      0.01875   
 158    43   1     0     4     4  158.       0.533      0.01875   
 158    44   1     0     4     4  158.       0.552      0.01875   
 158    45   1     0     7     7  158.       0.577      0.02500   
 158    46   1     0     5     5  158.       0.602      0.02500   
 158    47   1     0     4     4  158.       0.627      0.02500   
 158    48   1     0     4     4  158.       0.652      0.02500   
 158    49   1     0     4     4  158.       0.677      0.02500   
 158    50   1     0     4     4  158.       0.702      0.02500   
 158    51   1     0     3     3  158.       0.727      0.02500   
 158    52   1     0     9     9  158.       0.752      0.02500   
 158    53   1     0     7     7  158.       0.777      0.02500   
 158    54   1     0     5     5  158.       0.802      0.02500   
 158    55   1     0     3     3  158.       0.827      0.02500   
 158    56   1     0    10    10  158.       0.852      0.02500   
 158    57   1     0    10    10  158.       0.877      0.02500   
 158    58   1     0    10    10  158.       0.902      0.02500   
 158    59   1     0    10    10  158.       0.927      0.02500   
 158    60   1     0     6     6  158.       0.952      0.02500   
 158    61   1     0     6     6  158.       0.977      0.02500   
 158    62   1     0     6     6  158.       1.00       0.02278   
 159     1   1     0    10    10  158.       0.00500    0.005000  
 159     2   1     0    10    10  158.       0.0100     0.005000  
 159     3   1     0     9     9  158.       0.0150     0.005000  
 159     4   1     0     7     7  158.       0.0200     0.005000  
 159     5   1     0     6     6  158.       0.0250     0.005000  
 159     6   1     0     3     3  158.       0.0300     0.005000  
 159     7   1     0     2     2  158.       0.0350     0.005000  
 159     8   1     0     7     7  158.       0.0425     0.007500  
 159     9   1     0     2     2  158.       0.0500     0.007500  
 159    10   1     0     4     4  158.       0.0575     0.007500  
 159    11   1U    0     4     4  158.       0.0575     0.01125   
 159    11   2     0     9     9  158.       0.0603     0.002812  
 159    12   1     0     3     3  158.       0.0631     0.002812  
 159    13   1     0     4     4  158.       0.0659     0.002812  
 159    14   1     0     8     8  158.       0.0702     0.004219  
 159    15   1     0     1     1  158.       0.0744     0.004219  
 159    16   1     0     2     2  158.       0.0786     0.004219  
 159    17   1     0     6     6  158.       0.0849     0.006328  
 159    18   1     0     1     1  158.       0.0912     0.006328  
 159    19   1     0     2     2  158.       0.0976     0.006328  
 159    20   1     0     4     4  158.       0.107      0.009492  
 159    21   1     0     7     7  158.       0.121      0.01424   
 159    22   1     0     5     5  158.       0.136      0.01424   
 159    23   1     0     5     5  158.       0.150      0.01424   
 159    24   1     0     3     3  158.       0.164      0.01424   
 159    25   1     0     2     2  158.       0.178      0.01424   
 159    26   1     0     7     7  158.       0.200      0.02136   
 159    27   1     0     4     4  158.       0.221      0.02136   
 159    28   1     0     4     4  158.       0.242      0.02136   
 159    29   1     0     7     7  158.       0.267      0.02500   
 159    30   1     0     2     2  158.       0.292      0.02500   
 159    31   1     0     8     8  158.       0.317      0.02500   
 159    32   1     0    10    10  158.       0.342      0.02500   
 159    33   1     0    10    10  158.       0.367      0.02500   
 159    34   1     0    10    10  158.       0.392      0.02500   
 159    35   1     0    10    10  158.       0.417      0.02500   
 159    36   1     0    10    10  158.       0.442      0.02500   
 159    37   1     0     8     8  158.       0.467      0.02500   
 159    38   1     0     5     5  158.       0.492      0.02500   
 159    39   1     0     6     6  159.       0.517      0.02500   
 159    40   1     0     3     3  159.       0.542      0.02500   
 159    41   1     0     4     4  159.       0.567      0.02500   
 159    42   1     0     4     4  159.       0.592      0.02500   
 159    43   1     0     4     4  159.       0.617      0.02500   
 159    44   1     0     4     4  159.       0.642      0.02500   
 159    45   1     0     3     3  159.       0.667      0.02500   
 159    46   1     0     4     4  159.       0.692      0.02500   
 159    47   1     0     3     3  159.       0.717      0.02500   
 159    48   1     0     2     2  159.       0.742      0.02500   
 159    49   1     0    10    10  159.       0.767      0.02500   
 159    50   1     0     8     8  159.       0.792      0.02500   
 159    51   1     0     5     5  159.       0.817      0.02500   
 159    52   1     0     9     9  159.       0.842      0.02500   
 159    53   1     0    10    10  159.       0.867      0.02500   
 159    54   1     0    10    10  159.       0.892      0.02500   
 159    55   1     0    10    10  159.       0.917      0.02500   
 159    56   1     0    10    10  159.       0.942      0.02500   
 159    57   1     0     7     7  159.       0.967      0.02500   
 159    58   1     0     6     6  159.       0.992      0.02500   
 159    59   1     0    10    10  159.       1.00       0.007666  
 160     1   1     0    10    10  159.       0.00500    0.005000  
 160     2   1     0     7     7  159.       0.0100     0.005000  
 160     3   1     0     5     5  159.       0.0150     0.005000  
 160     4   1     0     3     3  159.       0.0200     0.005000  
 160     5   1     0     1     1  159.       0.0250     0.005000  
 160     6   1     0     5     5  159.       0.0325     0.007500  
 160     7   1     0     2     2  159.       0.0400     0.007500  
 160     8   1     0     4     4  159.       0.0475     0.007500  
 160     9   1     0     5     5  159.       0.0587     0.01125   
 160    10   1     0     4     4  159.       0.0700     0.01125   
 160    11   1     0     6     6  159.       0.0812     0.01125   
 160    12   1     0     4     4  159.       0.0925     0.01125   
 160    13   1     0     3     3  159.       0.104      0.01125   
 160    14   1     0     9     9  159.       0.121      0.01688   
 160    15   1     0     4     4  159.       0.137      0.01688   
 160    16   1     0     4     4  159.       0.154      0.01688   
 160    17   1     0     7     7  159.       0.179      0.02500   
 160    18   1     0     6     6  159.       0.204      0.02500   
 160    19   1     0     4     4  159.       0.229      0.02500   
 160    20   1     0    10    10  159.       0.254      0.02500   
 160    21   1     0     6     6  159.       0.279      0.02500   
 160    22   1     0     1     1  159.       0.304      0.02500   
 160    23   1     0    10    10  159.       0.329      0.02500   
 160    24   1     0    10    10  159.       0.354      0.02500   
 160    25   1     0    11    11  159.       0.379      0.02500   
 160    26   1     0    11    11  159.       0.398      0.01875   
 160    27   1     0    10    10  159.       0.412      0.01406   
 160    28   1     0     9     9  159.       0.426      0.01406   
 160    29   1     0     7     7  159.       0.440      0.01406   
 160    30   1     0     6     6  159.       0.454      0.01406   
 160    31   1     0     7     7  159.       0.468      0.01406   
 160    32   1     0     6     6  159.       0.482      0.01406   
 160    33   1     0     5     5  159.       0.497      0.01406   
 160    34   1     0     6     6  160.       0.511      0.01406   
 160    35   1     0     4     4  160.       0.525      0.01406   
 160    36   1     0     4     4  160.       0.539      0.01406   
 160    37   1     0     9     9  160.       0.560      0.02109   
 160    38   1     0     5     5  160.       0.581      0.02109   
 160    39   1     0     4     4  160.       0.602      0.02109   
 160    40   1     0     4     4  160.       0.623      0.02109   
 160    41   1     0     6     6  160.       0.648      0.02500   
 160    42   1     0     5     5  160.       0.673      0.02500   
 160    43   1     0     4     4  160.       0.698      0.02500   
 160    44   1     0     4     4  160.       0.723      0.02500   
 160    45   1     0     3     3  160.       0.748      0.02500   
 160    46   1     0     8     8  160.       0.773      0.02500   
 160    47   1     0     6     6  160.       0.798      0.02500   
 160    48   1     0     3     3  160.       0.823      0.02500   
 160    49   1     0    10    10  160.       0.848      0.02500   
 160    50   1     0    12    12  160.       0.873      0.02500   
 160    51   1U    0    10    10  160.       0.873      0.01875   
 160    51   2     0    10    10  160.       0.883      0.009375  
 160    52   1     0    10    10  160.       0.892      0.009375  
 160    53   1     0    10    10  160.       0.901      0.009375  
 160    54   1     0     5     5  160.       0.911      0.009375  
 160    55   1     0     9     9  160.       0.920      0.009375  
 160    56   1     0     6     6  160.       0.929      0.009375  
 160    57   1     0     3     3  160.       0.939      0.009375  
 160    58   1     0     5     5  160.       0.948      0.009375  
 160    59   1     0     4     4  160.       0.958      0.009375  
 160    60   1     0     4     4  160.       0.967      0.009375  
 160    61   1     0     6     6  160.       0.981      0.01406   
 160    62   1     0     7     7  160.       0.995      0.01406   
 160    63   1     0    10    10  160.       1.00       0.005000  
 161     1   1     0    10    10  160.       0.00500    0.005000  
 161     2   1     0     3     3  160.       0.0100     0.005000  
 161     3   1     0     5     5  160.       0.0150     0.005000  
 161     4   1     0     3     3  160.       0.0200     0.005000  
 161     5   1     0     2     2  160.       0.0250     0.005000  
 161     6   1     0     8     8  160.       0.0325     0.007500  
 161     7   1     0     2     2  160.       0.0400     0.007500  
 161     8   1     0     5     5  160.       0.0475     0.007500  
 161     9   1     0     3     3  160.       0.0550     0.007500  
 161    10   1     0     3     3  160.       0.0625     0.007500  
 161    11   1     0    10    10  160.       0.0737     0.01125   
 161    12   1     0     3     3  160.       0.0850     0.01125   
 161    13   1     0     4     4  160.       0.0962     0.01125   
 161    14   1     0     9     9  160.       0.113      0.01688   
 161    15   1     0     5     5  160.       0.130      0.01688   
 161    16   1     0     5     5  160.       0.147      0.01688   
 161    17   1     0     3     3  160.       0.164      0.01688   
 161    18   1     0     2     2  160.       0.181      0.01688   
 161    19   1     0     7     7  160.       0.206      0.02500   
 161    20   1     0     6     6  160.       0.231      0.02500   
 161    21   1     0    10    10  160.       0.256      0.02500   
 161    22   1     0     5     5  160.       0.281      0.02500   
 161    23   1     0     1     1  160.       0.306      0.02500   
 161    24   1     0    10    10  160.       0.331      0.02500   
 161    25   1     0    10    10  160.       0.356      0.02500   
 161    26   1     0    11    11  160.       0.381      0.02500   
 161    27   1     0    10    10  160.       0.399      0.01875   
 161    28   1     0    10    10  160.       0.418      0.01875   
 161    29   1     0     9     9  160.       0.437      0.01875   
 161    30   1     0     7     7  160.       0.456      0.01875   
 161    31   1     0     5     5  160.       0.474      0.01875   
 161    32   1     0     5     5  160.       0.493      0.01875   
 161    33   1     0     5     5  161.       0.512      0.01875   
 161    34   1     0     5     5  161.       0.531      0.01875   
 161    35   1     0     4     4  161.       0.549      0.01875   
 161    36   1     0     4     4  161.       0.568      0.01875   
 161    37   1     0     7     7  161.       0.593      0.02500   
 161    38   1     0     5     5  161.       0.618      0.02500   
 161    39   1     0     4     4  161.       0.643      0.02500   
 161    40   1     0     4     4  161.       0.668      0.02500   
 161    41   1     0     4     4  161.       0.693      0.02500   
 161    42   1     0     3     3  161.       0.718      0.02500   
 161    43   1     0     3     3  161.       0.743      0.02500   
 161    44   1     0     9     9  161.       0.768      0.02500   
 161    45   1     0     7     7  161.       0.793      0.02500   
 161    46   1     0     4     4  161.       0.818      0.02500   
 161    47   1     0    10    10  161.       0.843      0.02500   
 161    48   1     0    11    11  161.       0.868      0.02500   
 161    49   1     0    10    10  161.       0.887      0.01875   
 161    50   1     0    11    11  161.       0.906      0.01875   
 161    51   1     0    10    10  161.       0.920      0.01406   
 161    52   1     0    10    10  161.       0.934      0.01406   
 161    53   1     0     8     8  161.       0.948      0.01406   
 161    54   1     0     6     6  161.       0.962      0.01406   
 161    55   1     0     7     7  161.       0.976      0.01406   
 161    56   1     0     5     5  161.       0.990      0.01406   
 161    57   1     0    10    10  161.       1.00       0.01000   
 162     1   1     0    10    10  161.       0.00500    0.005000  
 162     2   1     0     5     5  161.       0.0100     0.005000  
 162     3   1     0     5     5  161.       0.0150     0.005000  
 162     4   1     0     3     3  161.       0.0200     0.005000  
 162     5   1     0     2     2  161.       0.0250     0.005000  
 162     6   1     0     7     7  161.       0.0325     0.007500  
 162     7   1     0     2     2  161.       0.0400     0.007500  
 162     8   1     0     5     5  161.       0.0475     0.007500  
 162     9   1     0     3     3  161.       0.0550     0.007500  
 162    10   1     0     3     3  161.       0.0625     0.007500  
 162    11   1     0    10    10  161.       0.0737     0.01125   
 162    12   1     0     4     4  161.       0.0850     0.01125   
 162    13   1     0     4     4  161.       0.0962     0.01125   
 162    14   1     0     9     9  161.       0.113      0.01688   
 162    15   1     0     5     5  161.       0.130      0.01688   
 162    16   1     0     4     4  161.       0.147      0.01688   
 162    17   1     0     3     3  161.       0.164      0.01688   
 162    18   1     0     7     7  161.       0.189      0.02500   
 162    19   1     0     5     5  161.       0.214      0.02500   
 162    20   1     0     5     5  161.       0.239      0.02500   
 162    21   1     0    11    11  161.       0.264      0.02500   
 162    22   1     0     6     6  161.       0.282      0.01875   
 162    23   1     0     1     1  161.       0.301      0.01875   
 162    24   1     0     8     8  161.       0.320      0.01875   
 162    25   1     0    10    10  161.       0.339      0.01875   
 162    26   1     0    10    10  161.       0.357      0.01875   
 162    27   1     0    12    12  161.       0.376      0.01875   
 162    28   1     0    11    11  161.       0.390      0.01406   
 162    29   1     0    10    10  161.       0.401      0.01055   
 162    30   1     0    10    10  161.       0.411      0.01055   
 162    31   1     0     8     8  161.       0.422      0.01055   
 162    32   1     0     6     6  161.       0.432      0.01055   
 162    33   1     0     7     7  161.       0.443      0.01055   
 162    34   1     0     6     6  161.       0.454      0.01055   
 162    35   1     0     5     5  161.       0.464      0.01055   
 162    36   1     0     6     6  161.       0.475      0.01055   
 162    37   1     0     6     6  161.       0.485      0.01055   
 162    38   1     0     5     5  161.       0.496      0.01055   
 162    39   1     0     5     5  162.       0.506      0.01055   
 162    40   1     0     5     5  162.       0.517      0.01055   
 162    41   1     0     4     4  162.       0.527      0.01055   
 162    42   1     0     3     3  162.       0.538      0.01055   
 162    43   1     0    10    10  162.       0.554      0.01582   
 162    44   1     0     7     7  162.       0.570      0.01582   
 162    45   1     0     6     6  162.       0.585      0.01582   
 162    46   1     0     4     4  162.       0.601      0.01582   
 162    47   1     0     3     3  162.       0.617      0.01582   
 162    48   1     0     9     9  162.       0.641      0.02373   
 162    49   1     0     6     6  162.       0.665      0.02373   
 162    50   1     0     5     5  162.       0.688      0.02373   
 162    51   1     0     4     4  162.       0.712      0.02373   
 162    52   1     0     4     4  162.       0.736      0.02373   
 162    53   1     0    10    10  162.       0.761      0.02500   
 162    54   1     0     7     7  162.       0.786      0.02500   
 162    55   1     0     4     4  162.       0.811      0.02500   
 162    56   1     0     9     9  162.       0.836      0.02500   
 162    57   1     0    10    10  162.       0.861      0.02500   
 162    58   1     0    11    11  162.       0.886      0.02500   
 162    59   1     0    10    10  162.       0.904      0.01875   
 162    60   1     0    10    10  162.       0.923      0.01875   
 162    61   1     0     8     8  162.       0.942      0.01875   
 162    62   1     0     8     8  162.       0.961      0.01875   
 162    63   1     0     6     6  162.       0.979      0.01875   
 162    64   1     0     6     6  162.       0.998      0.01875   
 162    65   1     0    10    10  162.       1.00       0.001777  
 163     1   1     0    10    10  162.       0.00500    0.005000  
 163     2   1     0     8     8  162.       0.0100     0.005000  
 163     3   1     0     9     9  162.       0.0150     0.005000  
 163     4   1     0     7     7  162.       0.0200     0.005000  
 163     5   1     0     5     5  162.       0.0250     0.005000  
 163     6   1     0     4     4  162.       0.0300     0.005000  
 163     7   1     0     6     6  162.       0.0350     0.005000  
 163     8   1     0     5     5  162.       0.0400     0.005000  
 163     9   1     0     4     4  162.       0.0450     0.005000  
 163    10   1     0     5     5  162.       0.0500     0.005000  
 163    11   1     0     3     3  162.       0.0550     0.005000  
 163    12   1     0     2     2  162.       0.0600     0.005000  
 163    13   1     0     9     9  162.       0.0675     0.007500  
 163    14   1     0     2     2  162.       0.0750     0.007500  
 163    15   1     0     3     3  162.       0.0825     0.007500  
 163    16   1     0     8     8  162.       0.0937     0.01125   
 163    17   1     0     4     4  162.       0.105      0.01125   
 163    18   1     0     5     5  162.       0.116      0.01125   
 163    19   1     0     3     3  162.       0.127      0.01125   
 163    20   1     0     3     3  162.       0.139      0.01125   
 163    21   1     0    10    10  162.       0.156      0.01688   
 163    22   1     0     4     4  162.       0.172      0.01688   
 163    23   1     0     4     4  162.       0.189      0.01688   
 163    24   1     0     7     7  162.       0.214      0.02500   
 163    25   1     0     5     5  162.       0.239      0.02500   
 163    26   1     0    10    10  162.       0.264      0.02500   
 163    27   1     0     4     4  162.       0.289      0.02500   
 163    28   1     0     4     4  162.       0.314      0.02500   
 163    29   1     0    10    10  162.       0.339      0.02500   
 163    30   1     0    10    10  162.       0.364      0.02500   
 163    31   1     0    11    11  162.       0.389      0.02500   
 163    32   1     0    10    10  162.       0.408      0.01875   
 163    33   1     0    10    10  162.       0.427      0.01875   
 163    34   1     0     9     9  162.       0.446      0.01875   
 163    35   1     0     6     6  162.       0.464      0.01875   
 163    36   1     0     6     6  162.       0.483      0.01875   
 163    37   1     0     5     5  163.       0.502      0.01875   
 163    38   1     0     5     5  163.       0.521      0.01875   
 163    39   1     0     5     5  163.       0.539      0.01875   
 163    40   1     0     4     4  163.       0.558      0.01875   
 163    41   1     0     3     3  163.       0.577      0.01875   
 163    42   1     0     7     7  163.       0.602      0.02500   
 163    43   1     0     5     5  163.       0.627      0.02500   
 163    44   1     0     4     4  163.       0.652      0.02500   
 163    45   1     0     4     4  163.       0.677      0.02500   
 163    46   1     0     3     3  163.       0.702      0.02500   
 163    47   1     0     4     4  163.       0.727      0.02500   
 163    48   1     0     9     9  163.       0.752      0.02500   
 163    49   1     0     7     7  163.       0.777      0.02500   
 163    50   1     0     6     6  163.       0.802      0.02500   
 163    51   1     0     4     4  163.       0.827      0.02500   
 163    52   1     0    10    10  163.       0.852      0.02500   
 163    53   1     0    10    10  163.       0.877      0.02500   
 163    54   1     0    10    10  163.       0.902      0.02500   
 163    55   1     0    10    10  163.       0.927      0.02500   
 163    56   1     0     7     7  163.       0.952      0.02500   
 163    57   1     0     5     5  163.       0.977      0.02500   
 163    58   1     0     6     6  163.       1.00       0.02312   
 164     1   1     0    11    11  163.       0.00500    0.005000  
 164     2   1     0     8     8  163.       0.00875    0.003750  
 164     3   1     0    10    10  163.       0.0125     0.003750  
 164     4   1     0     8     8  163.       0.0163     0.003750  
 164     5   1     0     8     8  163.       0.0200     0.003750  
 164     6   1     0     6     6  163.       0.0238     0.003750  
 164     7   1     0     4     4  163.       0.0275     0.003750  
 164     8   1     0     2     2  163.       0.0312     0.003750  
 164     9   1     0     7     7  163.       0.0369     0.005625  
 164    10   1     0     1     1  163.       0.0425     0.005625  
 164    11   1     0     3     3  163.       0.0481     0.005625  
 164    12   1     0     5     5  163.       0.0566     0.008438  
 164    13   1     0     2     2  163.       0.0650     0.008438  
 164    14   1     0     4     4  163.       0.0734     0.008438  
 164    15   1     0     7     7  163.       0.0861     0.01266   
 164    16   1     0     4     4  163.       0.0988     0.01266   
 164    17   1     0     5     5  163.       0.111      0.01266   
 164    18   1     0     3     3  163.       0.124      0.01266   
 164    19   1     0     2     2  163.       0.137      0.01266   
 164    20   1     0     8     8  163.       0.156      0.01898   
 164    21   1     0     4     4  163.       0.175      0.01898   
 164    22   1     0     4     4  163.       0.194      0.01898   
 164    23   1     0     7     7  163.       0.219      0.02500   
 164    24   1     0     5     5  163.       0.244      0.02500   
 164    25   1     0     6     6  163.       0.269      0.02500   
 164    26   1     0     2     2  163.       0.294      0.02500   
 164    27   1     0     8     8  163.       0.319      0.02500   
 164    28   1     0    10    10  163.       0.344      0.02500   
 164    29   1     0    10    10  163.       0.369      0.02500   
 164    30   1     0    10    10  163.       0.394      0.02500   
 164    31   1     0    10    10  163.       0.419      0.02500   
 164    32   1     0    10    10  163.       0.444      0.02500   
 164    33   1     0     7     7  163.       0.469      0.02500   
 164    34   1     0     5     5  163.       0.494      0.02500   
 164    35   1     0     6     6  164.       0.519      0.02500   
 164    36   1     0     4     4  164.       0.544      0.02500   
 164    37   1     0     4     4  164.       0.569      0.02500   
 164    38   1     0     5     5  164.       0.594      0.02500   
 164    39   1     0     3     3  164.       0.619      0.02500   
 164    40   1     0     4     4  164.       0.644      0.02500   
 164    41   1     0     3     3  164.       0.669      0.02500   
 164    42   1     0     4     4  164.       0.694      0.02500   
 164    43   1     0     3     3  164.       0.719      0.02500   
 164    44   1     0     2     2  164.       0.744      0.02500   
 164    45   1     0     9     9  164.       0.769      0.02500   
 164    46   1     0     8     8  164.       0.794      0.02500   
 164    47   1     0     5     5  164.       0.819      0.02500   
 164    48   1     0    10    10  164.       0.844      0.02500   
 164    49   1     0    10    10  164.       0.869      0.02500   
 164    50   1     0    11    11  164.       0.894      0.02500   
 164    51   1     0    10    10  164.       0.912      0.01875   
 164    52   1     0    10    10  164.       0.931      0.01875   
 164    53   1     0     7     7  164.       0.950      0.01875   
 164    54   1     0     6     6  164.       0.969      0.01875   
 164    55   1     0     7     7  164.       0.987      0.01875   
 164    56   1     0     8     8  164.       1.00       0.01258   
 165     1   1     0    10    10  164.       0.00500    0.005000  
 165     2   1     0     7     7  164.       0.0100     0.005000  
 165     3   1     0     6     6  164.       0.0150     0.005000  
 165     4   1     0     3     3  164.       0.0200     0.005000  
 165     5   1     0     1     1  164.       0.0250     0.005000  
 165     6   1     0     6     6  164.       0.0325     0.007500  
 165     7   1     0     2     2  164.       0.0400     0.007500  
 165     8   1     0     4     4  164.       0.0475     0.007500  
 165     9   1     0     6     6  164.       0.0587     0.01125   
 165    10   1     0     5     5  164.       0.0700     0.01125   
 165    11   1     0     6     6  164.       0.0812     0.01125   
 165    12   1     0     4     4  164.       0.0925     0.01125   
 165    13   1     0     2     2  164.       0.104      0.01125   
 165    14   1     0     9     9  164.       0.121      0.01688   
 165    15   1     0     4     4  164.       0.137      0.01688   
 165    16   1     0     4     4  164.       0.154      0.01688   
 165    17   1     0     7     7  164.       0.179      0.02500   
 165    18   1     0     6     6  164.       0.204      0.02500   
 165    19   1     0     4     4  164.       0.229      0.02500   
 165    20   1     0    10    10  164.       0.254      0.02500   
 165    21   1     0     6     6  164.       0.279      0.02500   
 165    22   1     0     1     1  164.       0.304      0.02500   
 165    23   1     0    10    10  164.       0.329      0.02500   
 165    24   1     0    10    10  164.       0.354      0.02500   
 165    25   1     0    11    11  164.       0.379      0.02500   
 165    26   1     0    10    10  164.       0.398      0.01875   
 165    27   1     0    10    10  164.       0.417      0.01875   
 165    28   1     0    10    10  164.       0.436      0.01875   
 165    29   1     0     7     7  164.       0.454      0.01875   
 165    30   1     0     5     5  164.       0.473      0.01875   
 165    31   1     0     6     6  164.       0.492      0.01875   
 165    32   1     0     5     5  165.       0.511      0.01875   
 165    33   1     0     5     5  165.       0.529      0.01875   
 165    34   1     0     4     4  165.       0.548      0.01875   
 165    35   1     0     4     4  165.       0.567      0.01875   
 165    36   1     0     7     7  165.       0.592      0.02500   
 165    37   1     0     5     5  165.       0.617      0.02500   
 165    38   1     0     4     4  165.       0.642      0.02500   
 165    39   1     0     4     4  165.       0.667      0.02500   
 165    40   1     0     4     4  165.       0.692      0.02500   
 165    41   1     0     3     3  165.       0.717      0.02500   
 165    42   1     0     3     3  165.       0.742      0.02500   
 165    43   1     0    10    10  165.       0.767      0.02500   
 165    44   1     0     7     7  165.       0.792      0.02500   
 165    45   1     0     5     5  165.       0.817      0.02500   
 165    46   1     0     9     9  165.       0.842      0.02500   
 165    47   1     0    11    11  165.       0.867      0.02500   
 165    48   1     0    10    10  165.       0.886      0.01875   
 165    49   1     0    10    10  165.       0.904      0.01875   
 165    50   1     0    10    10  165.       0.923      0.01875   
 165    51   1     0     6     6  165.       0.942      0.01875   
 165    52   1     0     6     6  165.       0.961      0.01875   
 165    53   1     0     8     8  165.       0.979      0.01875   
 165    54   1     0     6     6  165.       0.998      0.01875   
 165    55   1     0    10    10  165.       1.00       0.001875  
 166     1   1     0    10    10  165.       0.00500    0.005000  
 166     2   1     0     7     7  165.       0.0100     0.005000  
 166     3   1     0     6     6  165.       0.0150     0.005000  
 166     4   1     0     2     2  165.       0.0200     0.005000  
 166     5   1     0     1     1  165.       0.0250     0.005000  
 166     6   1     0     8     8  165.       0.0325     0.007500  
 166     7   1     0     3     3  165.       0.0400     0.007500  
 166     8   1     0     5     5  165.       0.0475     0.007500  
 166     9   1     0     3     3  165.       0.0550     0.007500  
 166    10   1     0     3     3  165.       0.0625     0.007500  
 166    11   1     0    10    10  165.       0.0737     0.01125   
 166    12   1     0     4     4  165.       0.0850     0.01125   
 166    13   1     0     4     4  165.       0.0962     0.01125   
 166    14   1     0     9     9  165.       0.113      0.01688   
 166    15   1     0     5     5  165.       0.130      0.01688   
 166    16   1     0     5     5  165.       0.147      0.01688   
 166    17   1     0     3     3  165.       0.164      0.01688   
 166    18   1     0     2     2  165.       0.181      0.01688   
 166    19   1     0     7     7  165.       0.206      0.02500   
 166    20   1     0     6     6  165.       0.231      0.02500   
 166    21   1     0    10    10  165.       0.256      0.02500   
 166    22   1     0     6     6  165.       0.281      0.02500   
 166    23   1     0     1     1  165.       0.306      0.02500   
 166    24   1     0    10    10  165.       0.331      0.02500   
 166    25   1     0    10    10  165.       0.356      0.02500   
 166    26   1     0    11    11  165.       0.381      0.02500   
 166    27   1     0    10    10  165.       0.399      0.01875   
 166    28   1     0    10    10  165.       0.418      0.01875   
 166    29   1     0     9     9  165.       0.437      0.01875   
 166    30   1     0     7     7  165.       0.456      0.01875   
 166    31   1     0     5     5  165.       0.474      0.01875   
 166    32   1     0     5     5  165.       0.493      0.01875   
 166    33   1     0     5     5  166.       0.512      0.01875   
 166    34   1     0     5     5  166.       0.531      0.01875   
 166    35   1     0     4     4  166.       0.549      0.01875   
 166    36   1     0     4     4  166.       0.568      0.01875   
 166    37   1     0     7     7  166.       0.593      0.02500   
 166    38   1     0     5     5  166.       0.618      0.02500   
 166    39   1     0     4     4  166.       0.643      0.02500   
 166    40   1     0     4     4  166.       0.668      0.02500   
 166    41   1     0     4     4  166.       0.693      0.02500   
 166    42   1     0     3     3  166.       0.718      0.02500   
 166    43   1     0     3     3  166.       0.743      0.02500   
 166    44   1     0     9     9  166.       0.768      0.02500   
 166    45   1     0     7     7  166.       0.793      0.02500   
 166    46   1     0     4     4  166.       0.818      0.02500   
 166    47   1     0    10    10  166.       0.843      0.02500   
 166    48   1U    0     9     9  166.       0.843      0.02500   
 166    48   2     0    11    11  166.       0.856      0.01250   
 166    49   1     0    11    11  166.       0.865      0.009375  
 166    50   1     0    10    10  166.       0.872      0.007031  
 166    51   1     0    10    10  166.       0.879      0.007031  
 166    52   1     0    10    10  166.       0.886      0.007031  
 166    53   1     0     9     9  166.       0.893      0.007031  
 166    54   1     0     5     5  166.       0.900      0.007031  
 166    55   1     0     6     6  166.       0.907      0.007031  
 166    56   1     0     7     7  166.       0.914      0.007031  
 166    57   1     0     5     5  166.       0.921      0.007031  
 166    58   1     0     3     3  166.       0.928      0.007031  
 166    59   1     0     3     3  166.       0.935      0.007031  
 166    60   1     0     4     4  166.       0.946      0.01055   
 166    61   1     0     3     3  166.       0.962      0.01582   
 166    62   1     0     6     6  166.       0.985      0.02373   
 166    63   1     0    10    10  166.       1.00       0.01459   
 167     1   1     0    10    10  166.       0.00500    0.005000  
 167     2   1     0     9     9  166.       0.0100     0.005000  
 167     3   1     0     9     9  166.       0.0150     0.005000  
 167     4   1     0     7     7  166.       0.0200     0.005000  
 167     5   1     0     5     5  166.       0.0250     0.005000  
 167     6   1     0     3     3  166.       0.0300     0.005000  
 167     7   1     0     1     1  166.       0.0350     0.005000  
 167     8   1     0     8     8  166.       0.0425     0.007500  
 167     9   1     0     2     2  166.       0.0500     0.007500  
 167    10   1     0     4     4  166.       0.0575     0.007500  
 167    11   1U    0     5     5  166.       0.0575     0.01125   
 167    11   2     0    10    10  166.       0.0603     0.002812  
 167    12   1     0     4     4  166.       0.0631     0.002812  
 167    13   1     0     5     5  166.       0.0659     0.002812  
 167    14   1     0     4     4  166.       0.0687     0.002812  
 167    15   1     0     3     3  166.       0.0716     0.002812  
 167    16   1     0     7     7  166.       0.0758     0.004219  
 167    17   1     0     1     1  166.       0.0800     0.004219  
 167    18   1     0     1     1  166.       0.0842     0.004219  
 167    19   1     0     5     5  166.       0.0905     0.006328  
 167    20   1     0     1     1  166.       0.0969     0.006328  
 167    21   1     0     2     2  166.       0.103      0.006328  
 167    22   1     0     5     5  166.       0.113      0.009492  
 167    23   1     0     2     2  166.       0.122      0.009492  
 167    24   1     0     3     3  166.       0.132      0.009492  
 167    25   1     0     7     7  166.       0.146      0.01424   
 167    26   1     0     4     4  166.       0.160      0.01424   
 167    27   1     0     4     4  166.       0.174      0.01424   
 167    28   1     0     7     7  166.       0.196      0.02136   
 167    29   1     0     4     4  166.       0.217      0.02136   
 167    30   1     0     4     4  166.       0.238      0.02136   
 167    31   1     0    10    10  166.       0.263      0.02500   
 167    32   1     0     2     2  166.       0.288      0.02500   
 167    33   1     0     7     7  166.       0.313      0.02500   
 167    34   1     0    10    10  166.       0.338      0.02500   
 167    35   1     0    10    10  166.       0.363      0.02500   
 167    36   1     0    11    11  166.       0.388      0.02500   
 167    37   1     0    10    10  166.       0.407      0.01875   
 167    38   1     0    10    10  166.       0.426      0.01875   
 167    39   1     0     9     9  166.       0.445      0.01875   
 167    40   1     0     6     6  166.       0.463      0.01875   
 167    41   1     0     5     5  166.       0.482      0.01875   
 167    42   1     0     5     5  167.       0.501      0.01875   
 167    43   1     0     5     5  167.       0.520      0.01875   
 167    44   1     0     4     4  167.       0.538      0.01875   
 167    45   1     0     4     4  167.       0.557      0.01875   
 167    46   1     0     7     7  167.       0.582      0.02500   
 167    47   1     0     5     5  167.       0.607      0.02500   
 167    48   1     0     4     4  167.       0.632      0.02500   
 167    49   1     0     4     4  167.       0.657      0.02500   
 167    50   1     0     4     4  167.       0.682      0.02500   
 167    51   1     0     3     3  167.       0.707      0.02500   
 167    52   1     0     3     3  167.       0.732      0.02500   
 167    53   1     0    10    10  167.       0.757      0.02500   
 167    54   1     0     8     8  167.       0.782      0.02500   
 167    55   1     0     5     5  167.       0.807      0.02500   
 167    56   1     0     5     5  167.       0.832      0.02500   
 167    57   1     0    10    10  167.       0.857      0.02500   
 167    58   1     0    10    10  167.       0.882      0.02500   
 167    59   1     0    10    10  167.       0.907      0.02500   
 167    60   1     0     9     9  167.       0.932      0.02500   
 167    61   1     0     6     6  167.       0.957      0.02500   
 167    62   1     0     5     5  167.       0.982      0.02500   
 167    63   1     0    10    10  167.       1.00       0.01778   
 168     1   1     0    10    10  167.       0.00500    0.005000  
 168     2   1     0    10    10  167.       0.0100     0.005000  
 168     3   1     0     8     8  167.       0.0150     0.005000  
 168     4   1     0     7     7  167.       0.0200     0.005000  
 168     5   1     0     5     5  167.       0.0250     0.005000  
 168     6   1     0     2     2  167.       0.0300     0.005000  
 168     7   1     0     2     2  167.       0.0350     0.005000  
 168     8   1     0     7     7  167.       0.0425     0.007500  
 168     9   1     0     2     2  167.       0.0500     0.007500  
 168    10   1     0     4     4  167.       0.0575     0.007500  
 168    11   1U    0     4     4  167.       0.0575     0.01125   
 168    11   2     0     9     9  167.       0.0603     0.002812  
 168    12   1     0     3     3  167.       0.0631     0.002812  
 168    13   1     0     4     4  167.       0.0659     0.002812  
 168    14   1     0     8     8  167.       0.0702     0.004219  
 168    15   1     0     1     1  167.       0.0744     0.004219  
 168    16   1     0     2     2  167.       0.0786     0.004219  
 168    17   1     0     6     6  167.       0.0849     0.006328  
 168    18   1     0     2     2  167.       0.0912     0.006328  
 168    19   1     0     2     2  167.       0.0976     0.006328  
 168    20   1     0     4     4  167.       0.107      0.009492  
 168    21   1     0     7     7  167.       0.121      0.01424   
 168    22   1     0     5     5  167.       0.136      0.01424   
 168    23   1     0     5     5  167.       0.150      0.01424   
 168    24   1     0     3     3  167.       0.164      0.01424   
 168    25   1     0     2     2  167.       0.178      0.01424   
 168    26   1     0     8     8  167.       0.200      0.02136   
 168    27   1     0     4     4  167.       0.221      0.02136   
 168    28   1     0     4     4  167.       0.242      0.02136   
 168    29   1     0     7     7  167.       0.267      0.02500   
 168    30   1     0     2     2  167.       0.292      0.02500   
 168    31   1     0     8     8  167.       0.317      0.02500   
 168    32   1     0    10    10  167.       0.342      0.02500   
 168    33   1     0    10    10  167.       0.367      0.02500   
 168    34   1     0    10    10  167.       0.392      0.02500   
 168    35   1     0    10    10  167.       0.417      0.02500   
 168    36   1     0    10    10  167.       0.442      0.02500   
 168    37   1     0     8     8  167.       0.467      0.02500   
 168    38   1     0     5     5  167.       0.492      0.02500   
 168    39   1     0     5     5  168.       0.517      0.02500   
 168    40   1     0     3     3  168.       0.542      0.02500   
 168    41   1     0     4     4  168.       0.567      0.02500   
 168    42   1     0     4     4  168.       0.592      0.02500   
 168    43   1     0     4     4  168.       0.617      0.02500   
 168    44   1     0     4     4  168.       0.642      0.02500   
 168    45   1     0     3     3  168.       0.667      0.02500   
 168    46   1     0     4     4  168.       0.692      0.02500   
 168    47   1     0     3     3  168.       0.717      0.02500   
 168    48   1     0     2     2  168.       0.742      0.02500   
 168    49   1     0    10    10  168.       0.767      0.02500   
 168    50   1     0     8     8  168.       0.792      0.02500   
 168    51   1     0     5     5  168.       0.817      0.02500   
 168    52   1     0    10    10  168.       0.842      0.02500   
 168    53   1     0    10    10  168.       0.867      0.02500   
 168    54   1     0    10    10  168.       0.892      0.02500   
 168    55   1     0    10    10  168.       0.917      0.02500   
 168    56   1     0    10    10  168.       0.942      0.02500   
 168    57   1     0     7     7  168.       0.967      0.02500   
 168    58   1     0     6     6  168.       0.992      0.02500   
 168    59   1     0    10    10  168.       1.00       0.007666  
 169     1   1     0    10    10  168.       0.00500    0.005000  
 169     2   1     0     7     7  168.       0.0100     0.005000  
 169     3   1     0     5     5  168.       0.0150     0.005000  
 169     4   1     0     3     3  168.       0.0200     0.005000  
 169     5   1     0     1     1  168.       0.0250     0.005000  
 169     6   1     0     6     6  168.       0.0325     0.007500  
 169     7   1     0     2     2  168.       0.0400     0.007500  
 169     8   1     0     4     4  168.       0.0475     0.007500  
 169     9   1     0     5     5  168.       0.0587     0.01125   
 169    10   1     0     4     4  168.       0.0700     0.01125   
 169    11   1     0     6     6  168.       0.0812     0.01125   
 169    12   1     0     4     4  168.       0.0925     0.01125   
 169    13   1     0     3     3  168.       0.104      0.01125   
 169    14   1     0     9     9  168.       0.121      0.01688   
 169    15   1     0     4     4  168.       0.137      0.01688   
 169    16   1     0     4     4  168.       0.154      0.01688   
 169    17   1     0     7     7  168.       0.179      0.02500   
 169    18   1     0     6     6  168.       0.204      0.02500   
 169    19   1     0     4     4  168.       0.229      0.02500   
 169    20   1     0    10    10  168.       0.254      0.02500   
 169    21   1     0     6     6  168.       0.279      0.02500   
 169    22   1     0     1     1  168.       0.304      0.02500   
 169    23   1     0    10    10  168.       0.329      0.02500   
 169    24   1     0    10    10  168.       0.354      0.02500   
 169    25   1     0    11    11  168.       0.379      0.02500   
 169    26   1     0    11    11  168.       0.398      0.01875   
 169    27   1     0    10    10  168.       0.412      0.01406   
 169    28   1     0     9     9  168.       0.426      0.01406   
 169    29   1     0     7     7  168.       0.440      0.01406   
 169    30   1     0     6     6  168.       0.454      0.01406   
 169    31   1     0     7     7  168.       0.468      0.01406   
 169    32   1     0     6     6  168.       0.482      0.01406   
 169    33   1     0     5     5  168.       0.497      0.01406   
 169    34   1     0     5     5  169.       0.511      0.01406   
 169    35   1     0     5     5  169.       0.525      0.01406   
 169    36   1     0     4     4  169.       0.539      0.01406   
 169    37   1     0     4     4  169.       0.553      0.01406   
 169    38   1     0     9     9  169.       0.574      0.02109   
 169    39   1     0     5     5  169.       0.595      0.02109   
 169    40   1     0     4     4  169.       0.616      0.02109   
 169    41   1     0     5     5  169.       0.637      0.02109   
 169    42   1     0     4     4  169.       0.658      0.02109   
 169    43   1     0     4     4  169.       0.679      0.02109   
 169    44   1     0     6     6  169.       0.704      0.02500   
 169    45   1     0     5     5  169.       0.729      0.02500   
 169    46   1     0    10    10  169.       0.754      0.02500   
 169    47   1     0     7     7  169.       0.779      0.02500   
 169    48   1     0     5     5  169.       0.804      0.02500   
 169    49   1     0     6     6  169.       0.829      0.02500   
 169    50   1     0    10    10  169.       0.854      0.02500   
 169    51   1     0    11    11  169.       0.879      0.02500   
 169    52   1     0    10    10  169.       0.898      0.01875   
 169    53   1     0    10    10  169.       0.917      0.01875   
 169    54   1     0     8     8  169.       0.936      0.01875   
 169    55   1     0     8     8  169.       0.954      0.01875   
 169    56   1     0     6     6  169.       0.973      0.01875   
 169    57   1     0     6     6  169.       0.992      0.01875   
 169    58   1     0    10    10  169.       1.00       0.008125  
 170     1   1     0    10    10  169.       0.00500    0.005000  
 170     2   1     0     8     8  169.       0.0100     0.005000  
 170     3   1     0     9     9  169.       0.0150     0.005000  
 170     4   1     0     6     6  169.       0.0200     0.005000  
 170     5   1     0     5     5  169.       0.0250     0.005000  
 170     6   1     0     3     3  169.       0.0300     0.005000  
 170     7   1     0     1     1  169.       0.0350     0.005000  
 170     8   1     0     9     9  169.       0.0425     0.007500  
 170     9   1     0     2     2  169.       0.0500     0.007500  
 170    10   1     0     5     5  169.       0.0575     0.007500  
 170    11   1     0     3     3  169.       0.0650     0.007500  
 170    12   1     0     2     2  169.       0.0725     0.007500  
 170    13   1     0     8     8  169.       0.0838     0.01125   
 170    14   1     0     3     3  169.       0.0950     0.01125   
 170    15   1     0     4     4  169.       0.106      0.01125   
 170    16   1     0     9     9  169.       0.123      0.01688   
 170    17   1     0     5     5  169.       0.140      0.01688   
 170    18   1     0     4     4  169.       0.157      0.01688   
 170    19   1     0     3     3  169.       0.174      0.01688   
 170    20   1     0     7     7  169.       0.199      0.02500   
 170    21   1     0     5     5  169.       0.224      0.02500   
 170    22   1     0     5     5  169.       0.249      0.02500   
 170    23   1     0     6     6  169.       0.274      0.02500   
 170    24   1     0     1     1  169.       0.299      0.02500   
 170    25   1     0     9     9  169.       0.324      0.02500   
 170    26   1     0    10    10  169.       0.349      0.02500   
 170    27   1     0    12    12  169.       0.374      0.02500   
 170    28   1     0    12    12  169.       0.393      0.01875   
 170    29   1     0    10    10  169.       0.407      0.01406   
 170    30   1     0     8     8  169.       0.421      0.01406   
 170    31   1     0     8     8  169.       0.435      0.01406   
 170    32   1     0     6     6  169.       0.449      0.01406   
 170    33   1     0     6     6  169.       0.463      0.01406   
 170    34   1     0     6     6  169.       0.477      0.01406   
 170    35   1     0     5     5  169.       0.491      0.01406   
 170    36   1     0     5     5  170.       0.505      0.01406   
 170    37   1     0     5     5  170.       0.519      0.01406   
 170    38   1     0     4     4  170.       0.533      0.01406   
 170    39   1     0     4     4  170.       0.547      0.01406   
 170    40   1     0     9     9  170.       0.568      0.02109   
 170    41   1     0     5     5  170.       0.589      0.02109   
 170    42   1     0     5     5  170.       0.610      0.02109   
 170    43   1     0     4     4  170.       0.632      0.02109   
 170    44   1     0     4     4  170.       0.653      0.02109   
 170    45   1     0     6     6  170.       0.678      0.02500   
 170    46   1     0     5     5  170.       0.703      0.02500   
 170    47   1     0     4     4  170.       0.728      0.02500   
 170    48   1     0    10    10  170.       0.753      0.02500   
 170    49   1     0     7     7  170.       0.778      0.02500   
 170    50   1     0     5     5  170.       0.803      0.02500   
 170    51   1     0     6     6  170.       0.828      0.02500   
 170    52   1     0    10    10  170.       0.853      0.02500   
 170    53   1     0    12    12  170.       0.878      0.02500   
 170    54   1     0    11    11  170.       0.896      0.01875   
 170    55   1     0     9     9  170.       0.910      0.01406   
 170    56   1     0    10    10  170.       0.925      0.01406   
 170    57   1     0     8     8  170.       0.939      0.01406   
 170    58   1     0     6     6  170.       0.953      0.01406   
 170    59   1     0     6     6  170.       0.967      0.01406   
 170    60   1     0     8     8  170.       0.981      0.01406   
 170    61   1     0     6     6  170.       0.995      0.01406   
 170    62   1     0    10    10  170.       1.00       0.005156  
 171     1   1     0    10    10  170.       0.00500    0.005000  
 171     2   1     0     5     5  170.       0.0100     0.005000  
 171     3   1     0     7     7  170.       0.0150     0.005000  
 171     4   1     0     4     4  170.       0.0200     0.005000  
 171     5   1     0     2     2  170.       0.0250     0.005000  
 171     6   1     0     9     9  170.       0.0325     0.007500  
 171     7   1     0     3     3  170.       0.0400     0.007500  
 171     8   1     0     5     5  170.       0.0475     0.007500  
 171     9   1     0     3     3  170.       0.0550     0.007500  
 171    10   1     0     2     2  170.       0.0625     0.007500  
 171    11   1     0     9     9  170.       0.0737     0.01125   
 171    12   1     0     4     4  170.       0.0850     0.01125   
 171    13   1     0     4     4  170.       0.0962     0.01125   
 171    14   1     0     9     9  170.       0.113      0.01688   
 171    15   1     0     5     5  170.       0.130      0.01688   
 171    16   1     0     5     5  170.       0.147      0.01688   
 171    17   1     0     3     3  170.       0.164      0.01688   
 171    18   1     0     2     2  170.       0.181      0.01688   
 171    19   1     0     7     7  170.       0.206      0.02500   
 171    20   1     0     6     6  170.       0.231      0.02500   
 171    21   1     0    10    10  170.       0.256      0.02500   
 171    22   1     0     6     6  170.       0.281      0.02500   
 171    23   1     0     1     1  170.       0.306      0.02500   
 171    24   1     0    10    10  170.       0.331      0.02500   
 171    25   1     0    10    10  170.       0.356      0.02500   
 171    26   1     0    12    12  170.       0.381      0.02500   
 171    27   1     0    10    10  170.       0.399      0.01875   
 171    28   1     0    10    10  170.       0.418      0.01875   
 171    29   1     0     9     9  170.       0.437      0.01875   
 171    30   1     0     7     7  170.       0.456      0.01875   
 171    31   1     0     5     5  170.       0.474      0.01875   
 171    32   1     0     5     5  170.       0.493      0.01875   
 171    33   1     0     5     5  171.       0.512      0.01875   
 171    34   1     0     5     5  171.       0.531      0.01875   
 171    35   1     0     4     4  171.       0.549      0.01875   
 171    36   1     0     4     4  171.       0.568      0.01875   
 171    37   1     0     7     7  171.       0.593      0.02500   
 171    38   1     0     5     5  171.       0.618      0.02500   
 171    39   1     0     4     4  171.       0.643      0.02500   
 171    40   1     0     4     4  171.       0.668      0.02500   
 171    41   1     0     4     4  171.       0.693      0.02500   
 171    42   1     0     3     3  171.       0.718      0.02500   
 171    43   1     0     3     3  171.       0.743      0.02500   
 171    44   1     0     9     9  171.       0.768      0.02500   
 171    45   1     0     8     8  171.       0.793      0.02500   
 171    46   1     0     4     4  171.       0.818      0.02500   
 171    47   1     0    10    10  171.       0.843      0.02500   
 171    48   1     0    11    11  171.       0.868      0.02500   
 171    49   1     0    10    10  171.       0.887      0.01875   
 171    50   1     0    11    11  171.       0.906      0.01875   
 171    51   1     0    10    10  171.       0.920      0.01406   
 171    52   1     0     9     9  171.       0.934      0.01406   
 171    53   1     0     7     7  171.       0.948      0.01406   
 171    54   1     0     6     6  171.       0.962      0.01406   
 171    55   1     0     8     8  171.       0.976      0.01406   
 171    56   1     0     5     5  171.       0.990      0.01406   
 171    57   1     0    10    10  171.       1.00       0.01000   
 172     1   1     0    10    10  171.       0.00500    0.005000  
 172     2   1     0     6     6  171.       0.0100     0.005000  
 172     3   1     0     6     6  171.       0.0150     0.005000  
 172     4   1     0     3     3  171.       0.0200     0.005000  
 172     5   1     0     1     1  171.       0.0250     0.005000  
 172     6   1     0     8     8  171.       0.0325     0.007500  
 172     7   1     0     2     2  171.       0.0400     0.007500  
 172     8   1     0     5     5  171.       0.0475     0.007500  
 172     9   1     0     3     3  171.       0.0550     0.007500  
 172    10   1     0     3     3  171.       0.0625     0.007500  
 172    11   1     0    10    10  171.       0.0737     0.01125   
 172    12   1     0     3     3  171.       0.0850     0.01125   
 172    13   1     0     5     5  171.       0.0962     0.01125   
 172    14   1     0     3     3  171.       0.107      0.01125   
 172    15   1     0     2     2  171.       0.119      0.01125   
 172    16   1     0     8     8  171.       0.136      0.01688   
 172    17   1     0     4     4  171.       0.152      0.01688   
 172    18   1     0     4     4  171.       0.169      0.01688   
 172    19   1     0     7     7  171.       0.194      0.02500   
 172    20   1     0     6     6  171.       0.219      0.02500   
 172    21   1     0     5     5  171.       0.244      0.02500   
 172    22   1     0     6     6  171.       0.269      0.02500   
 172    23   1     0     2     2  171.       0.294      0.02500   
 172    24   1     0     8     8  171.       0.319      0.02500   
 172    25   1     0    10    10  171.       0.344      0.02500   
 172    26   1     0    11    11  171.       0.369      0.02500   
 172    27   1     0    10    10  171.       0.388      0.01875   
 172    28   1     0    10    10  171.       0.407      0.01875   
 172    29   1     0    10    10  171.       0.426      0.01875   
 172    30   1     0     7     7  171.       0.444      0.01875   
 172    31   1     0     6     6  171.       0.463      0.01875   
 172    32   1     0     6     6  171.       0.482      0.01875   
 172    33   1     0     5     5  172.       0.501      0.01875   
 172    34   1     0     5     5  172.       0.519      0.01875   
 172    35   1     0     4     4  172.       0.538      0.01875   
 172    36   1     0     4     4  172.       0.557      0.01875   
 172    37   1     0     8     8  172.       0.582      0.02500   
 172    38   1     0     5     5  172.       0.607      0.02500   
 172    39   1     0     4     4  172.       0.632      0.02500   
 172    40   1     0     4     4  172.       0.657      0.02500   
 172    41   1     0     4     4  172.       0.682      0.02500   
 172    42   1     0     3     3  172.       0.707      0.02500   
 172    43   1     0     3     3  172.       0.732      0.02500   
 172    44   1     0    10    10  172.       0.757      0.02500   
 172    45   1     0     8     8  172.       0.782      0.02500   
 172    46   1     0     6     6  172.       0.807      0.02500   
 172    47   1     0     6     6  172.       0.832      0.02500   
 172    48   1     0    10    10  172.       0.857      0.02500   
 172    49   1     0    10    10  172.       0.882      0.02500   
 172    50   1     0    10    10  172.       0.907      0.02500   
 172    51   1     0    10    10  172.       0.932      0.02500   
 172    52   1     0     6     6  172.       0.957      0.02500   
 172    53   1     0     5     5  172.       0.982      0.02500   
 172    54   1     0    10    10  172.       1.00       0.01812   
 173     1   1     0    10    10  172.       0.00500    0.005000  
 173     2   1     0    10    10  172.       0.0100     0.005000  
 173     3   1     0    10    10  172.       0.0150     0.005000  
 173     4   1     0     7     7  172.       0.0200     0.005000  
 173     5   1     0     7     7  172.       0.0250     0.005000  
 173     6   1     0     5     5  172.       0.0300     0.005000  
 173     7   1     0     2     2  172.       0.0350     0.005000  
 173     8   1     0     1     1  172.       0.0400     0.005000  
 173     9   1     0     8     8  172.       0.0475     0.007500  
 173    10   1     0     2     2  172.       0.0550     0.007500  
 173    11   1     0     4     4  172.       0.0625     0.007500  
 173    12   1     0     9     9  172.       0.0737     0.01125   
 173    13   1     0     4     4  172.       0.0850     0.01125   
 173    14   1     0     4     4  172.       0.0962     0.01125   
 173    15   1     0     7     7  172.       0.113      0.01688   
 173    16   1     0     4     4  172.       0.130      0.01688   
 173    17   1     0     5     5  172.       0.147      0.01688   
 173    18   1     0     3     3  172.       0.164      0.01688   
 173    19   1     0     2     2  172.       0.181      0.01688   
 173    20   1     0     7     7  172.       0.206      0.02500   
 173    21   1     0     6     6  172.       0.231      0.02500   
 173    22   1     0    10    10  172.       0.256      0.02500   
 173    23   1     0     6     6  172.       0.281      0.02500   
 173    24   1     0     1     1  172.       0.306      0.02500   
 173    25   1     0    10    10  172.       0.331      0.02500   
 173    26   1     0    10    10  172.       0.356      0.02500   
 173    27   1     0    11    11  172.       0.381      0.02500   
 173    28   1     0    10    10  172.       0.399      0.01875   
 173    29   1     0    10    10  172.       0.418      0.01875   
 173    30   1     0     9     9  172.       0.437      0.01875   
 173    31   1     0     7     7  172.       0.456      0.01875   
 173    32   1     0     5     5  172.       0.474      0.01875   
 173    33   1     0     5     5  172.       0.493      0.01875   
 173    34   1     0     5     5  173.       0.512      0.01875   
 173    35   1     0     5     5  173.       0.531      0.01875   
 173    36   1     0     4     4  173.       0.549      0.01875   
 173    37   1     0     4     4  173.       0.568      0.01875   
 173    38   1     0     7     7  173.       0.593      0.02500   
 173    39   1     0     5     5  173.       0.618      0.02500   
 173    40   1     0     4     4  173.       0.643      0.02500   
 173    41   1     0     4     4  173.       0.668      0.02500   
 173    42   1     0     4     4  173.       0.693      0.02500   
 173    43   1     0     3     3  173.       0.718      0.02500   
 173    44   1     0     3     3  173.       0.743      0.02500   
 173    45   1     0     9     9  173.       0.768      0.02500   
 173    46   1     0     7     7  173.       0.793      0.02500   
 173    47   1     0     4     4  173.       0.818      0.02500   
 173    48   1     0    10    10  173.       0.843      0.02500   
 173    49   1     0    11    11  173.       0.868      0.02500   
 173    50   1     0    10    10  173.       0.887      0.01875   
 173    51   1     0    11    11  173.       0.906      0.01875   
 173    52   1     0    10    10  173.       0.920      0.01406   
 173    53   1     0    10    10  173.       0.934      0.01406   
 173    54   1     0     8     8  173.       0.948      0.01406   
 173    55   1     0     6     6  173.       0.962      0.01406   
 173    56   1     0     7     7  173.       0.976      0.01406   
 173    57   1     0     5     5  173.       0.990      0.01406   
 173    58   1     0    10    10  173.       1.00       0.01000   
 174     1   1     0    10    10  173.       0.00500    0.005000  
 174     2   1     0     5     5  173.       0.0100     0.005000  
 174     3   1     0     5     5  173.       0.0150     0.005000  
 174     4   1     0     3     3  173.       0.0200     0.005000  
 174     5   1     0     2     2  173.       0.0250     0.005000  
 174     6   1     0     8     8  173.       0.0325     0.007500  
 174     7   1     0     3     3  173.       0.0400     0.007500  
 174     8   1     0     5     5  173.       0.0475     0.007500  
 174     9   1     0     3     3  173.       0.0550     0.007500  
 174    10   1     0     3     3  173.       0.0625     0.007500  
 174    11   1     0    10    10  173.       0.0737     0.01125   
 174    12   1     0     4     4  173.       0.0850     0.01125   
 174    13   1     0     4     4  173.       0.0962     0.01125   
 174    14   1     0     9     9  173.       0.113      0.01688   
 174    15   1     0     5     5  173.       0.130      0.01688   
 174    16   1     0     5     5  173.       0.147      0.01688   
 174    17   1     0     3     3  173.       0.164      0.01688   
 174    18   1     0     2     2  173.       0.181      0.01688   
 174    19   1     0     7     7  173.       0.206      0.02500   
 174    20   1     0     6     6  173.       0.231      0.02500   
 174    21   1     0    10    10  173.       0.256      0.02500   
 174    22   1     0     6     6  173.       0.281      0.02500   
 174    23   1     0     1     1  173.       0.306      0.02500   
 174    24   1     0    10    10  173.       0.331      0.02500   
 174    25   1     0    10    10  173.       0.356      0.02500   
 174    26   1     0    11    11  173.       0.381      0.02500   
 174    27   1     0    10    10  173.       0.399      0.01875   
 174    28   1     0    10    10  173.       0.418      0.01875   
 174    29   1     0     9     9  173.       0.437      0.01875   
 174    30   1     0     7     7  173.       0.456      0.01875   
 174    31   1     0     5     5  173.       0.474      0.01875   
 174    32   1     0     5     5  173.       0.493      0.01875   
 174    33   1     0     5     5  174.       0.512      0.01875   
 174    34   1     0     5     5  174.       0.531      0.01875   
 174    35   1     0     4     4  174.       0.549      0.01875   
 174    36   1     0     4     4  174.       0.568      0.01875   
 174    37   1     0     7     7  174.       0.593      0.02500   
 174    38   1     0     5     5  174.       0.618      0.02500   
 174    39   1     0     4     4  174.       0.643      0.02500   
 174    40   1     0     4     4  174.       0.668      0.02500   
 174    41   1     0     4     4  174.       0.693      0.02500   
 174    42   1     0     3     3  174.       0.718      0.02500   
 174    43   1     0     3     3  174.       0.743      0.02500   
 174    44   1     0     9     9  174.       0.768      0.02500   
 174    45   1     0     7     7  174.       0.793      0.02500   
 174    46   1     0     4     4  174.       0.818      0.02500   
 174    47   1     0    10    10  174.       0.843      0.02500   
 174    48   1U    0     9     9  174.       0.843      0.02500   
 174    48   2     0    11    11  174.       0.856      0.01250   
 174    49   1     0    11    11  174.       0.865      0.009375  
 174    50   1     0    10    10  174.       0.872      0.007031  
 174    51   1     0    10    10  174.       0.879      0.007031  
 174    52   1     0    10    10  174.       0.886      0.007031  
 174    53   1     0     9     9  174.       0.893      0.007031  
 174    54   1     0     5     5  174.       0.900      0.007031  
 174    55   1     0     6     6  174.       0.907      0.007031  
 174    56   1     0     7     7  174.       0.914      0.007031  
 174    57   1     0     5     5  174.       0.921      0.007031  
 174    58   1     0     3     3  174.       0.928      0.007031  
 174    59   1     0     4     4  174.       0.935      0.007031  
 174    60   1     0     4     4  174.       0.946      0.01055   
 174    61   1     0     3     3  174.       0.962      0.01582   
 174    62   1     0     6     6  174.       0.985      0.02373   
 174    63   1     0    10    10  174.       1.00       0.01459   
 175     1   1     0    10    10  174.       0.00500    0.005000  
 175     2   1     0     9     9  174.       0.0100     0.005000  
 175     3   1     0     9     9  174.       0.0150     0.005000  
 175     4   1     0     7     7  174.       0.0200     0.005000  
 175     5   1     0     5     5  174.       0.0250     0.005000  
 175     6   1     0     3     3  174.       0.0300     0.005000  
 175     7   1     0     1     1  174.       0.0350     0.005000  
 175     8   1     0     8     8  174.       0.0425     0.007500  
 175     9   1     0     2     2  174.       0.0500     0.007500  
 175    10   1     0     4     4  174.       0.0575     0.007500  
 175    11   1U    0     5     5  174.       0.0575     0.01125   
 175    11   2     0    10    10  174.       0.0603     0.002812  
 175    12   1     0     4     4  174.       0.0631     0.002812  
 175    13   1     0     5     5  174.       0.0659     0.002812  
 175    14   1     0     4     4  174.       0.0687     0.002812  
 175    15   1     0     3     3  174.       0.0716     0.002812  
 175    16   1     0     7     7  174.       0.0758     0.004219  
 175    17   1     0     1     1  174.       0.0800     0.004219  
 175    18   1     0     1     1  174.       0.0842     0.004219  
 175    19   1     0     5     5  174.       0.0905     0.006328  
 175    20   1     0     2     2  174.       0.0969     0.006328  
 175    21   1     0     1     1  174.       0.103      0.006328  
 175    22   1     0     4     4  174.       0.113      0.009492  
 175    23   1     0     7     7  174.       0.127      0.01424   
 175    24   1     0     5     5  174.       0.141      0.01424   
 175    25   1     0     5     5  174.       0.155      0.01424   
 175    26   1     0     3     3  174.       0.170      0.01424   
 175    27   1     0     2     2  174.       0.184      0.01424   
 175    28   1     0     8     8  174.       0.205      0.02136   
 175    29   1     0     4     4  174.       0.227      0.02136   
 175    30   1     0     4     4  174.       0.248      0.02136   
 175    31   1     0     6     6  174.       0.273      0.02500   
 175    32   1     0     1     1  174.       0.298      0.02500   
 175    33   1     0    10    10  174.       0.323      0.02500   
 175    34   1     0    10    10  174.       0.348      0.02500   
 175    35   1     0    12    12  174.       0.373      0.02500   
 175    36   1     0    11    11  174.       0.392      0.01875   
 175    37   1     0    10    10  174.       0.406      0.01406   
 175    38   1     0     8     8  174.       0.420      0.01406   
 175    39   1     0     7     7  174.       0.434      0.01406   
 175    40   1     0     5     5  174.       0.448      0.01406   
 175    41   1     0     6     6  174.       0.462      0.01406   
 175    42   1     0     6     6  174.       0.476      0.01406   
 175    43   1     0     5     5  174.       0.490      0.01406   
 175    44   1     0     5     5  175.       0.504      0.01406   
 175    45   1     0     5     5  175.       0.518      0.01406   
 175    46   1     0     4     4  175.       0.532      0.01406   
 175    47   1     0     4     4  175.       0.546      0.01406   
 175    48   1     0     9     9  175.       0.567      0.02109   
 175    49   1     0     5     5  175.       0.589      0.02109   
 175    50   1     0     4     4  175.       0.610      0.02109   
 175    51   1     0     4     4  175.       0.631      0.02109   
 175    52   1     0     6     6  175.       0.656      0.02500   
 175    53   1     0     5     5  175.       0.681      0.02500   
 175    54   1     0     4     4  175.       0.706      0.02500   
 175    55   1     0     4     4  175.       0.731      0.02500   
 175    56   1     0    10    10  175.       0.756      0.02500   
 175    57   1     0     8     8  175.       0.781      0.02500   
 175    58   1     0     5     5  175.       0.806      0.02500   
 175    59   1     0     6     6  175.       0.831      0.02500   
 175    60   1     0    10    10  175.       0.856      0.02500   
 175    61   1     0    10    10  175.       0.881      0.02500   
 175    62   1     0    10    10  175.       0.906      0.02500   
 175    63   1     0    10    10  175.       0.931      0.02500   
 175    64   1     0     6     6  175.       0.956      0.02500   
 175    65   1     0     5     5  175.       0.981      0.02500   
 175    66   1     0     9     9  175.       1.00       0.01923   
 176     1   1     0    11    11  175.       0.00500    0.005000  
 176     2   1     0     8     8  175.       0.00875    0.003750  
 176     3   1     0    10    10  175.       0.0125     0.003750  
 176     4   1     0     8     8  175.       0.0163     0.003750  
 176     5   1     0     8     8  175.       0.0200     0.003750  
 176     6   1     0     5     5  175.       0.0238     0.003750  
 176     7   1     0     4     4  175.       0.0275     0.003750  
 176     8   1     0     2     2  175.       0.0312     0.003750  
 176     9   1     0     7     7  175.       0.0369     0.005625  
 176    10   1     0     1     1  175.       0.0425     0.005625  
 176    11   1     0     3     3  175.       0.0481     0.005625  
 176    12   1     0     5     5  175.       0.0566     0.008438  
 176    13   1     0     2     2  175.       0.0650     0.008438  
 176    14   1     0     4     4  175.       0.0734     0.008438  
 176    15   1     0     8     8  175.       0.0861     0.01266   
 176    16   1     0     4     4  175.       0.0988     0.01266   
 176    17   1     0     5     5  175.       0.111      0.01266   
 176    18   1     0     3     3  175.       0.124      0.01266   
 176    19   1     0     2     2  175.       0.137      0.01266   
 176    20   1     0     9     9  175.       0.156      0.01898   
 176    21   1     0     5     5  175.       0.175      0.01898   
 176    22   1     0     3     3  175.       0.194      0.01898   
 176    23   1     0     3     3  175.       0.213      0.01898   
 176    24   1     0     7     7  175.       0.238      0.02500   
 176    25   1     0    13    13  175.       0.263      0.02500   
 176    26   1     0     6     6  175.       0.281      0.01875   
 176    27   1     0     1     1  175.       0.300      0.01875   
 176    28   1     0     8     8  175.       0.319      0.01875   
 176    29   1     0    10    10  175.       0.338      0.01875   
 176    30   1     0    10    10  175.       0.356      0.01875   
 176    31   1     0    13    13  175.       0.375      0.01875   
 176    32   1     0    11    11  175.       0.389      0.01406   
 176    33   1     0    10    10  175.       0.400      0.01055   
 176    34   1     0    10    10  175.       0.410      0.01055   
 176    35   1     0     8     8  175.       0.421      0.01055   
 176    36   1     0     6     6  175.       0.431      0.01055   
 176    37   1     0     7     7  175.       0.442      0.01055   
 176    38   1     0     6     6  175.       0.453      0.01055   
 176    39   1     0     5     5  175.       0.463      0.01055   
 176    40   1     0     6     6  175.       0.474      0.01055   
 176    41   1     0     6     6  175.       0.484      0.01055   
 176    42   1     0     5     5  175.       0.495      0.01055   
 176    43   1     0     5     5  176.       0.505      0.01055   
 176    44   1     0     4     4  176.       0.516      0.01055   
 176    45   1     0     4     4  176.       0.526      0.01055   
 176    46   1     0    10    10  176.       0.542      0.01582   
 176    47   1     0     7     7  176.       0.558      0.01582   
 176    48   1     0     6     6  176.       0.574      0.01582   
 176    49   1     0     4     4  176.       0.590      0.01582   
 176    50   1     0     4     4  176.       0.605      0.01582   
 176    51   1     0     8     8  176.       0.629      0.02373   
 176    52   1     0     6     6  176.       0.653      0.02373   
 176    53   1     0     5     5  176.       0.677      0.02373   
 176    54   1     0     4     4  176.       0.700      0.02373   
 176    55   1     0     4     4  176.       0.724      0.02373   
 176    56   1     0     5     5  176.       0.749      0.02500   
 176    57   1     0     7     7  176.       0.774      0.02500   
 176    58   1     0     5     5  176.       0.799      0.02500   
 176    59   1     0     4     4  176.       0.824      0.02500   
 176    60   1     0    10    10  176.       0.849      0.02500   
 176    61   1     0    12    12  176.       0.874      0.02500   
 176    62   1     0    11    11  176.       0.893      0.01875   
 176    63   1     0    10    10  176.       0.907      0.01406   
 176    64   1     0     8     8  176.       0.921      0.01406   
 176    65   1     0     7     7  176.       0.935      0.01406   
 176    66   1     0     6     6  176.       0.949      0.01406   
 176    67   1     0     7     7  176.       0.963      0.01406   
 176    68   1     0     7     7  176.       0.977      0.01406   
 176    69   1     0     6     6  176.       0.991      0.01406   
 176    70   1     0    10    10  176.       1.00       0.008730  
 177     1   1     0    10    10  176.       0.00500    0.005000  
 177     2   1     0     6     6  176.       0.0100     0.005000  
 177     3   1     0     7     7  176.       0.0150     0.005000  
 177     4   1     0     8     8  176.       0.0200     0.005000  
 177     5   1     0     5     5  176.       0.0250     0.005000  
 177     6   1     0     5     5  176.       0.0300     0.005000  
 177     7   1     0     4     4  176.       0.0350     0.005000  
 177     8   1     0     3     3  176.       0.0400     0.005000  
 177     9   1     0     9     9  176.       0.0475     0.007500  
 177    10   1     0     2     2  176.       0.0550     0.007500  
 177    11   1     0     4     4  176.       0.0625     0.007500  
 177    12   1     0     8     8  176.       0.0737     0.01125   
 177    13   1     0     4     4  176.       0.0850     0.01125   
 177    14   1     0     5     5  176.       0.0962     0.01125   
 177    15   1     0     4     4  176.       0.107      0.01125   
 177    16   1     0     3     3  176.       0.119      0.01125   
 177    17   1     0     9     9  176.       0.136      0.01688   
 177    18   1     0     4     4  176.       0.152      0.01688   
 177    19   1     0     4     4  176.       0.169      0.01688   
 177    20   1     0     7     7  176.       0.194      0.02500   
 177    21   1     0     5     5  176.       0.219      0.02500   
 177    22   1     0     5     5  176.       0.244      0.02500   
 177    23   1     0     8     8  176.       0.269      0.02500   
 177    24   1     0     3     3  176.       0.294      0.02500   
 177    25   1     0     7     7  176.       0.319      0.02500   
 177    26   1     0    10    10  176.       0.344      0.02500   
 177    27   1     0    12    12  176.       0.369      0.02500   
 177    28   1     0    10    10  176.       0.388      0.01875   
 177    29   1     0    10    10  176.       0.407      0.01875   
 177    30   1     0    10    10  176.       0.426      0.01875   
 177    31   1     0     7     7  176.       0.444      0.01875   
 177    32   1     0     6     6  176.       0.463      0.01875   
 177    33   1     0     6     6  176.       0.482      0.01875   
 177    34   1     0     5     5  177.       0.501      0.01875   
 177    35   1     0     5     5  177.       0.519      0.01875   
 177    36   1     0     5     5  177.       0.538      0.01875   
 177    37   1     0     4     4  177.       0.557      0.01875   
 177    38   1     0     3     3  177.       0.576      0.01875   
 177    39   1     0     7     7  177.       0.601      0.02500   
 177    40   1     0     5     5  177.       0.626      0.02500   
 177    41   1     0     4     4  177.       0.651      0.02500   
 177    42   1     0     4     4  177.       0.676      0.02500   
 177    43   1     0     3     3  177.       0.701      0.02500   
 177    44   1     0     4     4  177.       0.726      0.02500   
 177    45   1     0     6     6  177.       0.751      0.02500   
 177    46   1     0     8     8  177.       0.776      0.02500   
 177    47   1     0     6     6  177.       0.801      0.02500   
 177    48   1     0     4     4  177.       0.826      0.02500   
 177    49   1     0    10    10  177.       0.851      0.02500   
 177    50   1     0    10    10  177.       0.876      0.02500   
 177    51   1     0    10    10  177.       0.901      0.02500   
 177    52   1     0    10    10  177.       0.926      0.02500   
 177    53   1     0     7     7  177.       0.951      0.02500   
 177    54   1     0     5     5  177.       0.976      0.02500   
 177    55   1     0     6     6  177.       1.00       0.02437   
 178     1   1     0    11    11  177.       0.00500    0.005000  
 178     2   1     0     8     8  177.       0.00875    0.003750  
 178     3   1     0    10    10  177.       0.0125     0.003750  
 178     4   1     0     9     9  177.       0.0163     0.003750  
 178     5   1     0     7     7  177.       0.0200     0.003750  
 178     6   1     0     7     7  177.       0.0238     0.003750  
 178     7   1     0     5     5  177.       0.0275     0.003750  
 178     8   1     0     3     3  177.       0.0312     0.003750  
 178     9   1     0     2     2  177.       0.0350     0.003750  
 178    10   1     0     8     8  177.       0.0406     0.005625  
 178    11   1     0     2     2  177.       0.0462     0.005625  
 178    12   1     0     3     3  177.       0.0519     0.005625  
 178    13   1     0     5     5  177.       0.0603     0.008438  
 178    14   1     0     2     2  177.       0.0688     0.008438  
 178    15   1     0     3     3  177.       0.0772     0.008438  
 178    16   1     0     7     7  177.       0.0898     0.01266   
 178    17   1     0     4     4  177.       0.103      0.01266   
 178    18   1     0     5     5  177.       0.115      0.01266   
 178    19   1     0     3     3  177.       0.128      0.01266   
 178    20   1     0     2     2  177.       0.140      0.01266   
 178    21   1     0     8     8  177.       0.159      0.01898   
 178    22   1     0     4     4  177.       0.178      0.01898   
 178    23   1     0     4     4  177.       0.197      0.01898   
 178    24   1     0     7     7  177.       0.222      0.02500   
 178    25   1     0     5     5  177.       0.247      0.02500   
 178    26   1     0     6     6  177.       0.272      0.02500   
 178    27   1     0     1     1  177.       0.297      0.02500   
 178    28   1     0     9     9  177.       0.322      0.02500   
 178    29   1     0    10    10  177.       0.347      0.02500   
 178    30   1     0    12    12  177.       0.372      0.02500   
 178    31   1     0    12    12  177.       0.391      0.01875   
 178    32   1U    0     6     6  177.       0.391      0.01406   
 178    32   2     0     9     9  177.       0.395      0.003516  
 178    33   1     0    10    10  177.       0.398      0.003516  
 178    34   1     0     9     9  177.       0.402      0.003516  
 178    35   1     0     9     9  177.       0.405      0.003516  
 178    36   1     0     8     8  177.       0.409      0.003516  
 178    37   1     0     5     5  177.       0.412      0.003516  
 178    38   1     0     4     4  177.       0.416      0.003516  
 178    39   1     0     4     4  177.       0.419      0.003516  
 178    40   1     0     9     9  177.       0.425      0.005273  
 178    41   1     0     8     8  177.       0.430      0.005273  
 178    42   1     0     6     6  177.       0.435      0.005273  
 178    43   1     0     5     5  177.       0.440      0.005273  
 178    44   1     0     4     4  177.       0.446      0.005273  
 178    45   1     0     4     4  177.       0.451      0.005273  
 178    46   1     0    10    10  177.       0.459      0.007910  
 178    47   1     0    10    10  177.       0.467      0.007910  
 178    48   1     0     6     6  177.       0.475      0.007910  
 178    49   1     0     7     7  177.       0.483      0.007910  
 178    50   1     0     5     5  177.       0.490      0.007910  
 178    51   1     0     5     5  177.       0.498      0.007910  
 178    52   1     0     4     4  178.       0.506      0.007910  
 178    53   1     0     4     4  178.       0.514      0.007910  
 178    54   1     0    10    10  178.       0.526      0.01187   
 178    55   1     0     8     8  178.       0.538      0.01187   
 178    56   1     0     7     7  178.       0.550      0.01187   
 178    57   1     0     6     6  178.       0.562      0.01187   
 178    58   1     0     4     4  178.       0.574      0.01187   
 178    59   1     0     4     4  178.       0.585      0.01187   
 178    60   1     0    10    10  178.       0.603      0.01780   
 178    61   1     0     6     6  178.       0.621      0.01780   
 178    62   1     0     5     5  178.       0.639      0.01780   
 178    63   1     0     3     3  178.       0.657      0.01780   
 178    64   1     0     3     3  178.       0.674      0.01780   
 178    65   1     0     8     8  178.       0.699      0.02500   
 178    66   1     0     6     6  178.       0.724      0.02500   
 178    67   1     0     5     5  178.       0.749      0.02500   
 178    68   1     0     7     7  178.       0.774      0.02500   
 178    69   1     0     3     3  178.       0.799      0.02500   
 178    70   1     0     6     6  178.       0.824      0.02500   
 178    71   1     0    10    10  178.       0.849      0.02500   
 178    72   1     0    12    12  178.       0.874      0.02500   
 178    73   1     0    12    12  178.       0.893      0.01875   
 178    74   1     0    10    10  178.       0.907      0.01406   
 178    75   1     0     8     8  178.       0.921      0.01406   
 178    76   1     0     8     8  178.       0.935      0.01406   
 178    77   1     0     7     7  178.       0.949      0.01406   
 178    78   1     0     7     7  178.       0.963      0.01406   
 178    79   1     0     7     7  178.       0.978      0.01406   
 178    80   1     0     6     6  178.       0.992      0.01406   
 178    81   1     0    10    10  178.       1.00       0.008413  
 179     1   1     0    10    10  178.       0.00500    0.005000  
 179     2   1     0     6     6  178.       0.0100     0.005000  
 179     3   1     0     9     9  178.       0.0150     0.005000  
 179     4   1     0     6     6  178.       0.0200     0.005000  
 179     5   1     0     6     6  178.       0.0250     0.005000  
 179     6   1     0     5     5  178.       0.0300     0.005000  
 179     7   1     0     4     4  178.       0.0350     0.005000  
 179     8   1     0     3     3  178.       0.0400     0.005000  
 179     9   1     0    10    10  178.       0.0475     0.007500  
 179    10   1     0     3     3  178.       0.0550     0.007500  
 179    11   1     0     5     5  178.       0.0625     0.007500  
 179    12   1     0     3     3  178.       0.0700     0.007500  
 179    13   1     0     3     3  178.       0.0775     0.007500  
 179    14   1     0    10    10  178.       0.0888     0.01125   
 179    15   1     0     4     4  178.       0.100      0.01125   
 179    16   1     0     5     5  178.       0.111      0.01125   
 179    17   1     0     3     3  178.       0.122      0.01125   
 179    18   1     0     2     2  178.       0.134      0.01125   
 179    19   1     0     9     9  178.       0.151      0.01688   
 179    20   1     0     4     4  178.       0.168      0.01688   
 179    21   1     0     4     4  178.       0.184      0.01688   
 179    22   1     0     7     7  178.       0.209      0.02500   
 179    23   1     0     5     5  178.       0.234      0.02500   
 179    24   1     0    10    10  178.       0.259      0.02500   
 179    25   1     0     3     3  178.       0.284      0.02500   
 179    26   1     0     1     1  178.       0.309      0.02500   
 179    27   1     0    10    10  178.       0.334      0.02500   
 179    28   1     0    10    10  178.       0.359      0.02500   
 179    29   1     0    11    11  178.       0.384      0.02500   
 179    30   1     0    10    10  178.       0.403      0.01875   
 179    31   1     0    10    10  178.       0.422      0.01875   
 179    32   1     0     9     9  178.       0.441      0.01875   
 179    33   1     0     7     7  178.       0.459      0.01875   
 179    34   1     0     5     5  178.       0.478      0.01875   
 179    35   1     0     5     5  178.       0.497      0.01875   
 179    36   1     0     5     5  179.       0.516      0.01875   
 179    37   1     0     5     5  179.       0.534      0.01875   
 179    38   1     0     4     4  179.       0.553      0.01875   
 179    39   1     0     3     3  179.       0.572      0.01875   
 179    40   1     0     7     7  179.       0.597      0.02500   
 179    41   1     0     5     5  179.       0.622      0.02500   
 179    42   1     0     4     4  179.       0.647      0.02500   
 179    43   1     0     4     4  179.       0.672      0.02500   
 179    44   1     0     4     4  179.       0.697      0.02500   
 179    45   1     0     3     3  179.       0.722      0.02500   
 179    46   1     0     3     3  179.       0.747      0.02500   
 179    47   1     0     8     8  179.       0.772      0.02500   
 179    48   1     0     6     6  179.       0.797      0.02500   
 179    49   1     0     3     3  179.       0.822      0.02500   
 179    50   1     0    10    10  179.       0.847      0.02500   
 179    51   1     0    10    10  179.       0.872      0.02500   
 179    52   1     0    12    12  179.       0.897      0.02500   
 179    53   1     0    10    10  179.       0.916      0.01875   
 179    54   1     0     8     8  179.       0.934      0.01875   
 179    55   1     0     8     8  179.       0.953      0.01875   
 179    56   1     0     7     7  179.       0.972      0.01875   
 179    57   1     0     7     7  179.       0.991      0.01875   
 179    58   1     0    10    10  179.       1.00       0.009375  
 180     1   1     0    10    10  179.       0.00500    0.005000  
 180     2   1     0     8     8  179.       0.0100     0.005000  
 180     3   1     0     9     9  179.       0.0150     0.005000  
 180     4   1     0     6     6  179.       0.0200     0.005000  
 180     5   1     0     4     4  179.       0.0250     0.005000  
 180     6   1     0     3     3  179.       0.0300     0.005000  
 180     7   1     0    10    10  179.       0.0375     0.007500  
 180     8   1     0     4     4  179.       0.0450     0.007500  
 180     9   1     0     5     5  179.       0.0525     0.007500  
 180    10   1     0     4     4  179.       0.0600     0.007500  
 180    11   1     0     3     3  179.       0.0675     0.007500  
 180    12   1     0    10    10  179.       0.0788     0.01125   
 180    13   1     0     3     3  179.       0.0900     0.01125   
 180    14   1     0     5     5  179.       0.101      0.01125   
 180    15   1     0     3     3  179.       0.112      0.01125   
 180    16   1     0     2     2  179.       0.124      0.01125   
 180    17   1     0     9     9  179.       0.141      0.01688   
 180    18   1     0     4     4  179.       0.158      0.01688   
 180    19   1     0     4     4  179.       0.174      0.01688   
 180    20   1     0     7     7  179.       0.199      0.02500   
 180    21   1     0     6     6  179.       0.224      0.02500   
 180    22   1     0     4     4  179.       0.249      0.02500   
 180    23   1     0     6     6  179.       0.274      0.02500   
 180    24   1     0     1     1  179.       0.299      0.02500   
 180    25   1     0     9     9  179.       0.324      0.02500   
 180    26   1     0    10    10  179.       0.349      0.02500   
 180    27   1     0    12    12  179.       0.374      0.02500   
 180    28   1     0    11    11  179.       0.393      0.01875   
 180    29   1     0    10    10  179.       0.407      0.01406   
 180    30   1     0     8     8  179.       0.421      0.01406   
 180    31   1     0     7     7  179.       0.435      0.01406   
 180    32   1     0     5     5  179.       0.449      0.01406   
 180    33   1     0     7     7  179.       0.463      0.01406   
 180    34   1     0     6     6  179.       0.477      0.01406   
 180    35   1     0     5     5  179.       0.492      0.01406   
 180    36   1     0     5     5  180.       0.506      0.01406   
 180    37   1     0     5     5  180.       0.520      0.01406   
 180    38   1     0     4     4  180.       0.534      0.01406   
 180    39   1     0     4     4  180.       0.548      0.01406   
 180    40   1     0     9     9  180.       0.569      0.02109   
 180    41   1     0     5     5  180.       0.590      0.02109   
 180    42   1     0     4     4  180.       0.611      0.02109   
 180    43   1     0     4     4  180.       0.632      0.02109   
 180    44   1     0     6     6  180.       0.657      0.02500   
 180    45   1     0     5     5  180.       0.682      0.02500   
 180    46   1     0     4     4  180.       0.707      0.02500   
 180    47   1     0     4     4  180.       0.732      0.02500   
 180    48   1     0    10    10  180.       0.757      0.02500   
 180    49   1     0     8     8  180.       0.782      0.02500   
 180    50   1     0     5     5  180.       0.807      0.02500   
 180    51   1     0     7     7  180.       0.832      0.02500   
 180    52   1     0    10    10  180.       0.857      0.02500   
 180    53   1     0    11    11  180.       0.882      0.02500   
 180    54   1     0    10    10  180.       0.901      0.01875   
 180    55   1     0    10    10  180.       0.920      0.01875   
 180    56   1     0     8     8  180.       0.938      0.01875   
 180    57   1     0     8     8  180.       0.957      0.01875   
 180    58   1     0     6     6  180.       0.976      0.01875   
 180    59   1     0     6     6  180.       0.995      0.01875   
 180    60   1     0    10    10  180.       1.00       0.005312  
 181     1   1     0    10    10  180.       0.00500    0.005000  
 181     2   1     0     7     7  180.       0.0100     0.005000  
 181     3   1     0    10    10  180.       0.0150     0.005000  
 181     4   1     0     7     7  180.       0.0200     0.005000  
 181     5   1     0     5     5  180.       0.0250     0.005000  
 181     6   1     0     5     5  180.       0.0300     0.005000  
 181     7   1     0     6     6  180.       0.0350     0.005000  
 181     8   1     0     5     5  180.       0.0400     0.005000  
 181     9   1     0     3     3  180.       0.0450     0.005000  
 181    10   1     0     3     3  180.       0.0500     0.005000  
 181    11   1     0     9     9  180.       0.0575     0.007500  
 181    12   1     0     2     2  180.       0.0650     0.007500  
 181    13   1     0     4     4  180.       0.0725     0.007500  
 181    14   1     0    10    10  180.       0.0838     0.01125   
 181    15   1     0     4     4  180.       0.0950     0.01125   
 181    16   1     0     5     5  180.       0.106      0.01125   
 181    17   1     0     3     3  180.       0.117      0.01125   
 181    18   1     0     2     2  180.       0.129      0.01125   
 181    19   1     0    10    10  180.       0.146      0.01688   
 181    20   1     0     4     4  180.       0.163      0.01688   
 181    21   1     0     4     4  180.       0.179      0.01688   
 181    22   1     0     7     7  180.       0.204      0.02500   
 181    23   1     0     6     6  180.       0.229      0.02500   
 181    24   1     0    10    10  180.       0.254      0.02500   
 181    25   1     0     5     5  180.       0.279      0.02500   
 181    26   1     0     1     1  180.       0.304      0.02500   
 181    27   1     0    10    10  180.       0.329      0.02500   
 181    28   1     0    10    10  180.       0.354      0.02500   
 181    29   1     0    12    12  180.       0.379      0.02500   
 181    30   1     0    10    10  180.       0.398      0.01875   
 181    31   1     0    10    10  180.       0.417      0.01875   
 181    32   1     0     9     9  180.       0.436      0.01875   
 181    33   1     0     7     7  180.       0.454      0.01875   
 181    34   1     0     5     5  180.       0.473      0.01875   
 181    35   1     0     5     5  180.       0.492      0.01875   
 181    36   1     0     5     5  181.       0.511      0.01875   
 181    37   1     0     5     5  181.       0.529      0.01875   
 181    38   1     0     4     4  181.       0.548      0.01875   
 181    39   1     0     4     4  181.       0.567      0.01875   
 181    40   1     0     7     7  181.       0.592      0.02500   
 181    41   1     0     5     5  181.       0.617      0.02500   
 181    42   1     0     4     4  181.       0.642      0.02500   
 181    43   1     0     4     4  181.       0.667      0.02500   
 181    44   1     0     4     4  181.       0.692      0.02500   
 181    45   1     0     3     3  181.       0.717      0.02500   
 181    46   1     0     3     3  181.       0.742      0.02500   
 181    47   1     0    10    10  181.       0.767      0.02500   
 181    48   1     0     7     7  181.       0.792      0.02500   
 181    49   1     0     5     5  181.       0.817      0.02500   
 181    50   1     0     9     9  181.       0.842      0.02500   
 181    51   1     0    10    10  181.       0.867      0.02500   
 181    52   1U    0     9     9  181.       0.867      0.02500   
 181    52   2     0    10    10  181.       0.879      0.01250   
 181    53   1     0    10    10  181.       0.892      0.01250   
 181    54   1     0    10    10  181.       0.904      0.01250   
 181    55   1     0     7     7  181.       0.917      0.01250   
 181    56   1     0    10    10  181.       0.929      0.01250   
 181    57   1     0     8     8  181.       0.942      0.01250   
 181    58   1     0     6     6  181.       0.954      0.01250   
 181    59   1     0     6     6  181.       0.967      0.01250   
 181    60   1     0     6     6  181.       0.979      0.01250   
 181    61   1     0     7     7  181.       0.992      0.01250   
 181    62   1     0    10    10  181.       1.00       0.008125  
 182     1   1     0    10    10  181.       0.00500    0.005000  
 182     2   1     0     3     3  181.       0.0100     0.005000  
 182     3   1     0     5     5  181.       0.0150     0.005000  
 182     4   1     0     2     2  181.       0.0200     0.005000  
 182     5   1     0     1     1  181.       0.0250     0.005000  
 182     6   1     0     8     8  181.       0.0325     0.007500  
 182     7   1     0     3     3  181.       0.0400     0.007500  
 182     8   1     0     5     5  181.       0.0475     0.007500  
 182     9   1     0     3     3  181.       0.0550     0.007500  
 182    10   1     0     3     3  181.       0.0625     0.007500  
 182    11   1     0    10    10  181.       0.0737     0.01125   
 182    12   1     0     4     4  181.       0.0850     0.01125   
 182    13   1     0     4     4  181.       0.0962     0.01125   
 182    14   1     0     7     7  181.       0.113      0.01688   
 182    15   1     0     4     4  181.       0.130      0.01688   
 182    16   1     0     5     5  181.       0.147      0.01688   
 182    17   1     0     3     3  181.       0.164      0.01688   
 182    18   1     0     2     2  181.       0.181      0.01688   
 182    19   1     0     7     7  181.       0.206      0.02500   
 182    20   1     0     6     6  181.       0.231      0.02500   
 182    21   1     0    10    10  181.       0.256      0.02500   
 182    22   1     0     5     5  181.       0.281      0.02500   
 182    23   1     0     1     1  181.       0.306      0.02500   
 182    24   1     0    10    10  181.       0.331      0.02500   
 182    25   1     0    10    10  181.       0.356      0.02500   
 182    26   1     0    11    11  181.       0.381      0.02500   
 182    27   1     0    10    10  181.       0.399      0.01875   
 182    28   1     0    10    10  181.       0.418      0.01875   
 182    29   1     0     9     9  181.       0.437      0.01875   
 182    30   1     0     7     7  181.       0.456      0.01875   
 182    31   1     0     5     5  181.       0.474      0.01875   
 182    32   1     0     5     5  181.       0.493      0.01875   
 182    33   1     0     5     5  182.       0.512      0.01875   
 182    34   1     0     5     5  182.       0.531      0.01875   
 182    35   1     0     4     4  182.       0.549      0.01875   
 182    36   1     0     4     4  182.       0.568      0.01875   
 182    37   1     0     7     7  182.       0.593      0.02500   
 182    38   1     0     5     5  182.       0.618      0.02500   
 182    39   1     0     4     4  182.       0.643      0.02500   
 182    40   1     0     4     4  182.       0.668      0.02500   
 182    41   1     0     4     4  182.       0.693      0.02500   
 182    42   1     0     3     3  182.       0.718      0.02500   
 182    43   1     0     3     3  182.       0.743      0.02500   
 182    44   1     0     9     9  182.       0.768      0.02500   
 182    45   1     0     7     7  182.       0.793      0.02500   
 182    46   1     0     4     4  182.       0.818      0.02500   
 182    47   1     0    10    10  182.       0.843      0.02500   
 182    48   1     0    12    12  182.       0.868      0.02500   
 182    49   1     0    10    10  182.       0.887      0.01875   
 182    50   1     0    11    11  182.       0.906      0.01875   
 182    51   1     0    10    10  182.       0.920      0.01406   
 182    52   1     0    10    10  182.       0.934      0.01406   
 182    53   1     0     8     8  182.       0.948      0.01406   
 182    54   1     0     6     6  182.       0.962      0.01406   
 182    55   1     0     8     8  182.       0.976      0.01406   
 182    56   1     0     5     5  182.       0.990      0.01406   
 182    57   1     0    10    10  182.       1.00       0.01000   
 183     1   1     0    10    10  182.       0.00500    0.005000  
 183     2   1     0     5     5  182.       0.0100     0.005000  
 183     3   1     0     6     6  182.       0.0150     0.005000  
 183     4   1     0     3     3  182.       0.0200     0.005000  
 183     5   1     0     1     1  182.       0.0250     0.005000  
 183     6   1     0     8     8  182.       0.0325     0.007500  
 183     7   1     0     2     2  182.       0.0400     0.007500  
 183     8   1     0     5     5  182.       0.0475     0.007500  
 183     9   1     0     3     3  182.       0.0550     0.007500  
 183    10   1     0     3     3  182.       0.0625     0.007500  
 183    11   1     0    10    10  182.       0.0737     0.01125   
 183    12   1     0     4     4  182.       0.0850     0.01125   
 183    13   1     0     4     4  182.       0.0962     0.01125   
 183    14   1     0     9     9  182.       0.113      0.01688   
 183    15   1     0     5     5  182.       0.130      0.01688   
 183    16   1     0     5     5  182.       0.147      0.01688   
 183    17   1     0     3     3  182.       0.164      0.01688   
 183    18   1     0     2     2  182.       0.181      0.01688   
 183    19   1     0     7     7  182.       0.206      0.02500   
 183    20   1     0     6     6  182.       0.231      0.02500   
 183    21   1     0    10    10  182.       0.256      0.02500   
 183    22   1     0     5     5  182.       0.281      0.02500   
 183    23   1     0     1     1  182.       0.306      0.02500   
 183    24   1     0    10    10  182.       0.331      0.02500   
 183    25   1     0    10    10  182.       0.356      0.02500   
 183    26   1     0    11    11  182.       0.381      0.02500   
 183    27   1     0    10    10  182.       0.399      0.01875   
 183    28   1     0    10    10  182.       0.418      0.01875   
 183    29   1     0     9     9  182.       0.437      0.01875   
 183    30   1     0     7     7  182.       0.456      0.01875   
 183    31   1     0     5     5  182.       0.474      0.01875   
 183    32   1     0     5     5  182.       0.493      0.01875   
 183    33   1     0     5     5  183.       0.512      0.01875   
 183    34   1     0     5     5  183.       0.531      0.01875   
 183    35   1     0     4     4  183.       0.549      0.01875   
 183    36   1     0     4     4  183.       0.568      0.01875   
 183    37   1     0     7     7  183.       0.593      0.02500   
 183    38   1     0     5     5  183.       0.618      0.02500   
 183    39   1     0     4     4  183.       0.643      0.02500   
 183    40   1     0     4     4  183.       0.668      0.02500   
 183    41   1     0     4     4  183.       0.693      0.02500   
 183    42   1     0     3     3  183.       0.718      0.02500   
 183    43   1     0     3     3  183.       0.743      0.02500   
 183    44   1     0     9     9  183.       0.768      0.02500   
 183    45   1     0     7     7  183.       0.793      0.02500   
 183    46   1     0     4     4  183.       0.818      0.02500   
 183    47   1     0    10    10  183.       0.843      0.02500   
 183    48   1U    0     9     9  183.       0.843      0.02500   
 183    48   2     0    11    11  183.       0.856      0.01250   
 183    49   1     0    11    11  183.       0.865      0.009375  
 183    50   1     0    10    10  183.       0.872      0.007031  
 183    51   1     0    10    10  183.       0.879      0.007031  
 183    52   1     0    10    10  183.       0.886      0.007031  
 183    53   1     0     9     9  183.       0.893      0.007031  
 183    54   1     0     5     5  183.       0.900      0.007031  
 183    55   1     0     6     6  183.       0.907      0.007031  
 183    56   1     0     7     7  183.       0.914      0.007031  
 183    57   1     0     5     5  183.       0.921      0.007031  
 183    58   1     0     3     3  183.       0.928      0.007031  
 183    59   1     0     4     4  183.       0.935      0.007031  
 183    60   1     0     4     4  183.       0.946      0.01055   
 183    61   1     0     3     3  183.       0.962      0.01582   
 183    62   1     0     6     6  183.       0.985      0.02373   
 183    63   1     0    10    10  183.       1.00       0.01459   
 184     1   1     0    10    10  183.       0.00500    0.005000  
 184     2   1     0     9     9  183.       0.0100     0.005000  
 184     3   1     0    10    10  183.       0.0150     0.005000  
 184     4   1     0     7     7  183.       0.0200     0.005000  
 184     5   1     0     5     5  183.       0.0250     0.005000  
 184     6   1     0     4     4  183.       0.0300     0.005000  
 184     7   1     0     1     1  183.       0.0350     0.005000  
 184     8   1     0     8     8  183.       0.0425     0.007500  
 184     9   1     0     2     2  183.       0.0500     0.007500  
 184    10   1     0     4     4  183.       0.0575     0.007500  
 184    11   1U    0     5     5  183.       0.0575     0.01125   
 184    11   2     0    10    10  183.       0.0603     0.002812  
 184    12   1     0     4     4  183.       0.0631     0.002812  
 184    13   1     0     5     5  183.       0.0659     0.002812  
 184    14   1     0     4     4  183.       0.0687     0.002812  
 184    15   1     0     3     3  183.       0.0716     0.002812  
 184    16   1     0     7     7  183.       0.0758     0.004219  
 184    17   1     0     1     1  183.       0.0800     0.004219  
 184    18   1     0     1     1  183.       0.0842     0.004219  
 184    19   1     0     5     5  183.       0.0905     0.006328  
 184    20   1     0     1     1  183.       0.0969     0.006328  
 184    21   1     0     2     2  183.       0.103      0.006328  
 184    22   1     0     5     5  183.       0.113      0.009492  
 184    23   1     0     2     2  183.       0.122      0.009492  
 184    24   1     0     3     3  183.       0.132      0.009492  
 184    25   1     0     7     7  183.       0.146      0.01424   
 184    26   1     0     4     4  183.       0.160      0.01424   
 184    27   1     0     4     4  183.       0.174      0.01424   
 184    28   1     0     7     7  183.       0.196      0.02136   
 184    29   1     0     4     4  183.       0.217      0.02136   
 184    30   1     0     4     4  183.       0.238      0.02136   
 184    31   1     0    10    10  183.       0.263      0.02500   
 184    32   1     0     2     2  183.       0.288      0.02500   
 184    33   1     0     7     7  183.       0.313      0.02500   
 184    34   1     0    10    10  183.       0.338      0.02500   
 184    35   1     0    10    10  183.       0.363      0.02500   
 184    36   1     0    11    11  183.       0.388      0.02500   
 184    37   1     0    10    10  183.       0.407      0.01875   
 184    38   1     0    10    10  183.       0.426      0.01875   
 184    39   1     0     9     9  183.       0.445      0.01875   
 184    40   1     0     6     6  183.       0.463      0.01875   
 184    41   1     0     5     5  183.       0.482      0.01875   
 184    42   1     0     5     5  184.       0.501      0.01875   
 184    43   1     0     5     5  184.       0.520      0.01875   
 184    44   1     0     4     4  184.       0.538      0.01875   
 184    45   1     0     4     4  184.       0.557      0.01875   
 184    46   1     0     7     7  184.       0.582      0.02500   
 184    47   1     0     5     5  184.       0.607      0.02500   
 184    48   1     0     4     4  184.       0.632      0.02500   
 184    49   1     0     4     4  184.       0.657      0.02500   
 184    50   1     0     4     4  184.       0.682      0.02500   
 184    51   1     0     3     3  184.       0.707      0.02500   
 184    52   1     0     3     3  184.       0.732      0.02500   
 184    53   1     0    10    10  184.       0.757      0.02500   
 184    54   1     0     8     8  184.       0.782      0.02500   
 184    55   1     0     5     5  184.       0.807      0.02500   
 184    56   1     0     5     5  184.       0.832      0.02500   
 184    57   1     0    10    10  184.       0.857      0.02500   
 184    58   1     0    10    10  184.       0.882      0.02500   
 184    59   1     0    10    10  184.       0.907      0.02500   
 184    60   1     0     9     9  184.       0.932      0.02500   
 184    61   1     0     6     6  184.       0.957      0.02500   
 184    62   1     0     5     5  184.       0.982      0.02500   
 184    63   1     0    10    10  184.       1.00       0.01778   
 185     1   1     0    10    10  184.       0.00500    0.005000  
 185     2   1     0    10    10  184.       0.0100     0.005000  
 185     3   1     0     8     8  184.       0.0150     0.005000  
 185     4   1     0     7     7  184.       0.0200     0.005000  
 185     5   1     0     5     5  184.       0.0250     0.005000  
 185     6   1     0     2     2  184.       0.0300     0.005000  
 185     7   1     0     2     2  184.       0.0350     0.005000  
 185     8   1     0     7     7  184.       0.0425     0.007500  
 185     9   1     0     2     2  184.       0.0500     0.007500  
 185    10   1     0     4     4  184.       0.0575     0.007500  
 185    11   1U    0     4     4  184.       0.0575     0.01125   
 185    11   2     0     9     9  184.       0.0603     0.002812  
 185    12   1     0     3     3  184.       0.0631     0.002812  
 185    13   1     0     4     4  184.       0.0659     0.002812  
 185    14   1     0     8     8  184.       0.0702     0.004219  
 185    15   1     0     1     1  184.       0.0744     0.004219  
 185    16   1     0     2     2  184.       0.0786     0.004219  
 185    17   1     0     6     6  184.       0.0849     0.006328  
 185    18   1     0     1     1  184.       0.0912     0.006328  
 185    19   1     0     2     2  184.       0.0976     0.006328  
 185    20   1     0     4     4  184.       0.107      0.009492  
 185    21   1     0     7     7  184.       0.121      0.01424   
 185    22   1     0     5     5  184.       0.136      0.01424   
 185    23   1     0     5     5  184.       0.150      0.01424   
 185    24   1     0     3     3  184.       0.164      0.01424   
 185    25   1     0     2     2  184.       0.178      0.01424   
 185    26   1     0     8     8  184.       0.200      0.02136   
 185    27   1     0     4     4  184.       0.221      0.02136   
 185    28   1     0     4     4  184.       0.242      0.02136   
 185    29   1     0     7     7  184.       0.267      0.02500   
 185    30   1     0     2     2  184.       0.292      0.02500   
 185    31   1     0     8     8  184.       0.317      0.02500   
 185    32   1     0    10    10  184.       0.342      0.02500   
 185    33   1     0    10    10  184.       0.367      0.02500   
 185    34   1     0    10    10  184.       0.392      0.02500   
 185    35   1     0    10    10  184.       0.417      0.02500   
 185    36   1     0    10    10  184.       0.442      0.02500   
 185    37   1     0     8     8  184.       0.467      0.02500   
 185    38   1     0     5     5  184.       0.492      0.02500   
 185    39   1     0     5     5  185.       0.517      0.02500   
 185    40   1     0     4     4  185.       0.542      0.02500   
 185    41   1     0     4     4  185.       0.567      0.02500   
 185    42   1     0     4     4  185.       0.592      0.02500   
 185    43   1     0     4     4  185.       0.617      0.02500   
 185    44   1     0     4     4  185.       0.642      0.02500   
 185    45   1     0     3     3  185.       0.667      0.02500   
 185    46   1     0     4     4  185.       0.692      0.02500   
 185    47   1     0     3     3  185.       0.717      0.02500   
 185    48   1     0     2     2  185.       0.742      0.02500   
 185    49   1     0    10    10  185.       0.767      0.02500   
 185    50   1     0     8     8  185.       0.792      0.02500   
 185    51   1     0     5     5  185.       0.817      0.02500   
 185    52   1     0    10    10  185.       0.842      0.02500   
 185    53   1     0    10    10  185.       0.867      0.02500   
 185    54   1     0    10    10  185.       0.892      0.02500   
 185    55   1     0    10    10  185.       0.917      0.02500   
 185    56   1     0    10    10  185.       0.942      0.02500   
 185    57   1     0     7     7  185.       0.967      0.02500   
 185    58   1     0     6     6  185.       0.992      0.02500   
 185    59   1     0    10    10  185.       1.00       0.007666  
 186     1   1     0    10    10  185.       0.00500    0.005000  
 186     2   1     0     7     7  185.       0.0100     0.005000  
 186     3   1     0     5     5  185.       0.0150     0.005000  
 186     4   1     0     3     3  185.       0.0200     0.005000  
 186     5   1     0     1     1  185.       0.0250     0.005000  
 186     6   1     0     6     6  185.       0.0325     0.007500  
 186     7   1     0     2     2  185.       0.0400     0.007500  
 186     8   1     0     4     4  185.       0.0475     0.007500  
 186     9   1     0     5     5  185.       0.0587     0.01125   
 186    10   1     0     4     4  185.       0.0700     0.01125   
 186    11   1     0     6     6  185.       0.0812     0.01125   
 186    12   1     0     4     4  185.       0.0925     0.01125   
 186    13   1     0     3     3  185.       0.104      0.01125   
 186    14   1     0     9     9  185.       0.121      0.01688   
 186    15   1     0     4     4  185.       0.137      0.01688   
 186    16   1     0     4     4  185.       0.154      0.01688   
 186    17   1     0     7     7  185.       0.179      0.02500   
 186    18   1     0     6     6  185.       0.204      0.02500   
 186    19   1     0     4     4  185.       0.229      0.02500   
 186    20   1     0    10    10  185.       0.254      0.02500   
 186    21   1     0     6     6  185.       0.279      0.02500   
 186    22   1     0     1     1  185.       0.304      0.02500   
 186    23   1     0    10    10  185.       0.329      0.02500   
 186    24   1     0    10    10  185.       0.354      0.02500   
 186    25   1     0    11    11  185.       0.379      0.02500   
 186    26   1     0    11    11  185.       0.398      0.01875   
 186    27   1     0    10    10  185.       0.412      0.01406   
 186    28   1     0     9     9  185.       0.426      0.01406   
 186    29   1     0     7     7  185.       0.440      0.01406   
 186    30   1     0     6     6  185.       0.454      0.01406   
 186    31   1     0     7     7  185.       0.468      0.01406   
 186    32   1     0     6     6  185.       0.482      0.01406   
 186    33   1     0     5     5  185.       0.497      0.01406   
 186    34   1     0     5     5  186.       0.511      0.01406   
 186    35   1     0     5     5  186.       0.525      0.01406   
 186    36   1     0     4     4  186.       0.539      0.01406   
 186    37   1     0     4     4  186.       0.553      0.01406   
 186    38   1     0     9     9  186.       0.574      0.02109   
 186    39   1     0     5     5  186.       0.595      0.02109   
 186    40   1     0     4     4  186.       0.616      0.02109   
 186    41   1     0     5     5  186.       0.637      0.02109   
 186    42   1     0     4     4  186.       0.658      0.02109   
 186    43   1     0     4     4  186.       0.679      0.02109   
 186    44   1     0     6     6  186.       0.704      0.02500   
 186    45   1     0     5     5  186.       0.729      0.02500   
 186    46   1     0    10    10  186.       0.754      0.02500   
 186    47   1     0     7     7  186.       0.779      0.02500   
 186    48   1     0     5     5  186.       0.804      0.02500   
 186    49   1     0     6     6  186.       0.829      0.02500   
 186    50   1     0    10    10  186.       0.854      0.02500   
 186    51   1     0    11    11  186.       0.879      0.02500   
 186    52   1     0    10    10  186.       0.898      0.01875   
 186    53   1     0    10    10  186.       0.917      0.01875   
 186    54   1     0     8     8  186.       0.936      0.01875   
 186    55   1     0     8     8  186.       0.954      0.01875   
 186    56   1     0     6     6  186.       0.973      0.01875   
 186    57   1     0     6     6  186.       0.992      0.01875   
 186    58   1     0    10    10  186.       1.00       0.008125  
 187     1   1     0    10    10  186.       0.00500    0.005000  
 187     2   1     0     8     8  186.       0.0100     0.005000  
 187     3   1     0     9     9  186.       0.0150     0.005000  
 187     4   1     0     6     6  186.       0.0200     0.005000  
 187     5   1     0     5     5  186.       0.0250     0.005000  
 187     6   1     0     3     3  186.       0.0300     0.005000  
 187     7   1     0     1     1  186.       0.0350     0.005000  
 187     8   1     0     9     9  186.       0.0425     0.007500  
 187     9   1     0     2     2  186.       0.0500     0.007500  
 187    10   1     0     5     5  186.       0.0575     0.007500  
 187    11   1     0     3     3  186.       0.0650     0.007500  
 187    12   1     0     2     2  186.       0.0725     0.007500  
 187    13   1     0     8     8  186.       0.0838     0.01125   
 187    14   1     0     3     3  186.       0.0950     0.01125   
 187    15   1     0     4     4  186.       0.106      0.01125   
 187    16   1     0     9     9  186.       0.123      0.01688   
 187    17   1     0     5     5  186.       0.140      0.01688   
 187    18   1     0     4     4  186.       0.157      0.01688   
 187    19   1     0     3     3  186.       0.174      0.01688   
 187    20   1     0     7     7  186.       0.199      0.02500   
 187    21   1     0     5     5  186.       0.224      0.02500   
 187    22   1     0     5     5  186.       0.249      0.02500   
 187    23   1     0     6     6  186.       0.274      0.02500   
 187    24   1     0     1     1  186.       0.299      0.02500   
 187    25   1     0     9     9  186.       0.324      0.02500   
 187    26   1     0    10    10  186.       0.349      0.02500   
 187    27   1     0    12    12  186.       0.374      0.02500   
 187    28   1     0    12    12  186.       0.393      0.01875   
 187    29   1     0    10    10  186.       0.407      0.01406   
 187    30   1     0     8     8  186.       0.421      0.01406   
 187    31   1     0     8     8  186.       0.435      0.01406   
 187    32   1     0     6     6  186.       0.449      0.01406   
 187    33   1     0     6     6  186.       0.463      0.01406   
 187    34   1     0     6     6  186.       0.477      0.01406   
 187    35   1     0     5     5  186.       0.491      0.01406   
 187    36   1     0     5     5  187.       0.505      0.01406   
 187    37   1     0     5     5  187.       0.519      0.01406   
 187    38   1     0     4     4  187.       0.533      0.01406   
 187    39   1     0     4     4  187.       0.547      0.01406   
 187    40   1     0     9     9  187.       0.568      0.02109   
 187    41   1     0     5     5  187.       0.589      0.02109   
 187    42   1     0     5     5  187.       0.610      0.02109   
 187    43   1     0     4     4  187.       0.632      0.02109   
 187    44   1     0     4     4  187.       0.653      0.02109   
 187    45   1     0     6     6  187.       0.678      0.02500   
 187    46   1     0     5     5  187.       0.703      0.02500   
 187    47   1     0     4     4  187.       0.728      0.02500   
 187    48   1     0    10    10  187.       0.753      0.02500   
 187    49   1     0     7     7  187.       0.778      0.02500   
 187    50   1     0     5     5  187.       0.803      0.02500   
 187    51   1     0     6     6  187.       0.828      0.02500   
 187    52   1     0    10    10  187.       0.853      0.02500   
 187    53   1     0    12    12  187.       0.878      0.02500   
 187    54   1     0    11    11  187.       0.896      0.01875   
 187    55   1     0    10    10  187.       0.910      0.01406   
 187    56   1     0    10    10  187.       0.925      0.01406   
 187    57   1     0     8     8  187.       0.939      0.01406   
 187    58   1     0     6     6  187.       0.953      0.01406   
 187    59   1     0     6     6  187.       0.967      0.01406   
 187    60   1     0     8     8  187.       0.981      0.01406   
 187    61   1     0     6     6  187.       0.995      0.01406   
 187    62   1     0    10    10  187.       1.00       0.005156  
 188     1   1     0    10    10  187.       0.00500    0.005000  
 188     2   1     0     5     5  187.       0.0100     0.005000  
 188     3   1     0     7     7  187.       0.0150     0.005000  
 188     4   1     0     4     4  187.       0.0200     0.005000  
 188     5   1     0     2     2  187.       0.0250     0.005000  
 188     6   1     0     9     9  187.       0.0325     0.007500  
 188     7   1     0     3     3  187.       0.0400     0.007500  
 188     8   1     0     5     5  187.       0.0475     0.007500  
 188     9   1     0     3     3  187.       0.0550     0.007500  
 188    10   1     0     2     2  187.       0.0625     0.007500  
 188    11   1     0     9     9  187.       0.0737     0.01125   
 188    12   1     0     4     4  187.       0.0850     0.01125   
 188    13   1     0     4     4  187.       0.0962     0.01125   
 188    14   1     0     9     9  187.       0.113      0.01688   
 188    15   1     0     5     5  187.       0.130      0.01688   
 188    16   1     0     5     5  187.       0.147      0.01688   
 188    17   1     0     3     3  187.       0.164      0.01688   
 188    18   1     0     2     2  187.       0.181      0.01688   
 188    19   1     0     7     7  187.       0.206      0.02500   
 188    20   1     0     6     6  187.       0.231      0.02500   
 188    21   1     0    10    10  187.       0.256      0.02500   
 188    22   1     0     6     6  187.       0.281      0.02500   
 188    23   1     0     1     1  187.       0.306      0.02500   
 188    24   1     0    10    10  187.       0.331      0.02500   
 188    25   1     0    10    10  187.       0.356      0.02500   
 188    26   1     0    12    12  187.       0.381      0.02500   
 188    27   1     0    10    10  187.       0.399      0.01875   
 188    28   1     0    10    10  187.       0.418      0.01875   
 188    29   1     0     9     9  187.       0.437      0.01875   
 188    30   1     0     7     7  187.       0.456      0.01875   
 188    31   1     0     5     5  187.       0.474      0.01875   
 188    32   1     0     5     5  187.       0.493      0.01875   
 188    33   1     0     5     5  188.       0.512      0.01875   
 188    34   1     0     5     5  188.       0.531      0.01875   
 188    35   1     0     4     4  188.       0.549      0.01875   
 188    36   1     0     4     4  188.       0.568      0.01875   
 188    37   1     0     7     7  188.       0.593      0.02500   
 188    38   1     0     5     5  188.       0.618      0.02500   
 188    39   1     0     4     4  188.       0.643      0.02500   
 188    40   1     0     4     4  188.       0.668      0.02500   
 188    41   1     0     4     4  188.       0.693      0.02500   
 188    42   1     0     3     3  188.       0.718      0.02500   
 188    43   1     0     3     3  188.       0.743      0.02500   
 188    44   1     0     9     9  188.       0.768      0.02500   
 188    45   1     0     8     8  188.       0.793      0.02500   
 188    46   1     0     4     4  188.       0.818      0.02500   
 188    47   1     0    10    10  188.       0.843      0.02500   
 188    48   1     0    11    11  188.       0.868      0.02500   
 188    49   1     0    10    10  188.       0.887      0.01875   
 188    50   1     0    11    11  188.       0.906      0.01875   
 188    51   1     0    10    10  188.       0.920      0.01406   
 188    52   1     0     9     9  188.       0.934      0.01406   
 188    53   1     0     7     7  188.       0.948      0.01406   
 188    54   1     0     6     6  188.       0.962      0.01406   
 188    55   1     0     8     8  188.       0.976      0.01406   
 188    56   1     0     5     5  188.       0.990      0.01406   
 188    57   1     0    10    10  188.       1.00       0.01000   
 189     1   1     0    10    10  188.       0.00500    0.005000  
 189     2   1     0     6     6  188.       0.0100     0.005000  
 189     3   1     0     6     6  188.       0.0150     0.005000  
 189     4   1     0     3     3  188.       0.0200     0.005000  
 189     5   1     0     2     2  188.       0.0250     0.005000  
 189     6   1     0     8     8  188.       0.0325     0.007500  
 189     7   1     0     2     2  188.       0.0400     0.007500  
 189     8   1     0     5     5  188.       0.0475     0.007500  
 189     9   1     0     3     3  188.       0.0550     0.007500  
 189    10   1     0     3     3  188.       0.0625     0.007500  
 189    11   1     0    10    10  188.       0.0737     0.01125   
 189    12   1     0     3     3  188.       0.0850     0.01125   
 189    13   1     0     5     5  188.       0.0962     0.01125   
 189    14   1     0     3     3  188.       0.107      0.01125   
 189    15   1     0     2     2  188.       0.119      0.01125   
 189    16   1     0     8     8  188.       0.136      0.01688   
 189    17   1     0     4     4  188.       0.152      0.01688   
 189    18   1     0     4     4  188.       0.169      0.01688   
 189    19   1     0     7     7  188.       0.194      0.02500   
 189    20   1     0     6     6  188.       0.219      0.02500   
 189    21   1     0     5     5  188.       0.244      0.02500   
 189    22   1     0     6     6  188.       0.269      0.02500   
 189    23   1     0     2     2  188.       0.294      0.02500   
 189    24   1     0     8     8  188.       0.319      0.02500   
 189    25   1     0    10    10  188.       0.344      0.02500   
 189    26   1     0    11    11  188.       0.369      0.02500   
 189    27   1     0    10    10  188.       0.388      0.01875   
 189    28   1     0    10    10  188.       0.407      0.01875   
 189    29   1     0    10    10  188.       0.426      0.01875   
 189    30   1     0     7     7  188.       0.444      0.01875   
 189    31   1     0     6     6  188.       0.463      0.01875   
 189    32   1     0     6     6  188.       0.482      0.01875   
 189    33   1     0     5     5  189.       0.501      0.01875   
 189    34   1     0     5     5  189.       0.519      0.01875   
 189    35   1     0     5     5  189.       0.538      0.01875   
 189    36   1     0     4     4  189.       0.557      0.01875   
 189    37   1     0     3     3  189.       0.576      0.01875   
 189    38   1     0     7     7  189.       0.601      0.02500   
 189    39   1     0     5     5  189.       0.626      0.02500   
 189    40   1     0     4     4  189.       0.651      0.02500   
 189    41   1     0     4     4  189.       0.676      0.02500   
 189    42   1     0     4     4  189.       0.701      0.02500   
 189    43   1     0     3     3  189.       0.726      0.02500   
 189    44   1     0     6     6  189.       0.751      0.02500   
 189    45   1     0     7     7  189.       0.776      0.02500   
 189    46   1     0     6     6  189.       0.801      0.02500   
 189    47   1     0     3     3  189.       0.826      0.02500   
 189    48   1     0    10    10  189.       0.851      0.02500   
 189    49   1     0    10    10  189.       0.876      0.02500   
 189    50   1     0    10    10  189.       0.901      0.02500   
 189    51   1     0    10    10  189.       0.926      0.02500   
 189    52   1     0     7     7  189.       0.951      0.02500   
 189    53   1     0     5     5  189.       0.976      0.02500   
 189    54   1     0     6     6  189.       1.00       0.02437   
 190     1   1     0    10    10  189.       0.00500    0.005000  
 190     2   1     0    10    10  189.       0.0100     0.005000  
 190     3   1     0    10    10  189.       0.0150     0.005000  
 190     4   1     0     8     8  189.       0.0200     0.005000  
 190     5   1     0     7     7  189.       0.0250     0.005000  
 190     6   1     0     6     6  189.       0.0300     0.005000  
 190     7   1     0     5     5  189.       0.0350     0.005000  
 190     8   1     0     2     2  189.       0.0400     0.005000  
 190     9   1     0     2     2  189.       0.0450     0.005000  
 190    10   1     0     8     8  189.       0.0525     0.007500  
 190    11   1     0     2     2  189.       0.0600     0.007500  
 190    12   1     0     4     4  189.       0.0675     0.007500  
 190    13   1     0     9     9  189.       0.0788     0.01125   
 190    14   1     0     4     4  189.       0.0900     0.01125   
 190    15   1     0     4     4  189.       0.101      0.01125   
 190    16   1     0     8     8  189.       0.118      0.01688   
 190    17   1     0     5     5  189.       0.135      0.01688   
 190    18   1     0     5     5  189.       0.152      0.01688   
 190    19   1     0     3     3  189.       0.169      0.01688   
 190    20   1     0     2     2  189.       0.186      0.01688   
 190    21   1     0     7     7  189.       0.211      0.02500   
 190    22   1     0     6     6  189.       0.236      0.02500   
 190    23   1     0    10    10  189.       0.261      0.02500   
 190    24   1     0     6     6  189.       0.286      0.02500   
 190    25   1     0     3     3  189.       0.311      0.02500   
 190    26   1     0    10    10  189.       0.336      0.02500   
 190    27   1     0    10    10  189.       0.361      0.02500   
 190    28   1     0    11    11  189.       0.386      0.02500   
 190    29   1     0    10    10  189.       0.404      0.01875   
 190    30   1     0    10    10  189.       0.423      0.01875   
 190    31   1     0     9     9  189.       0.442      0.01875   
 190    32   1     0     7     7  189.       0.461      0.01875   
 190    33   1     0     5     5  189.       0.479      0.01875   
 190    34   1     0     5     5  189.       0.498      0.01875   
 190    35   1     0     5     5  190.       0.517      0.01875   
 190    36   1     0     5     5  190.       0.536      0.01875   
 190    37   1     0     4     4  190.       0.554      0.01875   
 190    38   1     0     3     3  190.       0.573      0.01875   
 190    39   1     0     7     7  190.       0.598      0.02500   
 190    40   1     0     5     5  190.       0.623      0.02500   
 190    41   1     0     4     4  190.       0.648      0.02500   
 190    42   1     0     4     4  190.       0.673      0.02500   
 190    43   1     0     4     4  190.       0.698      0.02500   
 190    44   1     0     3     3  190.       0.723      0.02500   
 190    45   1     0     3     3  190.       0.748      0.02500   
 190    46   1     0     8     8  190.       0.773      0.02500   
 190    47   1     0     6     6  190.       0.798      0.02500   
 190    48   1     0     3     3  190.       0.823      0.02500   
 190    49   1     0    10    10  190.       0.848      0.02500   
 190    50   1     0    10    10  190.       0.873      0.02500   
 190    51   1     0    11    11  190.       0.898      0.02500   
 190    52   1     0    10    10  190.       0.917      0.01875   
 190    53   1     0     8     8  190.       0.936      0.01875   
 190    54   1     0     7     7  190.       0.954      0.01875   
 190    55   1     0     7     7  190.       0.973      0.01875   
 190    56   1     0     7     7  190.       0.992      0.01875   
 190    57   1     0    10    10  190.       1.00       0.008125  
 191     1   1     0    10    10  190.       0.00500    0.005000  
 191     2   1     0     7     7  190.       0.0100     0.005000  
 191     3   1     0     7     7  190.       0.0150     0.005000  
 191     4   1     0     5     5  190.       0.0200     0.005000  
 191     5   1     0     2     2  190.       0.0250     0.005000  
 191     6   1     0     1     1  190.       0.0300     0.005000  
 191     7   1     0     8     8  190.       0.0375     0.007500  
 191     8   1     0     2     2  190.       0.0450     0.007500  
 191     9   1     0     4     4  190.       0.0525     0.007500  
 191    10   1     0     8     8  190.       0.0638     0.01125   
 191    11   1     0     5     5  190.       0.0750     0.01125   
 191    12   1     0     4     4  190.       0.0862     0.01125   
 191    13   1     0     3     3  190.       0.0975     0.01125   
 191    14   1     0     9     9  190.       0.114      0.01688   
 191    15   1     0     5     5  190.       0.131      0.01688   
 191    16   1     0     4     4  190.       0.148      0.01688   
 191    17   1     0     3     3  190.       0.165      0.01688   
 191    18   1     0     7     7  190.       0.190      0.02500   
 191    19   1     0     6     6  190.       0.215      0.02500   
 191    20   1     0     5     5  190.       0.240      0.02500   
 191    21   1     0    10    10  190.       0.265      0.02500   
 191    22   1     0     4     4  190.       0.290      0.02500   
 191    23   1     0     5     5  190.       0.315      0.02500   
 191    24   1     0    10    10  190.       0.340      0.02500   
 191    25   1     0    10    10  190.       0.365      0.02500   
 191    26   1     0    11    11  190.       0.390      0.02500   
 191    27   1     0    10    10  190.       0.409      0.01875   
 191    28   1     0    10    10  190.       0.428      0.01875   
 191    29   1     0     9     9  190.       0.446      0.01875   
 191    30   1     0     6     6  190.       0.465      0.01875   
 191    31   1     0     6     6  190.       0.484      0.01875   
 191    32   1     0     5     5  191.       0.503      0.01875   
 191    33   1     0     5     5  191.       0.521      0.01875   
 191    34   1     0     4     4  191.       0.540      0.01875   
 191    35   1     0     4     4  191.       0.559      0.01875   
 191    36   1     0     7     7  191.       0.584      0.02500   
 191    37   1     0     5     5  191.       0.609      0.02500   
 191    38   1     0     4     4  191.       0.634      0.02500   
 191    39   1     0     4     4  191.       0.659      0.02500   
 191    40   1     0     4     4  191.       0.684      0.02500   
 191    41   1     0     3     3  191.       0.709      0.02500   
 191    42   1     0     3     3  191.       0.734      0.02500   
 191    43   1     0    10    10  191.       0.759      0.02500   
 191    44   1     0     8     8  191.       0.784      0.02500   
 191    45   1     0     6     6  191.       0.809      0.02500   
 191    46   1     0     6     6  191.       0.834      0.02500   
 191    47   1     0    10    10  191.       0.859      0.02500   
 191    48   1     0    10    10  191.       0.884      0.02500   
 191    49   1     0    10    10  191.       0.909      0.02500   
 191    50   1     0    10    10  191.       0.934      0.02500   
 191    51   1     0     6     6  191.       0.959      0.02500   
 191    52   1     0     5     5  191.       0.984      0.02500   
 191    53   1     0    10    10  191.       1.00       0.01625   
 192     1   1     0    10    10  191.       0.00500    0.005000  
 192     2   1     0    10    10  191.       0.0100     0.005000  
 192     3   1     0     9     9  191.       0.0150     0.005000  
 192     4   1     0     7     7  191.       0.0200     0.005000  
 192     5   1     0     6     6  191.       0.0250     0.005000  
 192     6   1     0     4     4  191.       0.0300     0.005000  
 192     7   1     0     1     1  191.       0.0350     0.005000  
 192     8   1     0     8     8  191.       0.0425     0.007500  
 192     9   1     0     2     2  191.       0.0500     0.007500  
 192    10   1     0     4     4  191.       0.0575     0.007500  
 192    11   1     0     9     9  191.       0.0688     0.01125   
 192    12   1     0     5     5  191.       0.0800     0.01125   
 192    13   1     0     4     4  191.       0.0912     0.01125   
 192    14   1     0     4     4  191.       0.102      0.01125   
 192    15   1     0     8     8  191.       0.119      0.01688   
 192    16   1     0     4     4  191.       0.136      0.01688   
 192    17   1     0     5     5  191.       0.153      0.01688   
 192    18   1     0     2     2  191.       0.170      0.01688   
 192    19   1     0     2     2  191.       0.187      0.01688   
 192    20   1     0     7     7  191.       0.212      0.02500   
 192    21   1     0     6     6  191.       0.237      0.02500   
 192    22   1     0    12    12  191.       0.262      0.02500   
 192    23   1     0     5     5  191.       0.281      0.01875   
 192    24   1     0     1     1  191.       0.299      0.01875   
 192    25   1     0     8     8  191.       0.318      0.01875   
 192    26   1     0    10    10  191.       0.337      0.01875   
 192    27   1     0    10    10  191.       0.356      0.01875   
 192    28   1     0    13    13  191.       0.374      0.01875   
 192    29   1     0    11    11  191.       0.388      0.01406   
 192    30   1     0    10    10  191.       0.399      0.01055   
 192    31   1     0    10    10  191.       0.410      0.01055   
 192    32   1     0     8     8  191.       0.420      0.01055   
 192    33   1     0     6     6  191.       0.431      0.01055   
 192    34   1     0     7     7  191.       0.441      0.01055   
 192    35   1     0     6     6  191.       0.452      0.01055   
 192    36   1     0     5     5  191.       0.462      0.01055   
 192    37   1     0     6     6  191.       0.473      0.01055   
 192    38   1     0     6     6  191.       0.483      0.01055   
 192    39   1     0     5     5  191.       0.494      0.01055   
 192    40   1     0     5     5  192.       0.504      0.01055   
 192    41   1     0     5     5  192.       0.515      0.01055   
 192    42   1     0     4     4  192.       0.526      0.01055   
 192    43   1     0     4     4  192.       0.536      0.01055   
 192    44   1     0    10    10  192.       0.552      0.01582   
 192    45   1     0     7     7  192.       0.568      0.01582   
 192    46   1     0     6     6  192.       0.584      0.01582   
 192    47   1     0     4     4  192.       0.599      0.01582   
 192    48   1     0     3     3  192.       0.615      0.01582   
 192    49   1     0     9     9  192.       0.639      0.02373   
 192    50   1     0     6     6  192.       0.663      0.02373   
 192    51   1     0     5     5  192.       0.686      0.02373   
 192    52   1     0     4     4  192.       0.710      0.02373   
 192    53   1     0     4     4  192.       0.734      0.02373   
 192    54   1     0    10    10  192.       0.759      0.02500   
 192    55   1     0     8     8  192.       0.784      0.02500   
 192    56   1     0     4     4  192.       0.809      0.02500   
 192    57   1     0     9     9  192.       0.834      0.02500   
 192    58   1     0    10    10  192.       0.859      0.02500   
 192    59   1     0    11    11  192.       0.884      0.02500   
 192    60   1     0    10    10  192.       0.903      0.01875   
 192    61   1     0    10    10  192.       0.921      0.01875   
 192    62   1     0     9     9  192.       0.940      0.01875   
 192    63   1     0     8     8  192.       0.959      0.01875   
 192    64   1     0     6     6  192.       0.978      0.01875   
 192    65   1     0     6     6  192.       0.996      0.01875   
 192    66   1     0    11    11  192.       1.00       0.003652  
 193     1   1     0    10    10  192.       0.00500    0.005000  
 193     2   1     0     8     8  192.       0.0100     0.005000  
 193     3   1     0     8     8  192.       0.0150     0.005000  
 193     4   1     0     7     7  192.       0.0200     0.005000  
 193     5   1     0     5     5  192.       0.0250     0.005000  
 193     6   1     0     4     4  192.       0.0300     0.005000  
 193     7   1     0     7     7  192.       0.0350     0.005000  
 193     8   1     0     5     5  192.       0.0400     0.005000  
 193     9   1     0     5     5  192.       0.0450     0.005000  
 193    10   1     0     4     4  192.       0.0500     0.005000  
 193    11   1     0     3     3  192.       0.0550     0.005000  
 193    12   1     0     9     9  192.       0.0625     0.007500  
 193    13   1     0     2     2  192.       0.0700     0.007500  
 193    14   1     0     3     3  192.       0.0775     0.007500  
 193    15   1     0     8     8  192.       0.0887     0.01125   
 193    16   1     0     4     4  192.       0.100      0.01125   
 193    17   1     0     5     5  192.       0.111      0.01125   
 193    18   1     0     3     3  192.       0.122      0.01125   
 193    19   1     0     3     3  192.       0.134      0.01125   
 193    20   1     0    10    10  192.       0.151      0.01688   
 193    21   1     0     4     4  192.       0.167      0.01688   
 193    22   1     0     4     4  192.       0.184      0.01688   
 193    23   1     0     7     7  192.       0.209      0.02500   
 193    24   1     0     5     5  192.       0.234      0.02500   
 193    25   1     0    10    10  192.       0.259      0.02500   
 193    26   1     0     6     6  192.       0.284      0.02500   
 193    27   1     0     3     3  192.       0.309      0.02500   
 193    28   1     0    10    10  192.       0.334      0.02500   
 193    29   1     0    10    10  192.       0.359      0.02500   
 193    30   1     0    11    11  192.       0.384      0.02500   
 193    31   1     0    10    10  192.       0.403      0.01875   
 193    32   1     0    10    10  192.       0.422      0.01875   
 193    33   1     0     9     9  192.       0.441      0.01875   
 193    34   1     0     7     7  192.       0.459      0.01875   
 193    35   1     0     5     5  192.       0.478      0.01875   
 193    36   1     0     5     5  192.       0.497      0.01875   
 193    37   1     0     5     5  193.       0.516      0.01875   
 193    38   1     0     5     5  193.       0.534      0.01875   
 193    39   1     0     4     4  193.       0.553      0.01875   
 193    40   1     0     3     3  193.       0.572      0.01875   
 193    41   1     0     7     7  193.       0.597      0.02500   
 193    42   1     0     5     5  193.       0.622      0.02500   
 193    43   1     0     4     4  193.       0.647      0.02500   
 193    44   1     0     4     4  193.       0.672      0.02500   
 193    45   1     0     4     4  193.       0.697      0.02500   
 193    46   1     0     3     3  193.       0.722      0.02500   
 193    47   1     0     3     3  193.       0.747      0.02500   
 193    48   1     0     8     8  193.       0.772      0.02500   
 193    49   1     0     6     6  193.       0.797      0.02500   
 193    50   1     0     3     3  193.       0.822      0.02500   
 193    51   1     0    10    10  193.       0.847      0.02500   
 193    52   1     0    11    11  193.       0.872      0.02500   
 193    53   1     0    11    11  193.       0.891      0.01875   
 193    54   1     0    10    10  193.       0.905      0.01406   
 193    55   1     0    10    10  193.       0.919      0.01406   
 193    56   1     0     7     7  193.       0.933      0.01406   
 193    57   1     0     4     4  193.       0.947      0.01406   
 193    58   1     0     6     6  193.       0.961      0.01406   
 193    59   1     0     7     7  193.       0.975      0.01406   
 193    60   1     0     5     5  193.       0.989      0.01406   
 193    61   1     0     8     8  193.       1.00       0.01094   
 194     1   1U    0     9     9  193.       0.00       0.005000  
 194     1   2     0    10    10  193.       0.00250    0.002500  
 194     2   1     0     7     7  193.       0.00500    0.002500  
 194     3   1     0     8     8  193.       0.00750    0.002500  
 194     4   1     0     5     5  193.       0.0100     0.002500  
 194     5   1     0     3     3  193.       0.0125     0.002500  
 194     6   1     0     1     1  193.       0.0150     0.002500  
 194     7   1     0     6     6  193.       0.0188     0.003750  
 194     8   1     0     1     1  193.       0.0225     0.003750  
 194     9   1     0     2     2  193.       0.0263     0.003750  
 194    10   1     0     2     2  193.       0.0319     0.005625  
 194    11   1     0     6     6  193.       0.0403     0.008438  
 194    12   1     0     4     4  193.       0.0488     0.008438  
 194    13   1     0     6     6  193.       0.0572     0.008438  
 194    14   1     0     3     3  193.       0.0656     0.008438  
 194    15   1     0     3     3  193.       0.0741     0.008438  
 194    16   1     0     8     8  193.       0.0867     0.01266   
 194    17   1     0     4     4  193.       0.0994     0.01266   
 194    18   1     0     4     4  193.       0.112      0.01266   
 194    19   1     0     8     8  193.       0.131      0.01898   
 194    20   1     0     4     4  193.       0.150      0.01898   
 194    21   1     0     4     4  193.       0.169      0.01898   
 194    22   1     0     7     7  193.       0.194      0.02500   
 194    23   1     0     6     6  193.       0.219      0.02500   
 194    24   1     0     4     4  193.       0.244      0.02500   
 194    25   1     0     8     8  193.       0.269      0.02500   
 194    26   1     0     2     2  193.       0.294      0.02500   
 194    27   1     0     7     7  193.       0.319      0.02500   
 194    28   1     0    10    10  193.       0.344      0.02500   
 194    29   1     0    11    11  193.       0.369      0.02500   
 194    30   1     0    10    10  193.       0.388      0.01875   
 194    31   1     0    10    10  193.       0.406      0.01875   
 194    32   1     0    10    10  193.       0.425      0.01875   
 194    33   1     0     7     7  193.       0.444      0.01875   
 194    34   1     0     6     6  193.       0.463      0.01875   
 194    35   1     0     6     6  193.       0.481      0.01875   
 194    36   1     0     5     5  194.       0.500      0.01875   
 194    37   1     0     5     5  194.       0.519      0.01875   
 194    38   1     0     5     5  194.       0.538      0.01875   
 194    39   1     0     4     4  194.       0.556      0.01875   
 194    40   1     0     3     3  194.       0.575      0.01875   
 194    41   1     0     7     7  194.       0.600      0.02500   
 194    42   1     0     5     5  194.       0.625      0.02500   
 194    43   1     0     4     4  194.       0.650      0.02500   
 194    44   1     0     4     4  194.       0.675      0.02500   
 194    45   1     0     4     4  194.       0.700      0.02500   
 194    46   1     0     3     3  194.       0.725      0.02500   
 194    47   1     0     4     4  194.       0.750      0.02500   
 194    48   1     0     7     7  194.       0.775      0.02500   
 194    49   1     0     6     6  194.       0.800      0.02500   
 194    50   1     0     3     3  194.       0.825      0.02500   
 194    51   1     0    10    10  194.       0.850      0.02500   
 194    52   1     0    10    10  194.       0.875      0.02500   
 194    53   1     0    10    10  194.       0.900      0.02500   
 194    54   1     0    10    10  194.       0.925      0.02500   
 194    55   1     0     7     7  194.       0.950      0.02500   
 194    56   1     0     5     5  194.       0.975      0.02500   
 194    57   1     0     5     5  194.       1.00       0.02477   
 195     1   1     0    11    11  194.       0.00500    0.005000  
 195     2   1     0     8     8  194.       0.00875    0.003750  
 195     3   1     0    10    10  194.       0.0125     0.003750  
 195     4   1     0     8     8  194.       0.0163     0.003750  
 195     5   1     0     8     8  194.       0.0200     0.003750  
 195     6   1     0     6     6  194.       0.0238     0.003750  
 195     7   1     0     4     4  194.       0.0275     0.003750  
 195     8   1     0     3     3  194.       0.0312     0.003750  
 195     9   1     0     7     7  194.       0.0369     0.005625  
 195    10   1     0     1     1  194.       0.0425     0.005625  
 195    11   1     0     3     3  194.       0.0481     0.005625  
 195    12   1     0     5     5  194.       0.0566     0.008438  
 195    13   1     0     2     2  194.       0.0650     0.008438  
 195    14   1     0     4     4  194.       0.0734     0.008438  
 195    15   1     0     7     7  194.       0.0861     0.01266   
 195    16   1     0     4     4  194.       0.0988     0.01266   
 195    17   1     0     5     5  194.       0.111      0.01266   
 195    18   1     0     3     3  194.       0.124      0.01266   
 195    19   1     0     2     2  194.       0.137      0.01266   
 195    20   1     0     8     8  194.       0.156      0.01898   
 195    21   1     0     4     4  194.       0.175      0.01898   
 195    22   1     0     4     4  194.       0.194      0.01898   
 195    23   1     0     7     7  194.       0.219      0.02500   
 195    24   1     0     5     5  194.       0.244      0.02500   
 195    25   1     0     6     6  194.       0.269      0.02500   
 195    26   1     0     2     2  194.       0.294      0.02500   
 195    27   1     0     8     8  194.       0.319      0.02500   
 195    28   1     0    10    10  194.       0.344      0.02500   
 195    29   1     0    10    10  194.       0.369      0.02500   
 195    30   1     0    10    10  194.       0.394      0.02500   
 195    31   1     0    10    10  194.       0.419      0.02500   
 195    32   1     0    10    10  194.       0.444      0.02500   
 195    33   1     0     7     7  194.       0.469      0.02500   
 195    34   1     0     5     5  194.       0.494      0.02500   
 195    35   1     0     5     5  195.       0.519      0.02500   
 195    36   1     0     4     4  195.       0.544      0.02500   
 195    37   1     0     4     4  195.       0.569      0.02500   
 195    38   1     0     4     4  195.       0.594      0.02500   
 195    39   1     0     4     4  195.       0.619      0.02500   
 195    40   1     0     4     4  195.       0.644      0.02500   
 195    41   1     0     3     3  195.       0.669      0.02500   
 195    42   1     0     4     4  195.       0.694      0.02500   
 195    43   1     0     3     3  195.       0.719      0.02500   
 195    44   1     0     2     2  195.       0.744      0.02500   
 195    45   1     0     9     9  195.       0.769      0.02500   
 195    46   1     0     8     8  195.       0.794      0.02500   
 195    47   1     0     5     5  195.       0.819      0.02500   
 195    48   1     0    10    10  195.       0.844      0.02500   
 195    49   1     0    11    11  195.       0.869      0.02500   
 195    50   1     0    10    10  195.       0.887      0.01875   
 195    51   1     0    10    10  195.       0.906      0.01875   
 195    52   1     0    10    10  195.       0.925      0.01875   
 195    53   1     0     7     7  195.       0.944      0.01875   
 195    54   1     0     6     6  195.       0.962      0.01875   
 195    55   1     0     6     6  195.       0.981      0.01875   
 195    56   1     0     7     7  195.       1.00       0.01875   
 195    57   1     0    12    12  195.       1.00       7.812e-05 
 196     1   1     0    10    10  195.       0.00500    0.005000  
 196     2   1     0     5     5  195.       0.0100     0.005000  
 196     3   1     0     4     4  195.       0.0150     0.005000  
 196     4   1     0     2     2  195.       0.0200     0.005000  
 196     5   1     0     6     6  195.       0.0275     0.007500  
 196     6   1     0     2     2  195.       0.0350     0.007500  
 196     7   1     0     4     4  195.       0.0425     0.007500  
 196     8   1     0     6     6  195.       0.0538     0.01125   
 196     9   1     0     5     5  195.       0.0650     0.01125   
 196    10   1     0     6     6  195.       0.0762     0.01125   
 196    11   1     0     4     4  195.       0.0875     0.01125   
 196    12   1     0     2     2  195.       0.0987     0.01125   
 196    13   1     0     9     9  195.       0.116      0.01688   
 196    14   1     0     4     4  195.       0.133      0.01688   
 196    15   1     0     4     4  195.       0.149      0.01688   
 196    16   1     0     7     7  195.       0.174      0.02500   
 196    17   1     0     6     6  195.       0.199      0.02500   
 196    18   1     0     5     5  195.       0.224      0.02500   
 196    19   1     0     3     3  195.       0.249      0.02500   
 196    20   1     0     6     6  195.       0.274      0.02500   
 196    21   1     0     1     1  195.       0.299      0.02500   
 196    22   1     0     9     9  195.       0.324      0.02500   
 196    23   1     0    10    10  195.       0.349      0.02500   
 196    24   1     0    12    12  195.       0.374      0.02500   
 196    25   1     0    11    11  195.       0.393      0.01875   
 196    26   1     0    10    10  195.       0.407      0.01406   
 196    27   1     0     8     8  195.       0.421      0.01406   
 196    28   1     0     7     7  195.       0.435      0.01406   
 196    29   1     0     5     5  195.       0.449      0.01406   
 196    30   1     0     7     7  195.       0.463      0.01406   
 196    31   1     0     6     6  195.       0.477      0.01406   
 196    32   1     0     5     5  195.       0.492      0.01406   
 196    33   1     0     5     5  196.       0.506      0.01406   
 196    34   1     0     5     5  196.       0.520      0.01406   
 196    35   1     0     4     4  196.       0.534      0.01406   
 196    36   1     0     4     4  196.       0.548      0.01406   
 196    37   1     0     9     9  196.       0.569      0.02109   
 196    38   1     0     5     5  196.       0.590      0.02109   
 196    39   1     0     4     4  196.       0.611      0.02109   
 196    40   1     0     5     5  196.       0.632      0.02109   
 196    41   1     0     4     4  196.       0.653      0.02109   
 196    42   1     0     4     4  196.       0.674      0.02109   
 196    43   1     0     6     6  196.       0.699      0.02500   
 196    44   1     0     5     5  196.       0.724      0.02500   
 196    45   1     0     4     4  196.       0.749      0.02500   
 196    46   1     0     7     7  196.       0.774      0.02500   
 196    47   1     0     6     6  196.       0.799      0.02500   
 196    48   1     0     4     4  196.       0.824      0.02500   
 196    49   1     0    10    10  196.       0.849      0.02500   
 196    50   1     0    11    11  196.       0.874      0.02500   
 196    51   1     0    10    10  196.       0.893      0.01875   
 196    52   1     0    10    10  196.       0.912      0.01875   
 196    53   1     0     9     9  196.       0.931      0.01875   
 196    54   1     0     9     9  196.       0.949      0.01875   
 196    55   1     0     6     6  196.       0.968      0.01875   
 196    56   1     0     6     6  196.       0.987      0.01875   
 196    57   1     0    10    10  196.       1.00       0.01312   
 197     1   1     0    11    11  196.       0.00500    0.005000  
 197     2   1     0     6     6  196.       0.00875    0.003750  
 197     3   1     0     9     9  196.       0.0125     0.003750  
 197     4   1     0     9     9  196.       0.0163     0.003750  
 197     5   1     0     7     7  196.       0.0200     0.003750  
 197     6   1     0     6     6  196.       0.0238     0.003750  
 197     7   1     0     4     4  196.       0.0275     0.003750  
 197     8   1     0     2     2  196.       0.0312     0.003750  
 197     9   1     0     8     8  196.       0.0369     0.005625  
 197    10   1     0     2     2  196.       0.0425     0.005625  
 197    11   1     0     3     3  196.       0.0481     0.005625  
 197    12   1     0     6     6  196.       0.0566     0.008438  
 197    13   1     0     2     2  196.       0.0650     0.008438  
 197    14   1     0     5     5  196.       0.0734     0.008438  
 197    15   1     0     4     4  196.       0.0819     0.008438  
 197    16   1     0     2     2  196.       0.0903     0.008438  
 197    17   1     0     9     9  196.       0.103      0.01266   
 197    18   1     0     4     4  196.       0.116      0.01266   
 197    19   1     0     4     4  196.       0.128      0.01266   
 197    20   1     0     8     8  196.       0.147      0.01898   
 197    21   1     0     5     5  196.       0.166      0.01898   
 197    22   1     0     4     4  196.       0.185      0.01898   
 197    23   1     0     2     2  196.       0.204      0.01898   
 197    24   1     0     7     7  196.       0.229      0.02500   
 197    25   1     0    10    10  196.       0.254      0.02500   
 197    26   1     0     6     6  196.       0.279      0.02500   
 197    27   1     0     1     1  196.       0.304      0.02500   
 197    28   1     0    10    10  196.       0.329      0.02500   
 197    29   1     0    10    10  196.       0.354      0.02500   
 197    30   1     0    12    12  196.       0.379      0.02500   
 197    31   1     0    11    11  196.       0.398      0.01875   
 197    32   1     0    10    10  196.       0.412      0.01406   
 197    33   1     0     8     8  196.       0.426      0.01406   
 197    34   1     0     7     7  196.       0.440      0.01406   
 197    35   1     0     6     6  196.       0.454      0.01406   
 197    36   1     0     6     6  196.       0.468      0.01406   
 197    37   1     0     6     6  196.       0.482      0.01406   
 197    38   1     0     5     5  196.       0.496      0.01406   
 197    39   1     0     5     5  197.       0.510      0.01406   
 197    40   1     0     5     5  197.       0.525      0.01406   
 197    41   1     0     4     4  197.       0.539      0.01406   
 197    42   1     0     4     4  197.       0.553      0.01406   
 197    43   1     0     9     9  197.       0.574      0.02109   
 197    44   1     0     5     5  197.       0.595      0.02109   
 197    45   1     0     4     4  197.       0.616      0.02109   
 197    46   1     0     4     4  197.       0.637      0.02109   
 197    47   1     0     6     6  197.       0.662      0.02500   
 197    48   1     0     5     5  197.       0.687      0.02500   
 197    49   1     0     4     4  197.       0.712      0.02500   
 197    50   1     0     4     4  197.       0.737      0.02500   
 197    51   1     0    11    11  197.       0.762      0.02500   
 197    52   1     0     9     9  197.       0.781      0.01875   
 197    53   1     0     6     6  197.       0.800      0.01875   
 197    54   1     0     3     3  197.       0.818      0.01875   
 197    55   1     0     8     8  197.       0.837      0.01875   
 197    56   1     0    10    10  197.       0.856      0.01875   
 197    57   1     0    10    10  197.       0.875      0.01875   
 197    58   1     0    10    10  197.       0.893      0.01875   
 197    59   1     0    10    10  197.       0.912      0.01875   
 197    60   1     0     8     8  197.       0.931      0.01875   
 197    61   1     0     9     9  197.       0.950      0.01875   
 197    62   1     0     6     6  197.       0.968      0.01875   
 197    63   1     0     6     6  197.       0.987      0.01875   
 197    64   1     0    10    10  197.       1.00       0.01297   
 198     1   1     0    10    10  197.       0.00500    0.005000  
 198     2   1     0     9     9  197.       0.0100     0.005000  
 198     3   1     0     9     9  197.       0.0150     0.005000  
 198     4   1     0     7     7  197.       0.0200     0.005000  
 198     5   1     0     8     8  197.       0.0250     0.005000  
 198     6   1     0     5     5  197.       0.0300     0.005000  
 198     7   1     0     5     5  197.       0.0350     0.005000  
 198     8   1     0     3     3  197.       0.0400     0.005000  
 198     9   1     0     2     2  197.       0.0450     0.005000  
 198    10   1     0     9     9  197.       0.0525     0.007500  
 198    11   1     0     2     2  197.       0.0600     0.007500  
 198    12   1     0     4     4  197.       0.0675     0.007500  
 198    13   1     0     8     8  197.       0.0788     0.01125   
 198    14   1     0     4     4  197.       0.0900     0.01125   
 198    15   1     0     5     5  197.       0.101      0.01125   
 198    16   1     0     3     3  197.       0.112      0.01125   
 198    17   1     0     2     2  197.       0.124      0.01125   
 198    18   1     0     9     9  197.       0.141      0.01688   
 198    19   1     0     4     4  197.       0.158      0.01688   
 198    20   1     0     4     4  197.       0.174      0.01688   
 198    21   1     0     7     7  197.       0.199      0.02500   
 198    22   1     0     5     5  197.       0.224      0.02500   
 198    23   1     0     5     5  197.       0.249      0.02500   
 198    24   1     0     6     6  197.       0.274      0.02500   
 198    25   1     0     1     1  197.       0.299      0.02500   
 198    26   1     0     8     8  197.       0.324      0.02500   
 198    27   1     0    10    10  197.       0.349      0.02500   
 198    28   1     0    12    12  197.       0.374      0.02500   
 198    29   1     0    11    11  197.       0.393      0.01875   
 198    30   1     0    10    10  197.       0.407      0.01406   
 198    31   1     0     8     8  197.       0.421      0.01406   
 198    32   1     0     7     7  197.       0.435      0.01406   
 198    33   1     0     6     6  197.       0.449      0.01406   
 198    34   1     0     7     7  197.       0.463      0.01406   
 198    35   1     0     6     6  197.       0.477      0.01406   
 198    36   1     0     5     5  197.       0.492      0.01406   
 198    37   1     0     5     5  198.       0.506      0.01406   
 198    38   1     0     5     5  198.       0.520      0.01406   
 198    39   1     0     4     4  198.       0.534      0.01406   
 198    40   1     0     4     4  198.       0.548      0.01406   
 198    41   1     0     9     9  198.       0.569      0.02109   
 198    42   1     0     5     5  198.       0.590      0.02109   
 198    43   1     0     5     5  198.       0.611      0.02109   
 198    44   1     0     4     4  198.       0.632      0.02109   
 198    45   1     0     4     4  198.       0.653      0.02109   
 198    46   1     0     6     6  198.       0.678      0.02500   
 198    47   1     0     5     5  198.       0.703      0.02500   
 198    48   1     0     4     4  198.       0.728      0.02500   
 198    49   1     0    10    10  198.       0.753      0.02500   
 198    50   1     0     7     7  198.       0.778      0.02500   
 198    51   1     0     4     4  198.       0.803      0.02500   
 198    52   1     0     6     6  198.       0.828      0.02500   
 198    53   1     0    10    10  198.       0.853      0.02500   
 198    54   1     0    12    12  198.       0.878      0.02500   
 198    55   1     0    11    11  198.       0.897      0.01875   
 198    56   1     0     9     9  198.       0.911      0.01406   
 198    57   1     0     9     9  198.       0.925      0.01406   
 198    58   1     0     8     8  198.       0.939      0.01406   
 198    59   1     0     5     5  198.       0.953      0.01406   
 198    60   1     0     7     7  198.       0.967      0.01406   
 198    61   1     0     7     7  198.       0.981      0.01406   
 198    62   1     0     7     7  198.       0.995      0.01406   
 198    63   1     0    10    10  198.       1.00       0.004531  
 199     1   1     0    10    10  198.       0.00500    0.005000  
 199     2   1     0     5     5  198.       0.0100     0.005000  
 199     3   1     0     7     7  198.       0.0150     0.005000  
 199     4   1     0     4     4  198.       0.0200     0.005000  
 199     5   1     0     2     2  198.       0.0250     0.005000  
 199     6   1     0     9     9  198.       0.0325     0.007500  
 199     7   1     0     3     3  198.       0.0400     0.007500  
 199     8   1     0     5     5  198.       0.0475     0.007500  
 199     9   1     0     3     3  198.       0.0550     0.007500  
 199    10   1     0     2     2  198.       0.0625     0.007500  
 199    11   1     0     9     9  198.       0.0737     0.01125   
 199    12   1     0     4     4  198.       0.0850     0.01125   
 199    13   1     0     4     4  198.       0.0962     0.01125   
 199    14   1     0     9     9  198.       0.113      0.01688   
 199    15   1     0     5     5  198.       0.130      0.01688   
 199    16   1     0     5     5  198.       0.147      0.01688   
 199    17   1     0     3     3  198.       0.164      0.01688   
 199    18   1     0     3     3  198.       0.181      0.01688   
 199    19   1     0     7     7  198.       0.206      0.02500   
 199    20   1     0     6     6  198.       0.231      0.02500   
 199    21   1     0    10    10  198.       0.256      0.02500   
 199    22   1     0     6     6  198.       0.281      0.02500   
 199    23   1     0     1     1  198.       0.306      0.02500   
 199    24   1     0    10    10  198.       0.331      0.02500   
 199    25   1     0    10    10  198.       0.356      0.02500   
 199    26   1     0    12    12  198.       0.381      0.02500   
 199    27   1     0    10    10  198.       0.399      0.01875   
 199    28   1     0    10    10  198.       0.418      0.01875   
 199    29   1     0     9     9  198.       0.437      0.01875   
 199    30   1     0     7     7  198.       0.456      0.01875   
 199    31   1     0     5     5  198.       0.474      0.01875   
 199    32   1     0     5     5  198.       0.493      0.01875   
 199    33   1     0     5     5  199.       0.512      0.01875   
 199    34   1     0     5     5  199.       0.531      0.01875   
 199    35   1     0     4     4  199.       0.549      0.01875   
 199    36   1     0     4     4  199.       0.568      0.01875   
 199    37   1     0     7     7  199.       0.593      0.02500   
 199    38   1     0     5     5  199.       0.618      0.02500   
 199    39   1     0     4     4  199.       0.643      0.02500   
 199    40   1     0     4     4  199.       0.668      0.02500   
 199    41   1     0     4     4  199.       0.693      0.02500   
 199    42   1     0     3     3  199.       0.718      0.02500   
 199    43   1     0     3     3  199.       0.743      0.02500   
 199    44   1     0     9     9  199.       0.768      0.02500   
 199    45   1     0     8     8  199.       0.793      0.02500   
 199    46   1     0     4     4  199.       0.818      0.02500   
 199    47   1     0    10    10  199.       0.843      0.02500   
 199    48   1     0    11    11  199.       0.868      0.02500   
 199    49   1     0    10    10  199.       0.887      0.01875   
 199    50   1     0    11    11  199.       0.906      0.01875   
 199    51   1     0    10    10  199.       0.920      0.01406   
 199    52   1     0     9     9  199.       0.934      0.01406   
 199    53   1     0     6     6  199.       0.948      0.01406   
 199    54   1     0     6     6  199.       0.962      0.01406   
 199    55   1     0     8     8  199.       0.976      0.01406   
 199    56   1     0     5     5  199.       0.990      0.01406   
 199    57   1     0    10    10  199.       1.00       0.01000   
 200     1   1     0    10    10  199.       0.00500    0.005000  
 200     2   1     0     6     6  199.       0.0100     0.005000  
 200     3   1     0     6     6  199.       0.0150     0.005000  
 200     4   1     0     4     4  199.       0.0200     0.005000  
 200     5   1     0     1     1  199.       0.0250     0.005000  
 200     6   1     0     8     8  199.       0.0325     0.007500  
 200     7   1     0     2     2  199.       0.0400     0.007500  
 200     8   1     0     5     5  199.       0.0475     0.007500  
 200     9   1     0     3     3  199.       0.0550     0.007500  
 200    10   1     0     3     3  199.       0.0625     0.007500  
 200    11   1     0    10    10  199.       0.0737     0.01125   
 200    12   1     0     3     3  199.       0.0850     0.01125   
 200    13   1     0     5     5  199.       0.0962     0.01125   
 200    14   1     0     3     3  199.       0.107      0.01125   
 200    15   1     0     2     2  199.       0.119      0.01125   
 200    16   1     0     8     8  199.       0.136      0.01688   
 200    17   1     0     4     4  199.       0.152      0.01688   
 200    18   1     0     4     4  199.       0.169      0.01688   
 200    19   1     0     7     7  199.       0.194      0.02500   
 200    20   1     0     6     6  199.       0.219      0.02500   
 200    21   1     0     5     5  199.       0.244      0.02500   
 200    22   1     0     6     6  199.       0.269      0.02500   
 200    23   1     0     2     2  199.       0.294      0.02500   
 200    24   1     0     8     8  199.       0.319      0.02500   
 200    25   1     0    10    10  199.       0.344      0.02500   
 200    26   1     0    11    11  199.       0.369      0.02500   
 200    27   1     0    10    10  199.       0.388      0.01875   
 200    28   1     0    10    10  199.       0.407      0.01875   
 200    29   1     0    10    10  199.       0.426      0.01875   
 200    30   1     0     7     7  199.       0.444      0.01875   
 200    31   1     0     6     6  199.       0.463      0.01875   
 200    32   1     0     6     6  199.       0.482      0.01875   
 200    33   1     0     5     5  200.       0.501      0.01875   
 200    34   1     0     5     5  200.       0.519      0.01875   
 200    35   1     0     5     5  200.       0.538      0.01875   
 200    36   1     0     4     4  200.       0.557      0.01875   
 200    37   1     0     3     3  200.       0.576      0.01875   
 200    38   1     0     7     7  200.       0.601      0.02500   
 200    39   1     0     5     5  200.       0.626      0.02500   
 200    40   1     0     4     4  200.       0.651      0.02500   
 200    41   1     0     4     4  200.       0.676      0.02500   
 200    42   1     0     4     4  200.       0.701      0.02500   
 200    43   1     0     3     3  200.       0.726      0.02500   
 200    44   1     0     6     6  200.       0.751      0.02500   
 200    45   1     0     7     7  200.       0.776      0.02500   
 200    46   1     0     6     6  200.       0.801      0.02500   
 200    47   1     0     3     3  200.       0.826      0.02500   
 200    48   1     0    10    10  200.       0.851      0.02500   
 200    49   1     0    10    10  200.       0.876      0.02500   
 200    50   1     0    10    10  200.       0.901      0.02500   
 200    51   1     0    10    10  200.       0.926      0.02500   
 200    52   1     0     7     7  200.       0.951      0.02500   
 200    53   1     0     5     5  200.       0.976      0.02500   
 200    54   1     0     5     5  200.       1.00       0.02437   
 201     1   1     0    10    10  200.       0.00500    0.005000  
 201     2   1     0    10    10  200.       0.0100     0.005000  
 201     3   1     0    10    10  200.       0.0150     0.005000  
 201     4   1     0     8     8  200.       0.0200     0.005000  
 201     5   1     0     7     7  200.       0.0250     0.005000  
 201     6   1     0     6     6  200.       0.0300     0.005000  
 201     7   1     0     5     5  200.       0.0350     0.005000  
 201     8   1     0     3     3  200.       0.0400     0.005000  
 201     9   1     0     1     1  200.       0.0450     0.005000  
 201    10   1     0     8     8  200.       0.0525     0.007500  
 201    11   1     0     2     2  200.       0.0600     0.007500  
 201    12   1     0     3     3  200.       0.0675     0.007500  
 201    13   1U    0     5     5  200.       0.0675     0.01125   
 201    13   2     0     9     9  200.       0.0703     0.002812  
 201    14   1     0     4     4  200.       0.0731     0.002812  
 201    15   1     0     5     5  200.       0.0759     0.002812  
 201    16   1     0     4     4  200.       0.0787     0.002812  
 201    17   1     0     3     3  200.       0.0816     0.002812  
 201    18   1     0     7     7  200.       0.0858     0.004219  
 201    19   1     0     1     1  200.       0.0900     0.004219  
 201    20   1     0     1     1  200.       0.0942     0.004219  
 201    21   1     0     5     5  200.       0.101      0.006328  
 201    22   1     0     1     1  200.       0.107      0.006328  
 201    23   1     0     1     1  200.       0.113      0.006328  
 201    24   1     0     5     5  200.       0.123      0.009492  
 201    25   1     0     1     1  200.       0.132      0.009492  
 201    26   1     0     3     3  200.       0.142      0.009492  
 201    27   1     0     7     7  200.       0.156      0.01424   
 201    28   1     0     4     4  200.       0.170      0.01424   
 201    29   1     0     4     4  200.       0.184      0.01424   
 201    30   1     0     6     6  200.       0.206      0.02136   
 201    31   1     0     4     4  200.       0.227      0.02136   
 201    32   1     0     4     4  200.       0.248      0.02136   
 201    33   1     0     6     6  200.       0.273      0.02500   
 201    34   1     0     1     1  200.       0.298      0.02500   
 201    35   1     0    10    10  200.       0.323      0.02500   
 201    36   1     0    10    10  200.       0.348      0.02500   
 201    37   1     0    12    12  200.       0.373      0.02500   
 201    38   1     0    11    11  200.       0.392      0.01875   
 201    39   1     0    10    10  200.       0.406      0.01406   
 201    40   1     0     8     8  200.       0.420      0.01406   
 201    41   1     0     7     7  200.       0.434      0.01406   
 201    42   1     0     5     5  200.       0.448      0.01406   
 201    43   1     0     6     6  200.       0.463      0.01406   
 201    44   1     0     6     6  200.       0.477      0.01406   
 201    45   1     0     5     5  200.       0.491      0.01406   
 201    46   1     0     5     5  201.       0.505      0.01406   
 201    47   1     0     5     5  201.       0.519      0.01406   
 201    48   1     0     4     4  201.       0.533      0.01406   
 201    49   1     0     4     4  201.       0.547      0.01406   
 201    50   1     0     9     9  201.       0.568      0.02109   
 201    51   1     0     5     5  201.       0.589      0.02109   
 201    52   1     0     4     4  201.       0.610      0.02109   
 201    53   1     0     4     4  201.       0.631      0.02109   
 201    54   1     0     6     6  201.       0.656      0.02500   
 201    55   1     0     5     5  201.       0.681      0.02500   
 201    56   1     0     4     4  201.       0.706      0.02500   
 201    57   1     0     4     4  201.       0.731      0.02500   
 201    58   1     0    10    10  201.       0.756      0.02500   
 201    59   1     0     8     8  201.       0.781      0.02500   
 201    60   1     0     5     5  201.       0.806      0.02500   
 201    61   1     0     6     6  201.       0.831      0.02500   
 201    62   1     0    10    10  201.       0.856      0.02500   
 201    63   1     0    10    10  201.       0.881      0.02500   
 201    64   1     0    10    10  201.       0.906      0.02500   
 201    65   1     0    10    10  201.       0.931      0.02500   
 201    66   1     0     6     6  201.       0.956      0.02500   
 201    67   1     0     5     5  201.       0.981      0.02500   
 201    68   1     0    10    10  201.       1.00       0.01872   
 202     1   1     0    11    11  201.       0.00500    0.005000  
 202     2   1     0     8     8  201.       0.00875    0.003750  
 202     3   1     0    10    10  201.       0.0125     0.003750  
 202     4   1     0     9     9  201.       0.0163     0.003750  
 202     5   1     0     8     8  201.       0.0200     0.003750  
 202     6   1     0     6     6  201.       0.0238     0.003750  
 202     7   1     0     4     4  201.       0.0275     0.003750  
 202     8   1     0     2     2  201.       0.0312     0.003750  
 202     9   1     0     8     8  201.       0.0369     0.005625  
 202    10   1     0     2     2  201.       0.0425     0.005625  
 202    11   1     0     3     3  201.       0.0481     0.005625  
 202    12   1     0     6     6  201.       0.0566     0.008438  
 202    13   1     0     2     2  201.       0.0650     0.008438  
 202    14   1     0     4     4  201.       0.0734     0.008438  
 202    15   1     0     8     8  201.       0.0861     0.01266   
 202    16   1     0     4     4  201.       0.0988     0.01266   
 202    17   1     0     5     5  201.       0.111      0.01266   
 202    18   1     0     3     3  201.       0.124      0.01266   
 202    19   1     0     2     2  201.       0.137      0.01266   
 202    20   1     0     9     9  201.       0.156      0.01898   
 202    21   1     0     5     5  201.       0.175      0.01898   
 202    22   1     0     3     3  201.       0.194      0.01898   
 202    23   1     0     3     3  201.       0.213      0.01898   
 202    24   1     0     7     7  201.       0.238      0.02500   
 202    25   1     0    13    13  201.       0.263      0.02500   
 202    26   1     0     6     6  201.       0.281      0.01875   
 202    27   1     0     1     1  201.       0.300      0.01875   
 202    28   1     0     8     8  201.       0.319      0.01875   
 202    29   1     0    10    10  201.       0.338      0.01875   
 202    30   1     0    10    10  201.       0.356      0.01875   
 202    31   1     0    13    13  201.       0.375      0.01875   
 202    32   1     0    11    11  201.       0.389      0.01406   
 202    33   1     0    10    10  201.       0.400      0.01055   
 202    34   1     0    10    10  201.       0.410      0.01055   
 202    35   1     0     8     8  201.       0.421      0.01055   
 202    36   1     0     6     6  201.       0.431      0.01055   
 202    37   1     0     7     7  201.       0.442      0.01055   
 202    38   1     0     6     6  201.       0.453      0.01055   
 202    39   1     0     5     5  201.       0.463      0.01055   
 202    40   1     0     6     6  201.       0.474      0.01055   
 202    41   1     0     6     6  201.       0.484      0.01055   
 202    42   1     0     5     5  201.       0.495      0.01055   
 202    43   1     0     5     5  202.       0.505      0.01055   
 202    44   1     0     5     5  202.       0.516      0.01055   
 202    45   1     0     4     4  202.       0.526      0.01055   
 202    46   1     0     4     4  202.       0.537      0.01055   
 202    47   1     0    10    10  202.       0.553      0.01582   
 202    48   1     0     7     7  202.       0.569      0.01582   
 202    49   1     0     6     6  202.       0.584      0.01582   
 202    50   1     0     4     4  202.       0.600      0.01582   
 202    51   1     0     3     3  202.       0.616      0.01582   
 202    52   1     0     8     8  202.       0.640      0.02373   
 202    53   1     0     6     6  202.       0.663      0.02373   
 202    54   1     0     5     5  202.       0.687      0.02373   
 202    55   1     0     4     4  202.       0.711      0.02373   
 202    56   1     0     4     4  202.       0.735      0.02373   
 202    57   1     0    10    10  202.       0.760      0.02500   
 202    58   1     0     8     8  202.       0.785      0.02500   
 202    59   1     0     4     4  202.       0.810      0.02500   
 202    60   1     0     9     9  202.       0.835      0.02500   
 202    61   1     0    10    10  202.       0.860      0.02500   
 202    62   1     0    11    11  202.       0.885      0.02500   
 202    63   1     0    10    10  202.       0.903      0.01875   
 202    64   1     0    10    10  202.       0.922      0.01875   
 202    65   1     0     8     8  202.       0.941      0.01875   
 202    66   1     0     8     8  202.       0.960      0.01875   
 202    67   1     0     6     6  202.       0.978      0.01875   
 202    68   1     0     6     6  202.       0.997      0.01875   
 202    69   1     0    10    10  202.       1.00       0.002871  
 203     1   1     0    10    10  202.       0.00500    0.005000  
 203     2   1     0     8     8  202.       0.0100     0.005000  
 203     3   1     0     9     9  202.       0.0150     0.005000  
 203     4   1     0     7     7  202.       0.0200     0.005000  
 203     5   1     0     5     5  202.       0.0250     0.005000  
 203     6   1     0     4     4  202.       0.0300     0.005000  
 203     7   1     0     6     6  202.       0.0350     0.005000  
 203     8   1     0     4     4  202.       0.0400     0.005000  
 203     9   1     0     5     5  202.       0.0450     0.005000  
 203    10   1     0     4     4  202.       0.0500     0.005000  
 203    11   1     0     2     2  202.       0.0550     0.005000  
 203    12   1     0     9     9  202.       0.0625     0.007500  
 203    13   1     0     2     2  202.       0.0700     0.007500  
 203    14   1     0     4     4  202.       0.0775     0.007500  
 203    15   1     0     8     8  202.       0.0887     0.01125   
 203    16   1     0     4     4  202.       0.100      0.01125   
 203    17   1     0     5     5  202.       0.111      0.01125   
 203    18   1     0     3     3  202.       0.122      0.01125   
 203    19   1     0     3     3  202.       0.134      0.01125   
 203    20   1     0     9     9  202.       0.151      0.01688   
 203    21   1     0     4     4  202.       0.167      0.01688   
 203    22   1     0     4     4  202.       0.184      0.01688   
 203    23   1     0     7     7  202.       0.209      0.02500   
 203    24   1     0     5     5  202.       0.234      0.02500   
 203    25   1     0    10    10  202.       0.259      0.02500   
 203    26   1     0     6     6  202.       0.284      0.02500   
 203    27   1     0     3     3  202.       0.309      0.02500   
 203    28   1     0    10    10  202.       0.334      0.02500   
 203    29   1     0    10    10  202.       0.359      0.02500   
 203    30   1     0    11    11  202.       0.384      0.02500   
 203    31   1     0    10    10  202.       0.403      0.01875   
 203    32   1     0    10    10  202.       0.422      0.01875   
 203    33   1     0     9     9  202.       0.441      0.01875   
 203    34   1     0     7     7  202.       0.459      0.01875   
 203    35   1     0     5     5  202.       0.478      0.01875   
 203    36   1     0     5     5  202.       0.497      0.01875   
 203    37   1     0     5     5  203.       0.516      0.01875   
 203    38   1     0     5     5  203.       0.534      0.01875   
 203    39   1     0     4     4  203.       0.553      0.01875   
 203    40   1     0     3     3  203.       0.572      0.01875   
 203    41   1     0     7     7  203.       0.597      0.02500   
 203    42   1     0     5     5  203.       0.622      0.02500   
 203    43   1     0     4     4  203.       0.647      0.02500   
 203    44   1     0     4     4  203.       0.672      0.02500   
 203    45   1     0     4     4  203.       0.697      0.02500   
 203    46   1     0     3     3  203.       0.722      0.02500   
 203    47   1     0     3     3  203.       0.747      0.02500   
 203    48   1     0     8     8  203.       0.772      0.02500   
 203    49   1     0     6     6  203.       0.797      0.02500   
 203    50   1     0     3     3  203.       0.822      0.02500   
 203    51   1     0    10    10  203.       0.847      0.02500   
 203    52   1     0    11    11  203.       0.872      0.02500   
 203    53   1     0    12    12  203.       0.891      0.01875   
 203    54   1     0    10    10  203.       0.905      0.01406   
 203    55   1     0    10    10  203.       0.919      0.01406   
 203    56   1     0     7     7  203.       0.933      0.01406   
 203    57   1     0     5     5  203.       0.947      0.01406   
 203    58   1     0     6     6  203.       0.961      0.01406   
 203    59   1     0     6     6  203.       0.975      0.01406   
 203    60   1     0     6     6  203.       0.989      0.01406   
 203    61   1     0     8     8  203.       1.00       0.01094   
 204     1   1     0    10    10  203.       0.00500    0.005000  
 204     2   1     0     6     6  203.       0.0100     0.005000  
 204     3   1     0     6     6  203.       0.0150     0.005000  
 204     4   1     0     4     4  203.       0.0200     0.005000  
 204     5   1     0     1     1  203.       0.0250     0.005000  
 204     6   1     0     8     8  203.       0.0325     0.007500  
 204     7   1     0     2     2  203.       0.0400     0.007500  
 204     8   1     0     5     5  203.       0.0475     0.007500  
 204     9   1     0     3     3  203.       0.0550     0.007500  
 204    10   1     0     3     3  203.       0.0625     0.007500  
 204    11   1     0    10    10  203.       0.0737     0.01125   
 204    12   1     0     3     3  203.       0.0850     0.01125   
 204    13   1     0     4     4  203.       0.0962     0.01125   
 204    14   1     0     8     8  203.       0.113      0.01688   
 204    15   1     0     4     4  203.       0.130      0.01688   
 204    16   1     0     5     5  203.       0.147      0.01688   
 204    17   1     0     3     3  203.       0.164      0.01688   
 204    18   1     0     2     2  203.       0.181      0.01688   
 204    19   1     0     7     7  203.       0.206      0.02500   
 204    20   1     0     6     6  203.       0.231      0.02500   
 204    21   1     0    10    10  203.       0.256      0.02500   
 204    22   1     0     5     5  203.       0.281      0.02500   
 204    23   1     0     1     1  203.       0.306      0.02500   
 204    24   1     0    10    10  203.       0.331      0.02500   
 204    25   1     0    10    10  203.       0.356      0.02500   
 204    26   1     0    11    11  203.       0.381      0.02500   
 204    27   1     0    10    10  203.       0.399      0.01875   
 204    28   1     0    10    10  203.       0.418      0.01875   
 204    29   1     0     9     9  203.       0.437      0.01875   
 204    30   1     0     7     7  203.       0.456      0.01875   
 204    31   1     0     5     5  203.       0.474      0.01875   
 204    32   1     0     5     5  203.       0.493      0.01875   
 204    33   1     0     5     5  204.       0.512      0.01875   
 204    34   1     0     5     5  204.       0.531      0.01875   
 204    35   1     0     4     4  204.       0.549      0.01875   
 204    36   1     0     4     4  204.       0.568      0.01875   
 204    37   1     0     7     7  204.       0.593      0.02500   
 204    38   1     0     5     5  204.       0.618      0.02500   
 204    39   1     0     4     4  204.       0.643      0.02500   
 204    40   1     0     4     4  204.       0.668      0.02500   
 204    41   1     0     4     4  204.       0.693      0.02500   
 204    42   1     0     3     3  204.       0.718      0.02500   
 204    43   1     0     3     3  204.       0.743      0.02500   
 204    44   1     0     9     9  204.       0.768      0.02500   
 204    45   1     0     7     7  204.       0.793      0.02500   
 204    46   1     0     4     4  204.       0.818      0.02500   
 204    47   1     0    10    10  204.       0.843      0.02500   
 204    48   1     0    12    12  204.       0.868      0.02500   
 204    49   1     0    10    10  204.       0.887      0.01875   
 204    50   1     0    11    11  204.       0.906      0.01875   
 204    51   1     0    10    10  204.       0.920      0.01406   
 204    52   1     0     9     9  204.       0.934      0.01406   
 204    53   1     0     8     8  204.       0.948      0.01406   
 204    54   1     0     6     6  204.       0.962      0.01406   
 204    55   1     0     7     7  204.       0.976      0.01406   
 204    56   1     0     5     5  204.       0.990      0.01406   
 204    57   1     0    10    10  204.       1.00       0.01000   
 205     1   1     0    10    10  204.       0.00500    0.005000  
 205     2   1     0     5     5  204.       0.0100     0.005000  
 205     3   1     0     6     6  204.       0.0150     0.005000  
 205     4   1     0     3     3  204.       0.0200     0.005000  
 205     5   1     0     1     1  204.       0.0250     0.005000  
 205     6   1     0     8     8  204.       0.0325     0.007500  
 205     7   1     0     2     2  204.       0.0400     0.007500  
 205     8   1     0     5     5  204.       0.0475     0.007500  
 205     9   1     0     3     3  204.       0.0550     0.007500  
 205    10   1     0     3     3  204.       0.0625     0.007500  
 205    11   1     0    10    10  204.       0.0737     0.01125   
 205    12   1     0     3     3  204.       0.0850     0.01125   
 205    13   1     0     4     4  204.       0.0962     0.01125   
 205    14   1     0     9     9  204.       0.113      0.01688   
 205    15   1     0     5     5  204.       0.130      0.01688   
 205    16   1     0     5     5  204.       0.147      0.01688   
 205    17   1     0     3     3  204.       0.164      0.01688   
 205    18   1     0     2     2  204.       0.181      0.01688   
 205    19   1     0     7     7  204.       0.206      0.02500   
 205    20   1     0     6     6  204.       0.231      0.02500   
 205    21   1     0    10    10  204.       0.256      0.02500   
 205    22   1     0     5     5  204.       0.281      0.02500   
 205    23   1     0     1     1  204.       0.306      0.02500   
 205    24   1     0    10    10  204.       0.331      0.02500   
 205    25   1     0    10    10  204.       0.356      0.02500   
 205    26   1     0    11    11  204.       0.381      0.02500   
 205    27   1     0    10    10  204.       0.399      0.01875   
 205    28   1     0    10    10  204.       0.418      0.01875   
 205    29   1     0     9     9  204.       0.437      0.01875   
 205    30   1     0     7     7  204.       0.456      0.01875   
 205    31   1     0     5     5  204.       0.474      0.01875   
 205    32   1     0     5     5  204.       0.493      0.01875   
 205    33   1     0     5     5  205.       0.512      0.01875   
 205    34   1     0     5     5  205.       0.531      0.01875   
 205    35   1     0     4     4  205.       0.549      0.01875   
 205    36   1     0     4     4  205.       0.568      0.01875   
 205    37   1     0     7     7  205.       0.593      0.02500   
 205    38   1     0     5     5  205.       0.618      0.02500   
 205    39   1     0     4     4  205.       0.643      0.02500   
 205    40   1     0     4     4  205.       0.668      0.02500   
 205    41   1     0     4     4  205.       0.693      0.02500   
 205    42   1     0     3     3  205.       0.718      0.02500   
 205    43   1     0     3     3  205.       0.743      0.02500   
 205    44   1     0     9     9  205.       0.768      0.02500   
 205    45   1     0     7     7  205.       0.793      0.02500   
 205    46   1     0     4     4  205.       0.818      0.02500   
 205    47   1     0    10    10  205.       0.843      0.02500   
 205    48   1U    0     9     9  205.       0.843      0.02500   
 205    48   2     0    11    11  205.       0.856      0.01250   
 205    49   1     0    11    11  205.       0.865      0.009375  
 205    50   1     0    10    10  205.       0.872      0.007031  
 205    51   1     0    10    10  205.       0.879      0.007031  
 205    52   1     0    10    10  205.       0.886      0.007031  
 205    53   1     0     9     9  205.       0.893      0.007031  
 205    54   1     0     5     5  205.       0.900      0.007031  
 205    55   1     0     6     6  205.       0.907      0.007031  
 205    56   1     0     7     7  205.       0.914      0.007031  
 205    57   1     0     5     5  205.       0.921      0.007031  
 205    58   1     0     3     3  205.       0.928      0.007031  
 205    59   1     0     4     4  205.       0.935      0.007031  
 205    60   1     0     4     4  205.       0.946      0.01055   
 205    61   1     0     3     3  205.       0.962      0.01582   
 205    62   1     0     6     6  205.       0.985      0.02373   
 205    63   1     0    10    10  205.       1.00       0.01459   
 206     1   1     0    10    10  205.       0.00500    0.005000  
 206     2   1     0     9     9  205.       0.0100     0.005000  
 206     3   1     0     9     9  205.       0.0150     0.005000  
 206     4   1     0     7     7  205.       0.0200     0.005000  
 206     5   1     0     5     5  205.       0.0250     0.005000  
 206     6   1     0     3     3  205.       0.0300     0.005000  
 206     7   1     0     1     1  205.       0.0350     0.005000  
 206     8   1     0     8     8  205.       0.0425     0.007500  
 206     9   1     0     2     2  205.       0.0500     0.007500  
 206    10   1     0     4     4  205.       0.0575     0.007500  
 206    11   1U    0     5     5  205.       0.0575     0.01125   
 206    11   2     0    10    10  205.       0.0603     0.002812  
 206    12   1     0     4     4  205.       0.0631     0.002812  
 206    13   1     0     5     5  205.       0.0659     0.002812  
 206    14   1     0     4     4  205.       0.0687     0.002812  
 206    15   1     0     3     3  205.       0.0716     0.002812  
 206    16   1     0     7     7  205.       0.0758     0.004219  
 206    17   1     0     1     1  205.       0.0800     0.004219  
 206    18   1     0     1     1  205.       0.0842     0.004219  
 206    19   1     0     5     5  205.       0.0905     0.006328  
 206    20   1     0     1     1  205.       0.0969     0.006328  
 206    21   1     0     2     2  205.       0.103      0.006328  
 206    22   1     0     5     5  205.       0.113      0.009492  
 206    23   1     0     2     2  205.       0.122      0.009492  
 206    24   1     0     3     3  205.       0.132      0.009492  
 206    25   1     0     7     7  205.       0.146      0.01424   
 206    26   1     0     4     4  205.       0.160      0.01424   
 206    27   1     0     4     4  205.       0.174      0.01424   
 206    28   1     0     7     7  205.       0.196      0.02136   
 206    29   1     0     4     4  205.       0.217      0.02136   
 206    30   1     0     4     4  205.       0.238      0.02136   
 206    31   1     0    10    10  205.       0.263      0.02500   
 206    32   1     0     2     2  205.       0.288      0.02500   
 206    33   1     0     7     7  205.       0.313      0.02500   
 206    34   1     0    10    10  205.       0.338      0.02500   
 206    35   1     0    10    10  205.       0.363      0.02500   
 206    36   1     0    11    11  205.       0.388      0.02500   
 206    37   1     0    10    10  205.       0.407      0.01875   
 206    38   1     0    10    10  205.       0.426      0.01875   
 206    39   1     0     9     9  205.       0.445      0.01875   
 206    40   1     0     6     6  205.       0.463      0.01875   
 206    41   1     0     5     5  205.       0.482      0.01875   
 206    42   1     0     5     5  206.       0.501      0.01875   
 206    43   1     0     5     5  206.       0.520      0.01875   
 206    44   1     0     4     4  206.       0.538      0.01875   
 206    45   1     0     4     4  206.       0.557      0.01875   
 206    46   1     0     7     7  206.       0.582      0.02500   
 206    47   1     0     5     5  206.       0.607      0.02500   
 206    48   1     0     4     4  206.       0.632      0.02500   
 206    49   1     0     4     4  206.       0.657      0.02500   
 206    50   1     0     4     4  206.       0.682      0.02500   
 206    51   1     0     3     3  206.       0.707      0.02500   
 206    52   1     0     3     3  206.       0.732      0.02500   
 206    53   1     0    10    10  206.       0.757      0.02500   
 206    54   1     0     8     8  206.       0.782      0.02500   
 206    55   1     0     5     5  206.       0.807      0.02500   
 206    56   1     0     5     5  206.       0.832      0.02500   
 206    57   1     0    10    10  206.       0.857      0.02500   
 206    58   1     0    10    10  206.       0.882      0.02500   
 206    59   1     0    10    10  206.       0.907      0.02500   
 206    60   1     0     9     9  206.       0.932      0.02500   
 206    61   1     0     6     6  206.       0.957      0.02500   
 206    62   1     0     5     5  206.       0.982      0.02500   
 206    63   1     0    10    10  206.       1.00       0.01778   
 207     1   1     0    10    10  206.       0.00500    0.005000  
 207     2   1     0    10    10  206.       0.0100     0.005000  
 207     3   1     0     8     8  206.       0.0150     0.005000  
 207     4   1     0     7     7  206.       0.0200     0.005000  
 207     5   1     0     5     5  206.       0.0250     0.005000  
 207     6   1     0     2     2  206.       0.0300     0.005000  
 207     7   1     0     2     2  206.       0.0350     0.005000  
 207     8   1     0     7     7  206.       0.0425     0.007500  
 207     9   1     0     2     2  206.       0.0500     0.007500  
 207    10   1     0     4     4  206.       0.0575     0.007500  
 207    11   1U    0     4     4  206.       0.0575     0.01125   
 207    11   2     0     9     9  206.       0.0603     0.002812  
 207    12   1     0     3     3  206.       0.0631     0.002812  
 207    13   1     0     4     4  206.       0.0659     0.002812  
 207    14   1     0     8     8  206.       0.0702     0.004219  
 207    15   1     0     1     1  206.       0.0744     0.004219  
 207    16   1     0     2     2  206.       0.0786     0.004219  
 207    17   1     0     6     6  206.       0.0849     0.006328  
 207    18   1     0     1     1  206.       0.0912     0.006328  
 207    19   1     0     2     2  206.       0.0976     0.006328  
 207    20   1     0     4     4  206.       0.107      0.009492  
 207    21   1     0     7     7  206.       0.121      0.01424   
 207    22   1     0     5     5  206.       0.136      0.01424   
 207    23   1     0     5     5  206.       0.150      0.01424   
 207    24   1     0     3     3  206.       0.164      0.01424   
 207    25   1     0     2     2  206.       0.178      0.01424   
 207    26   1     0     8     8  206.       0.200      0.02136   
 207    27   1     0     4     4  206.       0.221      0.02136   
 207    28   1     0     4     4  206.       0.242      0.02136   
 207    29   1     0     7     7  206.       0.267      0.02500   
 207    30   1     0     2     2  206.       0.292      0.02500   
 207    31   1     0     8     8  206.       0.317      0.02500   
 207    32   1     0    10    10  206.       0.342      0.02500   
 207    33   1     0    10    10  206.       0.367      0.02500   
 207    34   1     0    10    10  206.       0.392      0.02500   
 207    35   1     0    10    10  206.       0.417      0.02500   
 207    36   1     0    10    10  206.       0.442      0.02500   
 207    37   1     0     8     8  206.       0.467      0.02500   
 207    38   1     0     5     5  206.       0.492      0.02500   
 207    39   1     0     5     5  207.       0.517      0.02500   
 207    40   1     0     4     4  207.       0.542      0.02500   
 207    41   1     0     4     4  207.       0.567      0.02500   
 207    42   1     0     4     4  207.       0.592      0.02500   
 207    43   1     0     4     4  207.       0.617      0.02500   
 207    44   1     0     4     4  207.       0.642      0.02500   
 207    45   1     0     3     3  207.       0.667      0.02500   
 207    46   1     0     4     4  207.       0.692      0.02500   
 207    47   1     0     3     3  207.       0.717      0.02500   
 207    48   1     0     2     2  207.       0.742      0.02500   
 207    49   1     0    10    10  207.       0.767      0.02500   
 207    50   1     0     8     8  207.       0.792      0.02500   
 207    51   1     0     5     5  207.       0.817      0.02500   
 207    52   1     0    10    10  207.       0.842      0.02500   
 207    53   1     0    10    10  207.       0.867      0.02500   
 207    54   1     0    10    10  207.       0.892      0.02500   
 207    55   1     0    10    10  207.       0.917      0.02500   
 207    56   1     0    10    10  207.       0.942      0.02500   
 207    57   1     0     7     7  207.       0.967      0.02500   
 207    58   1     0     6     6  207.       0.992      0.02500   
 207    59   1     0    10    10  207.       1.00       0.007666  
 208     1   1     0    10    10  207.       0.00500    0.005000  
 208     2   1     0     7     7  207.       0.0100     0.005000  
 208     3   1     0     5     5  207.       0.0150     0.005000  
 208     4   1     0     3     3  207.       0.0200     0.005000  
 208     5   1     0     1     1  207.       0.0250     0.005000  
 208     6   1     0     6     6  207.       0.0325     0.007500  
 208     7   1     0     2     2  207.       0.0400     0.007500  
 208     8   1     0     4     4  207.       0.0475     0.007500  
 208     9   1     0     5     5  207.       0.0587     0.01125   
 208    10   1     0     4     4  207.       0.0700     0.01125   
 208    11   1     0     6     6  207.       0.0812     0.01125   
 208    12   1     0     4     4  207.       0.0925     0.01125   
 208    13   1     0     3     3  207.       0.104      0.01125   
 208    14   1     0     9     9  207.       0.121      0.01688   
 208    15   1     0     4     4  207.       0.137      0.01688   
 208    16   1     0     4     4  207.       0.154      0.01688   
 208    17   1     0     7     7  207.       0.179      0.02500   
 208    18   1     0     6     6  207.       0.204      0.02500   
 208    19   1     0     4     4  207.       0.229      0.02500   
 208    20   1     0    10    10  207.       0.254      0.02500   
 208    21   1     0     6     6  207.       0.279      0.02500   
 208    22   1     0     1     1  207.       0.304      0.02500   
 208    23   1     0    10    10  207.       0.329      0.02500   
 208    24   1     0    10    10  207.       0.354      0.02500   
 208    25   1     0    11    11  207.       0.379      0.02500   
 208    26   1     0    11    11  207.       0.398      0.01875   
 208    27   1     0    10    10  207.       0.412      0.01406   
 208    28   1     0     9     9  207.       0.426      0.01406   
 208    29   1     0     7     7  207.       0.440      0.01406   
 208    30   1     0     6     6  207.       0.454      0.01406   
 208    31   1     0     7     7  207.       0.468      0.01406   
 208    32   1     0     6     6  207.       0.482      0.01406   
 208    33   1     0     5     5  207.       0.497      0.01406   
 208    34   1     0     5     5  208.       0.511      0.01406   
 208    35   1     0     5     5  208.       0.525      0.01406   
 208    36   1     0     4     4  208.       0.539      0.01406   
 208    37   1     0     4     4  208.       0.553      0.01406   
 208    38   1     0     9     9  208.       0.574      0.02109   
 208    39   1     0     5     5  208.       0.595      0.02109   
 208    40   1     0     4     4  208.       0.616      0.02109   
 208    41   1     0     5     5  208.       0.637      0.02109   
 208    42   1     0     4     4  208.       0.658      0.02109   
 208    43   1     0     4     4  208.       0.679      0.02109   
 208    44   1     0     6     6  208.       0.704      0.02500   
 208    45   1     0     5     5  208.       0.729      0.02500   
 208    46   1     0    10    10  208.       0.754      0.02500   
 208    47   1     0     7     7  208.       0.779      0.02500   
 208    48   1     0     5     5  208.       0.804      0.02500   
 208    49   1     0     6     6  208.       0.829      0.02500   
 208    50   1     0    10    10  208.       0.854      0.02500   
 208    51   1     0    11    11  208.       0.879      0.02500   
 208    52   1     0    10    10  208.       0.898      0.01875   
 208    53   1     0    10    10  208.       0.917      0.01875   
 208    54   1     0     8     8  208.       0.936      0.01875   
 208    55   1     0     8     8  208.       0.954      0.01875   
 208    56   1     0     6     6  208.       0.973      0.01875   
 208    57   1     0     6     6  208.       0.992      0.01875   
 208    58   1     0    10    10  208.       1.00       0.008125  
 209     1   1     0    10    10  208.       0.00500    0.005000  
 209     2   1     0     8     8  208.       0.0100     0.005000  
 209     3   1     0     9     9  208.       0.0150     0.005000  
 209     4   1     0     6     6  208.       0.0200     0.005000  
 209     5   1     0     5     5  208.       0.0250     0.005000  
 209     6   1     0     3     3  208.       0.0300     0.005000  
 209     7   1     0     1     1  208.       0.0350     0.005000  
 209     8   1     0     9     9  208.       0.0425     0.007500  
 209     9   1     0     2     2  208.       0.0500     0.007500  
 209    10   1     0     5     5  208.       0.0575     0.007500  
 209    11   1     0     3     3  208.       0.0650     0.007500  
 209    12   1     0     2     2  208.       0.0725     0.007500  
 209    13   1     0     8     8  208.       0.0838     0.01125   
 209    14   1     0     3     3  208.       0.0950     0.01125   
 209    15   1     0     4     4  208.       0.106      0.01125   
 209    16   1     0     9     9  208.       0.123      0.01688   
 209    17   1     0     5     5  208.       0.140      0.01688   
 209    18   1     0     4     4  208.       0.157      0.01688   
 209    19   1     0     3     3  208.       0.174      0.01688   
 209    20   1     0     7     7  208.       0.199      0.02500   
 209    21   1     0     5     5  208.       0.224      0.02500   
 209    22   1     0     5     5  208.       0.249      0.02500   
 209    23   1     0     6     6  208.       0.274      0.02500   
 209    24   1     0     1     1  208.       0.299      0.02500   
 209    25   1     0     9     9  208.       0.324      0.02500   
 209    26   1     0    10    10  208.       0.349      0.02500   
 209    27   1     0    12    12  208.       0.374      0.02500   
 209    28   1     0    12    12  208.       0.393      0.01875   
 209    29   1     0    10    10  208.       0.407      0.01406   
 209    30   1     0     8     8  208.       0.421      0.01406   
 209    31   1     0     8     8  208.       0.435      0.01406   
 209    32   1     0     6     6  208.       0.449      0.01406   
 209    33   1     0     6     6  208.       0.463      0.01406   
 209    34   1     0     6     6  208.       0.477      0.01406   
 209    35   1     0     5     5  208.       0.491      0.01406   
 209    36   1     0     5     5  209.       0.505      0.01406   
 209    37   1     0     5     5  209.       0.519      0.01406   
 209    38   1     0     4     4  209.       0.533      0.01406   
 209    39   1     0     4     4  209.       0.547      0.01406   
 209    40   1     0     9     9  209.       0.568      0.02109   
 209    41   1     0     5     5  209.       0.589      0.02109   
 209    42   1     0     5     5  209.       0.610      0.02109   
 209    43   1     0     4     4  209.       0.632      0.02109   
 209    44   1     0     4     4  209.       0.653      0.02109   
 209    45   1     0     6     6  209.       0.678      0.02500   
 209    46   1     0     5     5  209.       0.703      0.02500   
 209    47   1     0     4     4  209.       0.728      0.02500   
 209    48   1     0    10    10  209.       0.753      0.02500   
 209    49   1     0     7     7  209.       0.778      0.02500   
 209    50   1     0     5     5  209.       0.803      0.02500   
 209    51   1     0     6     6  209.       0.828      0.02500   
 209    52   1     0    10    10  209.       0.853      0.02500   
 209    53   1     0    12    12  209.       0.878      0.02500   
 209    54   1     0    11    11  209.       0.896      0.01875   
 209    55   1     0    10    10  209.       0.910      0.01406   
 209    56   1     0    10    10  209.       0.925      0.01406   
 209    57   1     0     8     8  209.       0.939      0.01406   
 209    58   1     0     6     6  209.       0.953      0.01406   
 209    59   1     0     6     6  209.       0.967      0.01406   
 209    60   1     0     8     8  209.       0.981      0.01406   
 209    61   1     0     6     6  209.       0.995      0.01406   
 209    62   1     0    10    10  209.       1.00       0.005156  
 210     1   1     0    10    10  209.       0.00500    0.005000  
 210     2   1     0     5     5  209.       0.0100     0.005000  
 210     3   1     0     7     7  209.       0.0150     0.005000  
 210     4   1     0     4     4  209.       0.0200     0.005000  
 210     5   1     0     2     2  209.       0.0250     0.005000  
 210     6   1     0     9     9  209.       0.0325     0.007500  
 210     7   1     0     3     3  209.       0.0400     0.007500  
 210     8   1     0     5     5  209.       0.0475     0.007500  
 210     9   1     0     3     3  209.       0.0550     0.007500  
 210    10   1     0     2     2  209.       0.0625     0.007500  
 210    11   1     0     9     9  209.       0.0737     0.01125   
 210    12   1     0     4     4  209.       0.0850     0.01125   
 210    13   1     0     4     4  209.       0.0962     0.01125   
 210    14   1     0     9     9  209.       0.113      0.01688   
 210    15   1     0     5     5  209.       0.130      0.01688   
 210    16   1     0     5     5  209.       0.147      0.01688   
 210    17   1     0     3     3  209.       0.164      0.01688   
 210    18   1     0     3     3  209.       0.181      0.01688   
 210    19   1     0     7     7  209.       0.206      0.02500   
 210    20   1     0     6     6  209.       0.231      0.02500   
 210    21   1     0    10    10  209.       0.256      0.02500   
 210    22   1     0     6     6  209.       0.281      0.02500   
 210    23   1     0     1     1  209.       0.306      0.02500   
 210    24   1     0    10    10  209.       0.331      0.02500   
 210    25   1     0    10    10  209.       0.356      0.02500   
 210    26   1     0    12    12  209.       0.381      0.02500   
 210    27   1     0    10    10  209.       0.399      0.01875   
 210    28   1     0    10    10  209.       0.418      0.01875   
 210    29   1     0     9     9  209.       0.437      0.01875   
 210    30   1     0     7     7  209.       0.456      0.01875   
 210    31   1     0     5     5  209.       0.474      0.01875   
 210    32   1     0     5     5  209.       0.493      0.01875   
 210    33   1     0     5     5  210.       0.512      0.01875   
 210    34   1     0     5     5  210.       0.531      0.01875   
 210    35   1     0     4     4  210.       0.549      0.01875   
 210    36   1     0     4     4  210.       0.568      0.01875   
 210    37   1     0     7     7  210.       0.593      0.02500   
 210    38   1     0     5     5  210.       0.618      0.02500   
 210    39   1     0     4     4  210.       0.643      0.02500   
 210    40   1     0     4     4  210.       0.668      0.02500   
 210    41   1     0     4     4  210.       0.693      0.02500   
 210    42   1     0     3     3  210.       0.718      0.02500   
 210    43   1     0     3     3  210.       0.743      0.02500   
 210    44   1     0     9     9  210.       0.768      0.02500   
 210    45   1     0     8     8  210.       0.793      0.02500   
 210    46   1     0     4     4  210.       0.818      0.02500   
 210    47   1     0    10    10  210.       0.843      0.02500   
 210    48   1     0    11    11  210.       0.868      0.02500   
 210    49   1     0    10    10  210.       0.887      0.01875   
 210    50   1     0    11    11  210.       0.906      0.01875   
 210    51   1     0    10    10  210.       0.920      0.01406   
 210    52   1     0     9     9  210.       0.934      0.01406   
 210    53   1     0     7     7  210.       0.948      0.01406   
 210    54   1     0     6     6  210.       0.962      0.01406   
 210    55   1     0     8     8  210.       0.976      0.01406   
 210    56   1     0     5     5  210.       0.990      0.01406   
 210    57   1     0    10    10  210.       1.00       0.01000   
 211     1   1     0    10    10  210.       0.00500    0.005000  
 211     2   1     0     6     6  210.       0.0100     0.005000  
 211     3   1     0     6     6  210.       0.0150     0.005000  
 211     4   1     0     3     3  210.       0.0200     0.005000  
 211     5   1     0     2     2  210.       0.0250     0.005000  
 211     6   1     0     8     8  210.       0.0325     0.007500  
 211     7   1     0     3     3  210.       0.0400     0.007500  
 211     8   1     0     5     5  210.       0.0475     0.007500  
 211     9   1     0     3     3  210.       0.0550     0.007500  
 211    10   1     0     3     3  210.       0.0625     0.007500  
 211    11   1     0    10    10  210.       0.0737     0.01125   
 211    12   1     0     3     3  210.       0.0850     0.01125   
 211    13   1     0     5     5  210.       0.0962     0.01125   
 211    14   1     0     3     3  210.       0.107      0.01125   
 211    15   1     0     2     2  210.       0.119      0.01125   
 211    16   1     0     8     8  210.       0.136      0.01688   
 211    17   1     0     4     4  210.       0.152      0.01688   
 211    18   1     0     4     4  210.       0.169      0.01688   
 211    19   1     0     7     7  210.       0.194      0.02500   
 211    20   1     0     6     6  210.       0.219      0.02500   
 211    21   1     0     5     5  210.       0.244      0.02500   
 211    22   1     0     6     6  210.       0.269      0.02500   
 211    23   1     0     2     2  210.       0.294      0.02500   
 211    24   1     0     8     8  210.       0.319      0.02500   
 211    25   1     0    10    10  210.       0.344      0.02500   
 211    26   1     0    11    11  210.       0.369      0.02500   
 211    27   1     0    10    10  210.       0.388      0.01875   
 211    28   1     0    10    10  210.       0.407      0.01875   
 211    29   1     0    10    10  210.       0.426      0.01875   
 211    30   1     0     7     7  210.       0.444      0.01875   
 211    31   1     0     6     6  210.       0.463      0.01875   
 211    32   1     0     6     6  210.       0.482      0.01875   
 211    33   1     0     5     5  211.       0.501      0.01875   
 211    34   1     0     5     5  211.       0.519      0.01875   
 211    35   1     0     5     5  211.       0.538      0.01875   
 211    36   1     0     4     4  211.       0.557      0.01875   
 211    37   1     0     3     3  211.       0.576      0.01875   
 211    38   1     0     7     7  211.       0.601      0.02500   
 211    39   1     0     5     5  211.       0.626      0.02500   
 211    40   1     0     4     4  211.       0.651      0.02500   
 211    41   1     0     4     4  211.       0.676      0.02500   
 211    42   1     0     4     4  211.       0.701      0.02500   
 211    43   1     0     3     3  211.       0.726      0.02500   
 211    44   1     0     6     6  211.       0.751      0.02500   
 211    45   1     0     7     7  211.       0.776      0.02500   
 211    46   1     0     6     6  211.       0.801      0.02500   
 211    47   1     0     3     3  211.       0.826      0.02500   
 211    48   1     0    10    10  211.       0.851      0.02500   
 211    49   1     0    10    10  211.       0.876      0.02500   
 211    50   1     0    10    10  211.       0.901      0.02500   
 211    51   1     0    10    10  211.       0.926      0.02500   
 211    52   1     0     7     7  211.       0.951      0.02500   
 211    53   1     0     5     5  211.       0.976      0.02500   
 211    54   1     0     5     5  211.       1.00       0.02437   
 212     1   1     0    10    10  211.       0.00500    0.005000  
 212     2   1     0    10    10  211.       0.0100     0.005000  
 212     3   1     0    10    10  211.       0.0150     0.005000  
 212     4   1     0     8     8  211.       0.0200     0.005000  
 212     5   1     0     7     7  211.       0.0250     0.005000  
 212     6   1     0     6     6  211.       0.0300     0.005000  
 212     7   1     0     5     5  211.       0.0350     0.005000  
 212     8   1     0     2     2  211.       0.0400     0.005000  
 212     9   1     0     2     2  211.       0.0450     0.005000  
 212    10   1     0     8     8  211.       0.0525     0.007500  
 212    11   1     0     2     2  211.       0.0600     0.007500  
 212    12   1     0     4     4  211.       0.0675     0.007500  
 212    13   1     0     9     9  211.       0.0788     0.01125   
 212    14   1     0     4     4  211.       0.0900     0.01125   
 212    15   1     0     4     4  211.       0.101      0.01125   
 212    16   1     0     8     8  211.       0.118      0.01688   
 212    17   1     0     4     4  211.       0.135      0.01688   
 212    18   1     0     5     5  211.       0.152      0.01688   
 212    19   1     0     3     3  211.       0.169      0.01688   
 212    20   1     0     2     2  211.       0.186      0.01688   
 212    21   1     0     7     7  211.       0.211      0.02500   
 212    22   1     0     6     6  211.       0.236      0.02500   
 212    23   1     0    10    10  211.       0.261      0.02500   
 212    24   1     0     6     6  211.       0.286      0.02500   
 212    25   1     0     3     3  211.       0.311      0.02500   
 212    26   1     0    10    10  211.       0.336      0.02500   
 212    27   1     0    10    10  211.       0.361      0.02500   
 212    28   1     0    11    11  211.       0.386      0.02500   
 212    29   1     0    10    10  211.       0.404      0.01875   
 212    30   1     0    10    10  211.       0.423      0.01875   
 212    31   1     0     9     9  211.       0.442      0.01875   
 212    32   1     0     7     7  211.       0.461      0.01875   
 212    33   1     0     5     5  211.       0.479      0.01875   
 212    34   1     0     5     5  211.       0.498      0.01875   
 212    35   1     0     5     5  212.       0.517      0.01875   
 212    36   1     0     5     5  212.       0.536      0.01875   
 212    37   1     0     4     4  212.       0.554      0.01875   
 212    38   1     0     3     3  212.       0.573      0.01875   
 212    39   1     0     7     7  212.       0.598      0.02500   
 212    40   1     0     5     5  212.       0.623      0.02500   
 212    41   1     0     4     4  212.       0.648      0.02500   
 212    42   1     0     4     4  212.       0.673      0.02500   
 212    43   1     0     4     4  212.       0.698      0.02500   
 212    44   1     0     3     3  212.       0.723      0.02500   
 212    45   1     0     3     3  212.       0.748      0.02500   
 212    46   1     0     8     8  212.       0.773      0.02500   
 212    47   1     0     6     6  212.       0.798      0.02500   
 212    48   1     0     3     3  212.       0.823      0.02500   
 212    49   1     0    10    10  212.       0.848      0.02500   
 212    50   1     0    10    10  212.       0.873      0.02500   
 212    51   1     0    11    11  212.       0.898      0.02500   
 212    52   1     0    10    10  212.       0.917      0.01875   
 212    53   1     0     8     8  212.       0.936      0.01875   
 212    54   1     0     7     7  212.       0.954      0.01875   
 212    55   1     0     7     7  212.       0.973      0.01875   
 212    56   1     0     7     7  212.       0.992      0.01875   
 212    57   1     0    10    10  212.       1.00       0.008125  
 213     1   1     0    10    10  212.       0.00500    0.005000  
 213     2   1     0     7     7  212.       0.0100     0.005000  
 213     3   1     0     7     7  212.       0.0150     0.005000  
 213     4   1     0     5     5  212.       0.0200     0.005000  
 213     5   1     0     2     2  212.       0.0250     0.005000  
 213     6   1     0     1     1  212.       0.0300     0.005000  
 213     7   1     0     8     8  212.       0.0375     0.007500  
 213     8   1     0     2     2  212.       0.0450     0.007500  
 213     9   1     0     4     4  212.       0.0525     0.007500  
 213    10   1     0     8     8  212.       0.0638     0.01125   
 213    11   1     0     5     5  212.       0.0750     0.01125   
 213    12   1     0     4     4  212.       0.0862     0.01125   
 213    13   1     0     3     3  212.       0.0975     0.01125   
 213    14   1     0     9     9  212.       0.114      0.01688   
 213    15   1     0     4     4  212.       0.131      0.01688   
 213    16   1     0     5     5  212.       0.148      0.01688   
 213    17   1     0     2     2  212.       0.165      0.01688   
 213    18   1     0     2     2  212.       0.182      0.01688   
 213    19   1     0     7     7  212.       0.207      0.02500   
 213    20   1     0     6     6  212.       0.232      0.02500   
 213    21   1     0    10    10  212.       0.257      0.02500   
 213    22   1     0     4     4  212.       0.282      0.02500   
 213    23   1     0     3     3  212.       0.307      0.02500   
 213    24   1     0    10    10  212.       0.332      0.02500   
 213    25   1     0    10    10  212.       0.357      0.02500   
 213    26   1     0    11    11  212.       0.382      0.02500   
 213    27   1     0    10    10  212.       0.401      0.01875   
 213    28   1     0    10    10  212.       0.419      0.01875   
 213    29   1     0     9     9  212.       0.438      0.01875   
 213    30   1     0     7     7  212.       0.457      0.01875   
 213    31   1     0     5     5  212.       0.476      0.01875   
 213    32   1     0     5     5  212.       0.494      0.01875   
 213    33   1     0     5     5  213.       0.513      0.01875   
 213    34   1     0     5     5  213.       0.532      0.01875   
 213    35   1     0     4     4  213.       0.551      0.01875   
 213    36   1     0     3     3  213.       0.569      0.01875   
 213    37   1     0     7     7  213.       0.594      0.02500   
 213    38   1     0     5     5  213.       0.619      0.02500   
 213    39   1     0     4     4  213.       0.644      0.02500   
 213    40   1     0     4     4  213.       0.669      0.02500   
 213    41   1     0     4     4  213.       0.694      0.02500   
 213    42   1     0     3     3  213.       0.719      0.02500   
 213    43   1     0     3     3  213.       0.744      0.02500   
 213    44   1     0     9     9  213.       0.769      0.02500   
 213    45   1     0     8     8  213.       0.794      0.02500   
 213    46   1     0     4     4  213.       0.819      0.02500   
 213    47   1     0    10    10  213.       0.844      0.02500   
 213    48   1     0    12    12  213.       0.869      0.02500   
 213    49   1     0    10    10  213.       0.888      0.01875   
 213    50   1     0    11    11  213.       0.907      0.01875   
 213    51   1     0    10    10  213.       0.921      0.01406   
 213    52   1     0    10    10  213.       0.935      0.01406   
 213    53   1     0     8     8  213.       0.949      0.01406   
 213    54   1     0     6     6  213.       0.963      0.01406   
 213    55   1     0     7     7  213.       0.977      0.01406   
 213    56   1     0     5     5  213.       0.991      0.01406   
 213    57   1     0    10    10  213.       1.00       0.008750  
 214     1   1     0    10    10  213.       0.00500    0.005000  
 214     2   1     0     4     4  213.       0.0100     0.005000  
 214     3   1     0     5     5  213.       0.0150     0.005000  
 214     4   1     0     3     3  213.       0.0200     0.005000  
 214     5   1     0     1     1  213.       0.0250     0.005000  
 214     6   1     0     7     7  213.       0.0325     0.007500  
 214     7   1     0     2     2  213.       0.0400     0.007500  
 214     8   1     0     4     4  213.       0.0475     0.007500  
 214     9   1     0     8     8  213.       0.0587     0.01125   
 214    10   1     0     5     5  213.       0.0700     0.01125   
 214    11   1     0     4     4  213.       0.0812     0.01125   
 214    12   1     0     4     4  213.       0.0925     0.01125   
 214    13   1     0     9     9  213.       0.109      0.01688   
 214    14   1     0     4     4  213.       0.126      0.01688   
 214    15   1     0     5     5  213.       0.143      0.01688   
 214    16   1     0     3     3  213.       0.160      0.01688   
 214    17   1     0     2     2  213.       0.177      0.01688   
 214    18   1     0     7     7  213.       0.202      0.02500   
 214    19   1     0     6     6  213.       0.227      0.02500   
 214    20   1     0     8     8  213.       0.252      0.02500   
 214    21   1     0     5     5  213.       0.277      0.02500   
 214    22   1     0     1     1  213.       0.302      0.02500   
 214    23   1     0    10    10  213.       0.327      0.02500   
 214    24   1     0    10    10  213.       0.352      0.02500   
 214    25   1     0    12    12  213.       0.377      0.02500   
 214    26   1     0    10    10  213.       0.396      0.01875   
 214    27   1     0    10    10  213.       0.414      0.01875   
 214    28   1     0    10    10  213.       0.433      0.01875   
 214    29   1     0     7     7  213.       0.452      0.01875   
 214    30   1     0     6     6  213.       0.471      0.01875   
 214    31   1     0     5     5  213.       0.489      0.01875   
 214    32   1     0     5     5  214.       0.508      0.01875   
 214    33   1     0     5     5  214.       0.527      0.01875   
 214    34   1     0     4     4  214.       0.546      0.01875   
 214    35   1     0     4     4  214.       0.564      0.01875   
 214    36   1     0     7     7  214.       0.589      0.02500   
 214    37   1     0     5     5  214.       0.614      0.02500   
 214    38   1     0     4     4  214.       0.639      0.02500   
 214    39   1     0     4     4  214.       0.664      0.02500   
 214    40   1     0     4     4  214.       0.689      0.02500   
 214    41   1     0     3     3  214.       0.714      0.02500   
 214    42   1     0     3     3  214.       0.739      0.02500   
 214    43   1     0    10    10  214.       0.764      0.02500   
 214    44   1     0     8     8  214.       0.789      0.02500   
 214    45   1     0     6     6  214.       0.814      0.02500   
 214    46   1     0     8     8  214.       0.839      0.02500   
 214    47   1     0    10    10  214.       0.864      0.02500   
 214    48   1     0    10    10  214.       0.889      0.02500   
 214    49   1     0    10    10  214.       0.914      0.02500   
 214    50   1     0    10    10  214.       0.939      0.02500   
 214    51   1     0     6     6  214.       0.964      0.02500   
 214    52   1     0     5     5  214.       0.989      0.02500   
 214    53   1     0    10    10  214.       1.00       0.01062   
 215     1   1     0    10    10  214.       0.00500    0.005000  
 215     2   1     0     9     9  214.       0.0100     0.005000  
 215     3   1     0    10    10  214.       0.0150     0.005000  
 215     4   1     0     6     6  214.       0.0200     0.005000  
 215     5   1     0     7     7  214.       0.0250     0.005000  
 215     6   1     0     4     4  214.       0.0300     0.005000  
 215     7   1     0     2     2  214.       0.0350     0.005000  
 215     8   1     0     8     8  214.       0.0425     0.007500  
 215     9   1     0     2     2  214.       0.0500     0.007500  
 215    10   1     0     4     4  214.       0.0575     0.007500  
 215    11   1U    0     5     5  214.       0.0575     0.01125   
 215    11   2     0    10    10  214.       0.0603     0.002812  
 215    12   1     0     4     4  214.       0.0631     0.002812  
 215    13   1     0     5     5  214.       0.0659     0.002812  
 215    14   1     0     4     4  214.       0.0687     0.002812  
 215    15   1     0     3     3  214.       0.0716     0.002812  
 215    16   1     0     8     8  214.       0.0758     0.004219  
 215    17   1     0     1     1  214.       0.0800     0.004219  
 215    18   1     0     1     1  214.       0.0842     0.004219  
 215    19   1     0     5     5  214.       0.0905     0.006328  
 215    20   1     0     1     1  214.       0.0969     0.006328  
 215    21   1     0     2     2  214.       0.103      0.006328  
 215    22   1     0     5     5  214.       0.113      0.009492  
 215    23   1     0     2     2  214.       0.122      0.009492  
 215    24   1     0     3     3  214.       0.132      0.009492  
 215    25   1     0     7     7  214.       0.146      0.01424   
 215    26   1     0     4     4  214.       0.160      0.01424   
 215    27   1     0     4     4  214.       0.174      0.01424   
 215    28   1     0     7     7  214.       0.196      0.02136   
 215    29   1     0     4     4  214.       0.217      0.02136   
 215    30   1     0     4     4  214.       0.238      0.02136   
 215    31   1     0    10    10  214.       0.263      0.02500   
 215    32   1     0     2     2  214.       0.288      0.02500   
 215    33   1     0     7     7  214.       0.313      0.02500   
 215    34   1     0    10    10  214.       0.338      0.02500   
 215    35   1     0    10    10  214.       0.363      0.02500   
 215    36   1     0    11    11  214.       0.388      0.02500   
 215    37   1     0    10    10  214.       0.407      0.01875   
 215    38   1     0    10    10  214.       0.426      0.01875   
 215    39   1     0     9     9  214.       0.445      0.01875   
 215    40   1     0     7     7  214.       0.463      0.01875   
 215    41   1     0     5     5  214.       0.482      0.01875   
 215    42   1     0     5     5  215.       0.501      0.01875   
 215    43   1     0     5     5  215.       0.520      0.01875   
 215    44   1     0     5     5  215.       0.538      0.01875   
 215    45   1     0     4     4  215.       0.557      0.01875   
 215    46   1     0     3     3  215.       0.576      0.01875   
 215    47   1     0     7     7  215.       0.601      0.02500   
 215    48   1     0     5     5  215.       0.626      0.02500   
 215    49   1     0     4     4  215.       0.651      0.02500   
 215    50   1     0     4     4  215.       0.676      0.02500   
 215    51   1     0     4     4  215.       0.701      0.02500   
 215    52   1     0     3     3  215.       0.726      0.02500   
 215    53   1     0     7     7  215.       0.751      0.02500   
 215    54   1     0     7     7  215.       0.776      0.02500   
 215    55   1     0     5     5  215.       0.801      0.02500   
 215    56   1     0     4     4  215.       0.826      0.02500   
 215    57   1     0    10    10  215.       0.851      0.02500   
 215    58   1     0    10    10  215.       0.876      0.02500   
 215    59   1     0    10    10  215.       0.901      0.02500   
 215    60   1     0    10    10  215.       0.926      0.02500   
 215    61   1     0     6     6  215.       0.951      0.02500   
 215    62   1     0     5     5  215.       0.976      0.02500   
 215    63   1     0     6     6  215.       1.00       0.02403   
 216     1   1     0    10    10  215.       0.00500    0.005000  
 216     2   1     0    10    10  215.       0.0100     0.005000  
 216     3   1     0    10    10  215.       0.0150     0.005000  
 216     4   1     0     7     7  215.       0.0200     0.005000  
 216     5   1     0     6     6  215.       0.0250     0.005000  
 216     6   1     0     4     4  215.       0.0300     0.005000  
 216     7   1     0     1     1  215.       0.0350     0.005000  
 216     8   1     0     7     7  215.       0.0425     0.007500  
 216     9   1     0     2     2  215.       0.0500     0.007500  
 216    10   1     0     4     4  215.       0.0575     0.007500  
 216    11   1U    0     4     4  215.       0.0575     0.01125   
 216    11   2     0     9     9  215.       0.0603     0.002812  
 216    12   1     0     3     3  215.       0.0631     0.002812  
 216    13   1     0     4     4  215.       0.0659     0.002812  
 216    14   1     0     8     8  215.       0.0702     0.004219  
 216    15   1     0     1     1  215.       0.0744     0.004219  
 216    16   1     0     2     2  215.       0.0786     0.004219  
 216    17   1     0     6     6  215.       0.0849     0.006328  
 216    18   1     0     1     1  215.       0.0912     0.006328  
 216    19   1     0     2     2  215.       0.0976     0.006328  
 216    20   1     0     4     4  215.       0.107      0.009492  
 216    21   1     0     7     7  215.       0.121      0.01424   
 216    22   1     0     5     5  215.       0.136      0.01424   
 216    23   1     0     5     5  215.       0.150      0.01424   
 216    24   1     0     3     3  215.       0.164      0.01424   
 216    25   1     0     2     2  215.       0.178      0.01424   
 216    26   1     0     8     8  215.       0.200      0.02136   
 216    27   1     0     4     4  215.       0.221      0.02136   
 216    28   1     0     4     4  215.       0.242      0.02136   
 216    29   1     0     7     7  215.       0.267      0.02500   
 216    30   1     0     2     2  215.       0.292      0.02500   
 216    31   1     0     8     8  215.       0.317      0.02500   
 216    32   1     0    10    10  215.       0.342      0.02500   
 216    33   1     0    10    10  215.       0.367      0.02500   
 216    34   1     0    10    10  215.       0.392      0.02500   
 216    35   1     0    10    10  215.       0.417      0.02500   
 216    36   1     0    10    10  215.       0.442      0.02500   
 216    37   1     0     8     8  215.       0.467      0.02500   
 216    38   1     0     5     5  215.       0.492      0.02500   
 216    39   1     0     5     5  216.       0.517      0.02500   
 216    40   1     0     4     4  216.       0.542      0.02500   
 216    41   1     0     4     4  216.       0.567      0.02500   
 216    42   1     0     4     4  216.       0.592      0.02500   
 216    43   1     0     4     4  216.       0.617      0.02500   
 216    44   1     0     4     4  216.       0.642      0.02500   
 216    45   1     0     3     3  216.       0.667      0.02500   
 216    46   1     0     4     4  216.       0.692      0.02500   
 216    47   1     0     3     3  216.       0.717      0.02500   
 216    48   1     0     2     2  216.       0.742      0.02500   
 216    49   1     0    10    10  216.       0.767      0.02500   
 216    50   1     0     8     8  216.       0.792      0.02500   
 216    51   1     0     5     5  216.       0.817      0.02500   
 216    52   1     0    10    10  216.       0.842      0.02500   
 216    53   1     0    10    10  216.       0.867      0.02500   
 216    54   1     0    10    10  216.       0.892      0.02500   
 216    55   1     0    10    10  216.       0.917      0.02500   
 216    56   1     0    10    10  216.       0.942      0.02500   
 216    57   1     0     7     7  216.       0.967      0.02500   
 216    58   1     0     6     6  216.       0.992      0.02500   
 216    59   1     0    10    10  216.       1.00       0.007666  
 217     1   1     0    10    10  216.       0.00500    0.005000  
 217     2   1     0     7     7  216.       0.0100     0.005000  
 217     3   1     0     5     5  216.       0.0150     0.005000  
 217     4   1     0     3     3  216.       0.0200     0.005000  
 217     5   1     0     1     1  216.       0.0250     0.005000  
 217     6   1     0     6     6  216.       0.0325     0.007500  
 217     7   1     0     2     2  216.       0.0400     0.007500  
 217     8   1     0     4     4  216.       0.0475     0.007500  
 217     9   1     0     5     5  216.       0.0587     0.01125   
 217    10   1     0     4     4  216.       0.0700     0.01125   
 217    11   1     0     6     6  216.       0.0812     0.01125   
 217    12   1     0     4     4  216.       0.0925     0.01125   
 217    13   1     0     3     3  216.       0.104      0.01125   
 217    14   1     0     9     9  216.       0.121      0.01688   
 217    15   1     0     4     4  216.       0.137      0.01688   
 217    16   1     0     4     4  216.       0.154      0.01688   
 217    17   1     0     7     7  216.       0.179      0.02500   
 217    18   1     0     6     6  216.       0.204      0.02500   
 217    19   1     0     4     4  216.       0.229      0.02500   
 217    20   1     0    10    10  216.       0.254      0.02500   
 217    21   1     0     6     6  216.       0.279      0.02500   
 217    22   1     0     1     1  216.       0.304      0.02500   
 217    23   1     0    10    10  216.       0.329      0.02500   
 217    24   1     0    10    10  216.       0.354      0.02500   
 217    25   1     0    11    11  216.       0.379      0.02500   
 217    26   1     0    11    11  216.       0.398      0.01875   
 217    27   1     0    10    10  216.       0.412      0.01406   
 217    28   1     0     9     9  216.       0.426      0.01406   
 217    29   1     0     7     7  216.       0.440      0.01406   
 217    30   1     0     6     6  216.       0.454      0.01406   
 217    31   1     0     7     7  216.       0.468      0.01406   
 217    32   1     0     6     6  216.       0.482      0.01406   
 217    33   1     0     5     5  216.       0.497      0.01406   
 217    34   1     0     5     5  217.       0.511      0.01406   
 217    35   1     0     5     5  217.       0.525      0.01406   
 217    36   1     0     4     4  217.       0.539      0.01406   
 217    37   1     0     4     4  217.       0.553      0.01406   
 217    38   1     0     9     9  217.       0.574      0.02109   
 217    39   1     0     5     5  217.       0.595      0.02109   
 217    40   1     0     4     4  217.       0.616      0.02109   
 217    41   1     0     5     5  217.       0.637      0.02109   
 217    42   1     0     4     4  217.       0.658      0.02109   
 217    43   1     0     4     4  217.       0.679      0.02109   
 217    44   1     0     6     6  217.       0.704      0.02500   
 217    45   1     0     5     5  217.       0.729      0.02500   
 217    46   1     0    10    10  217.       0.754      0.02500   
 217    47   1     0     7     7  217.       0.779      0.02500   
 217    48   1     0     5     5  217.       0.804      0.02500   
 217    49   1     0     6     6  217.       0.829      0.02500   
 217    50   1     0    10    10  217.       0.854      0.02500   
 217    51   1     0    11    11  217.       0.879      0.02500   
 217    52   1     0    10    10  217.       0.898      0.01875   
 217    53   1     0    10    10  217.       0.917      0.01875   
 217    54   1     0     8     8  217.       0.936      0.01875   
 217    55   1     0     8     8  217.       0.954      0.01875   
 217    56   1     0     6     6  217.       0.973      0.01875   
 217    57   1     0     6     6  217.       0.992      0.01875   
 217    58   1     0    10    10  217.       1.00       0.008125  
 218     1   1     0    10    10  217.       0.00500    0.005000  
 218     2   1     0     8     8  217.       0.0100     0.005000  
 218     3   1     0     9     9  217.       0.0150     0.005000  
 218     4   1     0     6     6  217.       0.0200     0.005000  
 218     5   1     0     5     5  217.       0.0250     0.005000  
 218     6   1     0     3     3  217.       0.0300     0.005000  
 218     7   1     0     1     1  217.       0.0350     0.005000  
 218     8   1     0     9     9  217.       0.0425     0.007500  
 218     9   1     0     2     2  217.       0.0500     0.007500  
 218    10   1     0     5     5  217.       0.0575     0.007500  
 218    11   1     0     3     3  217.       0.0650     0.007500  
 218    12   1     0     2     2  217.       0.0725     0.007500  
 218    13   1     0     8     8  217.       0.0838     0.01125   
 218    14   1     0     3     3  217.       0.0950     0.01125   
 218    15   1     0     4     4  217.       0.106      0.01125   
 218    16   1     0     9     9  217.       0.123      0.01688   
 218    17   1     0     5     5  217.       0.140      0.01688   
 218    18   1     0     4     4  217.       0.157      0.01688   
 218    19   1     0     3     3  217.       0.174      0.01688   
 218    20   1     0     7     7  217.       0.199      0.02500   
 218    21   1     0     5     5  217.       0.224      0.02500   
 218    22   1     0     5     5  217.       0.249      0.02500   
 218    23   1     0     6     6  217.       0.274      0.02500   
 218    24   1     0     1     1  217.       0.299      0.02500   
 218    25   1     0     9     9  217.       0.324      0.02500   
 218    26   1     0    10    10  217.       0.349      0.02500   
 218    27   1     0    12    12  217.       0.374      0.02500   
 218    28   1     0    12    12  217.       0.393      0.01875   
 218    29   1     0    10    10  217.       0.407      0.01406   
 218    30   1     0     8     8  217.       0.421      0.01406   
 218    31   1     0     8     8  217.       0.435      0.01406   
 218    32   1     0     6     6  217.       0.449      0.01406   
 218    33   1     0     7     7  217.       0.463      0.01406   
 218    34   1     0     6     6  217.       0.477      0.01406   
 218    35   1     0     6     6  217.       0.491      0.01406   
 218    36   1     0     5     5  218.       0.505      0.01406   
 218    37   1     0     5     5  218.       0.519      0.01406   
 218    38   1     0     5     5  218.       0.533      0.01406   
 218    39   1     0     4     4  218.       0.547      0.01406   
 218    40   1     0     4     4  218.       0.561      0.01406   
 218    41   1     0     9     9  218.       0.582      0.02109   
 218    42   1     0     5     5  218.       0.603      0.02109   
 218    43   1     0     5     5  218.       0.625      0.02109   
 218    44   1     0     4     4  218.       0.646      0.02109   
 218    45   1     0     4     4  218.       0.667      0.02109   
 218    46   1     0     6     6  218.       0.692      0.02500   
 218    47   1     0     5     5  218.       0.717      0.02500   
 218    48   1     0     4     4  218.       0.742      0.02500   
 218    49   1     0    10    10  218.       0.767      0.02500   
 218    50   1     0     7     7  218.       0.792      0.02500   
 218    51   1     0     4     4  218.       0.817      0.02500   
 218    52   1     0    10    10  218.       0.842      0.02500   
 218    53   1     0    10    10  218.       0.867      0.02500   
 218    54   1     0    10    10  218.       0.892      0.02500   
 218    55   1     0    10    10  218.       0.917      0.02500   
 218    56   1     0     9     9  218.       0.942      0.02500   
 218    57   1     0     6     6  218.       0.967      0.02500   
 218    58   1     0     5     5  218.       0.992      0.02500   
 218    59   1     0    10    10  218.       1.00       0.008281  
 219     1   1     0    11    11  218.       0.00500    0.005000  
 219     2   1     0     7     7  218.       0.00875    0.003750  
 219     3   1     0    10    10  218.       0.0125     0.003750  
 219     4   1     0    10    10  218.       0.0163     0.003750  
 219     5   1     0     8     8  218.       0.0200     0.003750  
 219     6   1     0     7     7  218.       0.0238     0.003750  
 219     7   1     0     6     6  218.       0.0275     0.003750  
 219     8   1     0     4     4  218.       0.0312     0.003750  
 219     9   1     0     2     2  218.       0.0350     0.003750  
 219    10   1     0     8     8  218.       0.0406     0.005625  
 219    11   1     0     2     2  218.       0.0462     0.005625  
 219    12   1     0     4     4  218.       0.0519     0.005625  
 219    13   1     0     6     6  218.       0.0603     0.008438  
 219    14   1     0     2     2  218.       0.0688     0.008438  
 219    15   1     0     6     6  218.       0.0772     0.008438  
 219    16   1     0     4     4  218.       0.0856     0.008438  
 219    17   1     0     2     2  218.       0.0941     0.008438  
 219    18   1     0     9     9  218.       0.107      0.01266   
 219    19   1     0     4     4  218.       0.119      0.01266   
 219    20   1     0     4     4  218.       0.132      0.01266   
 219    21   1     0     8     8  218.       0.151      0.01898   
 219    22   1     0     4     4  218.       0.170      0.01898   
 219    23   1     0     4     4  218.       0.189      0.01898   
 219    24   1     0     7     7  218.       0.214      0.02500   
 219    25   1     0     6     6  218.       0.239      0.02500   
 219    26   1     0    10    10  218.       0.264      0.02500   
 219    27   1     0     5     5  218.       0.289      0.02500   
 219    28   1     0     4     4  218.       0.314      0.02500   
 219    29   1     0    10    10  218.       0.339      0.02500   
 219    30   1     0    10    10  218.       0.364      0.02500   
 219    31   1     0    11    11  218.       0.389      0.02500   
 219    32   1     0    10    10  218.       0.408      0.01875   
 219    33   1     0    10    10  218.       0.426      0.01875   
 219    34   1     0     9     9  218.       0.445      0.01875   
 219    35   1     0     6     6  218.       0.464      0.01875   
 219    36   1     0     6     6  218.       0.483      0.01875   
 219    37   1     0     5     5  219.       0.501      0.01875   
 219    38   1     0     5     5  219.       0.520      0.01875   
 219    39   1     0     5     5  219.       0.539      0.01875   
 219    40   1     0     4     4  219.       0.558      0.01875   
 219    41   1     0     3     3  219.       0.576      0.01875   
 219    42   1     0     7     7  219.       0.601      0.02500   
 219    43   1     0     5     5  219.       0.626      0.02500   
 219    44   1     0     4     4  219.       0.651      0.02500   
 219    45   1     0     4     4  219.       0.676      0.02500   
 219    46   1     0     3     3  219.       0.701      0.02500   
 219    47   1     0     4     4  219.       0.726      0.02500   
 219    48   1     0     8     8  219.       0.751      0.02500   
 219    49   1     0     7     7  219.       0.776      0.02500   
 219    50   1     0     6     6  219.       0.801      0.02500   
 219    51   1     0     4     4  219.       0.826      0.02500   
 219    52   1     0    10    10  219.       0.851      0.02500   
 219    53   1     0    10    10  219.       0.876      0.02500   
 219    54   1     0    10    10  219.       0.901      0.02500   
 219    55   1     0    10    10  219.       0.926      0.02500   
 219    56   1     0     7     7  219.       0.951      0.02500   
 219    57   1     0     5     5  219.       0.976      0.02500   
 219    58   1     0     6     6  219.       1.00       0.02352   
 220     1   1     0    10    10  219.       0.00500    0.005000  
 220     2   1     0    10    10  219.       0.0100     0.005000  
 220     3   1     0    10    10  219.       0.0150     0.005000  
 220     4   1     0     8     8  219.       0.0200     0.005000  
 220     5   1     0     6     6  219.       0.0250     0.005000  
 220     6   1     0     6     6  219.       0.0300     0.005000  
 220     7   1     0     5     5  219.       0.0350     0.005000  
 220     8   1     0     2     2  219.       0.0400     0.005000  
 220     9   1     0     1     1  219.       0.0450     0.005000  
 220    10   1     0     8     8  219.       0.0525     0.007500  
 220    11   1     0     2     2  219.       0.0600     0.007500  
 220    12   1     0     4     4  219.       0.0675     0.007500  
 220    13   1     0     9     9  219.       0.0788     0.01125   
 220    14   1     0     4     4  219.       0.0900     0.01125   
 220    15   1     0     4     4  219.       0.101      0.01125   
 220    16   1     0     8     8  219.       0.118      0.01688   
 220    17   1     0     5     5  219.       0.135      0.01688   
 220    18   1     0     5     5  219.       0.152      0.01688   
 220    19   1     0     3     3  219.       0.169      0.01688   
 220    20   1     0     2     2  219.       0.186      0.01688   
 220    21   1     0     7     7  219.       0.211      0.02500   
 220    22   1     0     6     6  219.       0.236      0.02500   
 220    23   1     0    10    10  219.       0.261      0.02500   
 220    24   1     0     6     6  219.       0.286      0.02500   
 220    25   1     0     3     3  219.       0.311      0.02500   
 220    26   1     0    10    10  219.       0.336      0.02500   
 220    27   1     0    10    10  219.       0.361      0.02500   
 220    28   1     0    11    11  219.       0.386      0.02500   
 220    29   1     0    10    10  219.       0.404      0.01875   
 220    30   1     0    10    10  219.       0.423      0.01875   
 220    31   1     0     9     9  219.       0.442      0.01875   
 220    32   1     0     7     7  219.       0.461      0.01875   
 220    33   1     0     5     5  219.       0.479      0.01875   
 220    34   1     0     5     5  219.       0.498      0.01875   
 220    35   1     0     5     5  220.       0.517      0.01875   
 220    36   1     0     5     5  220.       0.536      0.01875   
 220    37   1     0     4     4  220.       0.554      0.01875   
 220    38   1     0     3     3  220.       0.573      0.01875   
 220    39   1     0     7     7  220.       0.598      0.02500   
 220    40   1     0     5     5  220.       0.623      0.02500   
 220    41   1     0     4     4  220.       0.648      0.02500   
 220    42   1     0     4     4  220.       0.673      0.02500   
 220    43   1     0     4     4  220.       0.698      0.02500   
 220    44   1     0     3     3  220.       0.723      0.02500   
 220    45   1     0     3     3  220.       0.748      0.02500   
 220    46   1     0     8     8  220.       0.773      0.02500   
 220    47   1     0     6     6  220.       0.798      0.02500   
 220    48   1     0     3     3  220.       0.823      0.02500   
 220    49   1     0    10    10  220.       0.848      0.02500   
 220    50   1     0    10    10  220.       0.873      0.02500   
 220    51   1     0    11    11  220.       0.898      0.02500   
 220    52   1     0    10    10  220.       0.917      0.01875   
 220    53   1     0     8     8  220.       0.936      0.01875   
 220    54   1     0     7     7  220.       0.954      0.01875   
 220    55   1     0     7     7  220.       0.973      0.01875   
 220    56   1     0     7     7  220.       0.992      0.01875   
 220    57   1     0    10    10  220.       1.00       0.008125  
 221     1   1     0    10    10  220.       0.00500    0.005000  
 221     2   1     0     7     7  220.       0.0100     0.005000  
 221     3   1     0     7     7  220.       0.0150     0.005000  
 221     4   1     0     5     5  220.       0.0200     0.005000  
 221     5   1     0     3     3  220.       0.0250     0.005000  
 221     6   1     0     1     1  220.       0.0300     0.005000  
 221     7   1     0     7     7  220.       0.0375     0.007500  
 221     8   1     0     2     2  220.       0.0450     0.007500  
 221     9   1     0     4     4  220.       0.0525     0.007500  
 221    10   1     0     9     9  220.       0.0638     0.01125   
 221    11   1     0     5     5  220.       0.0750     0.01125   
 221    12   1     0     4     4  220.       0.0862     0.01125   
 221    13   1     0     4     4  220.       0.0975     0.01125   
 221    14   1     0     9     9  220.       0.114      0.01688   
 221    15   1     0     4     4  220.       0.131      0.01688   
 221    16   1     0     5     5  220.       0.148      0.01688   
 221    17   1     0     2     2  220.       0.165      0.01688   
 221    18   1     0     2     2  220.       0.182      0.01688   
 221    19   1     0     7     7  220.       0.207      0.02500   
 221    20   1     0     6     6  220.       0.232      0.02500   
 221    21   1     0    10    10  220.       0.257      0.02500   
 221    22   1     0     4     4  220.       0.282      0.02500   
 221    23   1     0     3     3  220.       0.307      0.02500   
 221    24   1     0    10    10  220.       0.332      0.02500   
 221    25   1     0    10    10  220.       0.357      0.02500   
 221    26   1     0    11    11  220.       0.382      0.02500   
 221    27   1     0    10    10  220.       0.401      0.01875   
 221    28   1     0    10    10  220.       0.419      0.01875   
 221    29   1     0     9     9  220.       0.438      0.01875   
 221    30   1     0     7     7  220.       0.457      0.01875   
 221    31   1     0     5     5  220.       0.476      0.01875   
 221    32   1     0     5     5  220.       0.494      0.01875   
 221    33   1     0     5     5  221.       0.513      0.01875   
 221    34   1     0     5     5  221.       0.532      0.01875   
 221    35   1     0     4     4  221.       0.551      0.01875   
 221    36   1     0     3     3  221.       0.569      0.01875   
 221    37   1     0     7     7  221.       0.594      0.02500   
 221    38   1     0     5     5  221.       0.619      0.02500   
 221    39   1     0     4     4  221.       0.644      0.02500   
 221    40   1     0     4     4  221.       0.669      0.02500   
 221    41   1     0     4     4  221.       0.694      0.02500   
 221    42   1     0     3     3  221.       0.719      0.02500   
 221    43   1     0     3     3  221.       0.744      0.02500   
 221    44   1     0     9     9  221.       0.769      0.02500   
 221    45   1     0     8     8  221.       0.794      0.02500   
 221    46   1     0     4     4  221.       0.819      0.02500   
 221    47   1     0    10    10  221.       0.844      0.02500   
 221    48   1     0    12    12  221.       0.869      0.02500   
 221    49   1     0    10    10  221.       0.888      0.01875   
 221    50   1     0    11    11  221.       0.907      0.01875   
 221    51   1     0    10    10  221.       0.921      0.01406   
 221    52   1     0    10    10  221.       0.935      0.01406   
 221    53   1     0     8     8  221.       0.949      0.01406   
 221    54   1     0     6     6  221.       0.963      0.01406   
 221    55   1     0     7     7  221.       0.977      0.01406   
 221    56   1     0     5     5  221.       0.991      0.01406   
 221    57   1     0    10    10  221.       1.00       0.008750  
 222     1   1     0    10    10  221.       0.00500    0.005000  
 222     2   1     0     4     4  221.       0.0100     0.005000  
 222     3   1     0     5     5  221.       0.0150     0.005000  
 222     4   1     0     3     3  221.       0.0200     0.005000  
 222     5   1     0     1     1  221.       0.0250     0.005000  
 222     6   1     0     7     7  221.       0.0325     0.007500  
 222     7   1     0     2     2  221.       0.0400     0.007500  
 222     8   1     0     4     4  221.       0.0475     0.007500  
 222     9   1     0     8     8  221.       0.0587     0.01125   
 222    10   1     0     5     5  221.       0.0700     0.01125   
 222    11   1     0     4     4  221.       0.0812     0.01125   
 222    12   1     0     4     4  221.       0.0925     0.01125   
 222    13   1     0     9     9  221.       0.109      0.01688   
 222    14   1     0     4     4  221.       0.126      0.01688   
 222    15   1     0     5     5  221.       0.143      0.01688   
 222    16   1     0     3     3  221.       0.160      0.01688   
 222    17   1     0     2     2  221.       0.177      0.01688   
 222    18   1     0     7     7  221.       0.202      0.02500   
 222    19   1     0     6     6  221.       0.227      0.02500   
 222    20   1     0     8     8  221.       0.252      0.02500   
 222    21   1     0     5     5  221.       0.277      0.02500   
 222    22   1     0     1     1  221.       0.302      0.02500   
 222    23   1     0    10    10  221.       0.327      0.02500   
 222    24   1     0    10    10  221.       0.352      0.02500   
 222    25   1     0    12    12  221.       0.377      0.02500   
 222    26   1     0    10    10  221.       0.396      0.01875   
 222    27   1     0    10    10  221.       0.414      0.01875   
 222    28   1     0    10    10  221.       0.433      0.01875   
 222    29   1     0     7     7  221.       0.452      0.01875   
 222    30   1     0     6     6  221.       0.471      0.01875   
 222    31   1     0     5     5  221.       0.489      0.01875   
 222    32   1     0     5     5  222.       0.508      0.01875   
 222    33   1     0     5     5  222.       0.527      0.01875   
 222    34   1     0     4     4  222.       0.546      0.01875   
 222    35   1     0     4     4  222.       0.564      0.01875   
 222    36   1     0     7     7  222.       0.589      0.02500   
 222    37   1     0     5     5  222.       0.614      0.02500   
 222    38   1     0     4     4  222.       0.639      0.02500   
 222    39   1     0     4     4  222.       0.664      0.02500   
 222    40   1     0     4     4  222.       0.689      0.02500   
 222    41   1     0     3     3  222.       0.714      0.02500   
 222    42   1     0     3     3  222.       0.739      0.02500   
 222    43   1     0    10    10  222.       0.764      0.02500   
 222    44   1     0     8     8  222.       0.789      0.02500   
 222    45   1     0     6     6  222.       0.814      0.02500   
 222    46   1     0     8     8  222.       0.839      0.02500   
 222    47   1     0    10    10  222.       0.864      0.02500   
 222    48   1     0    10    10  222.       0.889      0.02500   
 222    49   1     0    10    10  222.       0.914      0.02500   
 222    50   1     0    10    10  222.       0.939      0.02500   
 222    51   1     0     6     6  222.       0.964      0.02500   
 222    52   1     0     5     5  222.       0.989      0.02500   
 222    53   1     0    10    10  222.       1.00       0.01062   
 223     1   1     0    10    10  222.       0.00500    0.005000  
 223     2   1     0     9     9  222.       0.0100     0.005000  
 223     3   1     0    10    10  222.       0.0150     0.005000  
 223     4   1     0     6     6  222.       0.0200     0.005000  
 223     5   1     0     7     7  222.       0.0250     0.005000  
 223     6   1     0     4     4  222.       0.0300     0.005000  
 223     7   1     0     2     2  222.       0.0350     0.005000  
 223     8   1     0     8     8  222.       0.0425     0.007500  
 223     9   1     0     2     2  222.       0.0500     0.007500  
 223    10   1     0     4     4  222.       0.0575     0.007500  
 223    11   1U    0     5     5  222.       0.0575     0.01125   
 223    11   2     0    10    10  222.       0.0603     0.002812  
 223    12   1     0     4     4  222.       0.0631     0.002812  
 223    13   1     0     5     5  222.       0.0659     0.002812  
 223    14   1     0     4     4  222.       0.0687     0.002812  
 223    15   1     0     3     3  222.       0.0716     0.002812  
 223    16   1     0     8     8  222.       0.0758     0.004219  
 223    17   1     0     1     1  222.       0.0800     0.004219  
 223    18   1     0     1     1  222.       0.0842     0.004219  
 223    19   1     0     5     5  222.       0.0905     0.006328  
 223    20   1     0     1     1  222.       0.0969     0.006328  
 223    21   1     0     2     2  222.       0.103      0.006328  
 223    22   1     0     5     5  222.       0.113      0.009492  
 223    23   1     0     2     2  222.       0.122      0.009492  
 223    24   1     0     3     3  222.       0.132      0.009492  
 223    25   1     0     7     7  222.       0.146      0.01424   
 223    26   1     0     4     4  222.       0.160      0.01424   
 223    27   1     0     4     4  222.       0.174      0.01424   
 223    28   1     0     7     7  222.       0.196      0.02136   
 223    29   1     0     4     4  222.       0.217      0.02136   
 223    30   1     0     4     4  222.       0.238      0.02136   
 223    31   1     0    10    10  222.       0.263      0.02500   
 223    32   1     0     2     2  222.       0.288      0.02500   
 223    33   1     0     6     6  222.       0.313      0.02500   
 223    34   1     0    10    10  222.       0.338      0.02500   
 223    35   1     0    10    10  222.       0.363      0.02500   
 223    36   1     0    11    11  222.       0.388      0.02500   
 223    37   1     0    10    10  222.       0.407      0.01875   
 223    38   1     0    10    10  222.       0.426      0.01875   
 223    39   1     0     9     9  222.       0.445      0.01875   
 223    40   1     0     7     7  222.       0.463      0.01875   
 223    41   1     0     5     5  222.       0.482      0.01875   
 223    42   1     0     5     5  223.       0.501      0.01875   
 223    43   1     0     5     5  223.       0.520      0.01875   
 223    44   1     0     5     5  223.       0.538      0.01875   
 223    45   1     0     4     4  223.       0.557      0.01875   
 223    46   1     0     3     3  223.       0.576      0.01875   
 223    47   1     0     7     7  223.       0.601      0.02500   
 223    48   1     0     5     5  223.       0.626      0.02500   
 223    49   1     0     4     4  223.       0.651      0.02500   
 223    50   1     0     4     4  223.       0.676      0.02500   
 223    51   1     0     4     4  223.       0.701      0.02500   
 223    52   1     0     3     3  223.       0.726      0.02500   
 223    53   1     0     7     7  223.       0.751      0.02500   
 223    54   1     0     7     7  223.       0.776      0.02500   
 223    55   1     0     5     5  223.       0.801      0.02500   
 223    56   1     0     4     4  223.       0.826      0.02500   
 223    57   1     0    10    10  223.       0.851      0.02500   
 223    58   1     0    10    10  223.       0.876      0.02500   
 223    59   1     0    10    10  223.       0.901      0.02500   
 223    60   1     0    10    10  223.       0.926      0.02500   
 223    61   1     0     6     6  223.       0.951      0.02500   
 223    62   1     0     5     5  223.       0.976      0.02500   
 223    63   1     0     6     6  223.       1.00       0.02403   
 224     1   1     0    10    10  223.       0.00500    0.005000  
 224     2   1     0    10    10  223.       0.0100     0.005000  
 224     3   1     0    10    10  223.       0.0150     0.005000  
 224     4   1     0     7     7  223.       0.0200     0.005000  
 224     5   1     0     6     6  223.       0.0250     0.005000  
 224     6   1     0     4     4  223.       0.0300     0.005000  
 224     7   1     0     2     2  223.       0.0350     0.005000  
 224     8   1     0     7     7  223.       0.0425     0.007500  
 224     9   1     0     2     2  223.       0.0500     0.007500  
 224    10   1     0     4     4  223.       0.0575     0.007500  
 224    11   1U    0     4     4  223.       0.0575     0.01125   
 224    11   2     0     9     9  223.       0.0603     0.002812  
 224    12   1     0     3     3  223.       0.0631     0.002812  
 224    13   1     0     4     4  223.       0.0659     0.002812  
 224    14   1     0     8     8  223.       0.0702     0.004219  
 224    15   1     0     1     1  223.       0.0744     0.004219  
 224    16   1     0     2     2  223.       0.0786     0.004219  
 224    17   1     0     6     6  223.       0.0849     0.006328  
 224    18   1     0     1     1  223.       0.0912     0.006328  
 224    19   1     0     2     2  223.       0.0976     0.006328  
 224    20   1     0     4     4  223.       0.107      0.009492  
 224    21   1     0     7     7  223.       0.121      0.01424   
 224    22   1     0     5     5  223.       0.136      0.01424   
 224    23   1     0     5     5  223.       0.150      0.01424   
 224    24   1     0     3     3  223.       0.164      0.01424   
 224    25   1     0     2     2  223.       0.178      0.01424   
 224    26   1     0     8     8  223.       0.200      0.02136   
 224    27   1     0     4     4  223.       0.221      0.02136   
 224    28   1     0     4     4  223.       0.242      0.02136   
 224    29   1     0     7     7  223.       0.267      0.02500   
 224    30   1     0     2     2  223.       0.292      0.02500   
 224    31   1     0     8     8  223.       0.317      0.02500   
 224    32   1     0    10    10  223.       0.342      0.02500   
 224    33   1     0    10    10  223.       0.367      0.02500   
 224    34   1     0    10    10  223.       0.392      0.02500   
 224    35   1     0    10    10  223.       0.417      0.02500   
 224    36   1     0    10    10  223.       0.442      0.02500   
 224    37   1     0     8     8  223.       0.467      0.02500   
 224    38   1     0     5     5  223.       0.492      0.02500   
 224    39   1     0     5     5  224.       0.517      0.02500   
 224    40   1     0     4     4  224.       0.542      0.02500   
 224    41   1     0     4     4  224.       0.567      0.02500   
 224    42   1     0     4     4  224.       0.592      0.02500   
 224    43   1     0     5     5  224.       0.617      0.02500   
 224    44   1     0     4     4  224.       0.642      0.02500   
 224    45   1     0     3     3  224.       0.667      0.02500   
 224    46   1     0     4     4  224.       0.692      0.02500   
 224    47   1     0     3     3  224.       0.717      0.02500   
 224    48   1     0     2     2  224.       0.742      0.02500   
 224    49   1     0    10    10  224.       0.767      0.02500   
 224    50   1     0     8     8  224.       0.792      0.02500   
 224    51   1     0     5     5  224.       0.817      0.02500   
 224    52   1     0    10    10  224.       0.842      0.02500   
 224    53   1     0    10    10  224.       0.867      0.02500   
 224    54   1     0    10    10  224.       0.892      0.02500   
 224    55   1     0    10    10  224.       0.917      0.02500   
 224    56   1     0    10    10  224.       0.942      0.02500   
 224    57   1     0     7     7  224.       0.967      0.02500   
 224    58   1     0     6     6  224.       0.992      0.02500   
 224    59   1     0    10    10  224.       1.00       0.007666  
 225     1   1     0    10    10  224.       0.00500    0.005000  
 225     2   1     0     7     7  224.       0.0100     0.005000  
 225     3   1     0     5     5  224.       0.0150     0.005000  
 225     4   1     0     3     3  224.       0.0200     0.005000  
 225     5   1     0     1     1  224.       0.0250     0.005000  
 225     6   1     0     6     6  224.       0.0325     0.007500  
 225     7   1     0     2     2  224.       0.0400     0.007500  
 225     8   1     0     4     4  224.       0.0475     0.007500  
 225     9   1     0     5     5  224.       0.0587     0.01125   
 225    10   1     0     4     4  224.       0.0700     0.01125   
 225    11   1     0     6     6  224.       0.0812     0.01125   
 225    12   1     0     4     4  224.       0.0925     0.01125   
 225    13   1     0     3     3  224.       0.104      0.01125   
 225    14   1     0     9     9  224.       0.121      0.01688   
 225    15   1     0     4     4  224.       0.137      0.01688   
 225    16   1     0     4     4  224.       0.154      0.01688   
 225    17   1     0     7     7  224.       0.179      0.02500   
 225    18   1     0     6     6  224.       0.204      0.02500   
 225    19   1     0     4     4  224.       0.229      0.02500   
 225    20   1     0    10    10  224.       0.254      0.02500   
 225    21   1     0     6     6  224.       0.279      0.02500   
 225    22   1     0     1     1  224.       0.304      0.02500   
 225    23   1     0    10    10  224.       0.329      0.02500   
 225    24   1     0    10    10  224.       0.354      0.02500   
 225    25   1     0    11    11  224.       0.379      0.02500   
 225    26   1     0    11    11  224.       0.398      0.01875   
 225    27   1     0    10    10  224.       0.412      0.01406   
 225    28   1     0     9     9  224.       0.426      0.01406   
 225    29   1     0     7     7  224.       0.440      0.01406   
 225    30   1     0     6     6  224.       0.454      0.01406   
 225    31   1     0     7     7  224.       0.468      0.01406   
 225    32   1     0     6     6  224.       0.482      0.01406   
 225    33   1     0     5     5  224.       0.497      0.01406   
 225    34   1     0     5     5  225.       0.511      0.01406   
 225    35   1     0     5     5  225.       0.525      0.01406   
 225    36   1     0     4     4  225.       0.539      0.01406   
 225    37   1     0     4     4  225.       0.553      0.01406   
 225    38   1     0     9     9  225.       0.574      0.02109   
 225    39   1     0     5     5  225.       0.595      0.02109   
 225    40   1     0     4     4  225.       0.616      0.02109   
 225    41   1     0     5     5  225.       0.637      0.02109   
 225    42   1     0     4     4  225.       0.658      0.02109   
 225    43   1     0     4     4  225.       0.679      0.02109   
 225    44   1     0     6     6  225.       0.704      0.02500   
 225    45   1     0     5     5  225.       0.729      0.02500   
 225    46   1     0    10    10  225.       0.754      0.02500   
 225    47   1     0     7     7  225.       0.779      0.02500   
 225    48   1     0     5     5  225.       0.804      0.02500   
 225    49   1     0     6     6  225.       0.829      0.02500   
 225    50   1     0    10    10  225.       0.854      0.02500   
 225    51   1     0    11    11  225.       0.879      0.02500   
 225    52   1     0    10    10  225.       0.898      0.01875   
 225    53   1     0    10    10  225.       0.917      0.01875   
 225    54   1     0     8     8  225.       0.936      0.01875   
 225    55   1     0     8     8  225.       0.954      0.01875   
 225    56   1     0     6     6  225.       0.973      0.01875   
 225    57   1     0     6     6  225.       0.992      0.01875   
 225    58   1     0    10    10  225.       1.00       0.008125  
 226     1   1     0    10    10  225.       0.00500    0.005000  
 226     2   1     0     8     8  225.       0.0100     0.005000  
 226     3   1     0     9     9  225.       0.0150     0.005000  
 226     4   1     0     6     6  225.       0.0200     0.005000  
 226     5   1     0     5     5  225.       0.0250     0.005000  
 226     6   1     0     3     3  225.       0.0300     0.005000  
 226     7   1     0     1     1  225.       0.0350     0.005000  
 226     8   1     0     9     9  225.       0.0425     0.007500  
 226     9   1     0     2     2  225.       0.0500     0.007500  
 226    10   1     0     5     5  225.       0.0575     0.007500  
 226    11   1     0     3     3  225.       0.0650     0.007500  
 226    12   1     0     2     2  225.       0.0725     0.007500  
 226    13   1     0     8     8  225.       0.0838     0.01125   
 226    14   1     0     3     3  225.       0.0950     0.01125   
 226    15   1     0     4     4  225.       0.106      0.01125   
 226    16   1     0     9     9  225.       0.123      0.01688   
 226    17   1     0     5     5  225.       0.140      0.01688   
 226    18   1     0     4     4  225.       0.157      0.01688   
 226    19   1     0     3     3  225.       0.174      0.01688   
 226    20   1     0     7     7  225.       0.199      0.02500   
 226    21   1     0     5     5  225.       0.224      0.02500   
 226    22   1     0     5     5  225.       0.249      0.02500   
 226    23   1     0     6     6  225.       0.274      0.02500   
 226    24   1     0     1     1  225.       0.299      0.02500   
 226    25   1     0     9     9  225.       0.324      0.02500   
 226    26   1     0    10    10  225.       0.349      0.02500   
 226    27   1     0    12    12  225.       0.374      0.02500   
 226    28   1     0    12    12  225.       0.393      0.01875   
 226    29   1     0    10    10  225.       0.407      0.01406   
 226    30   1     0     8     8  225.       0.421      0.01406   
 226    31   1     0     8     8  225.       0.435      0.01406   
 226    32   1     0     6     6  225.       0.449      0.01406   
 226    33   1     0     7     7  225.       0.463      0.01406   
 226    34   1     0     6     6  225.       0.477      0.01406   
 226    35   1     0     6     6  225.       0.491      0.01406   
 226    36   1     0     5     5  226.       0.505      0.01406   
 226    37   1     0     5     5  226.       0.519      0.01406   
 226    38   1     0     5     5  226.       0.533      0.01406   
 226    39   1     0     4     4  226.       0.547      0.01406   
 226    40   1     0     4     4  226.       0.561      0.01406   
 226    41   1     0     9     9  226.       0.582      0.02109   
 226    42   1     0     5     5  226.       0.603      0.02109   
 226    43   1     0     5     5  226.       0.625      0.02109   
 226    44   1     0     4     4  226.       0.646      0.02109   
 226    45   1     0     4     4  226.       0.667      0.02109   
 226    46   1     0     6     6  226.       0.692      0.02500   
 226    47   1     0     5     5  226.       0.717      0.02500   
 226    48   1     0     4     4  226.       0.742      0.02500   
 226    49   1     0    10    10  226.       0.767      0.02500   
 226    50   1     0     7     7  226.       0.792      0.02500   
 226    51   1     0     4     4  226.       0.817      0.02500   
 226    52   1     0    10    10  226.       0.842      0.02500   
 226    53   1     0    10    10  226.       0.867      0.02500   
 226    54   1     0    10    10  226.       0.892      0.02500   
 226    55   1     0    10    10  226.       0.917      0.02500   
 226    56   1     0     9     9  226.       0.942      0.02500   
 226    57   1     0     6     6  226.       0.967      0.02500   
 226    58   1     0     5     5  226.       0.992      0.02500   
 226    59   1     0    10    10  226.       1.00       0.008281  
 227     1   1     0    11    11  226.       0.00500    0.005000  
 227     2   1     0     7     7  226.       0.00875    0.003750  
 227     3   1     0    10    10  226.       0.0125     0.003750  
 227     4   1     0    10    10  226.       0.0163     0.003750  
 227     5   1     0     8     8  226.       0.0200     0.003750  
 227     6   1     0     7     7  226.       0.0238     0.003750  
 227     7   1     0     6     6  226.       0.0275     0.003750  
 227     8   1     0     4     4  226.       0.0312     0.003750  
 227     9   1     0     2     2  226.       0.0350     0.003750  
 227    10   1     0     8     8  226.       0.0406     0.005625  
 227    11   1     0     2     2  226.       0.0462     0.005625  
 227    12   1     0     4     4  226.       0.0519     0.005625  
 227    13   1     0     6     6  226.       0.0603     0.008438  
 227    14   1     0     2     2  226.       0.0688     0.008438  
 227    15   1     0     6     6  226.       0.0772     0.008438  
 227    16   1     0     4     4  226.       0.0856     0.008438  
 227    17   1     0     2     2  226.       0.0941     0.008438  
 227    18   1     0     9     9  226.       0.107      0.01266   
 227    19   1     0     4     4  226.       0.119      0.01266   
 227    20   1     0     4     4  226.       0.132      0.01266   
 227    21   1     0     8     8  226.       0.151      0.01898   
 227    22   1     0     4     4  226.       0.170      0.01898   
 227    23   1     0     4     4  226.       0.189      0.01898   
 227    24   1     0     7     7  226.       0.214      0.02500   
 227    25   1     0     6     6  226.       0.239      0.02500   
 227    26   1     0    10    10  226.       0.264      0.02500   
 227    27   1     0     5     5  226.       0.289      0.02500   
 227    28   1     0     4     4  226.       0.314      0.02500   
 227    29   1     0    10    10  226.       0.339      0.02500   
 227    30   1     0    10    10  226.       0.364      0.02500   
 227    31   1     0    11    11  226.       0.389      0.02500   
 227    32   1     0    10    10  226.       0.408      0.01875   
 227    33   1     0    10    10  226.       0.426      0.01875   
 227    34   1     0     9     9  226.       0.445      0.01875   
 227    35   1     0     6     6  226.       0.464      0.01875   
 227    36   1     0     6     6  226.       0.483      0.01875   
 227    37   1     0     5     5  227.       0.501      0.01875   
 227    38   1     0     5     5  227.       0.520      0.01875   
 227    39   1     0     5     5  227.       0.539      0.01875   
 227    40   1     0     4     4  227.       0.558      0.01875   
 227    41   1     0     3     3  227.       0.576      0.01875   
 227    42   1     0     7     7  227.       0.601      0.02500   
 227    43   1     0     5     5  227.       0.626      0.02500   
 227    44   1     0     4     4  227.       0.651      0.02500   
 227    45   1     0     4     4  227.       0.676      0.02500   
 227    46   1     0     3     3  227.       0.701      0.02500   
 227    47   1     0     4     4  227.       0.726      0.02500   
 227    48   1     0     8     8  227.       0.751      0.02500   
 227    49   1     0     7     7  227.       0.776      0.02500   
 227    50   1     0     6     6  227.       0.801      0.02500   
 227    51   1     0     4     4  227.       0.826      0.02500   
 227    52   1     0    10    10  227.       0.851      0.02500   
 227    53   1     0    10    10  227.       0.876      0.02500   
 227    54   1     0    10    10  227.       0.901      0.02500   
 227    55   1     0    10    10  227.       0.926      0.02500   
 227    56   1     0     7     7  227.       0.951      0.02500   
 227    57   1     0     5     5  227.       0.976      0.02500   
 227    58   1     0     6     6  227.       1.00       0.02352   
 228     1   1     0    10    10  227.       0.00500    0.005000  
 228     2   1     0    10    10  227.       0.0100     0.005000  
 228     3   1     0    10    10  227.       0.0150     0.005000  
 228     4   1     0     8     8  227.       0.0200     0.005000  
 228     5   1     0     6     6  227.       0.0250     0.005000  
 228     6   1     0     6     6  227.       0.0300     0.005000  
 228     7   1     0     5     5  227.       0.0350     0.005000  
 228     8   1     0     2     2  227.       0.0400     0.005000  
 228     9   1     0     1     1  227.       0.0450     0.005000  
 228    10   1     0     8     8  227.       0.0525     0.007500  
 228    11   1     0     2     2  227.       0.0600     0.007500  
 228    12   1     0     4     4  227.       0.0675     0.007500  
 228    13   1     0     9     9  227.       0.0788     0.01125   
 228    14   1     0     4     4  227.       0.0900     0.01125   
 228    15   1     0     4     4  227.       0.101      0.01125   
 228    16   1     0     8     8  227.       0.118      0.01688   
 228    17   1     0     5     5  227.       0.135      0.01688   
 228    18   1     0     5     5  227.       0.152      0.01688   
 228    19   1     0     3     3  227.       0.169      0.01688   
 228    20   1     0     2     2  227.       0.186      0.01688   
 228    21   1     0     7     7  227.       0.211      0.02500   
 228    22   1     0     6     6  227.       0.236      0.02500   
 228    23   1     0    10    10  227.       0.261      0.02500   
 228    24   1     0     6     6  227.       0.286      0.02500   
 228    25   1     0     3     3  227.       0.311      0.02500   
 228    26   1     0    10    10  227.       0.336      0.02500   
 228    27   1     0    10    10  227.       0.361      0.02500   
 228    28   1     0    11    11  227.       0.386      0.02500   
 228    29   1     0    10    10  227.       0.404      0.01875   
 228    30   1     0    10    10  227.       0.423      0.01875   
 228    31   1     0     9     9  227.       0.442      0.01875   
 228    32   1     0     7     7  227.       0.461      0.01875   
 228    33   1     0     5     5  227.       0.479      0.01875   
 228    34   1     0     5     5  227.       0.498      0.01875   
 228    35   1     0     5     5  228.       0.517      0.01875   
 228    36   1     0     5     5  228.       0.536      0.01875   
 228    37   1     0     4     4  228.       0.554      0.01875   
 228    38   1     0     3     3  228.       0.573      0.01875   
 228    39   1     0     7     7  228.       0.598      0.02500   
 228    40   1     0     5     5  228.       0.623      0.02500   
 228    41   1     0     4     4  228.       0.648      0.02500   
 228    42   1     0     4     4  228.       0.673      0.02500   
 228    43   1     0     4     4  228.       0.698      0.02500   
 228    44   1     0     3     3  228.       0.723      0.02500   
 228    45   1     0     3     3  228.       0.748      0.02500   
 228    46   1     0     8     8  228.       0.773      0.02500   
 228    47   1     0     6     6  228.       0.798      0.02500   
 228    48   1     0     3     3  228.       0.823      0.02500   
 228    49   1     0    10    10  228.       0.848      0.02500   
 228    50   1     0    10    10  228.       0.873      0.02500   
 228    51   1     0    11    11  228.       0.898      0.02500   
 228    52   1     0    10    10  228.       0.917      0.01875   
 228    53   1     0     8     8  228.       0.936      0.01875   
 228    54   1     0     7     7  228.       0.954      0.01875   
 228    55   1     0     7     7  228.       0.973      0.01875   
 228    56   1     0     7     7  228.       0.992      0.01875   
 228    57   1     0    10    10  228.       1.00       0.008125  
 229     1   1     0    10    10  228.       0.00500    0.005000  
 229     2   1     0     7     7  228.       0.0100     0.005000  
 229     3   1     0     7     7  228.       0.0150     0.005000  
 229     4   1     0     5     5  228.       0.0200     0.005000  
 229     5   1     0     3     3  228.       0.0250     0.005000  
 229     6   1     0     1     1  228.       0.0300     0.005000  
 229     7   1     0     7     7  228.       0.0375     0.007500  
 229     8   1     0     2     2  228.       0.0450     0.007500  
 229     9   1     0     4     4  228.       0.0525     0.007500  
 229    10   1     0     9     9  228.       0.0638     0.01125   
 229    11   1     0     5     5  228.       0.0750     0.01125   
 229    12   1     0     4     4  228.       0.0862     0.01125   
 229    13   1     0     4     4  228.       0.0975     0.01125   
 229    14   1     0     9     9  228.       0.114      0.01688   
 229    15   1     0     4     4  228.       0.131      0.01688   
 229    16   1     0     5     5  228.       0.148      0.01688   
 229    17   1     0     3     3  228.       0.165      0.01688   
 229    18   1     0     2     2  228.       0.182      0.01688   
 229    19   1     0     7     7  228.       0.207      0.02500   
 229    20   1     0     6     6  228.       0.232      0.02500   
 229    21   1     0    10    10  228.       0.257      0.02500   
 229    22   1     0     4     4  228.       0.282      0.02500   
 229    23   1     0     3     3  228.       0.307      0.02500   
 229    24   1     0    10    10  228.       0.332      0.02500   
 229    25   1     0    10    10  228.       0.357      0.02500   
 229    26   1     0    11    11  228.       0.382      0.02500   
 229    27   1     0    10    10  228.       0.401      0.01875   
 229    28   1     0    10    10  228.       0.419      0.01875   
 229    29   1     0     9     9  228.       0.438      0.01875   
 229    30   1     0     7     7  228.       0.457      0.01875   
 229    31   1     0     5     5  228.       0.476      0.01875   
 229    32   1     0     5     5  228.       0.494      0.01875   
 229    33   1     0     5     5  229.       0.513      0.01875   
 229    34   1     0     5     5  229.       0.532      0.01875   
 229    35   1     0     4     4  229.       0.551      0.01875   
 229    36   1     0     3     3  229.       0.569      0.01875   
 229    37   1     0     7     7  229.       0.594      0.02500   
 229    38   1     0     5     5  229.       0.619      0.02500   
 229    39   1     0     4     4  229.       0.644      0.02500   
 229    40   1     0     4     4  229.       0.669      0.02500   
 229    41   1     0     4     4  229.       0.694      0.02500   
 229    42   1     0     3     3  229.       0.719      0.02500   
 229    43   1     0     3     3  229.       0.744      0.02500   
 229    44   1     0     9     9  229.       0.769      0.02500   
 229    45   1     0     8     8  229.       0.794      0.02500   
 229    46   1     0     4     4  229.       0.819      0.02500   
 229    47   1     0    10    10  229.       0.844      0.02500   
 229    48   1     0    12    12  229.       0.869      0.02500   
 229    49   1     0    10    10  229.       0.888      0.01875   
 229    50   1     0    11    11  229.       0.907      0.01875   
 229    51   1     0    10    10  229.       0.921      0.01406   
 229    52   1     0    10    10  229.       0.935      0.01406   
 229    53   1     0     8     8  229.       0.949      0.01406   
 229    54   1     0     6     6  229.       0.963      0.01406   
 229    55   1     0     7     7  229.       0.977      0.01406   
 229    56   1     0     5     5  229.       0.991      0.01406   
 229    57   1     0    10    10  229.       1.00       0.008750  
 230     1   1     0    10    10  229.       0.00500    0.005000  
 230     2   1     0     4     4  229.       0.0100     0.005000  
 230     3   1     0     5     5  229.       0.0150     0.005000  
 230     4   1     0     3     3  229.       0.0200     0.005000  
 230     5   1     0     1     1  229.       0.0250     0.005000  
 230     6   1     0     7     7  229.       0.0325     0.007500  
 230     7   1     0     2     2  229.       0.0400     0.007500  
 230     8   1     0     4     4  229.       0.0475     0.007500  
 230     9   1     0     8     8  229.       0.0587     0.01125   
 230    10   1     0     5     5  229.       0.0700     0.01125   
 230    11   1     0     4     4  229.       0.0812     0.01125   
 230    12   1     0     4     4  229.       0.0925     0.01125   
 230    13   1     0     9     9  229.       0.109      0.01688   
 230    14   1     0     5     5  229.       0.126      0.01688   
 230    15   1     0     5     5  229.       0.143      0.01688   
 230    16   1     0     3     3  229.       0.160      0.01688   
 230    17   1     0     2     2  229.       0.177      0.01688   
 230    18   1     0     7     7  229.       0.202      0.02500   
 230    19   1     0     6     6  229.       0.227      0.02500   
 230    20   1     0     8     8  229.       0.252      0.02500   
 230    21   1     0     5     5  229.       0.277      0.02500   
 230    22   1     0     1     1  229.       0.302      0.02500   
 230    23   1     0    10    10  229.       0.327      0.02500   
 230    24   1     0    10    10  229.       0.352      0.02500   
 230    25   1     0    12    12  229.       0.377      0.02500   
 230    26   1     0    10    10  229.       0.396      0.01875   
 230    27   1     0    10    10  229.       0.414      0.01875   
 230    28   1     0    10    10  229.       0.433      0.01875   
 230    29   1     0     7     7  229.       0.452      0.01875   
 230    30   1     0     6     6  229.       0.471      0.01875   
 230    31   1     0     5     5  229.       0.489      0.01875   
 230    32   1     0     5     5  230.       0.508      0.01875   
 230    33   1     0     5     5  230.       0.527      0.01875   
 230    34   1     0     4     4  230.       0.546      0.01875   
 230    35   1     0     4     4  230.       0.564      0.01875   
 230    36   1     0     7     7  230.       0.589      0.02500   
 230    37   1     0     5     5  230.       0.614      0.02500   
 230    38   1     0     4     4  230.       0.639      0.02500   
 230    39   1     0     4     4  230.       0.664      0.02500   
 230    40   1     0     4     4  230.       0.689      0.02500   
 230    41   1     0     3     3  230.       0.714      0.02500   
 230    42   1     0     3     3  230.       0.739      0.02500   
 230    43   1     0    10    10  230.       0.764      0.02500   
 230    44   1     0     8     8  230.       0.789      0.02500   
 230    45   1     0     6     6  230.       0.814      0.02500   
 230    46   1     0     8     8  230.       0.839      0.02500   
 230    47   1     0    10    10  230.       0.864      0.02500   
 230    48   1     0    10    10  230.       0.889      0.02500   
 230    49   1     0    10    10  230.       0.914      0.02500   
 230    50   1     0    10    10  230.       0.939      0.02500   
 230    51   1     0     6     6  230.       0.964      0.02500   
 230    52   1     0     5     5  230.       0.989      0.02500   
 230    53   1     0    10    10  230.       1.00       0.01062   
 231     1   1     0    10    10  230.       0.00500    0.005000  
 231     2   1     0     9     9  230.       0.0100     0.005000  
 231     3   1     0    10    10  230.       0.0150     0.005000  
 231     4   1     0     6     6  230.       0.0200     0.005000  
 231     5   1     0     7     7  230.       0.0250     0.005000  
 231     6   1     0     4     4  230.       0.0300     0.005000  
 231     7   1     0     2     2  230.       0.0350     0.005000  
 231     8   1     0     8     8  230.       0.0425     0.007500  
 231     9   1     0     2     2  230.       0.0500     0.007500  
 231    10   1     0     4     4  230.       0.0575     0.007500  
 231    11   1U    0     5     5  230.       0.0575     0.01125   
 231    11   2     0    10    10  230.       0.0603     0.002812  
 231    12   1     0     4     4  230.       0.0631     0.002812  
 231    13   1     0     5     5  230.       0.0659     0.002812  
 231    14   1     0     4     4  230.       0.0687     0.002812  
 231    15   1     0     3     3  230.       0.0716     0.002812  
 231    16   1     0     8     8  230.       0.0758     0.004219  
 231    17   1     0     1     1  230.       0.0800     0.004219  
 231    18   1     0     1     1  230.       0.0842     0.004219  
 231    19   1     0     5     5  230.       0.0905     0.006328  
 231    20   1     0     1     1  230.       0.0969     0.006328  
 231    21   1     0     2     2  230.       0.103      0.006328  
 231    22   1     0     5     5  230.       0.113      0.009492  
 231    23   1     0     2     2  230.       0.122      0.009492  
 231    24   1     0     3     3  230.       0.132      0.009492  
 231    25   1     0     7     7  230.       0.146      0.01424   
 231    26   1     0     4     4  230.       0.160      0.01424   
 231    27   1     0     4     4  230.       0.174      0.01424   
 231    28   1     0     7     7  230.       0.196      0.02136   
 231    29   1     0     4     4  230.       0.217      0.02136   
 231    30   1     0     4     4  230.       0.238      0.02136   
 231    31   1     0    10    10  230.       0.263      0.02500   
 231    32   1     0     2     2  230.       0.288      0.02500   
 231    33   1     0     6     6  230.       0.313      0.02500   
 231    34   1     0    10    10  230.       0.338      0.02500   
 231    35   1     0    10    10  230.       0.363      0.02500   
 231    36   1     0    11    11  230.       0.388      0.02500   
 231    37   1     0    10    10  230.       0.407      0.01875   
 231    38   1     0    10    10  230.       0.426      0.01875   
 231    39   1     0     9     9  230.       0.445      0.01875   
 231    40   1     0     7     7  230.       0.463      0.01875   
 231    41   1     0     5     5  230.       0.482      0.01875   
 231    42   1     0     5     5  231.       0.501      0.01875   
 231    43   1     0     5     5  231.       0.520      0.01875   
 231    44   1     0     5     5  231.       0.538      0.01875   
 231    45   1     0     4     4  231.       0.557      0.01875   
 231    46   1     0     3     3  231.       0.576      0.01875   
 231    47   1     0     7     7  231.       0.601      0.02500   
 231    48   1     0     5     5  231.       0.626      0.02500   
 231    49   1     0     4     4  231.       0.651      0.02500   
 231    50   1     0     4     4  231.       0.676      0.02500   
 231    51   1     0     4     4  231.       0.701      0.02500   
 231    52   1     0     3     3  231.       0.726      0.02500   
 231    53   1     0     7     7  231.       0.751      0.02500   
 231    54   1     0     7     7  231.       0.776      0.02500   
 231    55   1     0     5     5  231.       0.801      0.02500   
 231    56   1     0     4     4  231.       0.826      0.02500   
 231    57   1     0    10    10  231.       0.851      0.02500   
 231    58   1     0    10    10  231.       0.876      0.02500   
 231    59   1     0    10    10  231.       0.901      0.02500   
 231    60   1     0    10    10  231.       0.926      0.02500   
 231    61   1     0     6     6  231.       0.951      0.02500   
 231    62   1     0     5     5  231.       0.976      0.02500   
 231    63   1     0     6     6  231.       1.00       0.02403   
 232     1   1     0    10    10  231.       0.00500    0.005000  
 232     2   1     0    10    10  231.       0.0100     0.005000  
 232     3   1     0    10    10  231.       0.0150     0.005000  
 232     4   1     0     7     7  231.       0.0200     0.005000  
 232     5   1     0     6     6  231.       0.0250     0.005000  
 232     6   1     0     4     4  231.       0.0300     0.005000  
 232     7   1     0     1     1  231.       0.0350     0.005000  
 232     8   1     0     7     7  231.       0.0425     0.007500  
 232     9   1     0     2     2  231.       0.0500     0.007500  
 232    10   1     0     4     4  231.       0.0575     0.007500  
 232    11   1U    0     4     4  231.       0.0575     0.01125   
 232    11   2     0     9     9  231.       0.0603     0.002812  
 232    12   1     0     3     3  231.       0.0631     0.002812  
 232    13   1     0     4     4  231.       0.0659     0.002812  
 232    14   1     0     8     8  231.       0.0702     0.004219  
 232    15   1     0     1     1  231.       0.0744     0.004219  
 232    16   1     0     2     2  231.       0.0786     0.004219  
 232    17   1     0     6     6  231.       0.0849     0.006328  
 232    18   1     0     1     1  231.       0.0912     0.006328  
 232    19   1     0     2     2  231.       0.0976     0.006328  
 232    20   1     0     4     4  231.       0.107      0.009492  
 232    21   1     0     7     7  231.       0.121      0.01424   
 232    22   1     0     5     5  231.       0.136      0.01424   
 232    23   1     0     5     5  231.       0.150      0.01424   
 232    24   1     0     3     3  231.       0.164      0.01424   
 232    25   1     0     2     2  231.       0.178      0.01424   
 232    26   1     0     8     8  231.       0.200      0.02136   
 232    27   1     0     4     4  231.       0.221      0.02136   
 232    28   1     0     4     4  231.       0.242      0.02136   
 232    29   1     0     7     7  231.       0.267      0.02500   
 232    30   1     0     2     2  231.       0.292      0.02500   
 232    31   1     0     8     8  231.       0.317      0.02500   
 232    32   1     0    10    10  231.       0.342      0.02500   
 232    33   1     0    10    10  231.       0.367      0.02500   
 232    34   1     0    10    10  231.       0.392      0.02500   
 232    35   1     0    10    10  231.       0.417      0.02500   
 232    36   1     0    10    10  231.       0.442      0.02500   
 232    37   1     0     8     8  231.       0.467      0.02500   
 232    38   1     0     5     5  231.       0.492      0.02500   
 232    39   1     0     5     5  232.       0.517      0.02500   
 232    40   1     0     4     4  232.       0.542      0.02500   
 232    41   1     0     4     4  232.       0.567      0.02500   
 232    42   1     0     4     4  232.       0.592      0.02500   
 232    43   1     0     4     4  232.       0.617      0.02500   
 232    44   1     0     4     4  232.       0.642      0.02500   
 232    45   1     0     3     3  232.       0.667      0.02500   
 232    46   1     0     4     4  232.       0.692      0.02500   
 232    47   1     0     3     3  232.       0.717      0.02500   
 232    48   1     0     2     2  232.       0.742      0.02500   
 232    49   1     0    10    10  232.       0.767      0.02500   
 232    50   1     0     8     8  232.       0.792      0.02500   
 232    51   1     0     5     5  232.       0.817      0.02500   
 232    52   1     0    10    10  232.       0.842      0.02500   
 232    53   1     0    10    10  232.       0.867      0.02500   
 232    54   1     0    10    10  232.       0.892      0.02500   
 232    55   1     0    10    10  232.       0.917      0.02500   
 232    56   1     0    10    10  232.       0.942      0.02500   
 232    57   1     0     7     7  232.       0.967      0.02500   
 232    58   1     0     6     6  232.       0.992      0.02500   
 232    59   1     0    10    10  232.       1.00       0.007666  
 233     1   1     0    10    10  232.       0.00500    0.005000  
 233     2   1     0     7     7  232.       0.0100     0.005000  
 233     3   1     0     5     5  232.       0.0150     0.005000  
 233     4   1     0     3     3  232.       0.0200     0.005000  
 233     5   1     0     1     1  232.       0.0250     0.005000  
 233     6   1     0     5     5  232.       0.0325     0.007500  
 233     7   1     0     2     2  232.       0.0400     0.007500  
 233     8   1     0     4     4  232.       0.0475     0.007500  
 233     9   1     0     5     5  232.       0.0587     0.01125   
 233    10   1     0     4     4  232.       0.0700     0.01125   
 233    11   1     0     6     6  232.       0.0812     0.01125   
 233    12   1     0     4     4  232.       0.0925     0.01125   
 233    13   1     0     3     3  232.       0.104      0.01125   
 233    14   1     0     9     9  232.       0.121      0.01688   
 233    15   1     0     4     4  232.       0.137      0.01688   
 233    16   1     0     4     4  232.       0.154      0.01688   
 233    17   1     0     7     7  232.       0.179      0.02500   
 233    18   1     0     6     6  232.       0.204      0.02500   
 233    19   1     0     4     4  232.       0.229      0.02500   
 233    20   1     0    10    10  232.       0.254      0.02500   
 233    21   1     0     6     6  232.       0.279      0.02500   
 233    22   1     0     1     1  232.       0.304      0.02500   
 233    23   1     0    10    10  232.       0.329      0.02500   
 233    24   1     0    10    10  232.       0.354      0.02500   
 233    25   1     0    11    11  232.       0.379      0.02500   
 233    26   1     0    11    11  232.       0.398      0.01875   
 233    27   1     0    10    10  232.       0.412      0.01406   
 233    28   1     0     9     9  232.       0.426      0.01406   
 233    29   1     0     7     7  232.       0.440      0.01406   
 233    30   1     0     6     6  232.       0.454      0.01406   
 233    31   1     0     7     7  232.       0.468      0.01406   
 233    32   1     0     6     6  232.       0.482      0.01406   
 233    33   1     0     5     5  232.       0.497      0.01406   
 233    34   1     0     5     5  233.       0.511      0.01406   
 233    35   1     0     5     5  233.       0.525      0.01406   
 233    36   1     0     4     4  233.       0.539      0.01406   
 233    37   1     0     4     4  233.       0.553      0.01406   
 233    38   1     0     9     9  233.       0.574      0.02109   
 233    39   1     0     5     5  233.       0.595      0.02109   
 233    40   1     0     4     4  233.       0.616      0.02109   
 233    41   1     0     5     5  233.       0.637      0.02109   
 233    42   1     0     4     4  233.       0.658      0.02109   
 233    43   1     0     4     4  233.       0.679      0.02109   
 233    44   1     0     6     6  233.       0.704      0.02500   
 233    45   1     0     5     5  233.       0.729      0.02500   
 233    46   1     0    10    10  233.       0.754      0.02500   
 233    47   1     0     7     7  233.       0.779      0.02500   
 233    48   1     0     5     5  233.       0.804      0.02500   
 233    49   1     0     6     6  233.       0.829      0.02500   
 233    50   1     0    10    10  233.       0.854      0.02500   
 233    51   1     0    11    11  233.       0.879      0.02500   
 233    52   1     0    10    10  233.       0.898      0.01875   
 233    53   1     0    10    10  233.       0.917      0.01875   
 233    54   1     0     8     8  233.       0.936      0.01875   
 233    55   1     0     8     8  233.       0.954      0.01875   
 233    56   1     0     6     6  233.       0.973      0.01875   
 233    57   1     0     6     6  233.       0.992      0.01875   
 233    58   1     0    10    10  233.       1.00       0.008125  
 234     1   1     0    10    10  233.       0.00500    0.005000  
 234     2   1     0     8     8  233.       0.0100     0.005000  
 234     3   1     0     9     9  233.       0.0150     0.005000  
 234     4   1     0     6     6  233.       0.0200     0.005000  
 234     5   1     0     5     5  233.       0.0250     0.005000  
 234     6   1     0     3     3  233.       0.0300     0.005000  
 234     7   1     0     1     1  233.       0.0350     0.005000  
 234     8   1     0     9     9  233.       0.0425     0.007500  
 234     9   1     0     2     2  233.       0.0500     0.007500  
 234    10   1     0     5     5  233.       0.0575     0.007500  
 234    11   1     0     3     3  233.       0.0650     0.007500  
 234    12   1     0     2     2  233.       0.0725     0.007500  
 234    13   1     0     8     8  233.       0.0838     0.01125   
 234    14   1     0     3     3  233.       0.0950     0.01125   
 234    15   1     0     4     4  233.       0.106      0.01125   
 234    16   1     0     9     9  233.       0.123      0.01688   
 234    17   1     0     5     5  233.       0.140      0.01688   
 234    18   1     0     4     4  233.       0.157      0.01688   
 234    19   1     0     3     3  233.       0.174      0.01688   
 234    20   1     0     7     7  233.       0.199      0.02500   
 234    21   1     0     5     5  233.       0.224      0.02500   
 234    22   1     0     5     5  233.       0.249      0.02500   
 234    23   1     0     6     6  233.       0.274      0.02500   
 234    24   1     0     1     1  233.       0.299      0.02500   
 234    25   1     0     9     9  233.       0.324      0.02500   
 234    26   1     0    10    10  233.       0.349      0.02500   
 234    27   1     0    12    12  233.       0.374      0.02500   
 234    28   1     0    12    12  233.       0.393      0.01875   
 234    29   1     0    10    10  233.       0.407      0.01406   
 234    30   1     0     8     8  233.       0.421      0.01406   
 234    31   1     0     8     8  233.       0.435      0.01406   
 234    32   1     0     6     6  233.       0.449      0.01406   
 234    33   1     0     7     7  233.       0.463      0.01406   
 234    34   1     0     6     6  233.       0.477      0.01406   
 234    35   1     0     6     6  233.       0.491      0.01406   
 234    36   1     0     5     5  234.       0.505      0.01406   
 234    37   1     0     5     5  234.       0.519      0.01406   
 234    38   1     0     5     5  234.       0.533      0.01406   
 234    39   1     0     4     4  234.       0.547      0.01406   
 234    40   1     0     4     4  234.       0.561      0.01406   
 234    41   1     0     9     9  234.       0.582      0.02109   
 234    42   1     0     5     5  234.       0.603      0.02109   
 234    43   1     0     5     5  234.       0.625      0.02109   
 234    44   1     0     4     4  234.       0.646      0.02109   
 234    45   1     0     4     4  234.       0.667      0.02109   
 234    46   1     0     6     6  234.       0.692      0.02500   
 234    47   1     0     5     5  234.       0.717      0.02500   
 234    48   1     0     4     4  234.       0.742      0.02500   
 234    49   1     0    10    10  234.       0.767      0.02500   
 234    50   1     0     7     7  234.       0.792      0.02500   
 234    51   1     0     4     4  234.       0.817      0.02500   
 234    52   1     0    10    10  234.       0.842      0.02500   
 234    53   1     0    10    10  234.       0.867      0.02500   
 234    54   1     0    10    10  234.       0.892      0.02500   
 234    55   1     0    10    10  234.       0.917      0.02500   
 234    56   1     0     9     9  234.       0.942      0.02500   
 234    57   1     0     6     6  234.       0.967      0.02500   
 234    58   1     0     5     5  234.       0.992      0.02500   
 234    59   1     0    10    10  234.       1.00       0.008281  
 235     1   1     0    11    11  234.       0.00500    0.005000  
 235     2   1     0     7     7  234.       0.00875    0.003750  
 235     3   1     0    10    10  234.       0.0125     0.003750  
 235     4   1     0    10    10  234.       0.0163     0.003750  
 235     5   1     0     8     8  234.       0.0200     0.003750  
 235     6   1     0     7     7  234.       0.0238     0.003750  
 235     7   1     0     6     6  234.       0.0275     0.003750  
 235     8   1     0     4     4  234.       0.0312     0.003750  
 235     9   1     0     2     2  234.       0.0350     0.003750  
 235    10   1     0     8     8  234.       0.0406     0.005625  
 235    11   1     0     2     2  234.       0.0462     0.005625  
 235    12   1     0     4     4  234.       0.0519     0.005625  
 235    13   1     0     6     6  234.       0.0603     0.008438  
 235    14   1     0     2     2  234.       0.0688     0.008438  
 235    15   1     0     6     6  234.       0.0772     0.008438  
 235    16   1     0     4     4  234.       0.0856     0.008438  
 235    17   1     0     2     2  234.       0.0941     0.008438  
 235    18   1     0     9     9  234.       0.107      0.01266   
 235    19   1     0     4     4  234.       0.119      0.01266   
 235    20   1     0     4     4  234.       0.132      0.01266   
 235    21   1     0     8     8  234.       0.151      0.01898   
 235    22   1     0     4     4  234.       0.170      0.01898   
 235    23   1     0     4     4  234.       0.189      0.01898   
 235    24   1     0     7     7  234.       0.214      0.02500   
 235    25   1     0     6     6  234.       0.239      0.02500   
 235    26   1     0    10    10  234.       0.264      0.02500   
 235    27   1     0     5     5  234.       0.289      0.02500   
 235    28   1     0     4     4  234.       0.314      0.02500   
 235    29   1     0    10    10  234.       0.339      0.02500   
 235    30   1     0    10    10  234.       0.364      0.02500   
 235    31   1     0    11    11  234.       0.389      0.02500   
 235    32   1     0    10    10  234.       0.408      0.01875   
 235    33   1     0    10    10  234.       0.426      0.01875   
 235    34   1     0     9     9  234.       0.445      0.01875   
 235    35   1     0     6     6  234.       0.464      0.01875   
 235    36   1     0     6     6  234.       0.483      0.01875   
 235    37   1     0     5     5  235.       0.501      0.01875   
 235    38   1     0     5     5  235.       0.520      0.01875   
 235    39   1     0     5     5  235.       0.539      0.01875   
 235    40   1     0     4     4  235.       0.558      0.01875   
 235    41   1     0     3     3  235.       0.576      0.01875   
 235    42   1     0     7     7  235.       0.601      0.02500   
 235    43   1     0     5     5  235.       0.626      0.02500   
 235    44   1     0     4     4  235.       0.651      0.02500   
 235    45   1     0     4     4  235.       0.676      0.02500   
 235    46   1     0     3     3  235.       0.701      0.02500   
 235    47   1     0     4     4  235.       0.726      0.02500   
 235    48   1     0     8     8  235.       0.751      0.02500   
 235    49   1     0     7     7  235.       0.776      0.02500   
 235    50   1     0     6     6  235.       0.801      0.02500   
 235    51   1     0     4     4  235.       0.826      0.02500   
 235    52   1     0    10    10  235.       0.851      0.02500   
 235    53   1     0    10    10  235.       0.876      0.02500   
 235    54   1     0    10    10  235.       0.901      0.02500   
 235    55   1     0    10    10  235.       0.926      0.02500   
 235    56   1     0     7     7  235.       0.951      0.02500   
 235    57   1     0     5     5  235.       0.976      0.02500   
 235    58   1     0     6     6  235.       1.00       0.02352   
 236     1   1     0    10    10  235.       0.00500    0.005000  
 236     2   1     0    10    10  235.       0.0100     0.005000  
 236     3   1     0    10    10  235.       0.0150     0.005000  
 236     4   1     0     8     8  235.       0.0200     0.005000  
 236     5   1     0     6     6  235.       0.0250     0.005000  
 236     6   1     0     6     6  235.       0.0300     0.005000  
 236     7   1     0     5     5  235.       0.0350     0.005000  
 236     8   1     0     2     2  235.       0.0400     0.005000  
 236     9   1     0     1     1  235.       0.0450     0.005000  
 236    10   1     0     8     8  235.       0.0525     0.007500  
 236    11   1     0     2     2  235.       0.0600     0.007500  
 236    12   1     0     4     4  235.       0.0675     0.007500  
 236    13   1     0     9     9  235.       0.0788     0.01125   
 236    14   1     0     4     4  235.       0.0900     0.01125   
 236    15   1     0     4     4  235.       0.101      0.01125   
 236    16   1     0     8     8  235.       0.118      0.01688   
 236    17   1     0     5     5  235.       0.135      0.01688   
 236    18   1     0     5     5  235.       0.152      0.01688   
 236    19   1     0     3     3  235.       0.169      0.01688   
 236    20   1     0     2     2  235.       0.186      0.01688   
 236    21   1     0     7     7  235.       0.211      0.02500   
 236    22   1     0     6     6  235.       0.236      0.02500   
 236    23   1     0    10    10  235.       0.261      0.02500   
 236    24   1     0     6     6  235.       0.286      0.02500   
 236    25   1     0     3     3  235.       0.311      0.02500   
 236    26   1     0    10    10  235.       0.336      0.02500   
 236    27   1     0    10    10  235.       0.361      0.02500   
 236    28   1     0    11    11  235.       0.386      0.02500   
 236    29   1     0    10    10  235.       0.404      0.01875   
 236    30   1     0    10    10  235.       0.423      0.01875   
 236    31   1     0     9     9  235.       0.442      0.01875   
 236    32   1     0     7     7  235.       0.461      0.01875   
 236    33   1     0     5     5  235.       0.479      0.01875   
 236    34   1     0     5     5  235.       0.498      0.01875   
 236    35   1     0     5     5  236.       0.517      0.01875   
 236    36   1     0     5     5  236.       0.536      0.01875   
 236    37   1     0     4     4  236.       0.554      0.01875   
 236    38   1     0     3     3  236.       0.573      0.01875   
 236    39   1     0     7     7  236.       0.598      0.02500   
 236    40   1     0     5     5  236.       0.623      0.02500   
 236    41   1     0     4     4  236.       0.648      0.02500   
 236    42   1     0     4     4  236.       0.673      0.02500   
 236    43   1     0     4     4  236.       0.698      0.02500   
 236    44   1     0     3     3  236.       0.723      0.02500   
 236    45   1     0     3     3  236.       0.748      0.02500   
 236    46   1     0     8     8  236.       0.773      0.02500   
 236    47   1     0     6     6  236.       0.798      0.02500   
 236    48   1     0     3     3  236.       0.823      0.02500   
 236    49   1     0    10    10  236.       0.848      0.02500   
 236    50   1     0    10    10  236.       0.873      0.02500   
 236    51   1     0    11    11  236.       0.898      0.02500   
 236    52   1     0    10    10  236.       0.917      0.01875   
 236    53   1     0     8     8  236.       0.936      0.01875   
 236    54   1     0     7     7  236.       0.954      0.01875   
 236    55   1     0     7     7  236.       0.973      0.01875   
 236    56   1     0     7     7  236.       0.992      0.01875   
 236    57   1     0    10    10  236.       1.00       0.008125  
 237     1   1     0    10    10  236.       0.00500    0.005000  
 237     2   1     0     7     7  236.       0.0100     0.005000  
 237     3   1     0     7     7  236.       0.0150     0.005000  
 237     4   1     0     5     5  236.       0.0200     0.005000  
 237     5   1     0     3     3  236.       0.0250     0.005000  
 237     6   1     0     1     1  236.       0.0300     0.005000  
 237     7   1     0     7     7  236.       0.0375     0.007500  
 237     8   1     0     2     2  236.       0.0450     0.007500  
 237     9   1     0     4     4  236.       0.0525     0.007500  
 237    10   1     0     9     9  236.       0.0638     0.01125   
 237    11   1     0     5     5  236.       0.0750     0.01125   
 237    12   1     0     4     4  236.       0.0862     0.01125   
 237    13   1     0     4     4  236.       0.0975     0.01125   
 237    14   1     0     9     9  236.       0.114      0.01688   
 237    15   1     0     4     4  236.       0.131      0.01688   
 237    16   1     0     5     5  236.       0.148      0.01688   
 237    17   1     0     3     3  236.       0.165      0.01688   
 237    18   1     0     2     2  236.       0.182      0.01688   
 237    19   1     0     7     7  236.       0.207      0.02500   
 237    20   1     0     6     6  236.       0.232      0.02500   
 237    21   1     0    10    10  236.       0.257      0.02500   
 237    22   1     0     4     4  236.       0.282      0.02500   
 237    23   1     0     3     3  236.       0.307      0.02500   
 237    24   1     0    10    10  236.       0.332      0.02500   
 237    25   1     0    10    10  236.       0.357      0.02500   
 237    26   1     0    11    11  236.       0.382      0.02500   
 237    27   1     0    10    10  236.       0.401      0.01875   
 237    28   1     0    10    10  236.       0.419      0.01875   
 237    29   1     0     9     9  236.       0.438      0.01875   
 237    30   1     0     7     7  236.       0.457      0.01875   
 237    31   1     0     5     5  236.       0.476      0.01875   
 237    32   1     0     5     5  236.       0.494      0.01875   
 237    33   1     0     5     5  237.       0.513      0.01875   
 237    34   1     0     5     5  237.       0.532      0.01875   
 237    35   1     0     4     4  237.       0.551      0.01875   
 237    36   1     0     3     3  237.       0.569      0.01875   
 237    37   1     0     7     7  237.       0.594      0.02500   
 237    38   1     0     5     5  237.       0.619      0.02500   
 237    39   1     0     4     4  237.       0.644      0.02500   
 237    40   1     0     4     4  237.       0.669      0.02500   
 237    41   1     0     4     4  237.       0.694      0.02500   
 237    42   1     0     3     3  237.       0.719      0.02500   
 237    43   1     0     3     3  237.       0.744      0.02500   
 237    44   1     0     9     9  237.       0.769      0.02500   
 237    45   1     0     8     8  237.       0.794      0.02500   
 237    46   1     0     4     4  237.       0.819      0.02500   
 237    47   1     0    10    10  237.       0.844      0.02500   
 237    48   1     0    12    12  237.       0.869      0.02500   
 237    49   1     0    10    10  237.       0.888      0.01875   
 237    50   1     0    11    11  237.       0.907      0.01875   
 237    51   1     0    10    10  237.       0.921      0.01406   
 237    52   1     0    10    10  237.       0.935      0.01406   
 237    53   1     0     8     8  237.       0.949      0.01406   
 237    54   1     0     6     6  237.       0.963      0.01406   
 237    55   1     0     7     7  237.       0.977      0.01406   
 237    56   1     0     5     5  237.       0.991      0.01406   
 237    57   1     0    10    10  237.       1.00       0.008750  
 238     1   1     0    10    10  237.       0.00500    0.005000  
 238     2   1     0     4     4  237.       0.0100     0.005000  
 238     3   1     0     5     5  237.       0.0150     0.005000  
 238     4   1     0     3     3  237.       0.0200     0.005000  
 238     5   1     0     1     1  237.       0.0250     0.005000  
 238     6   1     0     7     7  237.       0.0325     0.007500  
 238     7   1     0     2     2  237.       0.0400     0.007500  
 238     8   1     0     4     4  237.       0.0475     0.007500  
 238     9   1     0     8     8  237.       0.0587     0.01125   
 238    10   1     0     5     5  237.       0.0700     0.01125   
 238    11   1     0     4     4  237.       0.0812     0.01125   
 238    12   1     0     4     4  237.       0.0925     0.01125   
 238    13   1     0     9     9  237.       0.109      0.01688   
 238    14   1     0     5     5  237.       0.126      0.01688   
 238    15   1     0     4     4  237.       0.143      0.01688   
 238    16   1     0     3     3  237.       0.160      0.01688   
 238    17   1     0     7     7  237.       0.185      0.02500   
 238    18   1     0     5     5  237.       0.210      0.02500   
 238    19   1     0     5     5  237.       0.235      0.02500   
 238    20   1     0    10    10  237.       0.260      0.02500   
 238    21   1     0     5     5  237.       0.285      0.02500   
 238    22   1     0     3     3  237.       0.310      0.02500   
 238    23   1     0    10    10  237.       0.335      0.02500   
 238    24   1     0    10    10  237.       0.360      0.02500   
 238    25   1     0    11    11  237.       0.385      0.02500   
 238    26   1     0    10    10  237.       0.404      0.01875   
 238    27   1     0    10    10  237.       0.423      0.01875   
 238    28   1     0     9     9  237.       0.441      0.01875   
 238    29   1     0     7     7  237.       0.460      0.01875   
 238    30   1     0     5     5  237.       0.479      0.01875   
 238    31   1     0     5     5  237.       0.497      0.01875   
 238    32   1     0     5     5  238.       0.516      0.01875   
 238    33   1     0     5     5  238.       0.535      0.01875   
 238    34   1     0     4     4  238.       0.554      0.01875   
 238    35   1     0     4     4  238.       0.573      0.01875   
 238    36   1     0     7     7  238.       0.598      0.02500   
 238    37   1     0     5     5  238.       0.623      0.02500   
 238    38   1     0     4     4  238.       0.648      0.02500   
 238    39   1     0     4     4  238.       0.673      0.02500   
 238    40   1     0     4     4  238.       0.698      0.02500   
 238    41   1     0     3     3  238.       0.723      0.02500   
 238    42   1     0     3     3  238.       0.748      0.02500   
 238    43   1     0     9     9  238.       0.773      0.02500   
 238    44   1     0     7     7  238.       0.798      0.02500   
 238    45   1     0     3     3  238.       0.823      0.02500   
 238    46   1     0    10    10  238.       0.848      0.02500   
 238    47   1     0    11    11  238.       0.873      0.02500   
 238    48   1     0    10    10  238.       0.891      0.01875   
 238    49   1     0    10    10  238.       0.910      0.01875   
 238    50   1     0     9     9  238.       0.929      0.01875   
 238    51   1     0     7     7  238.       0.948      0.01875   
 238    52   1     0     7     7  238.       0.966      0.01875   
 238    53   1     0     7     7  238.       0.985      0.01875   
 238    54   1     0    10    10  238.       1.00       0.01500   
 239     1   1     0    10    10  238.       0.00500    0.005000  
 239     2   1     0     8     8  238.       0.0100     0.005000  
 239     3   1     0     7     7  238.       0.0150     0.005000  
 239     4   1     0     7     7  238.       0.0200     0.005000  
 239     5   1     0     5     5  238.       0.0250     0.005000  
 239     6   1     0     2     2  238.       0.0300     0.005000  
 239     7   1     0     1     1  238.       0.0350     0.005000  
 239     8   1     0     8     8  238.       0.0425     0.007500  
 239     9   1     0     2     2  238.       0.0500     0.007500  
 239    10   1     0     4     4  238.       0.0575     0.007500  
 239    11   1U    0     5     5  238.       0.0575     0.01125   
 239    11   2     0    10    10  238.       0.0603     0.002812  
 239    12   1     0     4     4  238.       0.0631     0.002812  
 239    13   1     0     5     5  238.       0.0659     0.002812  
 239    14   1     0     4     4  238.       0.0687     0.002812  
 239    15   1     0     3     3  238.       0.0716     0.002812  
 239    16   1     0     7     7  238.       0.0758     0.004219  
 239    17   1     0     1     1  238.       0.0800     0.004219  
 239    18   1     0     1     1  238.       0.0842     0.004219  
 239    19   1     0     5     5  238.       0.0905     0.006328  
 239    20   1     0     1     1  238.       0.0969     0.006328  
 239    21   1     0     2     2  238.       0.103      0.006328  
 239    22   1     0     5     5  238.       0.113      0.009492  
 239    23   1     0     2     2  238.       0.122      0.009492  
 239    24   1     0     3     3  238.       0.132      0.009492  
 239    25   1     0     7     7  238.       0.146      0.01424   
 239    26   1     0     4     4  238.       0.160      0.01424   
 239    27   1     0     4     4  238.       0.174      0.01424   
 239    28   1     0     7     7  238.       0.196      0.02136   
 239    29   1     0     4     4  238.       0.217      0.02136   
 239    30   1     0     4     4  238.       0.238      0.02136   
 239    31   1     0    10    10  238.       0.263      0.02500   
 239    32   1     0     2     2  238.       0.288      0.02500   
 239    33   1     0     7     7  238.       0.313      0.02500   
 239    34   1     0    10    10  238.       0.338      0.02500   
 239    35   1     0    10    10  238.       0.363      0.02500   
 239    36   1     0    11    11  238.       0.388      0.02500   
 239    37   1     0    10    10  238.       0.407      0.01875   
 239    38   1     0    10    10  238.       0.426      0.01875   
 239    39   1     0     9     9  238.       0.445      0.01875   
 239    40   1     0     6     6  238.       0.463      0.01875   
 239    41   1     0     5     5  238.       0.482      0.01875   
 239    42   1     0     5     5  239.       0.501      0.01875   
 239    43   1     0     5     5  239.       0.520      0.01875   
 239    44   1     0     5     5  239.       0.538      0.01875   
 239    45   1     0     4     4  239.       0.557      0.01875   
 239    46   1     0     3     3  239.       0.576      0.01875   
 239    47   1     0     7     7  239.       0.601      0.02500   
 239    48   1     0     5     5  239.       0.626      0.02500   
 239    49   1     0     4     4  239.       0.651      0.02500   
 239    50   1     0     4     4  239.       0.676      0.02500   
 239    51   1     0     4     4  239.       0.701      0.02500   
 239    52   1     0     3     3  239.       0.726      0.02500   
 239    53   1     0     7     7  239.       0.751      0.02500   
 239    54   1     0     7     7  239.       0.776      0.02500   
 239    55   1     0     5     5  239.       0.801      0.02500   
 239    56   1     0     4     4  239.       0.826      0.02500   
 239    57   1     0    10    10  239.       0.851      0.02500   
 239    58   1     0    10    10  239.       0.876      0.02500   
 239    59   1     0    10    10  239.       0.901      0.02500   
 239    60   1     0    10    10  239.       0.926      0.02500   
 239    61   1     0     6     6  239.       0.951      0.02500   
 239    62   1     0     5     5  239.       0.976      0.02500   
 239    63   1     0     6     6  239.       1.00       0.02403   
 240     1   1     0    10    10  239.       0.00500    0.005000  
 240     2   1     0    10    10  239.       0.0100     0.005000  
 240     3   1     0    10    10  239.       0.0150     0.005000  
 240     4   1     0     7     7  239.       0.0200     0.005000  
 240     5   1     0     6     6  239.       0.0250     0.005000  
 240     6   1     0     4     4  239.       0.0300     0.005000  
 240     7   1     0     1     1  239.       0.0350     0.005000  
 240     8   1     0     7     7  239.       0.0425     0.007500  
 240     9   1     0     2     2  239.       0.0500     0.007500  
 240    10   1     0     4     4  239.       0.0575     0.007500  
 240    11   1U    0     4     4  239.       0.0575     0.01125   
 240    11   2     0     9     9  239.       0.0603     0.002812  
 240    12   1     0     3     3  239.       0.0631     0.002812  
 240    13   1     0     4     4  239.       0.0659     0.002812  
 240    14   1     0     8     8  239.       0.0702     0.004219  
 240    15   1     0     1     1  239.       0.0744     0.004219  
 240    16   1     0     2     2  239.       0.0786     0.004219  
 240    17   1     0     6     6  239.       0.0849     0.006328  
 240    18   1     0     1     1  239.       0.0912     0.006328  
 240    19   1     0     2     2  239.       0.0976     0.006328  
 240    20   1     0     4     4  239.       0.107      0.009492  
 240    21   1     0     7     7  239.       0.121      0.01424   
 240    22   1     0     5     5  239.       0.136      0.01424   
 240    23   1     0     5     5  239.       0.150      0.01424   
 240    24   1     0     3     3  239.       0.164      0.01424   
 240    25   1     0     2     2  239.       0.178      0.01424   
 240    26   1     0     8     8  239.       0.200      0.02136   
 240    27   1     0     4     4  239.       0.221      0.02136   
 240    28   1     0     4     4  239.       0.242      0.02136   
 240    29   1     0     7     7  239.       0.267      0.02500   
 240    30   1     0     2     2  239.       0.292      0.02500   
 240    31   1     0     7     7  239.       0.317      0.02500   
 240    32   1     0    10    10  239.       0.342      0.02500   
 240    33   1     0    10    10  239.       0.367      0.02500   
 240    34   1     0    10    10  239.       0.392      0.02500   
 240    35   1     0    10    10  239.       0.417      0.02500   
 240    36   1     0    10    10  239.       0.442      0.02500   
 240    37   1     0     8     8  239.       0.467      0.02500   
 240    38   1     0     5     5  239.       0.492      0.02500   
 240    39   1     0     5     5  240.       0.517      0.02500   
 240    40   1     0     4     4  240.       0.542      0.02500   
 240    41   1     0     4     4  240.       0.567      0.02500   
 240    42   1     0     4     4  240.       0.592      0.02500   
 240    43   1     0     4     4  240.       0.617      0.02500   
 240    44   1     0     4     4  240.       0.642      0.02500   
 240    45   1     0     3     3  240.       0.667      0.02500   
 240    46   1     0     4     4  240.       0.692      0.02500   
 240    47   1     0     3     3  240.       0.717      0.02500   
 240    48   1     0     2     2  240.       0.742      0.02500   
 240    49   1     0    10    10  240.       0.767      0.02500   
 240    50   1     0     8     8  240.       0.792      0.02500   
 240    51   1     0     5     5  240.       0.817      0.02500   
 240    52   1     0    10    10  240.       0.842      0.02500   
 240    53   1     0    10    10  240.       0.867      0.02500   
 240    54   1     0    10    10  240.       0.892      0.02500   
 240    55   1     0    10    10  240.       0.917      0.02500   
 240    56   1     0     9     9  240.       0.942      0.02500   
 240    57   1     0     7     7  240.       0.967      0.02500   
 240    58   1     0     6     6  240.       0.992      0.02500   
 240    59   1     0    10    10  240.       1.00       0.007666  
 241     1   1     0    10    10  240.       0.00500    0.005000  
 241     2   1     0     7     7  240.       0.0100     0.005000  
 241     3   1     0     5     5  240.       0.0150     0.005000  
 241     4   1     0     3     3  240.       0.0200     0.005000  
 241     5   1     0     1     1  240.       0.0250     0.005000  
 241     6   1     0     5     5  240.       0.0325     0.007500  
 241     7   1     0     2     2  240.       0.0400     0.007500  
 241     8   1     0     4     4  240.       0.0475     0.007500  
 241     9   1     0     5     5  240.       0.0587     0.01125   
 241    10   1     0     4     4  240.       0.0700     0.01125   
 241    11   1     0     6     6  240.       0.0812     0.01125   
 241    12   1     0     4     4  240.       0.0925     0.01125   
 241    13   1     0     3     3  240.       0.104      0.01125   
 241    14   1     0     9     9  240.       0.121      0.01688   
 241    15   1     0     4     4  240.       0.137      0.01688   
 241    16   1     0     4     4  240.       0.154      0.01688   
 241    17   1     0     7     7  240.       0.179      0.02500   
 241    18   1     0     6     6  240.       0.204      0.02500   
 241    19   1     0     4     4  240.       0.229      0.02500   
 241    20   1     0    10    10  240.       0.254      0.02500   
 241    21   1     0     6     6  240.       0.279      0.02500   
 241    22   1     0     1     1  240.       0.304      0.02500   
 241    23   1     0    10    10  240.       0.329      0.02500   
 241    24   1     0    10    10  240.       0.354      0.02500   
 241    25   1     0    11    11  240.       0.379      0.02500   
 241    26   1     0    11    11  240.       0.398      0.01875   
 241    27   1     0    10    10  240.       0.412      0.01406   
 241    28   1     0     9     9  240.       0.426      0.01406   
 241    29   1     0     7     7  240.       0.440      0.01406   
 241    30   1     0     6     6  240.       0.454      0.01406   
 241    31   1     0     7     7  240.       0.468      0.01406   
 241    32   1     0     6     6  240.       0.482      0.01406   
 241    33   1     0     5     5  240.       0.497      0.01406   
 241    34   1     0     5     5  241.       0.511      0.01406   
 241    35   1     0     5     5  241.       0.525      0.01406   
 241    36   1     0     4     4  241.       0.539      0.01406   
 241    37   1     0     4     4  241.       0.553      0.01406   
 241    38   1     0     9     9  241.       0.574      0.02109   
 241    39   1     0     5     5  241.       0.595      0.02109   
 241    40   1     0     4     4  241.       0.616      0.02109   
 241    41   1     0     5     5  241.       0.637      0.02109   
 241    42   1     0     4     4  241.       0.658      0.02109   
 241    43   1     0     4     4  241.       0.679      0.02109   
 241    44   1     0     6     6  241.       0.704      0.02500   
 241    45   1     0     5     5  241.       0.729      0.02500   
 241    46   1     0    10    10  241.       0.754      0.02500   
 241    47   1     0     7     7  241.       0.779      0.02500   
 241    48   1     0     5     5  241.       0.804      0.02500   
 241    49   1     0     6     6  241.       0.829      0.02500   
 241    50   1     0    10    10  241.       0.854      0.02500   
 241    51   1     0    11    11  241.       0.879      0.02500   
 241    52   1     0    10    10  241.       0.898      0.01875   
 241    53   1     0    10    10  241.       0.917      0.01875   
 241    54   1     0     8     8  241.       0.936      0.01875   
 241    55   1     0     8     8  241.       0.954      0.01875   
 241    56   1     0     6     6  241.       0.973      0.01875   
 241    57   1     0     6     6  241.       0.992      0.01875   
 241    58   1     0    10    10  241.       1.00       0.008125  
 242     1   1     0    10    10  241.       0.00500    0.005000  
 242     2   1     0     8     8  241.       0.0100     0.005000  
 242     3   1     0     9     9  241.       0.0150     0.005000  
 242     4   1     0     6     6  241.       0.0200     0.005000  
 242     5   1     0     5     5  241.       0.0250     0.005000  
 242     6   1     0     3     3  241.       0.0300     0.005000  
 242     7   1     0     1     1  241.       0.0350     0.005000  
 242     8   1     0     9     9  241.       0.0425     0.007500  
 242     9   1     0     2     2  241.       0.0500     0.007500  
 242    10   1     0     5     5  241.       0.0575     0.007500  
 242    11   1     0     3     3  241.       0.0650     0.007500  
 242    12   1     0     2     2  241.       0.0725     0.007500  
 242    13   1     0     8     8  241.       0.0838     0.01125   
 242    14   1     0     3     3  241.       0.0950     0.01125   
 242    15   1     0     4     4  241.       0.106      0.01125   
 242    16   1     0     9     9  241.       0.123      0.01688   
 242    17   1     0     5     5  241.       0.140      0.01688   
 242    18   1     0     4     4  241.       0.157      0.01688   
 242    19   1     0     3     3  241.       0.174      0.01688   
 242    20   1     0     7     7  241.       0.199      0.02500   
 242    21   1     0     5     5  241.       0.224      0.02500   
 242    22   1     0     5     5  241.       0.249      0.02500   
 242    23   1     0     6     6  241.       0.274      0.02500   
 242    24   1     0     1     1  241.       0.299      0.02500   
 242    25   1     0     9     9  241.       0.324      0.02500   
 242    26   1     0    10    10  241.       0.349      0.02500   
 242    27   1     0    12    12  241.       0.374      0.02500   
 242    28   1     0    12    12  241.       0.393      0.01875   
 242    29   1     0    10    10  241.       0.407      0.01406   
 242    30   1     0     8     8  241.       0.421      0.01406   
 242    31   1     0     8     8  241.       0.435      0.01406   
 242    32   1     0     6     6  241.       0.449      0.01406   
 242    33   1     0     7     7  241.       0.463      0.01406   
 242    34   1     0     6     6  241.       0.477      0.01406   
 242    35   1     0     6     6  241.       0.491      0.01406   
 242    36   1     0     5     5  242.       0.505      0.01406   
 242    37   1     0     5     5  242.       0.519      0.01406   
 242    38   1     0     5     5  242.       0.533      0.01406   
 242    39   1     0     4     4  242.       0.547      0.01406   
 242    40   1     0     4     4  242.       0.561      0.01406   
 242    41   1     0     9     9  242.       0.582      0.02109   
 242    42   1     0     5     5  242.       0.603      0.02109   
 242    43   1     0     5     5  242.       0.625      0.02109   
 242    44   1     0     4     4  242.       0.646      0.02109   
 242    45   1     0     4     4  242.       0.667      0.02109   
 242    46   1     0     6     6  242.       0.692      0.02500   
 242    47   1     0     5     5  242.       0.717      0.02500   
 242    48   1     0     4     4  242.       0.742      0.02500   
 242    49   1     0    10    10  242.       0.767      0.02500   
 242    50   1     0     7     7  242.       0.792      0.02500   
 242    51   1     0     4     4  242.       0.817      0.02500   
 242    52   1     0    10    10  242.       0.842      0.02500   
 242    53   1     0    10    10  242.       0.867      0.02500   
 242    54   1     0    10    10  242.       0.892      0.02500   
 242    55   1     0    10    10  242.       0.917      0.02500   
 242    56   1     0     9     9  242.       0.942      0.02500   
 242    57   1     0     6     6  242.       0.967      0.02500   
 242    58   1     0     5     5  242.       0.992      0.02500   
 242    59   1     0    10    10  242.       1.00       0.008281  
 243     1   1     0    11    11  242.       0.00500    0.005000  
 243     2   1     0     7     7  242.       0.00875    0.003750  
 243     3   1     0    10    10  242.       0.0125     0.003750  
 243     4   1     0    10    10  242.       0.0163     0.003750  
 243     5   1     0     8     8  242.       0.0200     0.003750  
 243     6   1     0     7     7  242.       0.0238     0.003750  
 243     7   1     0     6     6  242.       0.0275     0.003750  
 243     8   1     0     4     4  242.       0.0312     0.003750  
 243     9   1     0     2     2  242.       0.0350     0.003750  
 243    10   1     0     8     8  242.       0.0406     0.005625  
 243    11   1     0     2     2  242.       0.0462     0.005625  
 243    12   1     0     4     4  242.       0.0519     0.005625  
 243    13   1     0     6     6  242.       0.0603     0.008438  
 243    14   1     0     2     2  242.       0.0688     0.008438  
 243    15   1     0     6     6  242.       0.0772     0.008438  
 243    16   1     0     4     4  242.       0.0856     0.008438  
 243    17   1     0     2     2  242.       0.0941     0.008438  
 243    18   1     0     9     9  242.       0.107      0.01266   
 243    19   1     0     4     4  242.       0.119      0.01266   
 243    20   1     0     4     4  242.       0.132      0.01266   
 243    21   1     0     8     8  242.       0.151      0.01898   
 243    22   1     0     4     4  242.       0.170      0.01898   
 243    23   1     0     4     4  242.       0.189      0.01898   
 243    24   1     0     7     7  242.       0.214      0.02500   
 243    25   1     0     6     6  242.       0.239      0.02500   
 243    26   1     0    10    10  242.       0.264      0.02500   
 243    27   1     0     5     5  242.       0.289      0.02500   
 243    28   1     0     4     4  242.       0.314      0.02500   
 243    29   1     0    10    10  242.       0.339      0.02500   
 243    30   1     0    10    10  242.       0.364      0.02500   
 243    31   1     0    11    11  242.       0.389      0.02500   
 243    32   1     0    10    10  242.       0.408      0.01875   
 243    33   1     0    10    10  242.       0.426      0.01875   
 243    34   1     0     9     9  242.       0.445      0.01875   
 243    35   1     0     6     6  242.       0.464      0.01875   
 243    36   1     0     6     6  242.       0.483      0.01875   
 243    37   1     0     5     5  243.       0.501      0.01875   
 243    38   1     0     5     5  243.       0.520      0.01875   
 243    39   1     0     5     5  243.       0.539      0.01875   
 243    40   1     0     4     4  243.       0.558      0.01875   
 243    41   1     0     3     3  243.       0.576      0.01875   
 243    42   1     0     7     7  243.       0.601      0.02500   
 243    43   1     0     5     5  243.       0.626      0.02500   
 243    44   1     0     4     4  243.       0.651      0.02500   
 243    45   1     0     4     4  243.       0.676      0.02500   
 243    46   1     0     3     3  243.       0.701      0.02500   
 243    47   1     0     4     4  243.       0.726      0.02500   
 243    48   1     0     8     8  243.       0.751      0.02500   
 243    49   1     0     7     7  243.       0.776      0.02500   
 243    50   1     0     6     6  243.       0.801      0.02500   
 243    51   1     0     4     4  243.       0.826      0.02500   
 243    52   1     0    10    10  243.       0.851      0.02500   
 243    53   1     0    10    10  243.       0.876      0.02500   
 243    54   1     0    10    10  243.       0.901      0.02500   
 243    55   1     0    10    10  243.       0.926      0.02500   
 243    56   1     0     7     7  243.       0.951      0.02500   
 243    57   1     0     5     5  243.       0.976      0.02500   
 243    58   1     0     6     6  243.       1.00       0.02352   
 244     1   1     0    10    10  243.       0.00500    0.005000  
 244     2   1     0    10    10  243.       0.0100     0.005000  
 244     3   1     0    10    10  243.       0.0150     0.005000  
 244     4   1     0     8     8  243.       0.0200     0.005000  
 244     5   1     0     6     6  243.       0.0250     0.005000  
 244     6   1     0     6     6  243.       0.0300     0.005000  
 244     7   1     0     5     5  243.       0.0350     0.005000  
 244     8   1     0     2     2  243.       0.0400     0.005000  
 244     9   1     0     1     1  243.       0.0450     0.005000  
 244    10   1     0     8     8  243.       0.0525     0.007500  
 244    11   1     0     2     2  243.       0.0600     0.007500  
 244    12   1     0     4     4  243.       0.0675     0.007500  
 244    13   1     0     9     9  243.       0.0788     0.01125   
 244    14   1     0     4     4  243.       0.0900     0.01125   
 244    15   1     0     4     4  243.       0.101      0.01125   
 244    16   1     0     8     8  243.       0.118      0.01688   
 244    17   1     0     5     5  243.       0.135      0.01688   
 244    18   1     0     5     5  243.       0.152      0.01688   
 244    19   1     0     3     3  243.       0.169      0.01688   
 244    20   1     0     2     2  243.       0.186      0.01688   
 244    21   1     0     7     7  243.       0.211      0.02500   
 244    22   1     0     6     6  243.       0.236      0.02500   
 244    23   1     0    10    10  243.       0.261      0.02500   
 244    24   1     0     6     6  243.       0.286      0.02500   
 244    25   1     0     3     3  243.       0.311      0.02500   
 244    26   1     0    10    10  243.       0.336      0.02500   
 244    27   1     0    10    10  243.       0.361      0.02500   
 244    28   1     0    11    11  243.       0.386      0.02500   
 244    29   1     0    10    10  243.       0.404      0.01875   
 244    30   1     0    10    10  243.       0.423      0.01875   
 244    31   1     0     9     9  243.       0.442      0.01875   
 244    32   1     0     7     7  243.       0.461      0.01875   
 244    33   1     0     5     5  243.       0.479      0.01875   
 244    34   1     0     5     5  243.       0.498      0.01875   
 244    35   1     0     5     5  244.       0.517      0.01875   
 244    36   1     0     5     5  244.       0.536      0.01875   
 244    37   1     0     4     4  244.       0.554      0.01875   
 244    38   1     0     3     3  244.       0.573      0.01875   
 244    39   1     0     7     7  244.       0.598      0.02500   
 244    40   1     0     5     5  244.       0.623      0.02500   
 244    41   1     0     4     4  244.       0.648      0.02500   
 244    42   1     0     4     4  244.       0.673      0.02500   
 244    43   1     0     4     4  244.       0.698      0.02500   
 244    44   1     0     3     3  244.       0.723      0.02500   
 244    45   1     0     3     3  244.       0.748      0.02500   
 244    46   1     0     8     8  244.       0.773      0.02500   
 244    47   1     0     6     6  244.       0.798      0.02500   
 244    48   1     0     3     3  244.       0.823      0.02500   
 244    49   1     0    10    10  244.       0.848      0.02500   
 244    50   1     0    10    10  244.       0.873      0.02500   
 244    51   1     0    11    11  244.       0.898      0.02500   
 244    52   1     0    10    10  244.       0.917      0.01875   
 244    53   1     0     8     8  244.       0.936      0.01875   
 244    54   1     0     7     7  244.       0.954      0.01875   
 244    55   1     0     7     7  244.       0.973      0.01875   
 244    56   1     0     7     7  244.       0.992      0.01875   
 244    57   1     0    10    10  244.       1.00       0.008125  
 245     1   1     0    10    10  244.       0.00500    0.005000  
 245     2   1     0     7     7  244.       0.0100     0.005000  
 245     3   1     0     7     7  244.       0.0150     0.005000  
 245     4   1     0     5     5  244.       0.0200     0.005000  
 245     5   1     0     3     3  244.       0.0250     0.005000  
 245     6   1     0     1     1  244.       0.0300     0.005000  
 245     7   1     0     7     7  244.       0.0375     0.007500  
 245     8   1     0     2     2  244.       0.0450     0.007500  
 245     9   1     0     4     4  244.       0.0525     0.007500  
 245    10   1     0     9     9  244.       0.0638     0.01125   
 245    11   1     0     5     5  244.       0.0750     0.01125   
 245    12   1     0     4     4  244.       0.0862     0.01125   
 245    13   1     0     4     4  244.       0.0975     0.01125   
 245    14   1     0     9     9  244.       0.114      0.01688   
 245    15   1     0     4     4  244.       0.131      0.01688   
 245    16   1     0     5     5  244.       0.148      0.01688   
 245    17   1     0     3     3  244.       0.165      0.01688   
 245    18   1     0     2     2  244.       0.182      0.01688   
 245    19   1     0     7     7  244.       0.207      0.02500   
 245    20   1     0     6     6  244.       0.232      0.02500   
 245    21   1     0    10    10  244.       0.257      0.02500   
 245    22   1     0     4     4  244.       0.282      0.02500   
 245    23   1     0     3     3  244.       0.307      0.02500   
 245    24   1     0    10    10  244.       0.332      0.02500   
 245    25   1     0    10    10  244.       0.357      0.02500   
 245    26   1     0    11    11  244.       0.382      0.02500   
 245    27   1     0    10    10  244.       0.401      0.01875   
 245    28   1     0    10    10  244.       0.419      0.01875   
 245    29   1     0     9     9  244.       0.438      0.01875   
 245    30   1     0     7     7  244.       0.457      0.01875   
 245    31   1     0     5     5  244.       0.476      0.01875   
 245    32   1     0     5     5  244.       0.494      0.01875   
 245    33   1     0     5     5  245.       0.513      0.01875   
 245    34   1     0     5     5  245.       0.532      0.01875   
 245    35   1     0     4     4  245.       0.551      0.01875   
 245    36   1     0     3     3  245.       0.569      0.01875   
 245    37   1     0     7     7  245.       0.594      0.02500   
 245    38   1     0     5     5  245.       0.619      0.02500   
 245    39   1     0     5     5  245.       0.644      0.02500   
 245    40   1     0     4     4  245.       0.669      0.02500   
 245    41   1     0     4     4  245.       0.694      0.02500   
 245    42   1     0     3     3  245.       0.719      0.02500   
 245    43   1     0     3     3  245.       0.744      0.02500   
 245    44   1     0     9     9  245.       0.769      0.02500   
 245    45   1     0     8     8  245.       0.794      0.02500   
 245    46   1     0     4     4  245.       0.819      0.02500   
 245    47   1     0    10    10  245.       0.844      0.02500   
 245    48   1     0    12    12  245.       0.869      0.02500   
 245    49   1     0    10    10  245.       0.888      0.01875   
 245    50   1     0    11    11  245.       0.907      0.01875   
 245    51   1     0    10    10  245.       0.921      0.01406   
 245    52   1     0    10    10  245.       0.935      0.01406   
 245    53   1     0     8     8  245.       0.949      0.01406   
 245    54   1     0     6     6  245.       0.963      0.01406   
 245    55   1     0     7     7  245.       0.977      0.01406   
 245    56   1     0     5     5  245.       0.991      0.01406   
 245    57   1     0    10    10  245.       1.00       0.008750  
 246     1   1     0    10    10  245.       0.00500    0.005000  
 246     2   1     0     4     4  245.       0.0100     0.005000  
 246     3   1     0     5     5  245.       0.0150     0.005000  
 246     4   1     0     3     3  245.       0.0200     0.005000  
 246     5   1     0     1     1  245.       0.0250     0.005000  
 246     6   1     0     7     7  245.       0.0325     0.007500  
 246     7   1     0     2     2  245.       0.0400     0.007500  
 246     8   1     0     4     4  245.       0.0475     0.007500  
 246     9   1     0     8     8  245.       0.0587     0.01125   
 246    10   1     0     5     5  245.       0.0700     0.01125   
 246    11   1     0     4     4  245.       0.0812     0.01125   
 246    12   1     0     4     4  245.       0.0925     0.01125   
 246    13   1     0     9     9  245.       0.109      0.01688   
 246    14   1     0     5     5  245.       0.126      0.01688   
 246    15   1     0     4     4  245.       0.143      0.01688   
 246    16   1     0     3     3  245.       0.160      0.01688   
 246    17   1     0     7     7  245.       0.185      0.02500   
 246    18   1     0     5     5  245.       0.210      0.02500   
 246    19   1     0     5     5  245.       0.235      0.02500   
 246    20   1     0    10    10  245.       0.260      0.02500   
 246    21   1     0     5     5  245.       0.285      0.02500   
 246    22   1     0     3     3  245.       0.310      0.02500   
 246    23   1     0    10    10  245.       0.335      0.02500   
 246    24   1     0    10    10  245.       0.360      0.02500   
 246    25   1     0    11    11  245.       0.385      0.02500   
 246    26   1     0    10    10  245.       0.404      0.01875   
 246    27   1     0    10    10  245.       0.423      0.01875   
 246    28   1     0     9     9  245.       0.441      0.01875   
 246    29   1     0     7     7  245.       0.460      0.01875   
 246    30   1     0     5     5  245.       0.479      0.01875   
 246    31   1     0     5     5  245.       0.497      0.01875   
 246    32   1     0     5     5  246.       0.516      0.01875   
 246    33   1     0     5     5  246.       0.535      0.01875   
 246    34   1     0     4     4  246.       0.554      0.01875   
 246    35   1     0     4     4  246.       0.573      0.01875   
 246    36   1     0     7     7  246.       0.598      0.02500   
 246    37   1     0     5     5  246.       0.623      0.02500   
 246    38   1     0     4     4  246.       0.648      0.02500   
 246    39   1     0     4     4  246.       0.673      0.02500   
 246    40   1     0     4     4  246.       0.698      0.02500   
 246    41   1     0     3     3  246.       0.723      0.02500   
 246    42   1     0     3     3  246.       0.748      0.02500   
 246    43   1     0     9     9  246.       0.773      0.02500   
 246    44   1     0     7     7  246.       0.798      0.02500   
 246    45   1     0     3     3  246.       0.823      0.02500   
 246    46   1     0    10    10  246.       0.848      0.02500   
 246    47   1     0    11    11  246.       0.873      0.02500   
 246    48   1     0    10    10  246.       0.891      0.01875   
 246    49   1     0    10    10  246.       0.910      0.01875   
 246    50   1     0     9     9  246.       0.929      0.01875   
 246    51   1     0     7     7  246.       0.948      0.01875   
 246    52   1     0     7     7  246.       0.966      0.01875   
 246    53   1     0     7     7  246.       0.985      0.01875   
 246    54   1     0    10    10  246.       1.00       0.01500   
 247     1   1     0    10    10  246.       0.00500    0.005000  
 247     2   1     0     8     8  246.       0.0100     0.005000  
 247     3   1     0     7     7  246.       0.0150     0.005000  
 247     4   1     0     7     7  246.       0.0200     0.005000  
 247     5   1     0     5     5  246.       0.0250     0.005000  
 247     6   1     0     2     2  246.       0.0300     0.005000  
 247     7   1     0     1     1  246.       0.0350     0.005000  
 247     8   1     0     8     8  246.       0.0425     0.007500  
 247     9   1     0     2     2  246.       0.0500     0.007500  
 247    10   1     0     4     4  246.       0.0575     0.007500  
 247    11   1U    0     5     5  246.       0.0575     0.01125   
 247    11   2     0    10    10  246.       0.0603     0.002812  
 247    12   1     0     4     4  246.       0.0631     0.002812  
 247    13   1     0     5     5  246.       0.0659     0.002812  
 247    14   1     0     4     4  246.       0.0687     0.002812  
 247    15   1     0     3     3  246.       0.0716     0.002812  
 247    16   1     0     7     7  246.       0.0758     0.004219  
 247    17   1     0     1     1  246.       0.0800     0.004219  
 247    18   1     0     1     1  246.       0.0842     0.004219  
 247    19   1     0     5     5  246.       0.0905     0.006328  
 247    20   1     0     1     1  246.       0.0969     0.006328  
 247    21   1     0     2     2  246.       0.103      0.006328  
 247    22   1     0     5     5  246.       0.113      0.009492  
 247    23   1     0     2     2  246.       0.122      0.009492  
 247    24   1     0     3     3  246.       0.132      0.009492  
 247    25   1     0     7     7  246.       0.146      0.01424   
 247    26   1     0     4     4  246.       0.160      0.01424   
 247    27   1     0     4     4  246.       0.174      0.01424   
 247    28   1     0     7     7  246.       0.196      0.02136   
 247    29   1     0     4     4  246.       0.217      0.02136   
 247    30   1     0     4     4  246.       0.238      0.02136   
 247    31   1     0    10    10  246.       0.263      0.02500   
 247    32   1     0     2     2  246.       0.288      0.02500   
 247    33   1     0     7     7  246.       0.313      0.02500   
 247    34   1     0    10    10  246.       0.338      0.02500   
 247    35   1     0    10    10  246.       0.363      0.02500   
 247    36   1     0    11    11  246.       0.388      0.02500   
 247    37   1     0    10    10  246.       0.407      0.01875   
 247    38   1     0    10    10  246.       0.426      0.01875   
 247    39   1     0     9     9  246.       0.445      0.01875   
 247    40   1     0     6     6  246.       0.463      0.01875   
 247    41   1     0     5     5  246.       0.482      0.01875   
 247    42   1     0     5     5  247.       0.501      0.01875   
 247    43   1     0     5     5  247.       0.520      0.01875   
 247    44   1     0     5     5  247.       0.538      0.01875   
 247    45   1     0     4     4  247.       0.557      0.01875   
 247    46   1     0     3     3  247.       0.576      0.01875   
 247    47   1     0     7     7  247.       0.601      0.02500   
 247    48   1     0     5     5  247.       0.626      0.02500   
 247    49   1     0     4     4  247.       0.651      0.02500   
 247    50   1     0     4     4  247.       0.676      0.02500   
 247    51   1     0     4     4  247.       0.701      0.02500   
 247    52   1     0     3     3  247.       0.726      0.02500   
 247    53   1     0     7     7  247.       0.751      0.02500   
 247    54   1     0     7     7  247.       0.776      0.02500   
 247    55   1     0     5     5  247.       0.801      0.02500   
 247    56   1     0     4     4  247.       0.826      0.02500   
 247    57   1     0    10    10  247.       0.851      0.02500   
 247    58   1     0    10    10  247.       0.876      0.02500   
 247    59   1     0    10    10  247.       0.901      0.02500   
 247    60   1     0    10    10  247.       0.926      0.02500   
 247    61   1     0     6     6  247.       0.951      0.02500   
 247    62   1     0     6     6  247.       0.976      0.02500   
 247    63   1     0     5     5  247.       1.00       0.02403   
 248     1   1     0    10    10  247.       0.00500    0.005000  
 248     2   1     0    10    10  247.       0.0100     0.005000  
 248     3   1     0    10    10  247.       0.0150     0.005000  
 248     4   1     0     7     7  247.       0.0200     0.005000  
 248     5   1     0     6     6  247.       0.0250     0.005000  
 248     6   1     0     4     4  247.       0.0300     0.005000  
 248     7   1     0     1     1  247.       0.0350     0.005000  
 248     8   1     0     7     7  247.       0.0425     0.007500  
 248     9   1     0     2     2  247.       0.0500     0.007500  
 248    10   1     0     4     4  247.       0.0575     0.007500  
 248    11   1U    0     4     4  247.       0.0575     0.01125   
 248    11   2     0     9     9  247.       0.0603     0.002812  
 248    12   1     0     3     3  247.       0.0631     0.002812  
 248    13   1     0     4     4  247.       0.0659     0.002812  
 248    14   1     0     8     8  247.       0.0702     0.004219  
 248    15   1     0     1     1  247.       0.0744     0.004219  
 248    16   1     0     2     2  247.       0.0786     0.004219  
 248    17   1     0     6     6  247.       0.0849     0.006328  
 248    18   1     0     1     1  247.       0.0912     0.006328  
 248    19   1     0     2     2  247.       0.0976     0.006328  
 248    20   1     0     4     4  247.       0.107      0.009492  
 248    21   1     0     7     7  247.       0.121      0.01424   
 248    22   1     0     5     5  247.       0.136      0.01424   
 248    23   1     0     5     5  247.       0.150      0.01424   
 248    24   1     0     3     3  247.       0.164      0.01424   
 248    25   1     0     2     2  247.       0.178      0.01424   
 248    26   1     0     8     8  247.       0.200      0.02136   
 248    27   1     0     4     4  247.       0.221      0.02136   
 248    28   1     0     4     4  247.       0.242      0.02136   
 248    29   1     0     7     7  247.       0.267      0.02500   
 248    30   1     0     2     2  247.       0.292      0.02500   
 248    31   1     0     7     7  247.       0.317      0.02500   
 248    32   1     0    10    10  247.       0.342      0.02500   
 248    33   1     0    10    10  247.       0.367      0.02500   
 248    34   1     0    10    10  247.       0.392      0.02500   
 248    35   1     0    10    10  247.       0.417      0.02500   
 248    36   1     0    10    10  247.       0.442      0.02500   
 248    37   1     0     8     8  247.       0.467      0.02500   
 248    38   1     0     5     5  247.       0.492      0.02500   
 248    39   1     0     5     5  248.       0.517      0.02500   
 248    40   1     0     4     4  248.       0.542      0.02500   
 248    41   1     0     4     4  248.       0.567      0.02500   
 248    42   1     0     4     4  248.       0.592      0.02500   
 248    43   1     0     4     4  248.       0.617      0.02500   
 248    44   1     0     4     4  248.       0.642      0.02500   
 248    45   1     0     3     3  248.       0.667      0.02500   
 248    46   1     0     4     4  248.       0.692      0.02500   
 248    47   1     0     3     3  248.       0.717      0.02500   
 248    48   1     0     2     2  248.       0.742      0.02500   
 248    49   1     0    10    10  248.       0.767      0.02500   
 248    50   1     0     8     8  248.       0.792      0.02500   
 248    51   1     0     5     5  248.       0.817      0.02500   
 248    52   1     0    10    10  248.       0.842      0.02500   
 248    53   1     0    10    10  248.       0.867      0.02500   
 248    54   1     0    10    10  248.       0.892      0.02500   
 248    55   1     0    10    10  248.       0.917      0.02500   
 248    56   1     0     9     9  248.       0.942      0.02500   
 248    57   1     0     7     7  248.       0.967      0.02500   
 248    58   1     0     6     6  248.       0.992      0.02500   
 248    59   1     0    10    10  248.       1.00       0.007666  
 249     1   1     0    10    10  248.       0.00500    0.005000  
 249     2   1     0     7     7  248.       0.0100     0.005000  
 249     3   1     0     5     5  248.       0.0150     0.005000  
 249     4   1     0     3     3  248.       0.0200     0.005000  
 249     5   1     0     1     1  248.       0.0250     0.005000  
 249     6   1     0     5     5  248.       0.0325     0.007500  
 249     7   1     0     2     2  248.       0.0400     0.007500  
 249     8   1     0     4     4  248.       0.0475     0.007500  
 249     9   1     0     5     5  248.       0.0587     0.01125   
 249    10   1     0     4     4  248.       0.0700     0.01125   
 249    11   1     0     6     6  248.       0.0812     0.01125   
 249    12   1     0     4     4  248.       0.0925     0.01125   
 249    13   1     0     3     3  248.       0.104      0.01125   
 249    14   1     0     9     9  248.       0.121      0.01688   
 249    15   1     0     4     4  248.       0.137      0.01688   
 249    16   1     0     4     4  248.       0.154      0.01688   
 249    17   1     0     7     7  248.       0.179      0.02500   
 249    18   1     0     6     6  248.       0.204      0.02500   
 249    19   1     0     4     4  248.       0.229      0.02500   
 249    20   1     0    10    10  248.       0.254      0.02500   
 249    21   1     0     6     6  248.       0.279      0.02500   
 249    22   1     0     1     1  248.       0.304      0.02500   
 249    23   1     0    10    10  248.       0.329      0.02500   
 249    24   1     0    10    10  248.       0.354      0.02500   
 249    25   1     0    11    11  248.       0.379      0.02500   
 249    26   1     0    11    11  248.       0.398      0.01875   
 249    27   1     0    10    10  248.       0.412      0.01406   
 249    28   1     0     9     9  248.       0.426      0.01406   
 249    29   1     0     7     7  248.       0.440      0.01406   
 249    30   1     0     6     6  248.       0.454      0.01406   
 249    31   1     0     7     7  248.       0.468      0.01406   
 249    32   1     0     6     6  248.       0.482      0.01406   
 249    33   1     0     5     5  248.       0.497      0.01406   
 249    34   1     0     5     5  249.       0.511      0.01406   
 249    35   1     0     5     5  249.       0.525      0.01406   
 249    36   1     0     4     4  249.       0.539      0.01406   
 249    37   1     0     4     4  249.       0.553      0.01406   
 249    38   1     0     9     9  249.       0.574      0.02109   
 249    39   1     0     5     5  249.       0.595      0.02109   
 249    40   1     0     4     4  249.       0.616      0.02109   
 249    41   1     0     5     5  249.       0.637      0.02109   
 249    42   1     0     4     4  249.       0.658      0.02109   
 249    43   1     0     4     4  249.       0.679      0.02109   
 249    44   1     0     6     6  249.       0.704      0.02500   
 249    45   1     0     5     5  249.       0.729      0.02500   
 249    46   1     0    10    10  249.       0.754      0.02500   
 249    47   1     0     7     7  249.       0.779      0.02500   
 249    48   1     0     5     5  249.       0.804      0.02500   
 249    49   1     0     6     6  249.       0.829      0.02500   
 249    50   1     0    10    10  249.       0.854      0.02500   
 249    51   1     0    11    11  249.       0.879      0.02500   
 249    52   1     0    10    10  249.       0.898      0.01875   
 249    53   1     0    10    10  249.       0.917      0.01875   
 249    54   1     0     8     8  249.       0.936      0.01875   
 249    55   1     0     8     8  249.       0.954      0.01875   
 249    56   1     0     6     6  249.       0.973      0.01875   
 249    57   1     0     6     6  249.       0.992      0.01875   
 249    58   1     0    10    10  249.       1.00       0.008125  
 250     1   1     0    10    10  249.       0.00500    0.005000  
 250     2   1     0     8     8  249.       0.0100     0.005000  
 250     3   1     0     9     9  249.       0.0150     0.005000  
 250     4   1     0     6     6  249.       0.0200     0.005000  
 250     5   1     0     5     5  249.       0.0250     0.005000  
 250     6   1     0     3     3  249.       0.0300     0.005000  
 250     7   1     0     1     1  249.       0.0350     0.005000  
 250     8   1     0     9     9  249.       0.0425     0.007500  
 250     9   1     0     2     2  249.       0.0500     0.007500  
 250    10   1     0     5     5  249.       0.0575     0.007500  
 250    11   1     0     3     3  249.       0.0650     0.007500  
 250    12   1     0     2     2  249.       0.0725     0.007500  
 250    13   1     0     8     8  249.       0.0838     0.01125   
 250    14   1     0     3     3  249.       0.0950     0.01125   
 250    15   1     0     4     4  249.       0.106      0.01125   
 250    16   1     0     9     9  249.       0.123      0.01688   
 250    17   1     0     5     5  249.       0.140      0.01688   
 250    18   1     0     4     4  249.       0.157      0.01688   
 250    19   1     0     3     3  249.       0.174      0.01688   
 250    20   1     0     7     7  249.       0.199      0.02500   
 250    21   1     0     5     5  249.       0.224      0.02500   
 250    22   1     0     5     5  249.       0.249      0.02500   
 250    23   1     0    10    10  249.       0.250      0.001250  
 250    24   1     0     7     7  249.       0.275      0.02500   
 250    25   1     0     3     3  249.       0.300      0.02500   
 250    26   1     0    10    10  249.       0.325      0.02500   
 250    27   1     0    10    10  249.       0.350      0.02500   
 250    28   1     0    11    11  249.       0.375      0.02500   
 250    29   1     0    10    10  249.       0.394      0.01875   
 250    30   1     0    10    10  249.       0.413      0.01875   
 250    31   1     0     9     9  249.       0.431      0.01875   
 250    32   1     0     7     7  249.       0.450      0.01875   
 250    33   1     0     5     5  249.       0.469      0.01875   
 250    34   1     0     5     5  249.       0.488      0.01875   
 250    35   1     0    10    10  250.       0.500      0.01250   
 250    36   1     0    10    10  250.       0.519      0.01875   
 250    37   1     0     6     6  250.       0.538      0.01875   
 250    38   1     0     4     4  250.       0.556      0.01875   
 250    39   1     0     4     4  250.       0.575      0.01875   
 250    40   1     0     7     7  250.       0.600      0.02500   
 250    41   1     0     5     5  250.       0.625      0.02500   
 250    42   1     0     4     4  250.       0.650      0.02500   
 250    43   1     0     4     4  250.       0.675      0.02500   
 250    44   1     0     4     4  250.       0.700      0.02500   
 250    45   1     0     3     3  250.       0.725      0.02500   
 250    46   1     0     3     3  250.       0.750      0.02500   
 250    47   1     0     7     7  250.       0.775      0.02500   
 250    48   1     0     6     6  250.       0.800      0.02500   
 250    49   1     0     3     3  250.       0.825      0.02500   
 250    50   1     0    10    10  250.       0.850      0.02500   
 250    51   1     0    11    11  250.       0.875      0.02500   
 250    52   1     0    10    10  250.       0.894      0.01875   
 250    53   1     0    10    10  250.       0.913      0.01875   
 250    54   1     0     8     8  250.       0.931      0.01875   
 250    55   1     0     7     7  250.       0.950      0.01875   
 250    56   1     0     7     7  250.       0.969      0.01875   
 250    57   1     0     6     6  250.       0.988      0.01875   
 250    58   1     0    10    10  250.       1.00       0.01250   
                          
 THE ANALYSIS HAS COMPLETED SUCCESSFULLY
