case_name,base_cycle,target_cycle,jump_size,method,strain_range_reference,predicted_strain_mean,reference_strain_mean,strain_mean_normalized_error_percent,predicted_ratcheting_strain,reference_ratcheting_strain,ratcheting_strain_normalized_error_percent,predicted_strain_max,reference_strain_max,strain_max_normalized_error_percent,max_normalized_error_percent,drift_direction_ok,finite,accepted,requested_target_cycle,adaptive_candidate
B1_stress_m150_to_250,500,1000,500,local_linear,0.0032863777785333,0.054886836817987256,0.0548718457286801,0.4561584308742584,0.040916878407775505,0.0409018873184656,0.4561584309578703,0.05652670301837105,0.0565150346179468,0.35505353342132273,0.4561584309578703,True,True,True,1000,False
B1_stress_m150_to_250,500,750,250,local_linear,0.003286420930718,0.04556741039833068,0.0455609827638241,0.19558159596954913,0.0315974519881176,0.0315910243536096,0.19558159601283248,0.04720920680521843,0.0472041932291831,0.15255428750672434,0.19558159601283248,True,True,True,1000,True
B1_stress_m150_to_250,500,625,125,local_linear,0.0032865972149862,0.04090769718850239,0.0409052734035036,0.07374755226279738,0.02693773877828865,0.0269353149932892,0.07374755228296001,0.042550458698642116,0.0425485720109967,0.05740550246952942,0.07374755228296001,True,True,True,1000,True
B1_stress_m150_to_250,500,562,62,local_linear,0.0032868667307962,0.03855920173074893,0.0385583299316167,0.026523714030048304,0.02458924332053486,0.0245883715214023,0.02652371404018157,0.04020244965292765,0.0402017632970148,0.020881768841333172,0.02652371404018157,True,True,True,1000,True
B1_stress_m150_to_250,500,531,31,local_linear,0.0032871028374072,0.037403592854711516,0.0374032919013557,0.009155580786665458,0.023433634444497278,0.0234333334911413,0.009155580791520632,0.039047080122496726,0.0390468433200593,0.007203986280195908,0.009155580791520632,True,True,True,1000,True
B1_stress_m150_to_250,500,515,15,local_linear,0.0032872660681785,0.03680714956385349,0.0368070480291165,0.003088728897520295,0.022837191153639174,0.0228370896189021,0.0030887289001588453,0.03845076036485496,0.0384506810632058,0.002412389125563989,0.0030887289001588453,True,True,True,1000,True
B1_stress_m150_to_250,500,507,7,local_linear,0.0032873610305235,0.03650892791842448,0.0365088904398174,0.001140081869041139,0.022538969508210122,0.022538932029603,0.0011400818703076066,0.038152600486034076,0.0381525709550792,0.0008983179699978896,0.0011400818703076066,True,True,True,1000,True
B1_stress_m150_to_250,500,503,3,local_linear,0.0032874128324206,0.03635981709570998,0.0363598036217423,0.0004098653976409958,0.022389858685495593,0.0223898452115279,0.00040986539806314503,0.038003520546623634,0.0380035100379526,0.0003196638686168821,0.00040986539806314503,True,True,True,1000,True
B1_stress_m150_to_250,500,501,1,local_linear,0.0032874395493811,0.036285261684352726,0.036285258066987,0.00011003596178934856,0.02231530327413833,0.0223152996567726,0.00011003596200042145,0.03792898057691841,0.0379289778416776,8.320277135253461e-05,0.00011003596200042145,True,True,True,1000,True
B1_stress_m150_to_250,500,1000,500,least_squares_local_linear,0.0032863777785333,0.05489897071868147,0.0548718457286801,0.8253765035337712,0.040929012308467023,0.0409018873184656,0.8253765035354604,0.05653601987788027,0.0565150346179468,0.6385528794208613,0.8253765035354604,True,True,True,1000,False
B1_stress_m150_to_250,500,750,250,least_squares_local_linear,0.003286420930718,0.04557347734867778,0.0455609827638241,0.3801882082996412,0.03160351893846337,0.0315910243536096,0.38018820830217487,0.04721386523497304,0.0472041932291831,0.2943020992696489,0.38018820830217487,True,True,True,1000,True
B1_stress_m150_to_250,500,625,125,least_squares_local_linear,0.0032865972149862,0.04091073066367594,0.0409052734035036,0.1660459075258267,0.02694077225346153,0.0269353149932892,0.16604590752551004,0.04255278791351942,0.0425485720109967,0.1282756068645863,0.1660459075258267,True,True,True,1000,True
B1_stress_m150_to_250,500,562,62,least_squares_local_linear,0.0032868667307962,0.03856070633443501,0.0385583299316167,0.0722999443828748,0.02459074792422061,0.0245883715214023,0.07229994438298036,0.0402036049435068,0.0402017632970148,0.05603045827015306,0.07229994438298036,True,True,True,1000,True
B1_stress_m150_to_250,500,531,31,least_squares_local_linear,0.0032871028374072,0.03740434515655455,0.0374032919013557,0.03204205195133927,0.023434386746340154,0.0234333334911413,0.03204205195133927,0.0390476577677863,0.0390468433200593,0.024777068661427877,0.03204205195133927,True,True,True,1000,True
B1_stress_m150_to_250,500,515,15,least_squares_local_linear,0.0032872660681785,0.03680751358087432,0.0368070480291165,0.014162277958719067,0.02283755517065992,0.0228370896189021,0.014162277958719067,0.03845103987064024,0.0384506810632058,0.010915071277953691,0.014162277958719067,True,True,True,1000,True
B1_stress_m150_to_250,500,507,7,least_squares_local_linear,0.0032873610305235,0.0365090977930342,0.0365088904398174,0.006307588818899396,0.022539139382819803,0.022538932029603,0.0063075888190049344,0.0381527309220672,0.0381525709550792,0.004866121685991423,0.0063075888190049344,True,True,True,1000,True
B1_stress_m150_to_250,500,503,3,least_squares_local_linear,0.0032874128324206,0.036359889899114144,0.0363598036217423,0.0026244763357132408,0.022389931488899745,0.0223898452115279,0.0026244763357132408,0.03800357644778069,0.0380035100379526,0.0020201243798798267,0.0026244763357132408,True,True,True,1000,True
B1_stress_m150_to_250,500,501,1,least_squares_local_linear,0.0032874395493811,0.03628528595215411,0.036285258066987,0.0008482336083756757,0.022315327541939715,0.0223152996567726,0.0008482336084812121,0.037928999210637436,0.0379289778416776,0.000650018335447533,0.0008482336084812121,True,True,True,1000,True
B1_stress_m150_to_250,500,1000,500,power_law_fit,0.0032863777785333,0.04960458207834267,0.0548718457286801,160.2756592605794,0.03879689465343532,0.0409018873184656,64.05205995427988,0.05105882819744503,0.0565150346179468,166.02493043075685,166.02493043075685,True,True,False,1000,False
B1_stress_m150_to_250,500,750,250,power_law_fit,0.003286420930718,0.04354690787122804,0.0455609827638241,61.284751255404146,0.030815718467879595,0.0315910243536096,23.591192427094917,0.04511216527241969,0.0472041932291831,63.65672568627292,63.65672568627292,True,True,False,1000,True
B1_stress_m150_to_250,500,625,125,power_law_fit,0.0032865972149862,0.04009808405059843,0.0409052734035036,24.56003276655121,0.02663200535996441,0.0269353149932892,9.228682843816735,0.04170855643094931,0.0425485720109967,25.55882346084562,25.55882346084562,True,True,False,1000,True
B1_stress_m150_to_250,500,562,62,power_law_fit,0.0032868667307962,0.03821614379687029,0.0385583299316167,10.410709127337197,0.024461604443776354,0.0245883715214023,3.8567757079472322,0.03984524978274403,0.0402017632970148,10.846606919910437,10.846606919910437,True,True,False,1000,True
B1_stress_m150_to_250,500,531,31,power_law_fit,0.0032871028374072,0.037247746798524675,0.0374032919013557,4.731981642342297,0.0233761284067298,0.0234333334911413,1.7402888574250381,0.03888468491394778,0.0390468433200593,4.9331710668178905,4.9331710668178905,True,True,False,1000,True
B1_stress_m150_to_250,500,515,15,power_law_fit,0.0032872660681785,0.036735839013344596,0.0368070480291165,2.1662078546433183,0.02281099905517569,0.0228370896189021,0.79368579194045,0.03837642000683281,0.0384506810632058,2.259052198173217,2.259052198173217,True,True,False,1000,True
B1_stress_m150_to_250,500,507,7,power_law_fit,0.0032873610305235,0.036476629244698085,0.0365088904398174,0.9813706136857676,0.022527134808918138,0.022538932029603,0.3588659893247251,0.03811892150392137,0.0381525709550792,1.0236007194035355,1.0236007194035355,True,True,False,1000,True
B1_stress_m150_to_250,500,503,3,power_law_fit,0.0032874128324206,0.03634618728971149,0.0363598036217423,0.4141959870850968,0.02238487066397663,0.0223898452115279,0.15132104803551996,0.037989306507136625,0.0380035100379526,0.43205802069931903,0.43205802069931903,True,True,True,1000,True
B1_stress_m150_to_250,500,501,1,power_law_fit,0.0032874395493811,0.03628075404761541,0.036285258066987,0.13700691081720417,0.022313654665849843,0.0223152996567726,0.05003866681184438,0.037924279427687814,0.0379289778416776,0.1429201638298978,0.1429201638298978,True,True,True,1000,True
B1_stress_m150_to_250,500,1000,500,log_cycle_fit,0.0032863777785333,0.046447132324062876,0.0548718457286801,256.3525550728725,0.03247717391384851,0.0409018873184656,256.3525550728685,0.0480829070583377,0.0565150346179468,256.5781577117507,256.5781577117507,True,True,False,1000,False
B1_stress_m150_to_250,500,750,250,log_cycle_fit,0.003286420930718,0.04221410330001876,0.0455609827638241,101.83964666614175,0.02824414488980438,0.0315910243536096,101.83964666613826,0.04385317836231683,0.0472041932291831,101.9654796969103,101.9654796969103,True,True,False,1000,True
B1_stress_m150_to_250,500,625,125,log_cycle_fit,0.0032865972149862,0.039531376374978694,0.0409052734035036,41.80302418136968,0.02556141796476431,0.0269353149932892,41.80302418136926,0.041172543055075526,0.0425485720109967,41.867891497223056,41.867891497223056,True,True,False,1000,True
B1_stress_m150_to_250,500,562,62,log_cycle_fit,0.0032868667307962,0.03796798911660702,0.0385583299316167,17.96059479620816,0.02399803070639264,0.0245883715214023,17.96059479620763,0.039610374708917935,0.0402017632970148,17.99247236147028,17.99247236147028,True,True,False,1000,True
B1_stress_m150_to_250,500,531,31,log_cycle_fit,0.0032871028374072,0.037133104483528565,0.0374032919013557,8.219621690943216,0.02316314607331418,0.0234333334911413,8.219621690942793,0.0387761410029026,0.0390468433200593,8.235285920358544,8.235285920358544,True,True,False,1000,True
B1_stress_m150_to_250,500,515,15,log_cycle_fit,0.0032872660681785,0.03668291990199414,0.0368070480291165,3.776029215400345,0.022712961491779756,0.0228370896189021,3.7760292153998174,0.03832630741276976,0.0384506810632058,3.7834981366433413,3.7834981366433413,True,True,False,1000,True
B1_stress_m150_to_250,500,507,7,log_cycle_fit,0.0032873610305235,0.03645255495036279,0.0365088904398174,1.7136994973029216,0.02248259654014839,0.022538932029603,1.7136994973029216,0.0380961220677277,0.0381525709550792,1.7171490088056793,1.7171490088056793,True,True,False,1000,True
B1_stress_m150_to_250,500,503,3,log_cycle_fit,0.0032874128324206,0.03633600574109802,0.0363598036217423,0.7239090998727955,0.022366047330883623,0.0223898452115279,0.7239090998727955,0.03797966372734648,0.0380035100379526,0.7253822936670716,0.7253822936670716,True,True,True,1000,True
B1_stress_m150_to_250,500,501,1,log_cycle_fit,0.0032874395493811,0.036277383110810246,0.036285258066987,0.23954679800078382,0.022307424700595862,0.0223152996567726,0.23954679800025616,0.03792108680284254,0.0379289778416776,0.24003601333267816,0.24003601333267816,True,True,True,1000,True
B1_stress_m150_to_250,500,1000,500,quadratic_curvature_limited,0.0032863777785333,0.05504648488425961,0.0548718457286801,5.314031658814731,0.04107652647404532,0.0409018873184656,5.314031658821065,0.056649621149589574,0.0565150346179468,4.09528486109844,5.314031658821065,True,True,False,1000,False
B1_stress_m150_to_250,500,750,250,quadratic_curvature_limited,0.003286420930718,0.04569473032887113,0.0455609827638241,4.0697028124697985,0.031724771918656816,0.0315910243536096,4.069702812475499,0.047307230328399924,0.0472041932291831,3.1352374327262917,4.069702812475499,True,True,False,1000,True
B1_stress_m150_to_250,500,625,125,quadratic_curvature_limited,0.0032865972149862,0.04098323112812368,0.0409052734035036,2.3719890062771216,0.027013272717909334,0.0269353149932892,2.371989006278705,0.04260861157462592,0.0425485720109967,1.826800173609641,2.371989006278705,True,True,False,1000,True
B1_stress_m150_to_250,500,562,62,quadratic_curvature_limited,0.0032868667307962,0.038599634868405265,0.0385583299316167,1.256666003569812,0.024629676458190898,0.0245883715214023,1.2566660035708677,0.04023357861175606,0.0402017632970148,0.9679526840308349,1.2566660035708677,True,True,False,1000,True
B1_stress_m150_to_250,500,531,31,quadratic_curvature_limited,0.0032871028374072,0.03742453972045817,0.0374032919013557,0.6463995850898054,0.023454581310243788,0.0234333334911413,0.6463995850902277,0.03906320681701056,0.0390468433200593,0.4978090969664801,0.6463995850902277,True,True,True,1000,True
B1_stress_m150_to_250,500,515,15,quadratic_curvature_limited,0.0032872660681785,0.03681746752829952,0.0368070480291165,0.3169654955490859,0.02284750911808513,0.0228370896189021,0.31696549554940245,0.03845870401165292,0.0384506810632058,0.24406142614313703,0.31696549554940245,True,True,True,1000,True
B1_stress_m150_to_250,500,507,7,quadratic_curvature_limited,0.0032873610305235,0.036513785524823365,0.0365088904398174,0.14890621871202983,0.022543827114608974,0.022538932029603,0.1489062187122409,0.038156340282960444,0.0381525709550792,0.11466120837489598,0.1489062187122409,True,True,True,1000,True
B1_stress_m150_to_250,500,503,3,quadratic_curvature_limited,0.0032874128324206,0.03636190804623609,0.0363598036217423,0.06401460969660376,0.02239194963602169,0.0223898452115279,0.06401460969660376,0.03800513033711079,0.0380035100379526,0.04928797327225244,0.06401460969660376,True,True,True,1000,True
B1_stress_m150_to_250,500,501,1,quadratic_curvature_limited,0.0032874395493811,0.03628596018773014,0.036285258066987,0.021357677687946885,0.022316001777515748,0.0223152996567726,0.021357677688157956,0.03792951834381011,0.0379289778416776,0.016441431831383854,0.021357677688157956,True,True,True,1000,True
B1_stress_m150_to_250,1000,5000,4000,local_linear,0.0032863719411082,0.2038414139972485,0.2038270221291175,0.4379257244437437,0.189871455587034,0.1898570637189031,0.4379257244403655,0.2054845557007044,0.2054702080996716,0.43657873454112384,0.4379257244437437,True,True,True,5000,False
B1_stress_m150_to_250,1000,3000,2000,local_linear,0.0032863740440782,0.1293566298629643,0.1293537761746828,0.08683394656960475,0.1153866714527498,0.1153838177644684,0.08683394656622649,0.13099979515932558,0.130996963196722,0.08617286302792743,0.08683394656960475,True,True,True,5000,True
B1_stress_m150_to_250,1000,2000,1000,local_linear,0.0032863748357274,0.0921142377958222,0.092113380978674,0.02607180224510484,0.0781442793856077,0.0781434225684596,0.02607180224172658,0.0937574148886362,0.0937565683965377,0.025757624763222374,0.02607180224510484,True,True,True,5000,True
B1_stress_m150_to_250,1000,1500,500,local_linear,0.0032863750586318,0.07349304176225115,0.0734928220850366,0.0066844839869109616,0.059523083352036654,0.0595228636748221,0.0066844839871221026,0.0751362247532915,0.0751360096143525,0.006546390328516493,0.0066844839871221026,True,True,True,5000,True
B1_stress_m150_to_250,1000,1250,250,local_linear,0.0032863758455457,0.06418244374546563,0.0641824351875543,0.0002604057395211091,0.05021248533525113,0.0502124767773399,0.0002604057365651321,0.06582562968561914,0.0658256231103272,0.0002000772962362349,0.0002604057395211091,True,True,True,5000,True
B1_stress_m150_to_250,1000,1125,125,local_linear,0.0032863765320656,0.05952714473707286,0.0595271918374047,0.0014331994944435352,0.04555718632685836,0.0455572334271903,0.0014331994973995116,0.06117033215178297,0.0611703801034376,0.0014591040973316821,0.0014591040973316821,True,True,True,5000,True
B1_stress_m150_to_250,1000,1062,62,local_linear,0.0032863766456167,0.05718087403684291,0.0571809110412644,0.0011259945369210306,0.04321091562662841,0.04321095263105,0.001125994539877007,0.05882406219472954,0.0588240993640728,0.0011310128833106807,0.0011310128833106807,True,True,True,5000,True
B1_stress_m150_to_250,1000,1031,31,local_linear,0.0032863773218613,0.0560263598827615,0.0560264047276341,0.0013645685874771345,0.042056401472547,0.0420564463174197,0.0013645685904331102,0.057669548406338166,0.0576695933885647,0.0013687480811971236,0.0013687480811971236,True,True,True,5000,True
B1_stress_m150_to_250,1000,1015,15,local_linear,0.0032863786029571,0.05543048160968723,0.0554305097341037,0.0008557874751258191,0.04146052319947273,0.0414605513238893,0.0008557874782929347,0.057073670322007136,0.0570736990355823,0.0008737147672985181,0.0008737147672985181,True,True,True,5000,True
B1_stress_m150_to_250,1000,1007,7,local_linear,0.0032863784954748,0.055132542473150095,0.055132552304402,0.00029915154071221014,0.041162584062935596,0.0411625938941876,0.0002991515438793258,0.056775731279841625,0.0567757415521394,0.00031257196304156613,0.00031257196304156613,True,True,True,5000,True
B1_stress_m150_to_250,1000,1003,3,local_linear,0.0032863783737497,0.054983572904881525,0.0549835753219481,7.354803068245527e-05,0.041013614494667026,0.0410136169117336,7.354803068245527e-05,0.056626761758758866,0.0566267645088229,8.368068791566723e-05,8.368068791566723e-05,True,True,True,5000,True
B1_stress_m150_to_250,1000,1001,1,local_linear,0.003286377731265,0.05490908812074724,0.0549090884628802,1.0410640188928184e-05,0.04093912971053274,0.0409391300526658,1.0410643144903504e-05,0.056552276998217486,0.0565522773285127,1.005043369323071e-05,1.0410643144903504e-05,True,True,True,5000,True
B1_stress_m150_to_250,1000,5000,4000,least_squares_local_linear,0.0032863719411082,0.20384468250247406,0.2038270221291175,0.5373820636569606,0.18987472409225847,0.1898570637189031,0.5373820636206442,0.2054877739764248,0.2054702080996716,0.5345066556061084,0.5373820636569606,True,True,True,5000,False
B1_stress_m150_to_250,1000,3000,2000,least_squares_local_linear,0.0032863740440782,0.12935826411557708,0.1293537761746828,0.1365620843544439,0.11538830570536203,0.1153838177644684,0.1365620843345966,0.13100140429718576,0.130996963196722,0.1351367922276723,0.1365620843544439,True,True,True,5000,True
B1_stress_m150_to_250,1000,2000,1000,least_squares_local_linear,0.0032863748357274,0.09211505492212857,0.092113380978674,0.0509358651476392,0.07814509651191381,0.0781434225684596,0.050935865136659854,0.09375821945756628,0.0937565683965377,0.05023958346525405,0.0509358651476392,True,True,True,5000,True
B1_stress_m150_to_250,1000,1500,500,least_squares_local_linear,0.0032863750586318,0.07349345032540433,0.0734928220850366,0.019116514594952866,0.059523491915189713,0.0595228636748221,0.019116514591363463,0.07513662703775655,0.0751360096143525,0.018787368849476654,0.019116514594952866,True,True,True,5000,True
B1_stress_m150_to_250,1000,1250,250,least_squares_local_linear,0.0032863758455457,0.06418264802704221,0.0641824351875543,0.0064764195549226935,0.050212689616827656,0.0502124767773399,0.006476419550277586,0.06582583082785166,0.0658256231103272,0.006320565091181544,0.0064764195549226935,True,True,True,5000,True
B1_stress_m150_to_250,1000,1125,125,least_squares_local_linear,0.0032863765320656,0.05952724687786116,0.0595271918374047,0.001674806764209687,0.04555728846764663,0.0455572334271903,0.001674806760409146,0.06117043272289923,0.0611703801034376,0.0016011391608598939,0.001674806764209687,True,True,True,5000,True
B1_stress_m150_to_250,1000,1062,62,least_squares_local_linear,0.0032863766456167,0.0571809246986739,0.0571809110412644,0.00041557651382441777,0.04321096628845939,0.04321095263105,0.0004155765106573003,0.058824112078003206,0.0588240993640728,0.0003868677202726472,0.00041557651382441777,True,True,True,5000,True
B1_stress_m150_to_250,1000,1031,31,least_squares_local_linear,0.0032863773218613,0.056026385213677,0.0560264047276341,0.0005937832206049578,0.0420564268034625,0.0420564463174197,0.0005937832235609335,0.057669573347975,0.0576695933885647,0.0006098079355741617,0.0006098079355741617,True,True,True,5000,True
B1_stress_m150_to_250,1000,1015,15,least_squares_local_linear,0.0032863786029571,0.055430493866581824,0.0554305097341037,0.0004828269590894913,0.041460535456367326,0.0414605513238893,0.0004828269622566069,0.057073682390541086,0.0570736990355823,0.0005064858077649996,0.0005064858077649996,True,True,True,5000,True
B1_stress_m150_to_250,1000,1007,7,least_squares_local_linear,0.0032863784954748,0.05513254819303424,0.055132552304402,0.00012510329427332142,0.04116258978281974,0.0411625938941876,0.0001251032974404371,0.05677573691182413,0.0567757415521394,0.00014119844312851342,0.00014119844312851342,True,True,True,5000,True
B1_stress_m150_to_250,1000,1003,3,least_squares_local_linear,0.0032863783737497,0.05498357535626044,0.0549835753219481,1.0440775160714162e-06,0.041013616946045946,0.0410136169117336,1.0440777272124692e-06,0.056626764172465656,0.0566267645088229,1.023489088651047e-05,1.023489088651047e-05,True,True,True,5000,True
B1_stress_m150_to_250,1000,1001,1,least_squares_local_linear,0.003286377731265,0.054909088937873544,0.0549090884628802,1.4453400738150189e-05,0.04093913052765905,0.0409391300526658,1.4453397993315964e-05,0.05655227780278642,0.0565522773285127,1.4431503506403695e-05,1.4453400738150189e-05,True,True,True,5000,True
B1_stress_m150_to_250,1000,5000,4000,power_law_fit,0.0032863719411082,0.15720721048262587,0.2038270221291175,1418.579895456718,0.1743831684945134,0.1898570637189031,470.85039373759156,0.15668103867717692,0.2054702080996716,1484.590615328904,1484.590615328904,True,True,False,5000,False
B1_stress_m150_to_250,1000,3000,2000,power_law_fit,0.0032863740440782,0.11255337156954305,0.1293537761746828,511.21401215460605,0.1100541805003655,0.1153838177644684,162.17378766444773,0.11335282642899037,0.130996963196722,536.8876619362617,536.8876619362617,True,True,False,5000,True
B1_stress_m150_to_250,1000,2000,1000,power_law_fit,0.0032863748357274,0.08633554220251168,0.092113380978674,175.81192240608996,0.07637421030899612,0.0781434225684596,53.83476772733657,0.08767157671430185,0.0937565683965377,185.15817538777523,185.15817538777523,True,True,False,5000,True
B1_stress_m150_to_250,1000,1500,500,power_law_fit,0.0032863750586318,0.07152965071822535,0.0734928220850366,59.73668043928513,0.058936191075989366,0.0595228636748221,17.85166295282752,0.0730644336027415,0.0751360096143525,63.035288871546456,63.035288871546456,True,True,False,5000,True
B1_stress_m150_to_250,1000,1250,250,power_law_fit,0.0032863758455457,0.06349081208964773,0.0641824351875543,21.045161308740408,0.05000880759269426,0.0502124767773399,6.197379551754327,0.06509493559598584,0.0658256231103272,22.233838997195974,22.233838997195974,True,True,False,5000,True
B1_stress_m150_to_250,1000,1125,125,power_law_fit,0.0032863765320656,0.059264273554208706,0.0595271918374047,8.000248316973654,0.0454804082893668,0.0455572334271903,2.337685200521166,0.06089243067298857,0.0611703801034376,8.457625830060605,8.457625830060605,True,True,False,5000,True
B1_stress_m150_to_250,1000,1062,62,power_law_fit,0.0032863766456167,0.05707283467582894,0.0571809110412644,3.2886177419625717,0.043179494338816314,0.04321095263105,0.9572333188177059,0.0587098065712783,0.0588240993640728,3.477775225397247,3.477775225397247,True,True,False,5000,True
B1_stress_m150_to_250,1000,1031,31,power_law_fit,0.0032863773218613,0.0559780598647225,0.0560264047276341,1.471068540730468,0.042042383526581704,0.0420564463174197,0.4279116321929151,0.05761846094068764,0.0576695933885647,1.555890966533856,1.555890966533856,True,True,False,5000,True
B1_stress_m150_to_250,1000,1015,15,power_law_fit,0.0032863786029571,0.05540856854139961,0.0554305097341037,0.6676404442368128,0.04145417017413007,0.0414605513238893,0.19416964781509805,0.057050490703904756,0.0570736990355823,0.7061977477780664,0.7061977477780664,True,True,True,5000,True
B1_stress_m150_to_250,1000,1007,7,power_law_fit,0.0032863784954748,0.05512266017754331,0.055132552304402,0.3010038823071872,0.04115972048869354,0.0411625938941876,0.08743379674675184,0.056765277373822635,0.0567757415521394,0.31841062528782194,0.31841062528782194,True,True,True,5000,True
B1_stress_m150_to_250,1000,1003,3,power_law_fit,0.0032863783737497,0.054979411702050784,0.0549835753219481,0.1266932599901724,0.04101240902285702,0.0410136169117336,0.03675440680317638,0.056622359775730755,0.0566267645088229,0.1340300048018008,0.1340300048018008,True,True,True,5000,True
B1_stress_m150_to_250,1000,1001,1,power_law_fit,0.003286377731265,0.054907713430747025,0.0549090884628802,0.041840355723402736,0.04093873152360384,0.0409391300526658,0.012126696763070575,0.05655082274984395,0.0565522773285127,0.044260848499294764,0.044260848499294764,True,True,True,5000,True
B1_stress_m150_to_250,1000,5000,4000,log_cycle_fit,0.0032863719411082,0.10867044394562644,0.2038270221291175,2895.49022109175,0.09470048553541187,0.1898570637189031,2895.4902210917553,0.11031355876975357,0.2054702080996716,2895.492385984472,2895.492385984472,True,True,False,5000,False
B1_stress_m150_to_250,1000,3000,2000,log_cycle_fit,0.0032863740440782,0.09159510212623032,0.1293537761746828,1148.9463324021435,0.07762514371601574,0.1153838177644684,1148.946332402149,0.09323824045817397,0.130996963196722,1148.9478139771222,1148.9478139771222,True,True,False,5000,True
B1_stress_m150_to_250,1000,2000,1000,log_cycle_fit,0.0032863748357274,0.07804164083792794,0.092113380978674,428.1842712452319,0.06407168242771337,0.0781434225684596,428.18427124523737,0.07968479782907523,0.0937565683965377,428.18519708960275,428.18519708960275,True,True,False,5000,True
B1_stress_m150_to_250,1000,1500,500,log_cycle_fit,0.0032863750586318,0.06842530701698252,0.0734928220850366,154.197709562822,0.054455348606768,0.0595228636748221,154.19770956282267,0.07006847724704554,0.0751360096143525,154.19823595596242,154.19823595596242,True,True,False,5000,True
B1_stress_m150_to_250,1000,1250,250,log_cycle_fit,0.0032863758455457,0.06233085372713077,0.0641824351875543,56.34113526403664,0.048360895316916244,0.0502124767773399,56.34113526404044,0.06397403234749666,0.0658256231103272,56.341418323779514,56.341418323779514,True,True,False,5000,True
B1_stress_m150_to_250,1000,1125,125,log_cycle_fit,0.0032863765320656,0.058808973196037125,0.0595271918374047,21.854423385750987,0.0448390147858226,0.0455572334271903,21.854423385754785,0.060452156665015855,0.0611703801034376,21.85456935363153,21.85456935363153,True,True,False,5000,True
B1_stress_m150_to_250,1000,1062,62,log_cycle_fit,0.0032863766456167,0.05688260780900068,0.0571809110412644,9.076964220202589,0.042912649398786154,0.04321095263105,9.07696422020639,0.058525793930028436,0.0588240993640728,9.077031217411893,9.077031217411893,True,True,False,5000,True
B1_stress_m150_to_250,1000,1031,31,log_cycle_fit,0.0032863773218613,0.05589234389320217,0.0560264047276341,4.07928917778692,0.04192238548298767,0.0420564463174197,4.079289177789876,0.057535531377537474,0.0576695933885647,4.079324979984239,4.079324979984239,True,True,False,5000,True
B1_stress_m150_to_250,1000,1015,15,log_cycle_fit,0.0032863786029571,0.05536952661178277,0.0554305097341037,1.8556328922678558,0.041399568201568246,0.0414605513238893,1.8556328922718675,0.057012714815886545,0.0570736990355823,1.8556662838810103,1.8556662838810103,True,True,False,5000,True
B1_stress_m150_to_250,1000,1007,7,log_cycle_fit,0.0032863784954748,0.05510501920982112,0.055132552304402,0.8377943873109235,0.04113506079960659,0.0411625938941876,0.8377943873149352,0.05674820777807524,0.0567757415521394,0.837815063057283,0.837815063057283,True,True,True,5000,True
B1_stress_m150_to_250,1000,1003,3,log_cycle_fit,0.0032863783737497,0.05497197645308669,0.0549835753219481,0.3529377187379029,0.04100201804287219,0.0410136169117336,0.3529377187379029,0.0566151652045023,0.0566267645088229,0.35295096916557794,0.35295096916557794,True,True,True,5000,True
B1_stress_m150_to_250,1000,1001,1,log_cycle_fit,0.003286377731265,0.05490525597484234,0.0549090884628802,0.11661739310736922,0.04093529756462784,0.0409391300526658,0.1166173931103252,0.056548444818112775,0.0565522773285127,0.11661807355451859,0.11661807355451859,True,True,True,5000,True
B1_stress_m150_to_250,1000,5000,4000,quadratic_curvature_limited,0.0032863719411082,0.20382812224071847,0.2038270221291175,0.033474957208019636,0.1898581638304943,0.1898570637189031,0.033474956910732455,0.20547387464454261,0.2054702080996716,0.11156816503813911,0.11156816503813911,True,True,True,5000,False
B1_stress_m150_to_250,1000,3000,2000,quadratic_curvature_limited,0.0032863740440782,0.1293576286405996,0.1293537761746828,0.11722542428624722,0.11538767023038453,0.1153838177644684,0.11722542426555536,0.13100084111555618,0.130996963196722,0.1179999227773954,0.1179999227773954,True,True,True,5000,True
B1_stress_m150_to_250,1000,2000,1000,quadratic_curvature_limited,0.0032863748357274,0.09211664834861494,0.092113380978674,0.0994217064170357,0.07814668993840121,0.0781434225684596,0.09942170643730526,0.09375953448782937,0.0937565683965377,0.09025419922938586,0.09942170643730526,True,True,True,5000,True
B1_stress_m150_to_250,1000,1500,500,quadratic_curvature_limited,0.0032863750586318,0.07349472482964128,0.0734928220850366,0.057897974842643155,0.05952476641942744,0.0595228636748221,0.05789797486249043,0.07513768370815756,0.0751360096143525,0.050940436657010445,0.05789797486249043,True,True,True,5000,True
B1_stress_m150_to_250,1000,1250,250,quadratic_curvature_limited,0.0032863758455457,0.06418340472690913,0.0641824351875543,0.02950177947973383,0.050213446316695026,0.0502124767773399,0.029501779488812906,0.06582645895186955,0.0658256231103272,0.025433534739286882,0.029501779488812906,True,True,True,5000,True
B1_stress_m150_to_250,1000,1125,125,quadratic_curvature_limited,0.0032863765320656,0.05952765508973173,0.0595271918374047,0.014096142742819449,0.045557696679517444,0.0455572334271903,0.014096142746408849,0.06117077173211251,0.0611703801034376,0.011916731728242098,0.014096142746408849,True,True,True,5000,True
B1_stress_m150_to_250,1000,1062,62,quadratic_curvature_limited,0.0032863766456167,0.057181134636768195,0.0571809110412644,0.0068037090055067815,0.0432111762265538,0.04321095263105,0.0068037090057179225,0.05882428646297492,0.0588240993640728,0.0056931667394504925,0.0068037090057179225,True,True,True,5000,True
B1_stress_m150_to_250,1000,1031,31,quadratic_curvature_limited,0.0032863773218613,0.056026492019352725,0.0560264047276341,0.002656168482042144,0.04205653360913828,0.0420564463174197,0.002656168480775297,0.057669662074813714,0.0576695933885647,0.0020900293024157996,0.002656168482042144,True,True,True,5000,True
B1_stress_m150_to_250,1000,1015,15,quadratic_curvature_limited,0.0032863786029571,0.05543054600542685,0.0554305097341037,0.0011036866878538258,0.04146058759521238,0.0414605513238893,0.0011036866855312743,0.057073725706071464,0.0570736990355823,0.0008115464584751083,0.0011036866878538258,True,True,True,5000,True
B1_stress_m150_to_250,1000,1007,7,quadratic_curvature_limited,0.0032863784954748,0.05513257263152043,0.055132552304402,0.0006185263949635243,0.041162614221305946,0.0411625938941876,0.0006185263922186908,0.05677575721514909,0.0567757415521394,0.0004766039489799486,0.0006185263949635243,True,True,True,5000,True
B1_stress_m150_to_250,1000,1003,3,quadratic_curvature_limited,0.0032863783737497,0.05498358585283135,0.0549835753219481,0.00032044037694737356,0.04101362744261686,0.0410136169117336,0.0003204403771585146,0.05662677289305009,0.0566267645088229,0.0002551205686304345,0.0003204403771585146,True,True,True,5000,True
B1_stress_m150_to_250,1000,1001,1,quadratic_curvature_limited,0.003286377731265,0.054909092440552844,0.0549090884628802,0.00012103516296408954,0.040939134030338345,0.0409391300526658,0.00012103516000811422,0.05655228071284114,0.0565522773285127,0.00010298050657277897,0.00012103516296408954,True,True,True,5000,True
B1_stress_m150_to_250,5000,10000,5000,local_linear,0.0032863657845036,0.3899960212091713,0.3899714105109181,0.7488727630156634,0.3760260627989569,0.3760014521007037,0.7488727630156634,0.391639260492803,0.3916145934031699,0.7505886821676001,0.7505886821676001,True,True,True,10000,False
B1_stress_m150_to_250,5000,7500,2500,local_linear,0.0032863687811309,0.29691152166914436,0.2969071706520548,0.1323958867473257,0.28294156325893,0.2829372122418404,0.13239588674901484,0.2985547342962373,0.2985503550426203,0.13325508817388704,0.13325508817388704,True,True,True,10000,True
B1_stress_m150_to_250,5000,6250,1250,local_linear,0.0032863713424703,0.25036927189913094,0.2503690757211238,0.005969441267384177,0.23639931348891655,0.2363991173109094,0.005969441268228743,0.25201247119795445,0.252012261392359,0.0063841110327710485,0.0063841110327710485,True,True,True,10000,True
B1_stress_m150_to_250,5000,5625,625,local_linear,0.0032863711389355,0.22709814701412423,0.2270983580779896,0.006422398945049603,0.2131281886039098,0.2131283996677752,0.006422398945894169,0.22874133964881302,0.2287415436474574,0.006207413459079213,0.006422398945894169,True,True,True,10000,True
B1_stress_m150_to_250,5000,5312,312,local_linear,0.0032863717743025,0.21544396767171284,0.2154440928908033,0.0038102533449455257,0.20147400926149844,0.2014741344805889,0.0038102533449455257,0.217087156969003,0.2170872787779546,0.0037064872748787296,0.0038102533449455257,True,True,True,10000,True
B1_stress_m150_to_250,5000,5156,156,local_linear,0.0032863717897442,0.20963549490041516,0.2096355968434055,0.0031019920097049947,0.19566553649020077,0.1956656384331911,0.0031019920097049947,0.2112786825343373,0.2112787827382776,0.003049074989770402,0.0031019920097049947,True,True,True,10000,True
B1_stress_m150_to_250,5000,5078,78,local_linear,0.0032863715597192,0.20673125851476634,0.2067313254399816,0.0020364470067482884,0.19276130010455195,0.1927613670297672,0.0020364470067482884,0.20837444531700444,0.2083745112198412,0.0020053373629101883,0.0020364470067482884,True,True,True,10000,True
B1_stress_m150_to_250,5000,5039,39,local_linear,0.0032863720731733,0.20527914032194192,0.2052791728407521,0.000989504823201914,0.19130918191172752,0.1913092144305377,0.000989504823201914,0.20692232670833802,0.2069223588773388,0.0009788605818280987,0.000989504823201914,True,True,True,10000,True
B1_stress_m150_to_250,5000,5019,19,local_linear,0.0032863713255178,0.2045344643256217,0.2045344847028665,0.0006200530247439082,0.1905645059154073,0.1905645262926521,0.0006200530247439082,0.2061776504987655,0.2061776703656254,0.0006045226768174255,0.0006200530247439082,True,True,True,10000,True
B1_stress_m150_to_250,5000,5009,9,local_linear,0.0032863716853958,0.20416212632746158,0.2041621391917846,0.00039144455512033237,0.1901921679172472,0.1901921807815702,0.00039144455512033237,0.20580531239397923,0.2058053250344826,0.00038463401514863643,0.00039144455512033237,True,True,True,10000,True
B1_stress_m150_to_250,5000,5004,4,local_linear,0.0032863723643554,0.20397595732838153,0.2039759631970569,0.00017857609328290582,0.19000599891816713,0.1900060047868425,0.00017857609243834006,0.2056191433415861,0.2056191493792346,0.00018371772346188216,0.00018371772346188216,True,True,True,10000,True
B1_stress_m150_to_250,5000,5002,2,local_linear,0.0032863721923791,0.20390148972874952,0.203901492079368,7.152624048770948e-05,0.18993153131853513,0.1899315336691536,7.152624048770948e-05,0.20554467572062884,0.2055446781755576,7.470026572062679e-05,7.470026572062679e-05,True,True,True,10000,True
B1_stress_m150_to_250,5000,5001,1,local_linear,0.0032863715306893,0.2038642559289335,0.2038642570895851,3.5317114689154306e-05,0.1898942975187191,0.1898942986793707,3.531711384458834e-05,0.20550744191015022,0.2055074428549298,2.8748410795136033e-05,3.5317114689154306e-05,True,True,True,10000,True
B1_stress_m150_to_250,5000,10000,5000,least_squares_local_linear,0.0032863657845036,0.3900012986515693,0.3899714105109181,0.9094587337819848,0.3760313402413565,0.3760014521007037,0.9094587338309696,0.3916444839063632,0.3916145934031699,0.9095306229830449,0.9095306229830449,True,True,True,10000,False
B1_stress_m150_to_250,5000,7500,2500,least_squares_local_linear,0.0032863687811309,0.29691416039034346,0.2969071706520548,0.21268879891988046,0.28294420198012976,0.2829372122418404,0.21268879894183917,0.2985573460030174,0.2985503550426203,0.21272598611801216,0.21272598611801216,True,True,True,10000,True
B1_stress_m150_to_250,5000,6250,1250,least_squares_local_linear,0.0032863713424703,0.2503705912597305,0.2503690757211238,0.04611586606422739,0.23640063284951643,0.2363991173109094,0.04611586607520675,0.25201377705134453,0.252012261392359,0.04611952903657566,0.04611952903657566,True,True,True,10000,True
B1_stress_m150_to_250,5000,5625,625,least_squares_local_linear,0.0032863711389355,0.22709880669442398,0.2270983580779896,0.013650814695721557,0.21312884828420975,0.2131283996677752,0.013650814700788955,0.22874199257550804,0.2287415436474574,0.013660296772445204,0.013660296772445204,True,True,True,10000,True
B1_stress_m150_to_250,5000,5312,312,least_squares_local_linear,0.0032863717743025,0.2154442969841185,0.2154440928908033,0.006210292967717319,0.20147433857390418,0.2014741344805889,0.006210292970251017,0.21708748291000912,0.2170872787779546,0.006211471754536646,0.006211471754536646,True,True,True,10000,True
B1_stress_m150_to_250,5000,5156,156,least_squares_local_linear,0.0032863717897442,0.209635659556618,0.2096355968434055,0.0019082811235069021,0.19566570114640364,0.1956656384331911,0.001908281124351468,0.21127884550484036,0.2112787827382776,0.0019099045016364915,0.0019099045016364915,True,True,True,10000,True
B1_stress_m150_to_250,5000,5078,78,least_squares_local_linear,0.0032863715597192,0.20673134084286776,0.2067313254399816,0.0004686897352012049,0.19276138243265337,0.1927613670297672,0.0004686897352012049,0.20837452680225596,0.2083745112198412,0.0004741525559194068,0.0004741525559194068,True,True,True,10000,True
B1_stress_m150_to_250,5000,5039,39,least_squares_local_linear,0.0032863720731733,0.20527918148599264,0.2052791728407521,0.00026306335249713864,0.19130922307577822,0.1913092144305377,0.00026306335165257285,0.20692236745096376,0.2069223588773388,0.0002608841834699351,0.00026306335249713864,True,True,True,10000,True
B1_stress_m150_to_250,5000,5019,19,least_squares_local_linear,0.0032863713255178,0.20453448437990282,0.2045344847028665,9.827364335451127e-06,0.1905645259696884,0.1905645262926521,9.82736518001715e-06,0.206177670347737,0.2061776703656254,5.443202683350914e-07,9.82736518001715e-06,True,True,True,10000,True
B1_stress_m150_to_250,5000,5009,9,least_squares_local_linear,0.0032863716853958,0.2041621358268579,0.2041621391917846,0.00010239032649117807,0.19019217741664352,0.1901921807815702,0.00010239032649117807,0.20580532179612362,0.2058053250344826,9.85390357475749e-05,0.00010239032649117807,True,True,True,10000,True
B1_stress_m150_to_250,5000,5004,4,least_squares_local_linear,0.0032863723643554,0.20397596155033546,0.2039759631970569,5.010757367307213e-05,0.19000600314012106,0.1900060047868425,5.010757282850638e-05,0.20561914752031693,0.2056191493792346,5.656442583484051e-05,5.656442583484051e-05,True,True,True,10000,True
B1_stress_m150_to_250,5000,5002,2,least_squares_local_linear,0.0032863721923791,0.20390149183972647,0.203901492079368,7.291977743688067e-06,0.18993153342951208,0.1899315336691536,7.291977743688067e-06,0.20554467780999425,0.2055446781755576,1.1123614002414264e-05,1.1123614002414264e-05,True,True,True,10000,True
B1_stress_m150_to_250,5000,5001,1,least_squares_local_linear,0.0032863715306893,0.20386425698442198,0.2038642570895851,3.1999768505654796e-06,0.1898942985742076,0.1898942986793707,3.199976005999509e-06,0.20550744295483292,0.2055074428549298,3.039921464345474e-06,3.1999768505654796e-06,True,True,True,10000,True
B1_stress_m150_to_250,5000,10000,5000,power_law_fit,0.0032863657845036,0.38346923806644584,0.3899714105109181,197.8529741008245,0.3745405510483893,0.3760014521007037,44.45339162192671,0.3845756698325373,0.3916145934031699,214.1856394630091,214.1856394630091,True,True,False,10000,False
B1_stress_m150_to_250,5000,7500,2500,power_law_fit,0.0032863687811309,0.2949955967945995,0.2969071706520548,58.166748309891915,0.2825093466486499,0.2829372122418404,13.019402924197449,0.29647955492500616,0.2985503550426203,63.01179981698597,63.01179981698597,True,True,False,10000,True
B1_stress_m150_to_250,5000,6250,1250,power_law_fit,0.0032863713424703,0.2498163229395674,0.2503690757211238,16.81954727431767,0.23627551157341292,0.2363991173109094,3.7611616161297046,0.251413230203407,0.252012261392359,18.227738941446372,18.227738941446372,True,True,False,10000,True
B1_stress_m150_to_250,5000,5625,625,power_law_fit,0.0032863711389355,0.22693462350073407,0.2270983580779896,4.982230257430867,0.21309185808296421,0.2131283996677752,1.111912905333473,0.22856405559224202,0.2287415436474574,5.400730706054156,5.400730706054156,True,True,False,10000,True
B1_stress_m150_to_250,5000,5312,312,power_law_fit,0.0032863717743025,0.21539233684179054,0.2154440928908033,1.5748689608842847,0.20146263919105992,0.2014741344805889,0.3497866437044889,0.21703116291641097,0.2170872787779546,1.7075323608372792,1.7075323608372792,True,True,False,10000,True
B1_stress_m150_to_250,5000,5156,156,power_law_fit,0.0032863717897442,0.20961739882978142,0.2096355968434055,0.5537417793343343,0.19566158897365515,0.1956656384331911,0.12321976316192276,0.21125905149669563,0.2112787827382776,0.6003959029695638,0.6003959029695638,True,True,True,10000,True
B1_stress_m150_to_250,5000,5078,78,power_law_fit,0.0032863715597192,0.20672417234306412,0.2067313254399816,0.21765940909295628,0.19275976747978363,0.1927613670297672,0.04867221963526689,0.2083667562436789,0.2083745112198412,0.23597380945503818,0.23597380945503818,True,True,True,10000,True
B1_stress_m150_to_250,5000,5039,39,power_law_fit,0.0032863720731733,0.20527609181784942,0.2052791728407521,0.09375149356393044,0.19130852674987137,0.1913092144305377,0.020925222434234357,0.20691901827469536,0.2069223588773388,0.10165016526043621,0.10165016526043621,True,True,True,10000,True
B1_stress_m150_to_250,5000,5019,19,power_law_fit,0.0032863713255178,0.20453310324700857,0.2045344847028665,0.04203590285744169,0.1905642146141015,0.1905645262926521,0.009483972434500306,0.20617617320934326,0.2061776703656254,0.04555651610388837,0.04555651610388837,True,True,True,10000,True
B1_stress_m150_to_250,5000,5009,9,power_law_fit,0.0032863716853958,0.2041615110595491,0.2041621391917846,0.019113243894297752,0.1901920365490322,0.1901921807815702,0.0043888078352501,0.20580464455292913,0.2058053250344826,0.020706165297450733,0.020706165297450733,True,True,True,10000,True
B1_stress_m150_to_250,5000,5004,4,power_law_fit,0.0032863723643554,0.20397569042831956,0.2039759631970569,0.008299994860766907,0.19000594200414994,0.1900060047868425,0.0019103949761060369,0.20561885362613264,0.2056191493792346,0.008999378924949907,0.008999378924949907,True,True,True,10000,True
B1_stress_m150_to_250,5000,5002,2,power_law_fit,0.0032863721923791,0.20390135758985234,0.203901492079368,0.004092339753082298,0.1899315031560378,0.1899315336691536,0.000928474135783295,0.2055445322841862,0.2055446781755576,0.004439283284425965,0.004439283284425965,True,True,True,10000,True
B1_stress_m150_to_250,5000,5001,1,power_law_fit,0.0032863715306893,0.20386419018733967,0.2038642570895851,0.002035748083053962,0.18989428351111326,0.1898942986793707,0.00046155029296657713,0.20550737054732773,0.2055074428549298,0.0022002260364453073,0.0022002260364453073,True,True,True,10000,True
B1_stress_m150_to_250,5000,10000,5000,log_cycle_fit,0.0032863657845036,0.330290829719995,0.3899714105109181,1816.0054207093608,0.3163208713097808,0.3760014521007037,1816.0054207093542,0.3319340120905923,0.3916145934031699,1816.0054365826547,1816.0054365826547,True,True,False,10000,False
B1_stress_m150_to_250,5000,7500,2500,log_cycle_fit,0.0032863687811309,0.2778036072681963,0.2969071706520548,581.2970076135097,0.2638336488579819,0.2829372122418404,581.2970076135097,0.27944679113291043,0.2985503550426203,581.2970236144942,581.2970236144942,True,True,False,10000,True
B1_stress_m150_to_250,5000,6250,1250,log_cycle_fit,0.0032863713424703,0.24453927477905055,0.2503690757211238,177.39325032244017,0.23056931636883615,0.2363991173109094,177.39325032243931,0.24618245959067725,0.252012261392359,177.39327647920632,177.39327647920632,True,True,False,10000,True
B1_stress_m150_to_250,5000,5625,625,log_cycle_fit,0.0032863711389355,0.22531638481639735,0.2270983580779896,54.22312898504352,0.21134642640618317,0.2131283996677752,54.223128985036766,0.22695957017522878,0.2287415436474574,54.22313539443517,54.22313539443517,True,True,False,10000,True
B1_stress_m150_to_250,5000,5312,312,log_cycle_fit,0.0032863717743025,0.21487073360511197,0.2154440928908033,17.446574066107207,0.20090077519489757,0.2014741344805889,17.446574066107207,0.21651391926129243,0.2170872787779546,17.446581094248558,17.446581094248558,True,True,False,10000,True
B1_stress_m150_to_250,5000,5156,156,log_cycle_fit,0.0032863717897442,0.20943242528540926,0.2096355968434055,6.1822450713054815,0.19546246687519486,0.1956656384331911,6.1822450713054815,0.21107561109639833,0.2112787827382776,6.18224762375678,6.18224762375678,True,True,False,10000,True
B1_stress_m150_to_250,5000,5078,78,log_cycle_fit,0.0032863715597192,0.2066512498317797,0.2067313254399816,2.4365963113657325,0.19268129142156554,0.1927613670297672,2.436596311358976,0.20829443572193856,0.2083745112198412,2.4365929551036682,2.4365963113657325,True,True,False,10000,True
B1_stress_m150_to_250,5000,5039,39,log_cycle_fit,0.0032863720731733,0.20524460065499114,0.2052791728407521,1.051986354288917,0.19127464224477675,0.1913092144305377,1.051986354288917,0.20688778658519197,0.2069223588773388,1.051989591472587,1.051989591472587,True,True,False,10000,True
B1_stress_m150_to_250,5000,5019,19,log_cycle_fit,0.0032863713255178,0.20451901326771224,0.2045344847028665,0.4707756252049571,0.19054905485749785,0.1905645262926521,0.4707756252049571,0.20616219921856788,0.2061776703656254,0.47076685879628405,0.4707756252049571,True,True,True,10000,True
B1_stress_m150_to_250,5000,5009,9,log_cycle_fit,0.0032863716853958,0.20415513459092635,0.2041621391917846,0.21314085954989373,0.19018517618071218,0.1901921807815702,0.2131408595431372,0.20579832055214037,0.2058053250344826,0.21313725326181468,0.21314085954989373,True,True,True,10000,True
B1_stress_m150_to_250,5000,5004,4,log_cycle_fit,0.0032863723643554,0.20397292274310072,0.2039759631970569,0.09251702543403872,0.19000296433288633,0.1900060047868425,0.09251702543319415,0.2056161087095017,0.2056191493792346,0.09252359123602763,0.09252359123602763,True,True,True,10000,True
B1_stress_m150_to_250,5000,5002,2,log_cycle_fit,0.0032863721923791,0.20389998702033715,0.203901492079368,0.04579697437614226,0.18993002861012276,0.1899315336691536,0.04579697437614226,0.20554317298881425,0.2055446781755576,0.04580086050040818,0.04580086050040818,True,True,True,10000,True
B1_stress_m150_to_250,5000,5001,1,log_cycle_fit,0.0032863715306893,0.20386350822224228,0.2038642570895851,0.02278705666228292,0.1898935498120281,0.1898942986793707,0.022787056654681826,0.20550669419175788,0.2055074428549298,0.02278084400797709,0.02278705666228292,True,True,True,10000,True
B1_stress_m150_to_250,5000,10000,5000,quadratic_curvature_limited,0.0032863657845036,0.3900201628488948,0.3899714105109181,1.4834726617034626,0.3760502044386684,0.3760014521007037,1.4834726613386093,0.39166330339073624,0.3916145934031699,1.4821839916915918,1.4834726617034626,True,True,False,10000,False
B1_stress_m150_to_250,5000,7500,2500,quadratic_curvature_limited,0.0032863687811309,0.2969286206360392,0.2969071706520548,0.6526955863127248,0.28295866222581556,0.2829372122418404,0.6526955860323287,0.2985717734435235,0.2985503550426203,0.6517345535343217,0.6526955863127248,True,True,True,10000,True
B1_stress_m150_to_250,5000,6250,1250,quadratic_curvature_limited,0.0032863713424703,0.2503790784193366,0.2503690757211238,0.3043690797661198,0.2364091200091168,0.2363991173109094,0.304369079602274,0.25202224519617744,0.252012261392359,0.30379414795355436,0.3043690797661198,True,True,True,10000,True
B1_stress_m150_to_250,5000,5625,625,quadratic_curvature_limited,0.0032863711389355,0.22710336453341662,0.2270983580779896,0.15233992800499468,0.2131334061231993,0.2131283996677752,0.15233992791631523,0.22874654025406949,0.2287415436474574,0.1520402413737028,0.15233992800499468,True,True,True,10000,True
B1_stress_m150_to_250,5000,5312,312,quadratic_curvature_limited,0.0032863717743025,0.21544665082193987,0.2154440928908033,0.0778345029790117,0.201476692411724,0.2014741344805889,0.0778345029342497,0.21708983151248254,0.2170872787779546,0.07767637696648831,0.0778345029790117,True,True,True,10000,True
B1_stress_m150_to_250,5000,5156,156,quadratic_curvature_limited,0.0032863717897442,0.20963685605392648,0.2096355968434055,0.03831613102700697,0.1956668976437113,0.1956656384331911,0.03831613100335912,0.21128003934379008,0.2112787827382776,0.03823686402129005,0.03831613102700697,True,True,True,10000,True
B1_stress_m150_to_250,5000,5078,78,quadratic_curvature_limited,0.0032863715597192,0.20673194398612144,0.2067313254399816,0.018821552237642786,0.19276198557590665,0.1927613670297672,0.018821552225818862,0.2083751286061591,0.2083745112198412,0.018786260368186807,0.018821552237642786,True,True,True,10000,True
B1_stress_m150_to_250,5000,5039,39,quadratic_curvature_limited,0.0032863720731733,0.20527948428126933,0.2052791728407521,0.009476727233015755,0.19130952587105474,0.1913092144305377,0.009476727227103795,0.2069226695740224,0.2069223588773388,0.009454093348453388,0.009476727233015755,True,True,True,10000,True
B1_stress_m150_to_250,5000,5019,19,quadratic_curvature_limited,0.0032863713255178,0.20453463220126178,0.2045344847028665,0.004488184099286219,0.1905646737910473,0.1905645262926521,0.004488184096752521,0.20617781784096983,0.2061776703656254,0.004487482692271244,0.004488184099286219,True,True,True,10000,True
B1_stress_m150_to_250,5000,5009,9,quadratic_curvature_limited,0.0032863716853958,0.20416220591990694,0.2041621391917846,0.002030449648460213,0.1901922475096925,0.1901921807815702,0.0020304496467710813,0.20580539173359405,0.2058053250344826,0.002029566885346019,0.002030449648460213,True,True,True,10000,True
B1_stress_m150_to_250,5000,5004,4,quadratic_curvature_limited,0.0032863723643554,0.20397599271889175,0.2039759631970569,0.000898310707515727,0.19000603430867735,0.1900060047868425,0.0008983107083602928,0.20561917861969375,0.2056191493792346,0.0008897488149008367,0.0008983107083602928,True,True,True,10000,True
B1_stress_m150_to_250,5000,5002,2,quadratic_curvature_limited,0.0032863721923791,0.20390150742722266,0.203901492079368,0.0004670151083141872,0.18993154901700823,0.1899315336691536,0.00046701510746962135,0.20554469336289402,0.2055446781755576,0.00046213074865574644,0.0004670151083141872,True,True,True,10000,True
B1_stress_m150_to_250,5000,5001,1,quadratic_curvature_limited,0.0032863715306893,0.20386426477897457,0.2038642570895851,0.00023397809367237265,0.18989430636876017,0.1898942986793707,0.0002339780945169386,0.20550745073208562,0.2055074428549298,0.00023969157908520556,0.00023969157908520556,True,True,True,10000,True
B1_stress_m150_to_250,10000,50000,40000,local_linear,0.0032863566692824,1.8788567003612502,1.8783190811234236,16.35912628874741,1.8648867419510355,1.864349122713209,16.35912628874741,1.8805005855936763,1.8799622594580647,16.380636363767017,16.380636363767017,True,True,False,50000,False
B1_stress_m150_to_250,10000,30000,20000,local_linear,0.0032863572511532,1.1344140554360842,1.13419643423904,6.62195800434647,1.1204440970258696,1.1202264758288256,6.621958004339713,1.136057589498423,1.1358396128646169,6.632773528492487,6.632773528492487,True,True,False,50000,True
B1_stress_m150_to_250,10000,20000,10000,local_linear,0.0032863580260891,0.7621927329735011,0.7621339022010258,1.7901510428330036,0.7482227745632867,0.7481639437908114,1.7901510428330036,0.7638360914507965,0.7637770812140704,1.7956119283898668,1.7956119283898668,True,True,False,50000,True
B1_stress_m150_to_250,10000,15000,5000,local_linear,0.0032863619890463,0.5760820717422096,0.576071857300783,0.3108130346144424,0.5621121133319952,0.5621018988905686,0.3108130346144424,0.5777253424269833,0.5777150382953062,0.31354219989653087,0.31354219989653087,True,True,True,50000,True
B1_stress_m150_to_250,10000,12500,2500,local_linear,0.0032863643802831,0.48302674112656385,0.4830253079523933,0.0436097159268301,0.46905678271634943,0.4690553495421788,0.043609715928519234,0.48466996791507655,0.4846684901425348,0.04496678915432571,0.04496678915432571,True,True,True,50000,True
B1_stress_m150_to_250,10000,11250,1250,local_linear,0.003286365322603,0.436499075818741,0.4364992733449596,0.006010476596903488,0.42252911740852656,0.4225293149347451,0.006010476595214353,0.4381422806591232,0.4381424560062611,0.0053355948200482384,0.006010476596903488,True,True,True,50000,True
B1_stress_m150_to_250,10000,10625,625,local_linear,0.0032863649730215,0.4132352431648295,0.413235716214628,0.014394317197963791,0.3992652847546151,0.3992657578044136,0.014394317197963791,0.4148784370311466,0.4148788987011388,0.014048043842527088,0.014394317197963791,True,True,True,50000,True
B1_stress_m150_to_250,10000,10312,312,local_linear,0.0032863659986774,0.4015847157717507,0.4015850281929428,0.009506585456679414,0.3876147573615363,0.3876150697827284,0.00950658545836855,0.40322790414225584,0.4032282111922815,0.009343147592403254,0.00950658545836855,True,True,True,50000,True
B1_stress_m150_to_250,10000,10156,156,local_linear,0.0032863651795853,0.3957780631413344,0.3957782781707182,0.006543076379172746,0.38180810473112,0.3818083197605038,0.006543076379172746,0.3974212487727129,0.3974214607605109,0.006450524710373506,0.006543076379172746,True,True,True,50000,True
B1_stress_m150_to_250,10000,10078,78,local_linear,0.0032863660259108,0.3928747368261262,0.392874855317498,0.0036055439605867613,0.3789047784159118,0.3789048969072836,0.0036055439605867613,0.39451792108794137,0.3945180383304534,0.0035675427237190694,0.0036055439605867613,True,True,True,50000,True
B1_stress_m150_to_250,10000,10039,39,local_linear,0.0032863661729154,0.3914230736685222,0.391423126616236,0.0016111325104560224,0.37745311525830777,0.3774531682060216,0.0016111325104560224,0.39306625724555566,0.3930663097026937,0.0015962049042067116,0.0016111325104560224,True,True,True,50000,True
B1_stress_m150_to_250,10000,10019,19,local_linear,0.0032863661857105,0.390678631023597,0.3906786570152292,0.0007908927584783953,0.3767086726133826,0.3767086986050148,0.00079089276016753,0.3923218142494604,0.3923218401080845,0.0007868454904168657,0.00079089276016753,True,True,True,50000,True
B1_stress_m150_to_250,10000,10009,9,local_linear,0.0032863656582494,0.39030640970113445,0.390306424455231,0.00044894871995047116,0.37633645129092,0.3763364660450166,0.00044894871995047116,0.3919495927514128,0.3919496072843557,0.00044221929072847844,0.00044894871995047116,True,True,True,50000,True
B1_stress_m150_to_250,10000,10004,4,local_linear,0.003286366510568,0.39012029903990314,0.390120305664021,0.0002015635761878047,0.3761503406296887,0.3761503472538066,0.0002015635761878047,0.391763482002389,0.391763488919305,0.00021047305641933907,0.00021047305641933907,True,True,True,50000,True
B1_stress_m150_to_250,10000,10002,2,local_linear,0.0032863661634468,0.3900458547754106,0.3900458580087834,9.838747817261125e-05,0.37607589636519617,0.376075899598569,9.838747986174595e-05,0.3916890377027794,0.3916890410905069,0.00010308429794298657,0.00010308429794298657,True,True,True,50000,True
B1_stress_m150_to_250,10000,10001,1,local_linear,0.0032863662037929,0.3900086326431644,0.3900086339476114,3.969268698269119e-05,0.37603867423294995,0.376038675537397,3.969268698269119e-05,0.3916518155529747,0.3916518170495079,4.553762842815152e-05,4.553762842815152e-05,True,True,True,50000,True
B1_stress_m150_to_250,10000,50000,40000,least_squares_local_linear,0.0032863566692824,1.8788826926263185,1.8783190811234236,17.15004059550009,1.8649127342161087,1.864349122713209,17.150040595648736,1.8805257015878363,1.8799622594580647,17.144886768927112,17.150040595648736,True,True,False,50000,False
B1_stress_m150_to_250,10000,30000,20000,least_squares_local_linear,0.0032863572511532,1.1344270515686183,1.13419643423904,7.017415087704563,1.1204570931584064,1.1202264758288256,7.017415087778886,1.1360701474955033,1.1358396128646169,7.014898663421554,7.017415087778886,True,True,False,50000,True
B1_stress_m150_to_250,10000,20000,10000,least_squares_local_linear,0.0032863580260891,0.7621992310397682,0.7621339022010258,1.9878795378868976,0.748229272629555,0.7481639437908114,1.9878795379240588,0.7638423704493367,0.7637770812140704,1.9866744508044878,1.9878795379240588,True,True,False,50000,True
B1_stress_m150_to_250,10000,15000,5000,least_squares_local_linear,0.0032863619890463,0.5760853207753431,0.576071857300783,0.40967716292300055,0.5621153623651294,0.5621018988905686,0.40967716294327017,0.5777284819262534,0.5777150382953062,0.409073345904633,0.40967716294327017,True,True,True,50000,True
B1_stress_m150_to_250,10000,12500,2500,least_squares_local_linear,0.0032863643802831,0.4830283656431306,0.4830253079523933,0.0930417441131649,0.46905840723291653,0.4690553495421788,0.09304174412498885,0.48467153766471155,0.4846684901425348,0.09273232740132192,0.09304174412498885,True,True,True,50000,True
B1_stress_m150_to_250,10000,11250,1250,least_squares_local_linear,0.003286365322603,0.4364998880770244,0.4364992733449596,0.01870553041013255,0.4225299296668101,0.4225293149347451,0.018705530415199956,0.4381430655339407,0.4381424560062611,0.01854716745624,0.018705530415199956,True,True,True,50000,True
B1_stress_m150_to_250,10000,10625,625,least_squares_local_linear,0.0032863649730215,0.4132356492939712,0.413235716214628,0.002036312379884109,0.3992656908837569,0.3992657578044136,0.0020363123765058384,0.4148788294685553,0.4148788987011388,0.002106661434983371,0.002106661434983371,True,True,True,50000,True
B1_stress_m150_to_250,10000,10312,312,least_squares_local_linear,0.0032863659986774,0.40158491851141825,0.4015850281929428,0.003337471376393679,0.38761496010120383,0.3876150697827284,0.003337471378082814,0.40322810004701026,0.4032282111922815,0.0033820113556753562,0.0033820113556753562,True,True,True,50000,True
B1_stress_m150_to_250,10000,10156,156,least_squares_local_linear,0.0032863651795853,0.39577816451116815,0.3957782781707182,0.0034585185710809107,0.3818082061009538,0.3818083197605038,0.0034585185693917758,0.3974213467250901,0.3974214607605109,0.0034699558491341712,0.0034699558491341712,True,True,True,50000,True
B1_stress_m150_to_250,10000,10078,78,least_squares_local_linear,0.0032863660259108,0.39287478751104316,0.392874855317498,0.002063265452029003,0.37890482910082873,0.3789048969072836,0.002063265452029003,0.39451797006413,0.3945180383304534,0.0020772586768867543,0.0020772586768867543,True,True,True,50000,True
B1_stress_m150_to_250,10000,10039,39,least_squares_local_linear,0.0032863661729154,0.3914230990109806,0.391423126616236,0.0008399932923606133,0.3774531406007662,0.3774531682060216,0.0008399932923606133,0.39306628173364994,0.3930663097026937,0.0008510629149665579,0.0008510629149665579,True,True,True,50000,True
B1_stress_m150_to_250,10000,10019,19,least_squares_local_linear,0.0032863661857105,0.3906786433699229,0.3906786570152292,0.0004152095506922524,0.3767086849597085,0.3767086986050148,0.0004152095523813871,0.39232182617955763,0.3923218401080845,0.000423827598640158,0.000423827598640158,True,True,True,50000,True
B1_stress_m150_to_250,10000,10009,9,least_squares_local_linear,0.0032863656582494,0.39030641554939405,0.390306424455231,0.00027099348894514563,0.3763364571391796,0.3763364660450166,0.00027099348894514563,0.3919495984025114,0.3919496072843557,0.0002702634211677503,0.00027099348894514563,True,True,True,50000,True
B1_stress_m150_to_250,10000,10004,4,least_squares_local_linear,0.003286366510568,0.39012030163912964,0.390120305664021,0.00012247238254458974,0.3761503432289152,0.3761503472538066,0.00012247238254458974,0.39176348451398835,0.391763488919305,0.00013404824607495333,0.00013404824607495333,True,True,True,50000,True
B1_stress_m150_to_250,10000,10002,2,least_squares_local_linear,0.0032863661634468,0.3900458560750239,0.3900458580087834,5.8841875484880156e-05,0.3760758976648095,0.376075899598569,5.8841877174014856e-05,0.3916890389585791,0.3916890410905069,6.487188873462266e-05,6.487188873462266e-05,True,True,True,50000,True
B1_stress_m150_to_250,10000,10001,1,least_squares_local_linear,0.0032863662037929,0.390008633292971,0.3900086339476114,1.9919887570707293e-05,0.37603867488275655,0.376038675537397,1.9919887570707293e-05,0.3916518161808745,0.3916518170495079,2.6431424058532848e-05,2.6431424058532848e-05,True,True,True,50000,True
B1_stress_m150_to_250,10000,50000,40000,power_law_fit,0.0032863566692824,1.8109406981039253,1.8783190811234236,2050.2456002199797,1.8496346957658898,1.864349122713209,447.7428480254449,1.8067799421082018,1.8799622594580647,2226.8525517603907,2226.8525517603907,True,True,False,50000,False
B1_stress_m150_to_250,10000,30000,20000,power_law_fit,0.0032863572511532,1.112354693897566,1.13419643423904,664.6185631160381,1.1155327050918245,1.1202264758288256,142.82594308193669,1.1120926650680505,1.1358396128646169,722.5917933369374,722.5917933369374,True,True,False,50000,True
B1_stress_m150_to_250,10000,20000,10000,power_law_fit,0.0032863580260891,0.7555071670395688,0.7621339022010258,201.64373780489004,0.7467463099980614,0.7481639437908114,43.13692487233667,0.7565680369118706,0.7637770812140704,219.36271839434593,219.36271839434593,True,True,False,50000,True
B1_stress_m150_to_250,10000,15000,5000,power_law_fit,0.0032863619890463,0.5741658807436202,0.576071857300783,57.99654948285111,0.5616926338962933,0.5621018988905686,12.45343622033743,0.5756410482599181,0.5777150382953062,63.10899536633143,63.10899536633143,True,True,False,50000,True
B1_stress_m150_to_250,10000,12500,2500,power_law_fit,0.0032863643802831,0.4824945036308447,0.4830253079523933,16.151718437956394,0.4689416414055628,0.4690553495421788,3.4599978413285744,0.4840907427022284,0.4846684901425348,17.58013943227593,17.58013943227593,True,True,False,50000,True
B1_stress_m150_to_250,10000,11250,1250,power_law_fit,0.003286365322603,0.4363512299194585,0.4364992733449596,4.5047768877930485,0.4224977272369236,0.4225293149347451,0.9611742676405497,0.4379812855607375,0.4381424560062611,4.904215743000523,4.904215743000523,True,True,False,50000,True
B1_stress_m150_to_250,10000,10625,625,power_law_fit,0.0032863649730215,0.4131926600673703,0.413235716214628,1.3101450268350983,0.3992565133366254,0.3992657578044136,0.28129766061001454,0.4148320280107371,0.4148788987011388,1.4262168318639086,1.4262168318639086,True,True,False,50000,True
B1_stress_m150_to_250,10000,10312,312,power_law_fit,0.0032863659986774,0.4015715381972139,0.4015850281929428,0.4104836690221036,0.387612161833881,0.3876150697827284,0.0884852401896747,0.4032135263568198,0.4032282111922815,0.44684114513271783,0.44684114513271783,True,True,True,50000,True
B1_stress_m150_to_250,10000,10156,156,power_law_fit,0.0032863651795853,0.39577352005767025,0.3957782781707182,0.14478345490971578,0.38180725819195666,0.3818083197605038,0.032302208948570055,0.3974162854015497,0.3974214607605109,0.15747972846449068,0.15747972846449068,True,True,True,50000,True
B1_stress_m150_to_250,10000,10078,78,power_law_fit,0.0032863660259108,0.3928729808347615,0.392874855317498,0.05703816074337677,0.3789044688310576,0.3789048969072836,0.013025823130827478,0.3945160002872398,0.3945180383304534,0.06201510110294335,0.06201510110294335,True,True,True,50000,True
B1_stress_m150_to_250,10000,10039,39,power_law_fit,0.0032863661729154,0.3914223250831717,0.391423126616236,0.02438964564921195,0.37745298899837765,0.3774531682060216,0.005453063795007791,0.393065437637304,0.3930663097026937,0.026535855829636305,0.026535855829636305,True,True,True,50000,True
B1_stress_m150_to_250,10000,10019,19,power_law_fit,0.0032863661857105,0.39067829872579646,0.3906786570152292,0.010902297932942536,0.3767086182446894,0.3767086986050148,0.002445263884437885,0.3923214502004416,0.3923218401080845,0.011864400400362537,0.011864400400362537,True,True,True,50000,True
B1_stress_m150_to_250,10000,10009,9,power_law_fit,0.0032863656582494,0.39030625997804946,0.390306424455231,0.005004835086696875,0.37633642723069255,0.3763364660450166,0.0011810713739416332,0.3919494286639404,0.3919496072843557,0.005435196014894755,0.005435196014894755,True,True,True,50000,True
B1_stress_m150_to_250,10000,10004,4,power_law_fit,0.003286366510568,0.39012023420412106,0.390120305664021,0.002174434887650082,0.37615033031274736,0.3761503472538066,0.0005154951271455031,0.3917634109326643,0.391763488919305,0.0023730354009517105,0.0023730354009517105,True,True,True,50000,True
B1_stress_m150_to_250,10000,10002,2,power_law_fit,0.0032863661634468,0.39004582269916516,0.3900458580087834,0.001074427391019968,0.3760758912820419,0.376075899598569,0.0002530614885865371,0.3916890025396163,0.3916890410905069,0.0011730552431951774,0.0011730552431951774,True,True,True,50000,True
B1_stress_m150_to_250,10000,10001,1,power_law_fit,0.0032863662037929,0.390008616690462,0.3900086339476114,0.0005251134037273439,0.3760386717102038,0.376038675537397,0.0001164566877721379,0.39165179806432765,0.3916518170495079,0.000577695213616497,0.000577695213616497,True,True,True,50000,True
B1_stress_m150_to_250,10000,50000,40000,log_cycle_fit,0.0032863566692824,0.9830819498566176,1.8783190811234236,27241.02163452294,0.9691119914463978,1.864349122713209,27241.021634523095,0.9847250911767906,1.8799622594580647,27241.022760830023,27241.022760830023,True,True,False,50000,False
B1_stress_m150_to_250,10000,30000,20000,log_cycle_fit,0.0032863572511532,0.7948323386832165,1.13419643423904,10326.451740349865,0.780862380272998,1.1202264758288256,10326.451740349985,0.7964754931981095,1.1358396128646169,10326.452474009719,10326.452474009719,True,True,False,50000,True
B1_stress_m150_to_250,10000,20000,10000,log_cycle_fit,0.0032863580260891,0.6454102161533773,0.7621339022010258,3551.7641450208766,0.6314402577431607,0.7481639437908114,3551.7641450209444,0.6470533811415091,0.7637770812140704,3551.7645717824366,3551.7645717824366,True,True,False,50000,True
B1_stress_m150_to_250,10000,15000,5000,log_cycle_fit,0.0032863619890463,0.5393935330407563,0.576071857300783,1116.0768163178132,0.525423574630541,0.5621018988905686,1116.0768163178402,0.5410367054597698,0.5777150382953062,1116.0770772601493,1116.0770772601493,True,True,False,50000,True
B1_stress_m150_to_250,10000,12500,2500,log_cycle_fit,0.0032863643802831,0.4722043385716982,0.4830253079523933,329.2687033007259,0.4582343801614829,0.4690553495421788,329.2687033007512,0.4738475157001108,0.4846684901425348,329.2688573228713,329.2688573228713,True,True,False,50000,True
B1_stress_m150_to_250,10000,11250,1250,log_cycle_fit,0.003286365322603,0.43337684992813486,0.4364992733449596,95.01145217633865,0.41940689151792043,0.4225293149347451,95.01145217633696,0.43502002977802917,0.4381424560062611,95.0115377239556,95.0115377239556,True,True,False,50000,True
B1_stress_m150_to_250,10000,10625,625,log_cycle_fit,0.0032863649730215,0.4123128142180005,0.413235716214628,28.082760259552476,0.39834285580778606,0.3992657578044136,28.082760259552476,0.4139559955443071,0.4148788987011388,28.08279556312236,28.08279556312236,True,True,False,50000,True
B1_stress_m150_to_250,10000,10312,312,log_cycle_fit,0.0032863659986774,0.40129352325340173,0.4015850281929428,8.87013009684163,0.3873235648431873,0.3876150697827284,8.870130096843319,0.4029367053520683,0.4032282111922815,8.87015750316668,8.87015750316668,True,True,False,50000,True
B1_stress_m150_to_250,10000,10156,156,log_cycle_fit,0.0032863651795853,0.3956759465752139,0.3957782781707182,3.1138230206430255,0.38170598816499945,0.3818083197605038,3.1138230206430255,0.3973191290676255,0.3974214607605109,3.11382598382704,3.11382598382704,True,True,False,50000,True
B1_stress_m150_to_250,10000,10078,78,log_cycle_fit,0.0032863660259108,0.3928347164041347,0.392874855317498,1.2213768352894434,0.3788647579939203,0.3789048969072836,1.2213768352894434,0.3944778990956928,0.3945180383304534,1.221386615006466,1.221386615006466,True,True,False,50000,True
B1_stress_m150_to_250,10000,10039,39,log_cycle_fit,0.0032863661729154,0.3914058443423437,0.391423126616236,0.5258779144800421,0.3774358859321293,0.3774531682060216,0.5258779144800421,0.3930490271340537,0.3930663097026937,0.5258868832819104,0.5258868832819104,True,True,True,50000,True
B1_stress_m150_to_250,10000,10019,19,log_cycle_fit,0.0032863661857105,0.3906709347396279,0.3906786570152292,0.23497915828384203,0.37670097632941346,0.3767086986050148,0.23497915828553118,0.3923141175828491,0.3923218401080845,0.23498675433604893,0.23498675433604893,True,True,True,50000,True
B1_stress_m150_to_250,10000,10009,9,log_cycle_fit,0.0032863656582494,0.39030292961802304,0.390306424455231,0.1063435287302767,0.3763329712078086,0.3763364660450166,0.1063435287302767,0.39194611248703787,0.3919496072843557,0.1063423149229622,0.1063435287302767,True,True,True,50000,True
B1_stress_m150_to_250,10000,10004,4,log_cycle_fit,0.003286366510568,0.39011878915641407,0.390120305664021,0.04614541932736415,0.37614883074619965,0.3761503472538066,0.04614541932736415,0.3917619720383359,0.391763488919305,0.04615678026879627,0.04615678026879627,True,True,True,50000,True
B1_stress_m150_to_250,10000,10002,2,log_cycle_fit,0.0032863661634468,0.39004510720112495,0.3900458580087834,0.02284613524764623,0.37607514879091053,0.376075899598569,0.022846135249335365,0.3916882900882111,0.3916890410905069,0.022852057818415983,0.022852057818415983,True,True,True,50000,True
B1_stress_m150_to_250,10000,10001,1,log_cycle_fit,0.0032863662037929,0.39000826069825434,0.3900086339476114,0.011357509600047336,0.37603830228804036,0.376038675537397,0.011357509586534259,0.3916514435879233,0.3916518170495079,0.011363967416984963,0.011363967416984963,True,True,True,50000,True
B1_stress_m150_to_250,10000,50000,40000,quadratic_curvature_limited,0.0032863566692824,1.8749550919646425,1.8783190811234236,102.36226609924425,1.8609851335542154,1.864349122713209,102.36226610571029,1.8765860856004768,1.8799622594580647,102.73303227081374,102.73303227081374,True,True,False,50000,False
B1_stress_m150_to_250,10000,30000,20000,quadratic_curvature_limited,0.0032863572511532,1.1344200324568523,1.13419643423904,6.803831742084582,1.1204500740466348,1.1202264758288256,6.80383174198999,1.1360631035982391,1.1358396128646169,6.800561124139588,6.803831742084582,True,True,False,50000,True
B1_stress_m150_to_250,10000,20000,10000,quadratic_curvature_limited,0.0032863580260891,0.7626849167886532,0.7621339022010258,16.766724235555593,0.7487149583784631,0.7481639437908114,16.766724236295435,0.7643295395248085,0.7637770812140704,16.810655027613752,16.810655027613752,True,True,False,50000,True
B1_stress_m150_to_250,10000,15000,5000,quadratic_curvature_limited,0.0032863619890463,0.5764504624759776,0.576071857300783,11.520495199753812,0.5624805040657819,0.5621018988905686,11.520495200321362,0.5780947392200152,0.5777150382953062,11.553837525340532,11.553837525340532,True,True,False,50000,True
B1_stress_m150_to_250,10000,12500,2500,quadratic_curvature_limited,0.0032863643802831,0.48324151119999587,0.4830253079523933,6.578797193023097,0.4692715527897924,0.4690553495421788,6.578797193357546,0.48488533450059906,0.4846684901425348,6.598305390760076,6.598305390760076,True,True,False,50000,True
B1_stress_m150_to_250,10000,11250,1250,quadratic_curvature_limited,0.003286365322603,0.436614104532094,0.4364992733449596,3.494169876508061,0.42264414612188544,0.4225293149347451,3.4941698766887983,0.43825763099913606,0.4381424560062611,3.5046314566062615,3.5046314566062615,True,True,False,50000,True
B1_stress_m150_to_250,10000,10625,625,quadratic_curvature_limited,0.0032863649730215,0.4132946684406653,0.413235716214628,1.793842939577707,0.3993247100304539,0.3992657578044136,1.7938429396689202,0.41493802896296594,0.4148788987011388,1.7992603473000512,1.7992603473000512,True,True,False,50000,True
B1_stress_m150_to_250,10000,10312,312,quadratic_curvature_limited,0.0032863659986774,0.4016148585980147,0.4015850281929428,0.9077018531695549,0.38764490018780184,0.3876150697827284,0.9077018532151615,0.40325813162384655,0.4032282111922815,0.9104412465642612,0.9104412465642612,True,True,True,50000,True
B1_stress_m150_to_250,10000,10156,156,quadratic_curvature_limited,0.0032863651795853,0.3957932536050358,0.3957782781707182,0.45568381781296075,0.38182329519482217,0.3818083197605038,0.45568381783660866,0.39743648192807585,0.3974214607605109,0.4570754235797175,0.4570754235797175,True,True,True,50000,True
B1_stress_m150_to_250,10000,10078,78,quadratic_curvature_limited,0.0032863660259108,0.39288236182061925,0.392874855317498,0.22841348352781077,0.3789124034104052,0.3789048969072836,0.22841348353963473,0.3945255675192648,0.3945180383304534,0.22910378065177286,0.22910378065177286,True,True,True,50000,True
B1_stress_m150_to_250,10000,10039,39,quadratic_curvature_limited,0.0032863661729154,0.3914268936064293,0.391423126616236,0.11462478601205578,0.37745693519621504,0.3774531682060216,0.11462478601712318,0.3930700879246278,0.3930663097026937,0.1149665537952004,0.1149665537952004,True,True,True,50000,True
B1_stress_m150_to_250,10000,10019,19,quadratic_curvature_limited,0.0032863661857105,0.3906804938779298,0.3906786570152292,0.05589342747613898,0.37671053546771543,0.3767086986050148,0.05589342747613898,0.3923236823423522,0.3923218401080845,0.05605687752328777,0.05605687752328777,True,True,True,50000,True
B1_stress_m150_to_250,10000,10009,9,quadratic_curvature_limited,0.0032863656582494,0.39030729254609414,0.390306424455231,0.026414920109649912,0.3763373341358798,0.3763364660450166,0.026414920111339047,0.39195047807914135,0.3919496072843557,0.026497197093147937,0.026497197093147937,True,True,True,50000,True
B1_stress_m150_to_250,10000,10004,4,quadratic_curvature_limited,0.003286366510568,0.3901206915132799,0.390120305664021,0.011740907705707838,0.37615073310306546,0.3761503472538066,0.011740907705707838,0.3917638755795176,0.391763488919305,0.011765584006737528,0.011765584006737528,True,True,True,50000,True
B1_stress_m150_to_250,10000,10002,2,quadratic_curvature_limited,0.0032863661634468,0.3900460510316668,0.3900458580087834,0.005873444217689284,0.3760760926214524,0.376075899598569,0.005873444217689284,0.39168923451097143,0.3916890410905069,0.005885542112899606,0.005885542112899606,True,True,True,50000,True
B1_stress_m150_to_250,10000,10001,1,quadratic_curvature_limited,0.0032863662037929,0.39000873077618436,0.3900086339476114,0.00294637197843976,0.37603877236596994,0.376038675537397,0.00294637197843976,0.39165191396197757,0.3916518170495079,0.002948924850447918,0.002948924850447918,True,True,True,50000,True
B1_stress_m150_to_250,50000,100000,50000,local_linear,0.0032863479399471,3.738602226610909,3.737831541370445,23.45111517548236,3.72463226820011,3.723861582960231,23.451115157672024,3.7402454829539096,3.739474715340419,23.453621697254466,23.453621697254466,True,True,False,100000,False
B1_stress_m150_to_250,50000,75000,25000,local_linear,0.0032863474294191,2.8084606538671664,2.8081568896667592,9.243216273722263,2.794490695456659,2.794186931256545,9.24321626480358,2.810103871205987,2.809800063381469,9.24454370826554,9.24454370826554,True,True,False,100000,True
B1_stress_m150_to_250,50000,62500,12500,local_linear,0.0032863485924088,2.343389867495295,2.343313154612315,2.334289282546722,2.329419909084934,2.329343196202101,2.3342892780873825,2.345033065332026,2.34495632890852,2.3350055950666855,2.3350055950666855,True,True,False,100000,True
B1_stress_m150_to_250,50000,56250,6250,local_linear,0.0032863543229777,2.110854474309359,2.110843858770875,0.3230186839570683,2.0968845158990717,2.0968739003606607,0.32301868172740245,2.1124976623950453,2.1124870359323635,0.3233510947829545,0.3233510947829545,True,True,True,100000,True
B1_stress_m150_to_250,50000,53125,3125,local_linear,0.0032863560140967,1.9945867777163915,1.9945867165727988,0.0018605285724113553,1.9806168193061402,1.9806167581625844,0.0018605274508224508,1.996229960926555,1.9962298945798476,0.0020188533188953044,0.0020188533188953044,True,True,True,100000,True
B1_stress_m150_to_250,50000,51562,1562,local_linear,0.0032863570171826,1.9364343265884527,1.936434469249855,0.0043410196001577835,1.9224643681782196,1.9224645108396403,0.004341020160952064,1.938077507360075,1.9380776477584465,0.004272158224478602,0.004341020160952064,True,True,True,100000,True
B1_stress_m150_to_250,50000,50781,781,local_linear,0.0032863566135057,1.9073767038559382,1.907376913559942,0.006381048334124403,1.8934067454457144,1.893406955149728,0.006381048624656415,1.90901988340907,1.9090200918666949,0.0063431224743778925,0.006381048624656415,True,True,True,100000,True
B1_stress_m150_to_250,50000,50390,390,local_linear,0.0032863570017107,1.892829289658226,1.892829422444497,0.0040405309289493424,1.8788593312480069,1.8788594640342824,0.004040531064080495,1.8944724686013323,1.8944726009453523,0.004027073744462682,0.004040531064080495,True,True,True,100000,True
B1_stress_m150_to_250,50000,50195,195,local_linear,0.0032863569511429,1.8855741853908248,1.8855742832515567,0.0029777876663200455,1.871604226980608,1.8716043248413428,0.0029777877541552963,1.8872173640296985,1.887217461727129,0.002972818589713431,0.0029777877541552963,True,True,True,100000,True
B1_stress_m150_to_250,50000,50097,97,local_linear,0.0032863568603009,1.8819280304256694,1.8819280557031928,0.0007691655070422688,1.8679580720154536,1.8679580972929788,0.0007691655610947322,1.8835712089116468,1.883571234133344,0.0007674667800050433,0.0007691655610947322,True,True,True,100000,True
B1_stress_m150_to_250,50000,50048,48,local_linear,0.0032863569082697,1.8801049529430915,1.8801049636436156,0.0003256044404515122,1.8661349945328765,1.866135005233401,0.00032560445396462783,1.8817481313526208,1.8817481420977504,0.0003269617383272458,0.0003269617383272458,True,True,True,100000,True
B1_stress_m150_to_250,50000,50024,24,local_linear,0.0032863567509515,1.8792120170332576,1.879212021429818,0.00013378220267063813,1.8652420586230427,1.865242063019604,0.00013378222969687072,1.8808551954053427,1.8808551998052936,0.00013388536855704465,0.00013388536855704465,True,True,True,100000,True
B1_stress_m150_to_250,50000,50012,12,local_linear,0.0032863569562422,1.8787655490783406,1.8787655546207365,0.00016864862671269482,1.8647955906681257,1.864795596210522,0.00016864864022581028,1.8804087274317036,1.8804087330988577,0.00017244487299479188,0.00017244487299479188,True,True,True,100000,True
B1_stress_m150_to_250,50000,50006,6,local_linear,0.0032863567942591,1.8785423151008822,1.8785423162454056,3.4826509616068036e-05,1.8645723566906673,1.8645723578351916,3.482653664230028e-05,1.8801854934448843,1.8801854946425356,3.6443130993862624e-05,3.6443130993862624e-05,True,True,True,100000,True
B1_stress_m150_to_250,50000,50003,3,local_linear,0.003286356891597,1.8784306981121528,1.878430699729046,4.920017330015436e-05,1.8644607397019382,1.864460741318832,4.920019356982795e-05,1.8800738764514744,1.8800738781748447,5.244014549160913e-05,5.244014549160913e-05,True,True,True,100000,True
B1_stress_m150_to_250,50000,50001,1,local_linear,0.0032863573053814,1.8783562867863333,1.8783562873303927,1.6555091658966726e-05,1.8643863283761186,1.8643863289201783,1.6555098415523737e-05,1.8799994651225347,1.8799994659830837,2.6185496142216413e-05,2.6185496142216413e-05,True,True,True,100000,True
B1_stress_m150_to_250,50000,100000,50000,least_squares_local_linear,0.0032863479399471,3.7386042683489302,3.737831541370445,23.513243046865078,3.7246343099386534,3.723861582960231,23.513243044946208,3.740247446153808,3.739474715340419,23.513359738828925,23.513359738828925,True,True,False,100000,False
B1_stress_m150_to_250,50000,75000,25000,least_squares_local_linear,0.0032863474294191,2.8084616747361766,2.8081568896667592,9.274280214225833,2.7944917163259313,2.794186931256545,9.274280213279912,2.810104852805936,2.809800063381469,9.274412733679354,9.274412733679354,True,True,False,100000,True
B1_stress_m150_to_250,50000,62500,12500,least_squares_local_linear,0.0032863485924088,2.3433903779298006,2.343313154612315,2.3498212473222444,2.32942041951957,2.329343196202101,2.3498212468222577,2.345033556132001,2.34495632890852,2.3499401025020035,2.3499401025020035,True,True,False,100000,True
B1_stress_m150_to_250,50000,56250,6250,least_squares_local_linear,0.0032863543229777,2.1108547295266122,2.110843858770875,0.3307846528096814,2.0968847711163896,2.0968739003606607,0.330784652552932,2.1124979077950323,2.1124870359323635,0.3308183354661029,0.3308183354661029,True,True,True,100000,True
B1_stress_m150_to_250,50000,53125,3125,least_squares_local_linear,0.0032863560140967,1.9945869053250176,1.9945867165727988,0.005743510987068034,1.9806169469147992,1.9806167581625844,0.00574351086544996,1.9962300836265487,1.9962298945798476,0.005752471745950248,0.005752471745950248,True,True,True,100000,True
B1_stress_m150_to_250,50000,51562,1562,least_squares_local_linear,0.0032863570171826,1.9364343903723484,1.936434469249855,0.0024001502610320603,1.9224644319621318,1.9224645108396403,0.0024001503218410787,1.9380775686904397,1.9380776477584465,0.0024059469617927977,0.0024059469617927977,True,True,True,100000,True
B1_stress_m150_to_250,50000,50781,781,least_squares_local_linear,0.0032863566135057,1.907376735747886,1.907376913559942,0.0054106135487372795,1.8934067773376704,1.893406955149728,0.00541061358927663,1.9090199140742523,1.9090200918666949,0.005410016728417731,0.00541061358927663,True,True,True,100000,True
B1_stress_m150_to_250,50000,50390,390,least_squares_local_linear,0.0032863570017107,1.8928293055837826,1.892829422444497,0.003555934865803819,1.8788593471735675,1.8788594640342824,0.003555934879316934,1.8944724839142915,1.8944726009453523,0.003561118307638071,0.003561118307638071,True,True,True,100000,True
B1_stress_m150_to_250,50000,50195,195,least_squares_local_linear,0.0032863569511429,1.885574193353603,1.8855742832515567,0.0027354896343972767,1.8716042349433881,1.8716043248413428,0.0027354896614235078,1.8872173716861782,1.887217461727129,0.0027398408643379744,0.0027398408643379744,True,True,True,100000,True
B1_stress_m150_to_250,50000,50097,97,least_squares_local_linear,0.0032863568603009,1.8819280343866411,1.8819280557031928,0.000648637763368207,1.8679580759764263,1.8679580972929788,0.0006486377903944386,1.8835712127202544,1.883571234133344,0.0006515752985446273,0.0006515752985446273,True,True,True,100000,True
B1_stress_m150_to_250,50000,50048,48,least_squares_local_linear,0.0032863569082697,1.88010495490316,1.8801049636436156,0.0002659618451211882,1.8661349964929455,1.866135005233401,0.0002659618451211882,1.8817481332372925,1.8817481420977504,0.00026961337950315165,0.00026961337950315165,True,True,True,100000,True
B1_stress_m150_to_250,50000,50024,24,least_squares_local_linear,0.0032863567509515,1.8792120180132919,1.879212021429818,0.00010396090357792787,1.8652420596030772,1.865242063019604,0.00010396092384760231,1.8808551963476787,1.8808551998052936,0.0001052111843940829,0.0001052111843940829,True,True,True,100000,True
B1_stress_m150_to_250,50000,50012,12,least_squares_local_linear,0.0032863569562422,1.8787655495683577,1.8787655546207365,0.00015373797809777157,1.864795591158143,1.864795596210522,0.0001537379848543293,1.8804087279028716,1.8804087330988577,0.00015810778180891415,0.00015810778180891415,True,True,True,100000,True
B1_stress_m150_to_250,50000,50006,6,least_squares_local_linear,0.0032863567942591,1.8785423153458907,1.8785423162454056,2.737118831941575e-05,1.864572356935676,1.8645723578351916,2.7371208589089936e-05,1.8801854936804683,1.8801854946425356,2.9274585047589257e-05,2.9274585047589257e-05,True,True,True,100000,True
B1_stress_m150_to_250,50000,50003,3,least_squares_local_linear,0.003286356891597,1.878430698234657,1.878430699729046,4.5472512762236996e-05,1.8644607398244426,1.864460741318832,4.5472526275352725e-05,1.8800738765692664,1.8800738781748447,4.885587262463426e-05,4.885587262463426e-05,True,True,True,100000,True
B1_stress_m150_to_250,50000,50001,1,least_squares_local_linear,0.0032863573053814,1.8783562868271682,1.8783562873303927,1.5312533798405856e-05,1.8643863284169535,1.8643863289201783,1.5312540554962867e-05,1.8799994651617986,1.8799994659830837,2.499074092250875e-05,2.499074092250875e-05,True,True,True,100000,True
B1_stress_m150_to_250,50000,100000,50000,power_law_fit,0.0032863479399471,3.7316700012256856,3.737831541370445,187.488977349684,3.7230557036927294,3.723861582960231,24.52203120995805,3.7326897529578025,3.739474715340419,206.4590392314213,206.4590392314213,True,True,False,100000,False
B1_stress_m150_to_250,50000,75000,25000,power_law_fit,0.0032863474294191,2.80650938575831,2.8081568896667592,50.13176311491148,2.7940473992477424,2.794186931256545,4.245808204987702,2.8079768780087297,2.809800063381469,55.477560175722445,55.477560175722445,True,True,False,100000,True
B1_stress_m150_to_250,50000,62500,12500,power_law_fit,0.0032863485924088,2.342863767325012,2.343313154612315,13.674364561973382,2.329300512173025,2.329343196202101,1.2988284071489584,2.3444595384203204,2.34495632890852,15.116792215741825,15.116792215741825,True,True,False,100000,True
B1_stress_m150_to_250,50000,56250,6250,power_law_fit,0.0032863543229777,2.1107158284057173,2.110843858770875,3.8958174492159383,2.096853093807031,2.0968739003606607,0.6331196086896862,2.1123465048964034,2.1124870359323635,4.276198551615417,4.276198551615417,True,True,False,100000,True
B1_stress_m150_to_250,50000,53125,3125,power_law_fit,0.0032863560140967,1.9945503536837899,1.9945867165727988,1.106480516809874,1.9806085829447886,1.9806167581625844,0.24876239095121733,1.9961902451349702,1.9962298945798476,1.206486598142664,1.206486598142664,True,True,False,100000,True
B1_stress_m150_to_250,50000,51562,1562,power_law_fit,0.0032863570171826,1.936424593177606,1.936434469249855,0.30051732654902125,1.9224621759251912,1.9224645108396403,0.07104871555075257,1.9380668921880373,1.9380776477584465,0.32727942682301914,0.32727942682301914,True,True,True,100000,True
B1_stress_m150_to_250,50000,50781,781,power_law_fit,0.0032863566135057,1.9073739866279986,1.907376913559942,0.0890631263646933,1.893406137522865,1.893406955149728,0.024879432120089622,1.9090169190484465,1.9090200918666949,0.09654515992922354,0.09654515992922354,True,True,True,100000,True
B1_stress_m150_to_250,50000,50390,390,power_law_fit,0.0032863570017107,1.8928284743425206,1.892829422444497,0.028849634290793666,1.878859150671175,1.8788594640342824,0.009535272865955522,1.8944715786960231,1.8944726009453523,0.031105851514411566,0.031105851514411566,True,True,True,100000,True
B1_stress_m150_to_250,50000,50195,195,power_law_fit,0.0032863569511429,1.8855739133059324,1.8855742832515567,0.011257012852118931,1.8716041674817823,1.8716043248413428,0.004788267459455213,1.8872170668716537,1.887217461727129,0.012014990491767106,0.012014990491767106,True,True,True,100000,True
B1_stress_m150_to_250,50000,50097,97,power_law_fit,0.0032863568603009,1.8819279290398712,1.8819280557031928,0.003854216903195556,1.8679580501308215,1.8679580972929788,0.001435089349557013,1.8835710981149651,1.883571234133344,0.004138880364013662,0.004138880364013662,True,True,True,100000,True
B1_stress_m150_to_250,50000,50048,48,power_law_fit,0.0032863569082697,1.8801049111833268,1.8801049636436156,0.0015963052779717599,1.866134985613417,1.866135005233401,0.000597013179257143,1.8817480856941402,1.8817481420977504,0.00171629594110485,0.00171629594110485,True,True,True,100000,True
B1_stress_m150_to_250,50000,50024,24,power_law_fit,0.0032863567509515,1.8792119982141073,1.879212021429818,0.0007064269781567379,1.8652420546313082,1.865242063019604,0.0002552460512172463,1.8808551748226126,1.8808551998052936,0.0007601938233814587,0.0007601938233814587,True,True,True,100000,True
B1_stress_m150_to_250,50000,50012,12,power_law_fit,0.0032863569562422,1.8787655401840735,1.8787655546207365,0.000439290776029643,1.8647955887892858,1.864795596210522,0.00022581954398057257,1.8804087177021023,1.8804087330988577,0.0004685052668098602,0.0004685052668098602,True,True,True,100000,True
B1_stress_m150_to_250,50000,50006,6,power_law_fit,0.0032863567942591,1.8785423107825912,1.8785423162454056,0.00016622706434625632,1.8645723557805078,1.8645723578351916,6.252162759864504e-05,1.8801854887205414,1.8801854946425356,0.00018019936966904153,0.00018019936966904153,True,True,True,100000,True
B1_stress_m150_to_250,50000,50003,3,power_law_fit,0.003286356891597,1.87843069598522,1.878430699729046,0.00011392025460060546,1.8644607392541739,1.864460741318832,6.282513708253896e-05,1.8800738741244196,1.8800738781748447,0.00012324970293958019,0.00012324970293958019,True,True,True,100000,True
B1_stress_m150_to_250,50000,50001,1,power_law_fit,0.0032863573053814,1.8783562860845142,1.8783562873303927,3.791062248248914e-05,1.8643863282284898,1.8643863289201783,2.104726966645009e-05,1.8799994643546536,1.8799994659830837,4.955121753799657e-05,4.955121753799657e-05,True,True,True,100000,True
B1_stress_m150_to_250,50000,100000,50000,log_cycle_fit,0.0032863479399471,3.1652022414004346,3.737831541370445,17424.487925013436,3.151232282990245,3.723861582960231,17424.487925012705,3.166845424574955,3.739474715340419,17424.48764492908,17424.487925013436,True,True,False,100000,False
B1_stress_m150_to_250,50000,75000,25000,log_cycle_fit,0.0032863474294191,2.6310974726950054,2.8081568896667592,5387.726671463071,2.617127514284805,2.794186931256545,5387.726671462653,2.6327406538607967,2.809800063381469,5387.726444734714,5387.726671463071,True,True,False,100000,True
B1_stress_m150_to_250,50000,62500,12500,log_cycle_fit,0.0032863485924088,2.2926029252540285,2.343313154612315,1543.0569196287684,2.278632966843821,2.329343196202101,1543.0569196285655,2.2942461051467617,2.34495632890852,1543.0567493325134,1543.0569196287684,True,True,False,100000,True
B1_stress_m150_to_250,50000,56250,6250,log_cycle_fit,0.0032863543229777,2.0969927039895833,2.110843858770875,421.4747839101343,2.083022745579372,2.0968739003606607,421.4747839100397,2.0986358831466383,2.1124870359323635,421.47472318733384,421.4747839101343,True,True,False,100000,True
B1_stress_m150_to_250,50000,53125,3125,log_cycle_fit,0.0032863560140967,1.9908735386784693,1.9945867165727988,112.98769452859125,1.9769035802682546,1.9806167581625844,112.98769452859801,1.9925167174364198,1.9962298945798476,112.98767167952128,112.98769452859801,True,True,False,100000,True
B1_stress_m150_to_250,50000,51562,1562,log_cycle_fit,0.0032863570171826,1.935431122454309,1.936434469249855,30.53066937949712,1.9214611640440944,1.9224645108396403,30.53066937949712,1.9370743010037437,1.9380776477584465,30.530668136689158,30.53066937949712,True,True,False,100000,True
B1_stress_m150_to_250,50000,50781,781,log_cycle_fit,0.0032863566135057,1.907094702933543,1.907376913559942,8.587340315999906,1.8931247445233284,1.893406955149728,8.58734031601342,1.9087378813764033,1.9090200918666949,8.587336174405257,8.58734031601342,True,True,False,100000,True
B1_stress_m150_to_250,50000,50390,390,log_cycle_fit,0.0032863570017107,1.8927442195726714,1.892829422444497,2.592623740552887,1.8787742611624567,1.8788594640342824,2.592623740552887,1.894387397961566,1.8944726009453523,2.5926271473849174,2.5926271473849174,True,True,False,100000,True
B1_stress_m150_to_250,50000,50195,195,log_cycle_fit,0.0032863569511429,1.8855456602547755,1.8855742832515567,0.8709643293993685,1.871575701844561,1.8716043248413428,0.8709643294196382,1.887188838616595,1.887217461727129,0.8709677907636286,0.8709677907636286,True,True,True,100000,True
B1_stress_m150_to_250,50000,50097,97,log_cycle_fit,0.0032863568603009,1.8819173570330976,1.8819280557031928,0.32554803236425295,1.8679473986228794,1.8679580972929788,0.32554803249262754,1.8835605353812674,1.883571234133344,0.32555052695976144,0.32555052695976144,True,True,True,100000,True
B1_stress_m150_to_250,50000,50048,48,log_cycle_fit,0.0032863569082697,1.8801005429139097,1.8801049636436156,0.1345176385051809,1.8661305845036915,1.866135005233401,0.1345176386132858,1.8817437212552477,1.8817481420977504,0.1345210707825048,0.1345210707825048,True,True,True,100000,True
B1_stress_m150_to_250,50000,50024,24,log_cycle_fit,0.0032863567509515,1.8792100256915292,1.879212021429818,0.06072798664580556,1.865240067281311,1.865242063019604,0.06072798677418016,1.880853204029517,1.8808551998052936,0.06072912735551818,0.06072912735551818,True,True,True,100000,True
B1_stress_m150_to_250,50000,50012,12,log_cycle_fit,0.0032863569562422,1.8787646068513248,1.8787655546207365,0.02883951512992746,1.8647946484411067,1.864795596210522,0.028839515244788942,1.8804077851876393,1.8804087330988577,0.02884383014471198,0.02884383014471198,True,True,True,100000,True
B1_stress_m150_to_250,50000,50006,6,log_cycle_fit,0.0032863567942591,1.878541857351541,1.8785423162454056,0.01396360448406231,1.8645718989413262,1.8645723578351916,0.013963604504331985,1.8801850356870204,1.8801854946425356,0.013965480435651637,0.013965480435651637,True,True,True,100000,True
B1_stress_m150_to_250,50000,50003,3,log_cycle_fit,0.003286356891597,1.8784304725789285,1.878430699729046,0.006911912646649318,1.8644605141687103,1.864460741318832,0.0069119127750239175,1.8800736509139853,1.8800738781748447,0.0069152823920476236,0.0069152823920476236,True,True,True,100000,True
B1_stress_m150_to_250,50000,50001,1,log_cycle_fit,0.0032863573053814,1.8783562123511837,1.8783562873303927,0.0022815294289809302,1.864386253940969,1.8643863289201783,0.002281529435737487,1.8799993906859633,1.8799994659830837,0.0022912030956987214,0.0022912030956987214,True,True,True,100000,True
B1_stress_m150_to_250,50000,100000,50000,quadratic_curvature_limited,0.0032863479399471,3.737850411736856,3.737831541370445,0.5742047633441577,3.7238804533114367,3.723861582960231,0.574204300653815,3.7394996082717684,3.739474715340419,0.7574648760396416,0.7574648760396416,True,True,True,100000,False
B1_stress_m150_to_250,50000,75000,25000,quadratic_curvature_limited,0.0032863474294191,2.8078958505181575,2.8081568896667592,7.943139129629461,2.7939258920965213,2.794186931256545,7.943139477187799,2.8095435467597545,2.809800063381469,7.805523524939523,7.943139477187799,True,True,False,100000,True
B1_stress_m150_to_250,50000,62500,12500,quadratic_curvature_limited,0.0032863485924088,2.343060241842795,2.343313154612315,7.6958594746861735,2.329090283425915,2.329343196202101,7.695859677518552,2.3447060563326194,2.34495632890852,7.615521265105236,7.695859677518552,True,True,False,100000,True
B1_stress_m150_to_250,50000,56250,6250,quadratic_curvature_limited,0.0032863543229777,2.11067785548861,2.110843858770875,5.051289847358288,2.096707897074824,2.0968739003606607,5.0512899560443625,2.1123224462012695,2.1124870359323635,5.008277103391577,5.0512899560443625,True,True,False,100000,True
B1_stress_m150_to_250,50000,53125,3125,quadratic_curvature_limited,0.0032863560140967,1.9944955168073923,1.9945867165727988,2.7751030325169963,1.9805255583953323,1.9806167581625844,2.77510308867752,1.9961394249061488,1.9962298945798476,2.752887189053137,2.77510308867752,True,True,False,100000,True
B1_stress_m150_to_250,50000,51562,1562,quadratic_curvature_limited,0.0032863570171826,1.9363879728611177,1.936434469249855,1.4148307227154981,1.9224180144499659,1.9224645108396403,1.4148307512349276,1.9380315218548305,1.9380776477584465,1.4035572938302248,1.4148307512349276,True,True,False,100000,True
B1_stress_m150_to_250,50000,50781,781,quadratic_curvature_limited,0.0032863566135057,1.9073533426416478,1.907376913559942,0.7172355610293345,1.8933833842309609,1.893406955149728,0.7172355754140474,1.908996707778326,1.9090200918666949,0.71155054423102,0.7172355754140474,True,True,True,100000,True
B1_stress_m150_to_250,50000,50390,390,quadratic_curvature_limited,0.0032863570017107,1.8928175779194636,1.892829422444497,0.36041504399183116,1.8788476195090122,1.8788594640342824,0.3604150511943216,1.8944608499036566,1.8944726009453523,0.35757045535800813,0.3604150511943216,True,True,True,100000,True
B1_stress_m150_to_250,50000,50195,195,quadratic_curvature_limited,0.0032863569511429,1.8855683180290164,1.8855742832515567,0.18151474806463588,1.871598359618683,1.8716043248413428,0.18151475169966397,1.8872115432802292,1.887217461727129,0.18009142000290965,0.18151475169966397,True,True,True,100000,True
B1_stress_m150_to_250,50000,50097,97,quadratic_curvature_limited,0.0032863568603009,1.8819251089162512,1.8819280557031928,0.08966728407277488,1.8679551505059775,1.8679580972929788,0.08966728589028897,1.8835683106118277,1.883571234133344,0.08895934435858675,0.08966728589028897,True,True,True,100000,True
B1_stress_m150_to_250,50000,50048,48,quadratic_curvature_limited,0.0032863569082697,1.8801035065368563,1.8801049636436156,0.04433805578401933,1.8661335481266124,1.866135005233401,0.04433805667588497,1.881746696437226,1.8817481420977504,0.04398976023462145,0.04433805667588497,True,True,True,100000,True
B1_stress_m150_to_250,50000,50024,24,quadratic_curvature_limited,0.0032863567509515,1.8792112936560537,1.879212021429818,0.022145306170833295,1.8652413352458244,1.865242063019604,0.02214530663703581,1.8808544777749492,1.8808551998052936,0.021970540605281634,0.02214530663703581,True,True,True,100000,True
B1_stress_m150_to_250,50000,50012,12,quadratic_curvature_limited,0.0032863569562422,1.878765187346217,1.8787655546207365,0.011175734235632017,1.864795228935995,1.864795596210522,0.01117573446535498,1.880408368573333,1.8804087330988577,0.011092085537509209,0.01117573446535498,True,True,True,100000,True
B1_stress_m150_to_250,50000,50006,6,quadratic_curvature_limited,0.0032863567942591,1.87854213422394,1.8785423162454056,0.0055387006668228345,1.8645721758137215,1.8645723578351916,0.005538700801953996,1.8801853140049054,1.8801854946425356,0.005496592168650634,0.005538700801953996,True,True,True,100000,True
B1_stress_m150_to_250,50000,50003,3,quadratic_curvature_limited,0.003286356891597,1.8784306076709616,1.878430699729046,0.0028012199382283103,1.8644606492607452,1.864460741318832,0.0028012200125504465,1.8800737867287867,1.8800738781748447,0.0027825966891496393,0.0028012200125504465,True,True,True,100000,True
B1_stress_m150_to_250,50000,50001,1,quadratic_curvature_limited,0.0032863573053814,1.8783562566386651,1.8783562873303927,0.0009339132891478367,1.8643862982284498,1.8643863289201783,0.0009339133161740648,1.8799994352143723,1.8799994659830837,0.0009362558144897971,0.0009362558144897971,True,True,True,100000,True
B1_stress_m150_to_250,100000,200000,100000,local_linear,0.0032863252016932,7.456557062380889,7.452985407801016,108.68232328415804,7.442587103970675,7.439015449390801,108.68232328418507,7.458205236175978,7.454628570401863,108.83480953960247,108.83480953960247,True,True,False,200000,False
B1_stress_m150_to_250,100000,150000,50000,local_linear,0.0032863251311043,5.597194301875667,5.595731917128779,44.499089059893286,5.583224343465453,5.581761958718564,44.49908905992031,5.598839975758199,5.597375079694331,44.57550623956848,44.57550623956848,True,True,False,200000,True
B1_stress_m150_to_250,100000,125000,25000,local_linear,0.0032863271054619,4.6675129216230555,4.667075249929482,13.317958910603746,4.653542963212842,4.653105291519267,13.317958910630772,4.6691573455493085,4.668718413482213,13.356310951698477,13.356310951698477,True,True,False,200000,True
B1_stress_m150_to_250,100000,112500,12500,local_linear,0.0032863377423728,4.20267223149675,4.202608461766038,1.9404496954089459,4.188702273086537,4.188638503355824,1.9404496954359722,4.204316030444864,4.204251630637225,1.9596223117383396,1.9596223117383396,True,True,False,200000,True
B1_stress_m150_to_250,100000,106250,6250,local_linear,0.0032863465701886,3.9702518864335974,3.9702490892849287,0.08511423274894508,3.9562819280233836,3.9562791308747145,0.08511423276245825,3.971895372892641,3.971892262570023,0.09464378000609874,0.09464378000609874,True,True,True,200000,True
B1_stress_m150_to_250,100000,103125,3125,local_linear,0.0032863465239065,3.854041713902021,3.8540406275312393,0.03305709771854096,3.8400717554918073,3.840070669121025,0.03305709773205412,3.8556850441165302,3.8556838007931926,0.0378329956556321,0.0378329956556321,True,True,True,200000,True
B1_stress_m150_to_250,100000,101562,1562,local_linear,0.0032863474178488,3.795918034008628,3.7959174643342415,0.017334575864875478,3.781948075598414,3.781947505924028,0.017334575851362322,3.7975612860758705,3.797560638043167,0.019718934765660032,0.019718934765660032,True,True,True,200000,True
B1_stress_m150_to_250,100000,100781,781,local_linear,0.0032863471278865,3.7668747876895363,3.766874492934695,0.008969072041179806,3.7529048292793226,3.7529045345244807,0.008969072054692962,3.7685180007081445,3.768517666498638,0.010169634955965906,0.010169634955965906,True,True,True,200000,True
B1_stress_m150_to_250,100000,100390,390,local_linear,0.0032863473755848,3.7523345709023856,3.75233442041898,0.004579047451112657,3.738364612492172,3.7383644620087657,0.004579047464625812,3.7539777643716774,3.753977594106773,0.005180977083028421,0.005180977083028421,True,True,True,200000,True
B1_stress_m150_to_250,100000,100195,195,local_linear,0.003286346950424,3.7450830561364152,3.745083039059713,0.0005196256674074644,3.7311130977262015,3.7311130806494983,0.0005196256944337775,3.746726239856048,3.746726212534925,0.0008313523664355544,0.0008313523664355544,True,True,True,200000,True
B1_stress_m150_to_250,100000,100097,97,local_linear,0.0032863468990638,3.741438705125825,3.7414386682413774,0.0011223540493179385,3.727468746715611,3.727468709831163,0.0011223540628310952,3.7430818839456292,3.743081841690909,0.0012857656682353233,0.0012857656682353233,True,True,True,200000,True
B1_stress_m150_to_250,100000,100048,48,local_linear,0.0032863472958006,3.73961652962053,3.739616530230597,1.856368341598823e-05,3.725646571210316,3.725646571820383,1.856366990283305e-05,3.74125970599042,3.741259703878497,6.426352563133867e-05,6.426352563133867e-05,True,True,True,200000,True
B1_stress_m150_to_250,100000,100024,24,local_linear,0.0032863471079367,3.7387240354954874,3.73872404087009,0.00016354336180184748,3.7247540770852736,3.724754082459876,0.00016354336180184748,3.7403672106654193,3.7403672144240585,0.00011437133857827416,0.00016354336180184748,True,True,True,200000,True
B1_stress_m150_to_250,100000,100012,12,local_linear,0.003286347504579,3.738277788432966,3.738277791335937,8.833426010569294e-05,3.7243078300227523,3.724307832925723,8.833426010569294e-05,3.7399209630029193,3.739920965088227,6.34536511839161e-05,8.833426010569294e-05,True,True,True,200000,True
B1_stress_m150_to_250,100000,100006,6,local_linear,0.0032863468483652,3.7380546649017052,3.7380546672005193,6.995043840752517e-05,3.7240847064914915,3.724084708790305,6.995042489436815e-05,3.739697839171669,3.739697840624702,4.421422546772317e-05,6.995043840752517e-05,True,True,True,200000,True
B1_stress_m150_to_250,100000,100003,3,local_linear,0.003286347463256,3.7379431031360753,3.737943105759456,7.982663589826242e-05,3.7239731447258615,3.7239731473492417,7.982662238510793e-05,3.739586277256044,3.739586279491084,6.800985525551259e-05,7.982663589826242e-05,True,True,True,200000,True
B1_stress_m150_to_250,100000,100001,1,local_linear,0.0032863480258882,3.737868728625655,3.737868729805614,3.590486424572196e-05,3.7238987702154414,3.7238987713954,3.590486424572196e-05,3.7395119026456274,3.739511903818558,3.5691005099346625e-05,3.590486424572196e-05,True,True,True,200000,True
B1_stress_m150_to_250,100000,200000,100000,least_squares_local_linear,0.0032863252016932,7.456473843433273,7.452985407801016,106.15004353373128,7.44250388502272,7.439015449390801,106.15004352343418,7.458116826973075,7.454628570401863,106.14459486282645,106.15004353373128,True,True,False,200000,False
B1_stress_m150_to_250,100000,150000,50000,least_squares_local_linear,0.0032863251311043,5.597152692401859,5.595731917128779,43.23294915748374,5.583182733991476,5.581761958718564,43.23294915237573,5.598795771156746,5.597375079694331,43.2303988722611,43.23294915748374,True,True,False,200000,True
B1_stress_m150_to_250,100000,125000,25000,least_squares_local_linear,0.0032863271054619,4.667492116886152,4.667075249929482,12.684889339734355,4.6535221584758535,4.653105291519267,12.684889337193866,4.669135243248583,4.668718413482213,12.683757672114691,12.684889339734355,True,True,False,200000,True
B1_stress_m150_to_250,100000,112500,12500,least_squares_local_linear,0.0032863377423728,4.202661829128298,4.202608461766038,1.6239159345044636,4.188691870718043,4.188638503355824,1.6239159332612496,4.2043049792945,4.204251630637225,1.6233467603482232,1.6239159345044636,True,True,False,200000,True
B1_stress_m150_to_250,100000,106250,6250,least_squares_local_linear,0.0032863465701886,3.9702466852493714,3.9702490892849287,0.07315222256527786,3.956276726839137,3.9562791308747145,0.07315222318688314,3.9718898473174598,3.971892262570023,0.07349354402213419,0.07349354402213419,True,True,True,200000,True
B1_stress_m150_to_250,100000,103125,3125,least_squares_local_linear,0.0032863465239065,3.8540391133099083,3.8540406275312393,0.04607613104625879,3.840069154899684,3.840070669121025,0.04607613135706143,3.855682281328939,3.8556838007931926,0.04623566755594882,0.04623566755594882,True,True,True,200000,True
B1_stress_m150_to_250,100000,101562,1562,least_squares_local_linear,0.0032863474178488,3.795916734128666,3.7959174643342415,0.022219366449056047,3.7819467757184473,3.781947505924028,0.022219366611213903,3.7975599051241207,3.797560638043167,0.02230193443218114,0.02230193443218114,True,True,True,200000,True
B1_stress_m150_to_250,100000,100781,781,least_squares_local_linear,0.0032863471278865,3.7668741377495554,3.766874492934695,0.010807900860755624,3.7529041793393394,3.7529045345244807,0.010807900914808247,3.7685173102322698,3.768517666498638,0.010840801489999212,0.010840801489999212,True,True,True,200000,True
B1_stress_m150_to_250,100000,100390,390,least_squares_local_linear,0.0032863473755848,3.75233424634849,3.75233442041898,0.0052967769419440805,3.738364287938275,3.7383644620087657,0.0052967769689703905,3.753977419575786,3.753977594106773,0.0053107893673287965,0.0053107893673287965,True,True,True,200000,True
B1_stress_m150_to_250,100000,100195,195,least_squares_local_linear,0.003286346950424,3.7450828938594674,3.745083039059713,0.004418287167947764,3.731112935449253,3.7311130806494983,0.004418287154434607,3.7467260674581024,3.746726212534925,0.004414531537412697,0.004418287167947764,True,True,True,200000,True
B1_stress_m150_to_250,100000,100097,97,least_squares_local_linear,0.0032863468990638,3.741438624403446,3.7414386682413774,0.0013339410857561343,3.7274686659932317,3.727468709831163,0.0013339410857561343,3.7430817981887023,3.743081841690909,0.0013237253419037694,0.0013339410857561343,True,True,True,200000,True
B1_stress_m150_to_250,100000,100048,48,least_squares_local_linear,0.0032863472958006,3.7396164896754347,3.739616530230597,0.001234049803296674,3.7256465312652214,3.725646571820383,0.0012340497762703638,3.7412596635540023,3.741259703878497,0.0012270308407723101,0.001234049803296674,True,True,True,200000,True
B1_stress_m150_to_250,100000,100024,24,least_squares_local_linear,0.0032863471079367,3.7387240155229398,3.73872404087009,0.0007712864564837979,3.724754057112726,3.724754082459876,0.0007712864564837979,3.7403671894472104,3.7403672144240585,0.0007600185654450717,0.0007712864564837979,True,True,True,200000,True
B1_stress_m150_to_250,100000,100012,12,least_squares_local_linear,0.003286347504579,3.738277778446692,3.738277791335937,0.0003922057775277844,3.7243078200364788,3.724307832925723,0.0003922057640146301,3.7399209523938146,3.739920965088227,0.0003862772324110312,0.0003922057775277844,True,True,True,200000,True
B1_stress_m150_to_250,100000,100006,6,least_squares_local_linear,0.0032863468483652,3.7380546599085687,3.7380546672005193,0.0002218862139437641,3.724084701498355,3.724084708790305,0.00022188620043060706,3.7396978338671167,3.739697840624702,0.00020562604831179362,0.0002218862139437641,True,True,True,200000,True
B1_stress_m150_to_250,100000,100003,3,least_squares_local_linear,0.003286347463256,3.7379431006395065,3.737943105759456,0.00015579452296559344,3.723973142229293,3.7239731473492417,0.00015579449593928446,3.739586274603768,3.739586279491084,0.00014871575157709876,0.00015579452296559344,True,True,True,200000,True
B1_stress_m150_to_250,100000,100001,1,least_squares_local_linear,0.0032863480258882,3.7378687277934652,3.737868729805614,6.122749794162709e-05,3.723898769383252,3.7238987713954,6.122748442847492e-05,3.739511901761535,3.739511903818558,6.259297494294988e-05,6.259297494294988e-05,True,True,True,200000,True
B1_stress_m150_to_250,100000,200000,100000,power_law_fit,0.0032863252016932,7.44914392451542,7.452985407801016,116.89297467021031,7.440545970953948,7.439015449390801,46.57243179578498,7.450158654060299,7.454628570401863,136.0156426168895,136.0156426168895,True,True,False,200000,False
B1_stress_m150_to_250,100000,150000,50000,power_law_fit,0.0032863251311043,5.5951041982777525,5.595731917128779,19.10093572559827,5.582642952500913,5.581761958718564,26.80787040849989,5.596570820771346,5.597375079694331,24.47289573915662,26.80787040849989,True,True,False,200000,True
B1_stress_m150_to_250,100000,125000,25000,power_law_fit,0.0032863271054619,4.666947207975746,4.667075249929482,3.8962023446454253,4.65338241907718,4.653105291519267,8.43274418580328,4.668542967546622,4.668718413482213,5.338663193312801,8.43274418580328,True,True,False,200000,True
B1_stress_m150_to_250,100000,112500,12500,power_law_fit,0.0032863377423728,4.20252196833318,4.202608461766038,2.6319094274270536,4.188657990033398,4.188638503355824,0.5929602828867522,4.204152744282055,4.204251630637225,3.0090137691898455,3.0090137691898455,True,True,False,200000,True
B1_stress_m150_to_250,100000,106250,6250,power_law_fit,0.0032863465701886,3.9702118108423066,3.9702490892849287,1.1343430105728538,3.9562692995589828,3.9562791308747145,0.29915638907098063,3.971851776711492,3.971892262570023,1.2319412352386077,1.2319412352386077,True,True,False,200000,True
B1_stress_m150_to_250,100000,103125,3125,power_law_fit,0.0032863465239065,3.8540307032017704,3.8540406275312393,0.30198670154521595,3.8400678906540198,3.840070669121025,0.08454577096931049,3.8556730434210276,3.8556838007931926,0.32733529732164557,0.32733529732164557,True,True,True,200000,True
B1_stress_m150_to_250,100000,101562,1562,power_law_fit,0.0032863474178488,3.795914821834164,3.7959174643342415,0.08040842130899258,3.781946765510605,3.781947505924028,0.022529980214379818,3.797557774609436,3.797560638043167,0.08713119360002206,0.08713119360002206,True,True,True,200000,True
B1_stress_m150_to_250,100000,100781,781,power_law_fit,0.0032863471278865,3.7668737585333774,3.766874492934695,0.022347040314310833,3.752904330765447,3.7529045345244807,0.006200167715596981,3.768516871142896,3.768517666498638,0.02420181773881385,0.02420181773881385,True,True,True,200000,True
B1_stress_m150_to_250,100000,100390,390,power_law_fit,0.0032863473755848,3.752334201778777,3.75233442041898,0.006652985148673133,3.7383644028390286,3.7383644620087657,0.0018004711720234704,3.7539773574653306,3.753977594106773,0.007200743421087669,0.007200743421087669,True,True,True,200000,True
B1_stress_m150_to_250,100000,100195,195,power_law_fit,0.003286346950424,3.7450829077516135,3.745083039059713,0.003995564116799589,3.731113002714778,3.7311130806494983,0.002371469647928215,3.7467260756674228,3.746726212534925,0.004164730756835655,0.004164730756835655,True,True,True,200000,True
B1_stress_m150_to_250,100000,100097,97,power_law_fit,0.0032863468990638,3.741438640366776,3.7414386682413774,0.0008481941240522156,3.7274687019096375,3.727468709831163,0.00024104350213019244,3.743081812097818,3.743081841690909,0.0009004859194010357,0.0009004859194010357,True,True,True,200000,True
B1_stress_m150_to_250,100000,100048,48,power_law_fit,0.0032863472958006,3.739616499815804,3.739616530230597,0.0009254893098275503,3.725646549646285,3.725646571820383,0.0006747338510896656,3.7412596728691137,3.741259703878497,0.0009435820597854998,0.0009435820597854998,True,True,True,200000,True
B1_stress_m150_to_250,100000,100024,24,power_law_fit,0.0032863471079367,3.7387240211420725,3.73872404087009,0.0006003023050801211,3.7247540664521916,3.724754082459876,0.0004870965843080348,3.7403671947005654,3.7403672144240585,0.0006001646330472727,0.0006003023050801211,True,True,True,200000,True
B1_stress_m150_to_250,100000,100012,12,power_law_fit,0.003286347504579,3.738277781393512,3.738277791335937,0.0003025372285643399,3.724307824743449,3.724307832925723,0.0002489777468171204,3.739920955169459,3.739920965088227,0.00030181736932045406,0.0003025372285643399,True,True,True,200000,True
B1_stress_m150_to_250,100000,100006,6,power_law_fit,0.0032863468483652,3.738054661416294,3.7380546672005193,0.00017600774859689636,3.7240847038611498,3.724084708790305,0.00014998889446485853,3.7396978352921835,3.739697840624702,0.00016226280039426452,0.00017600774859689636,True,True,True,200000,True
B1_stress_m150_to_250,100000,100003,3,power_law_fit,0.003286347463256,3.737943101401948,3.737943105759456,0.00013259424746572173,3.723973143413018,3.7239731473492417,0.00011977503399645457,3.739586275325612,3.739586279491084,0.00012675080812141206,0.00013259424746572173,True,True,True,200000,True
B1_stress_m150_to_250,100000,100001,1,power_law_fit,0.0032863480258882,3.737868728049519,3.737868729805614,5.343605763230181e-05,3.723898769778344,3.7238987713954,4.920526535622361e-05,3.7395119020042196,3.739511903818558,5.520834807995529e-05,5.520834807995529e-05,True,True,True,200000,True
B1_stress_m150_to_250,100000,200000,100000,log_cycle_fit,0.0032863252016932,6.31286354263843,7.452985407801016,34692.910627809,6.2988935842281375,7.439015449390801,34692.910627811376,6.314506786511393,7.454628570401863,34692.908154769655,34692.910627811376,True,True,False,200000,False
B1_stress_m150_to_250,100000,150000,50000,log_cycle_fit,0.0032863251311043,5.2441287002691634,5.595731917128779,10698.978428268498,5.230158741858906,5.581761958718564,10698.978428269796,5.245771915129771,5.597375079694331,10698.976836975693,10698.978428269796,True,True,False,200000,True
B1_stress_m150_to_250,100000,125000,25000,log_cycle_fit,0.0032863271054619,4.566806687812635,4.667075249929482,3051.082831961554,4.552836729402399,4.653105291519267,3051.0828319622024,4.56844988428635,4.668718413482213,3051.0818302053954,3051.0828319622024,True,True,False,200000,True
B1_stress_m150_to_250,100000,112500,12500,log_cycle_fit,0.0032863377423728,4.175393857899911,4.202608461766038,828.1134198482638,4.161423899489682,4.188638503355824,828.1134198486963,4.1770370437481485,4.204251630637225,828.1129032534337,828.1134198486963,True,True,False,200000,True
B1_stress_m150_to_250,100000,106250,6250,log_cycle_fit,0.0032863465701886,3.963051156511893,3.9702490892849287,219.025371162322,3.949081198101672,3.9562791308747145,219.0253711625247,3.9646943365957816,3.971892262570023,219.02516428230277,219.0253711625247,True,True,False,200000,True
B1_stress_m150_to_250,100000,103125,3125,log_cycle_fit,0.0032863465239065,3.852147819386571,3.8540406275312393,57.59612173880886,3.8381778609763573,3.840070669121025,57.59612173879535,3.8537909964598263,3.8556838007931926,57.59600576497856,57.59612173880886,True,True,False,200000,True
B1_stress_m150_to_250,100000,101562,1562,log_cycle_fit,0.0032863474178488,3.795411086510723,3.7959174643342415,15.408529870217897,3.7814411281005094,3.781947505924028,15.40852987023141,3.7970542620437846,3.797560638043167,15.408474363732383,15.40852987023141,True,True,False,200000,True
B1_stress_m150_to_250,100000,100781,781,log_cycle_fit,0.0032863471278865,3.766732867891404,3.766874492934695,4.309497377477368,3.752762909481197,3.7529045345244807,4.309497377247644,3.768376042645952,3.768517666498638,4.309461148652425,4.309497377477368,True,True,False,200000,True
B1_stress_m150_to_250,100000,100390,390,log_cycle_fit,0.0032863473755848,3.7522918071485143,3.75233442041898,1.2966757799922495,3.7383218487383005,3.7383644620087657,1.2966757799787363,3.7539349815110348,3.753977594106773,1.2966552487669112,1.2966757799922495,True,True,False,200000,True
B1_stress_m150_to_250,100000,100195,195,log_cycle_fit,0.003286346950424,3.7450687099239537,3.745083039059713,0.43602017606277327,3.73109875151374,3.7311130806494983,0.43602017603574694,3.746711884090393,3.746726212534925,0.43599914276695867,0.43602017606277327,True,True,True,200000,True
B1_stress_m150_to_250,100000,100097,97,log_cycle_fit,0.0032863468990638,3.7414333311061063,3.7414386682413774,0.16240328349349525,3.7274633726958926,3.727468709831163,0.1624032834799821,3.743076505173858,3.743081841690909,0.1623844717197923,0.16240328349349525,True,True,True,200000,True
B1_stress_m150_to_250,100000,100048,48,log_cycle_fit,0.0032863472958006,3.73961430677218,3.739616530230597,0.06765743899861545,3.7256443483619734,3.725646571820383,0.06765743876889181,3.7412574807905563,3.741259703878497,0.06764616581106402,0.06765743899861545,True,True,True,200000,True
B1_stress_m150_to_250,100000,100024,24,log_cycle_fit,0.0032863471079367,3.7387230310115718,3.73872404087009,0.030728906137238676,3.724753072601358,3.724754082459876,0.030728906137238676,3.740366205005754,3.7403672144240585,0.030715510910597748,0.030728906137238676,True,True,True,200000,True
B1_stress_m150_to_250,100000,100012,12,log_cycle_fit,0.003286347504579,3.7382773129324867,3.738277791335937,0.014557299540646459,3.72430735452228,3.724307832925723,0.01455729932443599,3.7399204869145684,3.739920965088227,0.014550307226508326,0.014557299540646459,True,True,True,200000,True
B1_stress_m150_to_250,100000,100006,6,log_cycle_fit,0.0032863468483652,3.7380544338376374,3.7380546672005193,0.00710098150544963,3.7240844754274307,3.724084708790305,0.007100981275725961,3.7396976078136652,3.739697840624702,0.007084189448444186,0.00710098150544963,True,True,True,200000,True
B1_stress_m150_to_250,100000,100003,3,log_cycle_fit,0.003286347463256,3.7379429892756852,3.737943105759456,0.003544475194163082,3.7239730308654715,3.7239731473492417,0.0035444751806499274,3.739586163248686,3.739586279491084,0.003537130483894187,0.003544475194163082,True,True,True,200000,True
B1_stress_m150_to_250,100000,100001,1,log_cycle_fit,0.0032863480258882,3.7378686910436776,3.737868729805614,0.0011794836098307354,3.723898732633471,3.7238987713954,0.0011794833936203007,3.7395118650146677,3.739511903818558,0.001180760224343333,0.001180760224343333,True,True,True,200000,True
B1_stress_m150_to_250,100000,200000,100000,quadratic_curvature_limited,0.0032863252016932,7.469605540659303,7.452985407801016,505.73609847630263,7.455635582482128,7.439015449390801,505.7361055675136,7.471660730663925,7.454628570401863,518.2737318049465,518.2737318049465,True,True,False,200000,False
B1_stress_m150_to_250,100000,150000,50000,quadratic_curvature_limited,0.0032863251311043,5.606996818926563,5.595731917128779,342.7811110703581,5.59302686069123,5.581761958718564,342.7811163918745,5.608949185035421,5.597375079694331,352.1899045089557,352.1899045089557,True,True,False,200000,True
B1_stress_m150_to_250,100000,125000,25000,quadratic_curvature_limited,0.0032863271054619,4.673233749626426,4.667075249929482,187.39764786980624,4.659263791318243,4.653105291519267,187.39765097455378,4.675057315696232,4.668718413482213,192.8871354127609,192.8871354127609,True,True,False,200000,True
B1_stress_m150_to_250,100000,112500,12500,quadratic_curvature_limited,0.0032863377423728,4.205737537867916,4.202608461766038,95.21468416140114,4.191767579512366,4.188638503355824,95.21468582479429,4.207477356895403,4.204251630637225,98.15565261556449,98.15565261556449,True,True,False,200000,True
B1_stress_m150_to_250,100000,106250,6250,quadratic_curvature_limited,0.0032863465701886,3.971835762711551,3.9702490892849287,48.28076992899297,3.9578658043295802,3.9562791308747145,48.28077078841631,3.9735288714621806,3.971892262570023,49.80025256629067,49.80025256629067,True,True,False,200000,True
B1_stress_m150_to_250,100000,103125,3125,quadratic_curvature_limited,0.0032863465239065,3.85484645781409,3.8540406275312393,24.52055122576495,3.840876499418226,3.840070669121025,24.52055166242915,3.8565150022373667,3.8556838007931926,25.292568453371143,25.292568453371143,True,True,False,200000,True
B1_stress_m150_to_250,100000,101562,1562,quadratic_curvature_limited,0.0032863474178488,3.7963234786485818,3.7959174643342415,12.354576760057151,3.782353520245598,3.781947505924028,12.354576980037796,3.797979434551668,3.797560638043167,12.74352511321896,12.74352511321896,True,True,False,200000,True
B1_stress_m150_to_250,100000,100781,781,quadratic_curvature_limited,0.0032863471278865,3.7670783098581824,3.766874492934695,6.201929241070594,3.7531083514515977,3.7529045345244807,6.201929351513618,3.768727899970029,3.768517666498638,6.397177875908462,6.397177875908462,True,True,False,200000,True
B1_stress_m150_to_250,100000,100390,390,quadratic_curvature_limited,0.0032863473755848,3.7524364016526657,3.75233442041898,3.103178758381219,3.7384664432442674,3.7383644620087657,3.103178813636509,3.754082785879749,3.753977594106773,3.2008720002543503,3.2008720002543503,True,True,False,200000,True
B1_stress_m150_to_250,100000,100195,195,quadratic_curvature_limited,0.003286346950424,3.745134021374162,3.745083039059713,1.5513369470208849,3.7311640629648575,3.7311130806494983,1.5513369747093428,3.746778802042121,3.746726212534925,1.6002420921906981,1.6002420921906981,True,True,False,200000,True
B1_stress_m150_to_250,100000,100097,97,quadratic_curvature_limited,0.0032863468990638,3.7414640695299255,3.7414386682413774,0.7729338785064507,3.7274941111201643,3.727468709831163,0.7729338922898706,3.743108043121501,3.743081841690909,0.7972813399372897,0.7972813399372897,True,True,True,200000,True
B1_stress_m150_to_250,100000,100048,48,quadratic_curvature_limited,0.0032863472958006,3.739629084162433,3.739616530230597,0.38200259150634425,3.725659125752443,3.725646571820383,0.38200259833048766,3.7412726539185224,3.741259703878497,0.39405573603754274,0.39405573603754274,True,True,True,200000,True
B1_stress_m150_to_250,100000,100024,24,quadratic_curvature_limited,0.0032863471079367,3.7387303135217542,3.73872404087009,0.19087002858458496,3.7247603551116524,3.724754082459876,0.19087003198990024,3.7403736854085596,3.7403672144240585,0.19690508301755966,0.19690508301755966,True,True,True,200000,True
B1_stress_m150_to_250,100000,100012,12,quadratic_curvature_limited,0.003286347504579,3.738280927634928,3.738277791335937,0.09543418603205872,3.7243109692247702,3.724307832925723,0.09543418773471617,3.7399242005692614,3.739920965088227,0.098452188337927,0.098452188337927,True,True,True,200000,True
B1_stress_m150_to_250,100000,100006,6,quadratic_curvature_limited,0.0032863468483652,3.738056234549894,3.7380546672005193,0.04769275572696001,3.724086276139708,3.724084708790305,0.04769275659180206,3.739699458003533,3.739697840624702,0.04921509828195819,0.04921509828195819,True,True,True,200000,True
B1_stress_m150_to_250,100000,100003,3,quadratic_curvature_limited,0.003286347463256,3.737943887971971,3.737943105759456,0.023801881083798007,3.7239739295617715,3.7239731473492417,0.023801881529732106,3.739587086684149,3.739586279491084,0.024562012199212696,0.024562012199212696,True,True,True,200000,True
B1_stress_m150_to_250,100000,100001,1,quadratic_curvature_limited,0.0032863480258882,3.737868990240243,3.737868729805614,0.007924742812448765,3.7238990318300336,3.7238987713954,0.007924742947580287,3.7395121724577005,3.739511903818558,0.008174397244918804,0.008174397244918804,True,True,True,200000,True
