variable,element,integration_point,reference,reinjection,signed_error,absolute_error,relative_error_pct
S11_ABS,1159,1,293.614715576,323.332885742,29.718170166,29.718170166,10.1214852627
S11_ABS,1159,2,296.823425293,326.080780029,29.2573547363,29.2573547363,9.85682134335
S11_ABS,1159,3,295.676055908,326.319641113,30.6435852051,30.6435852051,10.363904886
S11_ABS,1159,4,299.534545898,329.483795166,29.9492492676,29.9492492676,9.99859604766
S11_ABS,1159,5,293.614715576,323.332885742,29.718170166,29.718170166,10.1214852627
S11_ABS,1159,6,296.823425293,326.080780029,29.2573547363,29.2573547363,9.85682134335
S11_ABS,1159,7,295.676055908,326.319641113,30.6435852051,30.6435852051,10.363904886
S11_ABS,1159,8,299.534545898,329.483795166,29.9492492676,29.9492492676,9.99859604766
S11_ABS,1160,1,338.880401611,366.77532959,27.8949279785,27.8949279785,8.23149637627
S11_ABS,1160,2,349.382293701,379.428741455,30.0464477539,30.0464477539,8.5998770675
S11_ABS,1160,3,358.588745117,407.627105713,49.0383605957,49.0383605957,13.6753763924
S11_ABS,1160,4,368.368530273,416.931243896,48.562713623,48.562713623,13.1831873876
S11_ABS,1160,5,338.880401611,366.77532959,27.8949279785,27.8949279785,8.23149637627
S11_ABS,1160,6,349.382293701,379.428741455,30.0464477539,30.0464477539,8.5998770675
S11_ABS,1160,7,358.588745117,407.627105713,49.0383605957,49.0383605957,13.6753763924
S11_ABS,1160,8,368.368530273,416.931243896,48.562713623,48.562713623,13.1831873876
S11_ABS,1161,1,349.382293701,379.428741455,30.0464477539,30.0464477539,8.5998770675
S11_ABS,1161,2,338.880401611,366.77532959,27.8949279785,27.8949279785,8.23149637627
S11_ABS,1161,3,368.368530273,416.931243896,48.562713623,48.562713623,13.1831873876
S11_ABS,1161,4,358.588745117,407.627105713,49.0383605957,49.0383605957,13.6753763924
S11_ABS,1161,5,349.382293701,379.428741455,30.0464477539,30.0464477539,8.5998770675
S11_ABS,1161,6,338.880401611,366.77532959,27.8949279785,27.8949279785,8.23149637627
S11_ABS,1161,7,368.368530273,416.931243896,48.562713623,48.562713623,13.1831873876
S11_ABS,1161,8,358.588745117,407.627105713,49.0383605957,49.0383605957,13.6753763924
S11_ABS,1162,1,296.823425293,326.080780029,29.2573547363,29.2573547363,9.85682134335
S11_ABS,1162,2,293.614715576,323.332885742,29.718170166,29.718170166,10.1214852627
S11_ABS,1162,3,299.534545898,329.483795166,29.9492492676,29.9492492676,9.99859604766
S11_ABS,1162,4,295.676055908,326.319641113,30.6435852051,30.6435852051,10.363904886
S11_ABS,1162,5,296.823425293,326.080780029,29.2573547363,29.2573547363,9.85682134335
S11_ABS,1162,6,293.614715576,323.332885742,29.718170166,29.718170166,10.1214852627
S11_ABS,1162,7,299.534545898,329.483795166,29.9492492676,29.9492492676,9.99859604766
S11_ABS,1162,8,295.676055908,326.319641113,30.6435852051,30.6435852051,10.363904886
S11_ABS,1237,1,250.937759399,284.14956665,33.211807251,33.211807251,13.2350776266
S11_ABS,1237,2,251.797622681,291.266540527,39.4689178467,39.4689178467,15.6748572232
S11_ABS,1237,3,231.812316895,257.03793335,25.2256164551,25.2256164551,10.8819137797
S11_ABS,1237,4,235.497070312,263.549072266,28.0520019531,28.0520019531,11.9118262983
S11_ABS,1237,5,250.937759399,284.14956665,33.211807251,33.211807251,13.2350776266
S11_ABS,1237,6,251.797622681,291.266540527,39.4689178467,39.4689178467,15.6748572232
S11_ABS,1237,7,231.812316895,257.03793335,25.2256164551,25.2256164551,10.8819137797
S11_ABS,1237,8,235.497070312,263.549072266,28.0520019531,28.0520019531,11.9118262983
S11_ABS,1238,1,306.078277588,349.929351807,43.8510742188,43.8510742188,14.3267514978
S11_ABS,1238,2,302.447143555,336.618560791,34.1714172363,34.1714172363,11.2983104534
S11_ABS,1238,3,302.93862915,342.984832764,40.0462036133,40.0462036133,13.2192463291
S11_ABS,1238,4,298.304107666,328.76763916,30.4635314941,30.4635314941,10.21224003
S11_ABS,1238,5,306.078277588,349.929351807,43.8510742188,43.8510742188,14.3267514978
S11_ABS,1238,6,302.447143555,336.618560791,34.1714172363,34.1714172363,11.2983104534
S11_ABS,1238,7,302.93862915,342.984832764,40.0462036133,40.0462036133,13.2192463291
S11_ABS,1238,8,298.304107666,328.76763916,30.4635314941,30.4635314941,10.21224003
S11_ABS,1239,1,390.26739502,454.282684326,64.0152893066,64.0152893066,16.4029304327
S11_ABS,1239,2,415.078765869,481.180053711,66.1012878418,66.1012878418,15.9249986454
S11_ABS,1239,3,470.281677246,511.739990234,41.4583129883,41.4583129883,8.81563433027
S11_ABS,1239,4,495.86126709,543.402099609,47.5408325195,47.5408325195,9.58752693037
S11_ABS,1239,5,390.26739502,454.282684326,64.0152893066,64.0152893066,16.4029304327
S11_ABS,1239,6,415.078765869,481.180053711,66.1012878418,66.1012878418,15.9249986454
S11_ABS,1239,7,470.281677246,511.739990234,41.4583129883,41.4583129883,8.81563433027
S11_ABS,1239,8,495.86126709,543.402099609,47.5408325195,47.5408325195,9.58752693037
S11_ABS,1240,1,377.86541748,438.481811523,60.616394043,60.616394043,16.0417945752
S11_ABS,1240,2,369.144287109,423.636688232,54.492401123,54.492401123,14.7618161857
S11_ABS,1240,3,395.732727051,434.777191162,39.0444641113,39.0444641113,9.86637228675
S11_ABS,1240,4,398.191558838,443.25604248,45.0644836426,45.0644836426,11.3172875322
S11_ABS,1240,5,377.86541748,438.481811523,60.616394043,60.616394043,16.0417945752
S11_ABS,1240,6,369.144287109,423.636688232,54.492401123,54.492401123,14.7618161857
S11_ABS,1240,7,395.732727051,434.777191162,39.0444641113,39.0444641113,9.86637228675
S11_ABS,1240,8,398.191558838,443.25604248,45.0644836426,45.0644836426,11.3172875322
S11_ABS,1241,1,369.144287109,423.636688232,54.492401123,54.492401123,14.7618161857
S11_ABS,1241,2,377.86541748,438.481811523,60.616394043,60.616394043,16.0417945752
S11_ABS,1241,3,398.191558838,443.25604248,45.0644836426,45.0644836426,11.3172875322
S11_ABS,1241,4,395.732727051,434.777191162,39.0444641113,39.0444641113,9.86637228675
S11_ABS,1241,5,369.144287109,423.636688232,54.492401123,54.492401123,14.7618161857
S11_ABS,1241,6,377.86541748,438.481811523,60.616394043,60.616394043,16.0417945752
S11_ABS,1241,7,398.191558838,443.25604248,45.0644836426,45.0644836426,11.3172875322
S11_ABS,1241,8,395.732727051,434.777191162,39.0444641113,39.0444641113,9.86637228675
S11_ABS,1242,1,415.078765869,481.180053711,66.1012878418,66.1012878418,15.9249986454
S11_ABS,1242,2,390.26739502,454.282684326,64.0152893066,64.0152893066,16.4029304327
S11_ABS,1242,3,495.86126709,543.402099609,47.5408325195,47.5408325195,9.58752693037
S11_ABS,1242,4,470.281677246,511.739990234,41.4583129883,41.4583129883,8.81563433027
S11_ABS,1242,5,415.078765869,481.180053711,66.1012878418,66.1012878418,15.9249986454
S11_ABS,1242,6,390.26739502,454.282684326,64.0152893066,64.0152893066,16.4029304327
S11_ABS,1242,7,495.86126709,543.402099609,47.5408325195,47.5408325195,9.58752693037
S11_ABS,1242,8,470.281677246,511.739990234,41.4583129883,41.4583129883,8.81563433027
S11_ABS,1243,1,302.447143555,336.618560791,34.1714172363,34.1714172363,11.2983104534
S11_ABS,1243,2,306.078277588,349.929351807,43.8510742188,43.8510742188,14.3267514978
S11_ABS,1243,3,298.304107666,328.76763916,30.4635314941,30.4635314941,10.21224003
S11_ABS,1243,4,302.93862915,342.984832764,40.0462036133,40.0462036133,13.2192463291
S11_ABS,1243,5,302.447143555,336.618560791,34.1714172363,34.1714172363,11.2983104534
S11_ABS,1243,6,306.078277588,349.929351807,43.8510742188,43.8510742188,14.3267514978
S11_ABS,1243,7,298.304107666,328.76763916,30.4635314941,30.4635314941,10.21224003
S11_ABS,1243,8,302.93862915,342.984832764,40.0462036133,40.0462036133,13.2192463291
S11_ABS,1244,1,251.797622681,291.266540527,39.4689178467,39.4689178467,15.6748572232
S11_ABS,1244,2,250.937759399,284.14956665,33.211807251,33.211807251,13.2350776266
S11_ABS,1244,3,235.497070312,263.549072266,28.0520019531,28.0520019531,11.9118262983
S11_ABS,1244,4,231.812316895,257.03793335,25.2256164551,25.2256164551,10.8819137797
S11_ABS,1244,5,251.797622681,291.266540527,39.4689178467,39.4689178467,15.6748572232
S11_ABS,1244,6,250.937759399,284.14956665,33.211807251,33.211807251,13.2350776266
S11_ABS,1244,7,235.497070312,263.549072266,28.0520019531,28.0520019531,11.9118262983
S11_ABS,1244,8,231.812316895,257.03793335,25.2256164551,25.2256164551,10.8819137797
S11_ABS,1316,1,174.379302979,195.197753906,20.8184509277,20.8184509277,11.9386019855
S11_ABS,1316,2,168.489547729,192.246810913,23.7572631836,23.7572631836,14.1001406341
S11_ABS,1316,3,160.474884033,165.831375122,5.35649108887,5.35649108887,3.33789995932
S11_ABS,1316,4,155.661712646,163.784866333,8.12315368652,8.12315368652,5.21846608804
S11_ABS,1316,5,174.379302979,195.197753906,20.8184509277,20.8184509277,11.9386019855
S11_ABS,1316,6,168.489547729,192.246810913,23.7572631836,23.7572631836,14.1001406341
S11_ABS,1316,7,160.474884033,165.831375122,5.35649108887,5.35649108887,3.33789995932
S11_ABS,1316,8,155.661712646,163.784866333,8.12315368652,8.12315368652,5.21846608804
S11_ABS,1317,1,175.163085938,198.949890137,23.7868041992,23.7868041992,13.5798042561
S11_ABS,1317,2,167.853240967,193.308624268,25.4553833008,25.4553833008,15.1652617216
S11_ABS,1317,3,156.513824463,162.374679565,5.86085510254,5.86085510254,3.74462455483
S11_ABS,1317,4,147.441696167,154.494094849,7.05239868164,7.05239868164,4.78317793744
S11_ABS,1317,5,175.163085938,198.949890137,23.7868041992,23.7868041992,13.5798042561
S11_ABS,1317,6,167.853240967,193.308624268,25.4553833008,25.4553833008,15.1652617216
S11_ABS,1317,7,156.513824463,162.374679565,5.86085510254,5.86085510254,3.74462455483
S11_ABS,1317,8,147.441696167,154.494094849,7.05239868164,7.05239868164,4.78317793744
S11_ABS,1318,1,204.639251709,217.657150269,13.0178985596,13.0178985596,6.3613888591
S11_ABS,1318,2,183.888656616,206.999771118,23.111114502,23.111114502,12.5679935496
S11_ABS,1318,3,122.567588806,125.503250122,2.93566131592,2.93566131592,2.39513671152
S11_ABS,1318,4,85.8720703125,94.5302047729,8.65813446045,8.65813446045,10.0825966219
S11_ABS,1318,5,204.639251709,217.657150269,13.0178985596,13.0178985596,6.3613888591
S11_ABS,1318,6,183.888656616,206.999771118,23.111114502,23.111114502,12.5679935496
S11_ABS,1318,7,122.567588806,125.503250122,2.93566131592,2.93566131592,2.39513671152
S11_ABS,1318,8,85.8720703125,94.5302047729,8.65813446045,8.65813446045,10.0825966219
S11_ABS,1319,1,183.888656616,206.999771118,23.111114502,23.111114502,12.5679935496
S11_ABS,1319,2,204.639251709,217.657150269,13.0178985596,13.0178985596,6.3613888591
S11_ABS,1319,3,85.8720703125,94.5302047729,8.65813446045,8.65813446045,10.0825966219
S11_ABS,1319,4,122.567588806,125.503250122,2.93566131592,2.93566131592,2.39513671152
S11_ABS,1319,5,183.888656616,206.999771118,23.111114502,23.111114502,12.5679935496
S11_ABS,1319,6,204.639251709,217.657150269,13.0178985596,13.0178985596,6.3613888591
S11_ABS,1319,7,85.8720703125,94.5302047729,8.65813446045,8.65813446045,10.0825966219
S11_ABS,1319,8,122.567588806,125.503250122,2.93566131592,2.93566131592,2.39513671152
S11_ABS,1320,1,167.853240967,193.308624268,25.4553833008,25.4553833008,15.1652617216
S11_ABS,1320,2,175.163085938,198.949890137,23.7868041992,23.7868041992,13.5798042561
S11_ABS,1320,3,147.441696167,154.494094849,7.05239868164,7.05239868164,4.78317793744
S11_ABS,1320,4,156.513824463,162.374679565,5.86085510254,5.86085510254,3.74462455483
S11_ABS,1320,5,167.853240967,193.308624268,25.4553833008,25.4553833008,15.1652617216
S11_ABS,1320,6,175.163085938,198.949890137,23.7868041992,23.7868041992,13.5798042561
S11_ABS,1320,7,147.441696167,154.494094849,7.05239868164,7.05239868164,4.78317793744
S11_ABS,1320,8,156.513824463,162.374679565,5.86085510254,5.86085510254,3.74462455483
S11_ABS,1321,1,168.489547729,192.246810913,23.7572631836,23.7572631836,14.1001406341
S11_ABS,1321,2,174.379302979,195.197753906,20.8184509277,20.8184509277,11.9386019855
S11_ABS,1321,3,155.661712646,163.784866333,8.12315368652,8.12315368652,5.21846608804
S11_ABS,1321,4,160.474884033,165.831375122,5.35649108887,5.35649108887,3.33789995932
S11_ABS,1321,5,168.489547729,192.246810913,23.7572631836,23.7572631836,14.1001406341
S11_ABS,1321,6,174.379302979,195.197753906,20.8184509277,20.8184509277,11.9386019855
S11_ABS,1321,7,155.661712646,163.784866333,8.12315368652,8.12315368652,5.21846608804
S11_ABS,1321,8,160.474884033,165.831375122,5.35649108887,5.35649108887,3.33789995932
S11_ABS,1392,1,113.423721313,110.63293457,-2.79078674316,2.79078674316,2.46049654415
S11_ABS,1392,2,105.322891235,104.297569275,-1.02532196045,1.02532196045,0.973503431612
S11_ABS,1392,3,88.7683792114,90.2921600342,1.52378082275,1.52378082275,1.71658065213
S11_ABS,1392,4,82.4936065674,85.8883743286,3.39476776123,3.39476776123,4.11518892492
S11_ABS,1392,5,113.423721313,110.63293457,-2.79078674316,2.79078674316,2.46049654415
S11_ABS,1392,6,105.322891235,104.297569275,-1.02532196045,1.02532196045,0.973503431612
S11_ABS,1392,7,88.7683792114,90.2921600342,1.52378082275,1.52378082275,1.71658065213
S11_ABS,1392,8,82.4936065674,85.8883743286,3.39476776123,3.39476776123,4.11518892492
S11_ABS,1393,1,106.047691345,105.490966797,-0.55672454834,0.55672454834,0.524975641881
S11_ABS,1393,2,69.5188446045,70.6380310059,1.11918640137,1.11918640137,1.60990362791
S11_ABS,1393,3,67.1628875732,70.333366394,3.1704788208,3.1704788208,4.720581463
S11_ABS,1393,4,15.0088310242,21.3700122833,6.36118125916,6.36118125916,42.3829227534
S11_ABS,1393,5,106.047691345,105.490966797,-0.55672454834,0.55672454834,0.524975641881
S11_ABS,1393,6,69.5188446045,70.6380310059,1.11918640137,1.11918640137,1.60990362791
S11_ABS,1393,7,67.1628875732,70.333366394,3.1704788208,3.1704788208,4.720581463
S11_ABS,1393,8,15.0088310242,21.3700122833,6.36118125916,6.36118125916,42.3829227534
S11_ABS,1394,1,69.5188446045,70.6380310059,1.11918640137,1.11918640137,1.60990362791
S11_ABS,1394,2,106.047691345,105.490966797,-0.55672454834,0.55672454834,0.524975641881
S11_ABS,1394,3,15.0088310242,21.3700122833,6.36118125916,6.36118125916,42.3829227534
S11_ABS,1394,4,67.1628875732,70.333366394,3.1704788208,3.1704788208,4.720581463
S11_ABS,1394,5,69.5188446045,70.6380310059,1.11918640137,1.11918640137,1.60990362791
S11_ABS,1394,6,106.047691345,105.490966797,-0.55672454834,0.55672454834,0.524975641881
S11_ABS,1394,7,15.0088310242,21.3700122833,6.36118125916,6.36118125916,42.3829227534
S11_ABS,1394,8,67.1628875732,70.333366394,3.1704788208,3.1704788208,4.720581463
S11_ABS,1395,1,105.322891235,104.297569275,-1.02532196045,1.02532196045,0.973503431612
S11_ABS,1395,2,113.423721313,110.63293457,-2.79078674316,2.79078674316,2.46049654415
S11_ABS,1395,3,82.4936065674,85.8883743286,3.39476776123,3.39476776123,4.11518892492
S11_ABS,1395,4,88.7683792114,90.2921600342,1.52378082275,1.52378082275,1.71658065213
S11_ABS,1395,5,105.322891235,104.297569275,-1.02532196045,1.02532196045,0.973503431612
S11_ABS,1395,6,113.423721313,110.63293457,-2.79078674316,2.79078674316,2.46049654415
S11_ABS,1395,7,82.4936065674,85.8883743286,3.39476776123,3.39476776123,4.11518892492
S11_ABS,1395,8,88.7683792114,90.2921600342,1.52378082275,1.52378082275,1.71658065213
S11_ABS,1465,1,68.3258132935,68.8253860474,0.499572753906,0.499572753906,0.73116254286
S11_ABS,1465,2,63.8999786377,65.3833084106,1.48332977295,1.48332977295,2.32133062416
S11_ABS,1465,3,50.1772880554,50.8568229675,0.679534912109,0.679534912109,1.35426791372
S11_ABS,1465,4,44.528881073,46.1958084106,1.66692733765,1.66692733765,3.74347456635
S11_ABS,1465,5,68.3258132935,68.8253860474,0.499572753906,0.499572753906,0.73116254286
S11_ABS,1465,6,63.8999786377,65.3833084106,1.48332977295,1.48332977295,2.32133062416
S11_ABS,1465,7,50.1772880554,50.8568229675,0.679534912109,0.679534912109,1.35426791372
S11_ABS,1465,8,44.528881073,46.1958084106,1.66692733765,1.66692733765,3.74347456635
S11_ABS,1466,1,29.0558547974,32.9570121765,3.90115737915,3.90115737915,13.4264071952
S11_ABS,1466,2,37.2753257751,41.4740028381,4.19867706299,4.19867706299,11.2639580625
S11_ABS,1466,3,12.9920701981,17.7553424835,4.76327228546,4.76327228546,36.6629198646
S11_ABS,1466,4,20.8639659882,25.4823646545,4.61839866638,4.61839866638,22.1357658894
S11_ABS,1466,5,29.0558547974,32.9570121765,3.90115737915,3.90115737915,13.4264071952
S11_ABS,1466,6,37.2753257751,41.4740028381,4.19867706299,4.19867706299,11.2639580625
S11_ABS,1466,7,12.9920701981,17.7553424835,4.76327228546,4.76327228546,36.6629198646
S11_ABS,1466,8,20.8639659882,25.4823646545,4.61839866638,4.61839866638,22.1357658894
S11_ABS,1467,1,37.2753257751,41.4740028381,4.19867706299,4.19867706299,11.2639580625
S11_ABS,1467,2,29.0558547974,32.9570121765,3.90115737915,3.90115737915,13.4264071952
S11_ABS,1467,3,20.8639659882,25.4823646545,4.61839866638,4.61839866638,22.1357658894
S11_ABS,1467,4,12.9920701981,17.7553424835,4.76327228546,4.76327228546,36.6629198646
S11_ABS,1467,5,37.2753257751,41.4740028381,4.19867706299,4.19867706299,11.2639580625
S11_ABS,1467,6,29.0558547974,32.9570121765,3.90115737915,3.90115737915,13.4264071952
S11_ABS,1467,7,20.8639659882,25.4823646545,4.61839866638,4.61839866638,22.1357658894
S11_ABS,1467,8,12.9920701981,17.7553424835,4.76327228546,4.76327228546,36.6629198646
S11_ABS,1468,1,63.8999786377,65.3833084106,1.48332977295,1.48332977295,2.32133062416
S11_ABS,1468,2,68.3258132935,68.8253860474,0.499572753906,0.499572753906,0.73116254286
S11_ABS,1468,3,44.528881073,46.1958084106,1.66692733765,1.66692733765,3.74347456635
S11_ABS,1468,4,50.1772880554,50.8568229675,0.679534912109,0.679534912109,1.35426791372
S11_ABS,1468,5,63.8999786377,65.3833084106,1.48332977295,1.48332977295,2.32133062416
S11_ABS,1468,6,68.3258132935,68.8253860474,0.499572753906,0.499572753906,0.73116254286
S11_ABS,1468,7,44.528881073,46.1958084106,1.66692733765,1.66692733765,3.74347456635
S11_ABS,1468,8,50.1772880554,50.8568229675,0.679534912109,0.679534912109,1.35426791372
S11_ABS,1537,1,23.8766002655,30.8815250397,7.00492477417,7.00492477417,29.3380326189
S11_ABS,1537,2,37.5261535645,44.3479118347,6.82175827026,6.82175827026,18.178677062
S11_ABS,1537,3,18.0280361176,22.7076244354,4.67958831787,4.67958831787,25.9572827975
S11_ABS,1537,4,30.4133758545,34.5519332886,4.13855743408,4.13855743408,13.6076884522
S11_ABS,1537,5,23.8766002655,30.8815250397,7.00492477417,7.00492477417,29.3380326189
S11_ABS,1537,6,37.5261535645,44.3479118347,6.82175827026,6.82175827026,18.178677062
S11_ABS,1537,7,18.0280361176,22.7076244354,4.67958831787,4.67958831787,25.9572827975
S11_ABS,1537,8,30.4133758545,34.5519332886,4.13855743408,4.13855743408,13.6076884522
S11_ABS,1538,1,0.497433930635,1.41726195812,0.919828027487,0.919828027487,184.914612944
S11_ABS,1538,2,7.89025306702,8.89326858521,1.00301551819,1.00301551819,12.7120829924
S11_ABS,1538,3,2.0398774147,1.09501957893,-0.94485783577,0.94485783577,46.3193439448
S11_ABS,1538,4,5.21668243408,6.09789514542,0.881212711334,0.881212711334,16.8922053905
S11_ABS,1538,5,0.497433930635,1.41726195812,0.919828027487,0.919828027487,184.914612944
S11_ABS,1538,6,7.89025306702,8.89326858521,1.00301551819,1.00301551819,12.7120829924
S11_ABS,1538,7,2.0398774147,1.09501957893,-0.94485783577,0.94485783577,46.3193439448
S11_ABS,1538,8,5.21668243408,6.09789514542,0.881212711334,0.881212711334,16.8922053905
S11_ABS,1539,1,7.89025306702,8.89326858521,1.00301551819,1.00301551819,12.7120829924
S11_ABS,1539,2,0.497433930635,1.41726195812,0.919828027487,0.919828027487,184.914612944
S11_ABS,1539,3,5.21668243408,6.09789514542,0.881212711334,0.881212711334,16.8922053905
S11_ABS,1539,4,2.0398774147,1.09501957893,-0.94485783577,0.94485783577,46.3193439448
S11_ABS,1539,5,7.89025306702,8.89326858521,1.00301551819,1.00301551819,12.7120829924
S11_ABS,1539,6,0.497433930635,1.41726195812,0.919828027487,0.919828027487,184.914612944
S11_ABS,1539,7,5.21668243408,6.09789514542,0.881212711334,0.881212711334,16.8922053905
S11_ABS,1539,8,2.0398774147,1.09501957893,-0.94485783577,0.94485783577,46.3193439448
S11_ABS,1540,1,37.5261535645,44.3479118347,6.82175827026,6.82175827026,18.178677062
S11_ABS,1540,2,23.8766002655,30.8815250397,7.00492477417,7.00492477417,29.3380326189
S11_ABS,1540,3,30.4133758545,34.5519332886,4.13855743408,4.13855743408,13.6076884522
S11_ABS,1540,4,18.0280361176,22.7076244354,4.67958831787,4.67958831787,25.9572827975
S11_ABS,1540,5,37.5261535645,44.3479118347,6.82175827026,6.82175827026,18.178677062
S11_ABS,1540,6,23.8766002655,30.8815250397,7.00492477417,7.00492477417,29.3380326189
S11_ABS,1540,7,30.4133758545,34.5519332886,4.13855743408,4.13855743408,13.6076884522
S11_ABS,1540,8,18.0280361176,22.7076244354,4.67958831787,4.67958831787,25.9572827975
S11_ABS,1609,1,18.0280361176,22.7076244354,4.67958831787,4.67958831787,25.9572827975
S11_ABS,1609,2,30.4133758545,34.5519332886,4.13855743408,4.13855743408,13.6076884522
S11_ABS,1609,3,23.8766002655,30.8815250397,7.00492477417,7.00492477417,29.3380326189
S11_ABS,1609,4,37.5261535645,44.3479118347,6.82175827026,6.82175827026,18.178677062
S11_ABS,1609,5,18.0280361176,22.7076244354,4.67958831787,4.67958831787,25.9572827975
S11_ABS,1609,6,30.4133758545,34.5519332886,4.13855743408,4.13855743408,13.6076884522
S11_ABS,1609,7,23.8766002655,30.8815250397,7.00492477417,7.00492477417,29.3380326189
S11_ABS,1609,8,37.5261535645,44.3479118347,6.82175827026,6.82175827026,18.178677062
S11_ABS,1610,1,2.0398774147,1.09501957893,-0.94485783577,0.94485783577,46.3193439448
S11_ABS,1610,2,5.21668243408,6.09789514542,0.881212711334,0.881212711334,16.8922053905
S11_ABS,1610,3,0.497433930635,1.41726195812,0.919828027487,0.919828027487,184.914612944
S11_ABS,1610,4,7.89025306702,8.89326858521,1.00301551819,1.00301551819,12.7120829924
S11_ABS,1610,5,2.0398774147,1.09501957893,-0.94485783577,0.94485783577,46.3193439448
S11_ABS,1610,6,5.21668243408,6.09789514542,0.881212711334,0.881212711334,16.8922053905
S11_ABS,1610,7,0.497433930635,1.41726195812,0.919828027487,0.919828027487,184.914612944
S11_ABS,1610,8,7.89025306702,8.89326858521,1.00301551819,1.00301551819,12.7120829924
S11_ABS,1611,1,5.21668243408,6.09789514542,0.881212711334,0.881212711334,16.8922053905
S11_ABS,1611,2,2.0398774147,1.09501957893,-0.94485783577,0.94485783577,46.3193439448
S11_ABS,1611,3,7.89025306702,8.89326858521,1.00301551819,1.00301551819,12.7120829924
S11_ABS,1611,4,0.497433930635,1.41726195812,0.919828027487,0.919828027487,184.914612944
S11_ABS,1611,5,5.21668243408,6.09789514542,0.881212711334,0.881212711334,16.8922053905
S11_ABS,1611,6,2.0398774147,1.09501957893,-0.94485783577,0.94485783577,46.3193439448
S11_ABS,1611,7,7.89025306702,8.89326858521,1.00301551819,1.00301551819,12.7120829924
S11_ABS,1611,8,0.497433930635,1.41726195812,0.919828027487,0.919828027487,184.914612944
S11_ABS,1612,1,30.4133758545,34.5519332886,4.13855743408,4.13855743408,13.6076884522
S11_ABS,1612,2,18.0280361176,22.7076244354,4.67958831787,4.67958831787,25.9572827975
S11_ABS,1612,3,37.5261535645,44.3479118347,6.82175827026,6.82175827026,18.178677062
S11_ABS,1612,4,23.8766002655,30.8815250397,7.00492477417,7.00492477417,29.3380326189
S11_ABS,1612,5,30.4133758545,34.5519332886,4.13855743408,4.13855743408,13.6076884522
S11_ABS,1612,6,18.0280361176,22.7076244354,4.67958831787,4.67958831787,25.9572827975
S11_ABS,1612,7,37.5261535645,44.3479118347,6.82175827026,6.82175827026,18.178677062
S11_ABS,1612,8,23.8766002655,30.8815250397,7.00492477417,7.00492477417,29.3380326189
S11_ABS,1681,1,50.1772880554,50.8568229675,0.679534912109,0.679534912109,1.35426791372
S11_ABS,1681,2,44.528881073,46.1958084106,1.66692733765,1.66692733765,3.74347456635
S11_ABS,1681,3,68.3258132935,68.8253860474,0.499572753906,0.499572753906,0.73116254286
S11_ABS,1681,4,63.8999786377,65.3833084106,1.48332977295,1.48332977295,2.32133062416
S11_ABS,1681,5,50.1772880554,50.8568229675,0.679534912109,0.679534912109,1.35426791372
S11_ABS,1681,6,44.528881073,46.1958084106,1.66692733765,1.66692733765,3.74347456635
S11_ABS,1681,7,68.3258132935,68.8253860474,0.499572753906,0.499572753906,0.73116254286
S11_ABS,1681,8,63.8999786377,65.3833084106,1.48332977295,1.48332977295,2.32133062416
S11_ABS,1682,1,12.9920701981,17.7553424835,4.76327228546,4.76327228546,36.6629198646
S11_ABS,1682,2,20.8639659882,25.4823646545,4.61839866638,4.61839866638,22.1357658894
S11_ABS,1682,3,29.0558547974,32.9570121765,3.90115737915,3.90115737915,13.4264071952
S11_ABS,1682,4,37.2753257751,41.4740028381,4.19867706299,4.19867706299,11.2639580625
S11_ABS,1682,5,12.9920701981,17.7553424835,4.76327228546,4.76327228546,36.6629198646
S11_ABS,1682,6,20.8639659882,25.4823646545,4.61839866638,4.61839866638,22.1357658894
S11_ABS,1682,7,29.0558547974,32.9570121765,3.90115737915,3.90115737915,13.4264071952
S11_ABS,1682,8,37.2753257751,41.4740028381,4.19867706299,4.19867706299,11.2639580625
S11_ABS,1683,1,20.8639659882,25.4823646545,4.61839866638,4.61839866638,22.1357658894
S11_ABS,1683,2,12.9920701981,17.7553424835,4.76327228546,4.76327228546,36.6629198646
S11_ABS,1683,3,37.2753257751,41.4740028381,4.19867706299,4.19867706299,11.2639580625
S11_ABS,1683,4,29.0558547974,32.9570121765,3.90115737915,3.90115737915,13.4264071952
S11_ABS,1683,5,20.8639659882,25.4823646545,4.61839866638,4.61839866638,22.1357658894
S11_ABS,1683,6,12.9920701981,17.7553424835,4.76327228546,4.76327228546,36.6629198646
S11_ABS,1683,7,37.2753257751,41.4740028381,4.19867706299,4.19867706299,11.2639580625
S11_ABS,1683,8,29.0558547974,32.9570121765,3.90115737915,3.90115737915,13.4264071952
S11_ABS,1684,1,44.528881073,46.1958084106,1.66692733765,1.66692733765,3.74347456635
S11_ABS,1684,2,50.1772880554,50.8568229675,0.679534912109,0.679534912109,1.35426791372
S11_ABS,1684,3,63.8999786377,65.3833084106,1.48332977295,1.48332977295,2.32133062416
S11_ABS,1684,4,68.3258132935,68.8253860474,0.499572753906,0.499572753906,0.73116254286
S11_ABS,1684,5,44.528881073,46.1958084106,1.66692733765,1.66692733765,3.74347456635
S11_ABS,1684,6,50.1772880554,50.8568229675,0.679534912109,0.679534912109,1.35426791372
S11_ABS,1684,7,63.8999786377,65.3833084106,1.48332977295,1.48332977295,2.32133062416
S11_ABS,1684,8,68.3258132935,68.8253860474,0.499572753906,0.499572753906,0.73116254286
S11_ABS,1754,1,88.7683792114,90.2921600342,1.52378082275,1.52378082275,1.71658065213
S11_ABS,1754,2,82.4936065674,85.8883743286,3.39476776123,3.39476776123,4.11518892492
S11_ABS,1754,3,113.423721313,110.63293457,-2.79078674316,2.79078674316,2.46049654415
S11_ABS,1754,4,105.322891235,104.297569275,-1.02532196045,1.02532196045,0.973503431612
S11_ABS,1754,5,88.7683792114,90.2921600342,1.52378082275,1.52378082275,1.71658065213
S11_ABS,1754,6,82.4936065674,85.8883743286,3.39476776123,3.39476776123,4.11518892492
S11_ABS,1754,7,113.423721313,110.63293457,-2.79078674316,2.79078674316,2.46049654415
S11_ABS,1754,8,105.322891235,104.297569275,-1.02532196045,1.02532196045,0.973503431612
S11_ABS,1755,1,67.1628875732,70.333366394,3.1704788208,3.1704788208,4.720581463
S11_ABS,1755,2,15.0088310242,21.3700122833,6.36118125916,6.36118125916,42.3829227534
S11_ABS,1755,3,106.047691345,105.490966797,-0.55672454834,0.55672454834,0.524975641881
S11_ABS,1755,4,69.5188446045,70.6380310059,1.11918640137,1.11918640137,1.60990362791
S11_ABS,1755,5,67.1628875732,70.333366394,3.1704788208,3.1704788208,4.720581463
S11_ABS,1755,6,15.0088310242,21.3700122833,6.36118125916,6.36118125916,42.3829227534
S11_ABS,1755,7,106.047691345,105.490966797,-0.55672454834,0.55672454834,0.524975641881
S11_ABS,1755,8,69.5188446045,70.6380310059,1.11918640137,1.11918640137,1.60990362791
S11_ABS,1756,1,15.0088310242,21.3700122833,6.36118125916,6.36118125916,42.3829227534
S11_ABS,1756,2,67.1628875732,70.333366394,3.1704788208,3.1704788208,4.720581463
S11_ABS,1756,3,69.5188446045,70.6380310059,1.11918640137,1.11918640137,1.60990362791
S11_ABS,1756,4,106.047691345,105.490966797,-0.55672454834,0.55672454834,0.524975641881
S11_ABS,1756,5,15.0088310242,21.3700122833,6.36118125916,6.36118125916,42.3829227534
S11_ABS,1756,6,67.1628875732,70.333366394,3.1704788208,3.1704788208,4.720581463
S11_ABS,1756,7,69.5188446045,70.6380310059,1.11918640137,1.11918640137,1.60990362791
S11_ABS,1756,8,106.047691345,105.490966797,-0.55672454834,0.55672454834,0.524975641881
S11_ABS,1757,1,82.4936065674,85.8883743286,3.39476776123,3.39476776123,4.11518892492
S11_ABS,1757,2,88.7683792114,90.2921600342,1.52378082275,1.52378082275,1.71658065213
S11_ABS,1757,3,105.322891235,104.297569275,-1.02532196045,1.02532196045,0.973503431612
S11_ABS,1757,4,113.423721313,110.63293457,-2.79078674316,2.79078674316,2.46049654415
S11_ABS,1757,5,82.4936065674,85.8883743286,3.39476776123,3.39476776123,4.11518892492
S11_ABS,1757,6,88.7683792114,90.2921600342,1.52378082275,1.52378082275,1.71658065213
S11_ABS,1757,7,105.322891235,104.297569275,-1.02532196045,1.02532196045,0.973503431612
S11_ABS,1757,8,113.423721313,110.63293457,-2.79078674316,2.79078674316,2.46049654415
S11_ABS,1828,1,160.474884033,165.831375122,5.35649108887,5.35649108887,3.33789995932
S11_ABS,1828,2,155.661712646,163.784866333,8.12315368652,8.12315368652,5.21846608804
S11_ABS,1828,3,174.379302979,195.197753906,20.8184509277,20.8184509277,11.9386019855
S11_ABS,1828,4,168.489547729,192.246810913,23.7572631836,23.7572631836,14.1001406341
S11_ABS,1828,5,160.474884033,165.831375122,5.35649108887,5.35649108887,3.33789995932
S11_ABS,1828,6,155.661712646,163.784866333,8.12315368652,8.12315368652,5.21846608804
S11_ABS,1828,7,174.379302979,195.197753906,20.8184509277,20.8184509277,11.9386019855
S11_ABS,1828,8,168.489547729,192.246810913,23.7572631836,23.7572631836,14.1001406341
S11_ABS,1829,1,156.513824463,162.374679565,5.86085510254,5.86085510254,3.74462455483
S11_ABS,1829,2,147.441696167,154.494094849,7.05239868164,7.05239868164,4.78317793744
S11_ABS,1829,3,175.163085938,198.949890137,23.7868041992,23.7868041992,13.5798042561
S11_ABS,1829,4,167.853240967,193.308624268,25.4553833008,25.4553833008,15.1652617216
S11_ABS,1829,5,156.513824463,162.374679565,5.86085510254,5.86085510254,3.74462455483
S11_ABS,1829,6,147.441696167,154.494094849,7.05239868164,7.05239868164,4.78317793744
S11_ABS,1829,7,175.163085938,198.949890137,23.7868041992,23.7868041992,13.5798042561
S11_ABS,1829,8,167.853240967,193.308624268,25.4553833008,25.4553833008,15.1652617216
S11_ABS,1830,1,122.567588806,125.503250122,2.93566131592,2.93566131592,2.39513671152
S11_ABS,1830,2,85.8720703125,94.5302047729,8.65813446045,8.65813446045,10.0825966219
S11_ABS,1830,3,204.639251709,217.657150269,13.0178985596,13.0178985596,6.3613888591
S11_ABS,1830,4,183.888656616,206.999771118,23.111114502,23.111114502,12.5679935496
S11_ABS,1830,5,122.567588806,125.503250122,2.93566131592,2.93566131592,2.39513671152
S11_ABS,1830,6,85.8720703125,94.5302047729,8.65813446045,8.65813446045,10.0825966219
S11_ABS,1830,7,204.639251709,217.657150269,13.0178985596,13.0178985596,6.3613888591
S11_ABS,1830,8,183.888656616,206.999771118,23.111114502,23.111114502,12.5679935496
S11_ABS,1831,1,85.8720703125,94.5302047729,8.65813446045,8.65813446045,10.0825966219
S11_ABS,1831,2,122.567588806,125.503250122,2.93566131592,2.93566131592,2.39513671152
S11_ABS,1831,3,183.888656616,206.999771118,23.111114502,23.111114502,12.5679935496
S11_ABS,1831,4,204.639251709,217.657150269,13.0178985596,13.0178985596,6.3613888591
S11_ABS,1831,5,85.8720703125,94.5302047729,8.65813446045,8.65813446045,10.0825966219
S11_ABS,1831,6,122.567588806,125.503250122,2.93566131592,2.93566131592,2.39513671152
S11_ABS,1831,7,183.888656616,206.999771118,23.111114502,23.111114502,12.5679935496
S11_ABS,1831,8,204.639251709,217.657150269,13.0178985596,13.0178985596,6.3613888591
S11_ABS,1832,1,147.441696167,154.494094849,7.05239868164,7.05239868164,4.78317793744
S11_ABS,1832,2,156.513824463,162.374679565,5.86085510254,5.86085510254,3.74462455483
S11_ABS,1832,3,167.853240967,193.308624268,25.4553833008,25.4553833008,15.1652617216
S11_ABS,1832,4,175.163085938,198.949890137,23.7868041992,23.7868041992,13.5798042561
S11_ABS,1832,5,147.441696167,154.494094849,7.05239868164,7.05239868164,4.78317793744
S11_ABS,1832,6,156.513824463,162.374679565,5.86085510254,5.86085510254,3.74462455483
S11_ABS,1832,7,167.853240967,193.308624268,25.4553833008,25.4553833008,15.1652617216
S11_ABS,1832,8,175.163085938,198.949890137,23.7868041992,23.7868041992,13.5798042561
S11_ABS,1833,1,155.661712646,163.784866333,8.12315368652,8.12315368652,5.21846608804
S11_ABS,1833,2,160.474884033,165.831375122,5.35649108887,5.35649108887,3.33789995932
S11_ABS,1833,3,168.489547729,192.246810913,23.7572631836,23.7572631836,14.1001406341
S11_ABS,1833,4,174.379302979,195.197753906,20.8184509277,20.8184509277,11.9386019855
S11_ABS,1833,5,155.661712646,163.784866333,8.12315368652,8.12315368652,5.21846608804
S11_ABS,1833,6,160.474884033,165.831375122,5.35649108887,5.35649108887,3.33789995932
S11_ABS,1833,7,168.489547729,192.246810913,23.7572631836,23.7572631836,14.1001406341
S11_ABS,1833,8,174.379302979,195.197753906,20.8184509277,20.8184509277,11.9386019855
S11_ABS,1905,1,231.812316895,257.03793335,25.2256164551,25.2256164551,10.8819137797
S11_ABS,1905,2,235.497070312,263.549072266,28.0520019531,28.0520019531,11.9118262983
S11_ABS,1905,3,250.937759399,284.14956665,33.211807251,33.211807251,13.2350776266
S11_ABS,1905,4,251.797622681,291.266540527,39.4689178467,39.4689178467,15.6748572232
S11_ABS,1905,5,231.812316895,257.03793335,25.2256164551,25.2256164551,10.8819137797
S11_ABS,1905,6,235.497070312,263.549072266,28.0520019531,28.0520019531,11.9118262983
S11_ABS,1905,7,250.937759399,284.14956665,33.211807251,33.211807251,13.2350776266
S11_ABS,1905,8,251.797622681,291.266540527,39.4689178467,39.4689178467,15.6748572232
S11_ABS,1906,1,302.93862915,342.984832764,40.0462036133,40.0462036133,13.2192463291
S11_ABS,1906,2,298.304107666,328.76763916,30.4635314941,30.4635314941,10.21224003
S11_ABS,1906,3,306.078277588,349.929351807,43.8510742188,43.8510742188,14.3267514978
S11_ABS,1906,4,302.447143555,336.618560791,34.1714172363,34.1714172363,11.2983104534
S11_ABS,1906,5,302.93862915,342.984832764,40.0462036133,40.0462036133,13.2192463291
S11_ABS,1906,6,298.304107666,328.76763916,30.4635314941,30.4635314941,10.21224003
S11_ABS,1906,7,306.078277588,349.929351807,43.8510742188,43.8510742188,14.3267514978
S11_ABS,1906,8,302.447143555,336.618560791,34.1714172363,34.1714172363,11.2983104534
S11_ABS,1907,1,470.281677246,511.739990234,41.4583129883,41.4583129883,8.81563433027
S11_ABS,1907,2,495.86126709,543.402099609,47.5408325195,47.5408325195,9.58752693037
S11_ABS,1907,3,390.26739502,454.282684326,64.0152893066,64.0152893066,16.4029304327
S11_ABS,1907,4,415.078765869,481.180053711,66.1012878418,66.1012878418,15.9249986454
S11_ABS,1907,5,470.281677246,511.739990234,41.4583129883,41.4583129883,8.81563433027
S11_ABS,1907,6,495.86126709,543.402099609,47.5408325195,47.5408325195,9.58752693037
S11_ABS,1907,7,390.26739502,454.282684326,64.0152893066,64.0152893066,16.4029304327
S11_ABS,1907,8,415.078765869,481.180053711,66.1012878418,66.1012878418,15.9249986454
S11_ABS,1908,1,395.732727051,434.777191162,39.0444641113,39.0444641113,9.86637228675
S11_ABS,1908,2,398.191558838,443.25604248,45.0644836426,45.0644836426,11.3172875322
S11_ABS,1908,3,377.86541748,438.481811523,60.616394043,60.616394043,16.0417945752
S11_ABS,1908,4,369.144287109,423.636688232,54.492401123,54.492401123,14.7618161857
S11_ABS,1908,5,395.732727051,434.777191162,39.0444641113,39.0444641113,9.86637228675
S11_ABS,1908,6,398.191558838,443.25604248,45.0644836426,45.0644836426,11.3172875322
S11_ABS,1908,7,377.86541748,438.481811523,60.616394043,60.616394043,16.0417945752
S11_ABS,1908,8,369.144287109,423.636688232,54.492401123,54.492401123,14.7618161857
S11_ABS,1909,1,398.191558838,443.25604248,45.0644836426,45.0644836426,11.3172875322
S11_ABS,1909,2,395.732727051,434.777191162,39.0444641113,39.0444641113,9.86637228675
S11_ABS,1909,3,369.144287109,423.636688232,54.492401123,54.492401123,14.7618161857
S11_ABS,1909,4,377.86541748,438.481811523,60.616394043,60.616394043,16.0417945752
S11_ABS,1909,5,398.191558838,443.25604248,45.0644836426,45.0644836426,11.3172875322
S11_ABS,1909,6,395.732727051,434.777191162,39.0444641113,39.0444641113,9.86637228675
S11_ABS,1909,7,369.144287109,423.636688232,54.492401123,54.492401123,14.7618161857
S11_ABS,1909,8,377.86541748,438.481811523,60.616394043,60.616394043,16.0417945752
S11_ABS,1910,1,495.86126709,543.402099609,47.5408325195,47.5408325195,9.58752693037
S11_ABS,1910,2,470.281677246,511.739990234,41.4583129883,41.4583129883,8.81563433027
S11_ABS,1910,3,415.078765869,481.180053711,66.1012878418,66.1012878418,15.9249986454
S11_ABS,1910,4,390.26739502,454.282684326,64.0152893066,64.0152893066,16.4029304327
S11_ABS,1910,5,495.86126709,543.402099609,47.5408325195,47.5408325195,9.58752693037
S11_ABS,1910,6,470.281677246,511.739990234,41.4583129883,41.4583129883,8.81563433027
S11_ABS,1910,7,415.078765869,481.180053711,66.1012878418,66.1012878418,15.9249986454
S11_ABS,1910,8,390.26739502,454.282684326,64.0152893066,64.0152893066,16.4029304327
S11_ABS,1911,1,298.304107666,328.76763916,30.4635314941,30.4635314941,10.21224003
S11_ABS,1911,2,302.93862915,342.984832764,40.0462036133,40.0462036133,13.2192463291
S11_ABS,1911,3,302.447143555,336.618560791,34.1714172363,34.1714172363,11.2983104534
S11_ABS,1911,4,306.078277588,349.929351807,43.8510742188,43.8510742188,14.3267514978
S11_ABS,1911,5,298.304107666,328.76763916,30.4635314941,30.4635314941,10.21224003
S11_ABS,1911,6,302.93862915,342.984832764,40.0462036133,40.0462036133,13.2192463291
S11_ABS,1911,7,302.447143555,336.618560791,34.1714172363,34.1714172363,11.2983104534
S11_ABS,1911,8,306.078277588,349.929351807,43.8510742188,43.8510742188,14.3267514978
S11_ABS,1912,1,235.497070312,263.549072266,28.0520019531,28.0520019531,11.9118262983
S11_ABS,1912,2,231.812316895,257.03793335,25.2256164551,25.2256164551,10.8819137797
S11_ABS,1912,3,251.797622681,291.266540527,39.4689178467,39.4689178467,15.6748572232
S11_ABS,1912,4,250.937759399,284.14956665,33.211807251,33.211807251,13.2350776266
S11_ABS,1912,5,235.497070312,263.549072266,28.0520019531,28.0520019531,11.9118262983
S11_ABS,1912,6,231.812316895,257.03793335,25.2256164551,25.2256164551,10.8819137797
S11_ABS,1912,7,251.797622681,291.266540527,39.4689178467,39.4689178467,15.6748572232
S11_ABS,1912,8,250.937759399,284.14956665,33.211807251,33.211807251,13.2350776266
S11_ABS,1987,1,295.676055908,326.319641113,30.6435852051,30.6435852051,10.363904886
S11_ABS,1987,2,299.534545898,329.483795166,29.9492492676,29.9492492676,9.99859604766
S11_ABS,1987,3,293.614715576,323.332885742,29.718170166,29.718170166,10.1214852627
S11_ABS,1987,4,296.823425293,326.080780029,29.2573547363,29.2573547363,9.85682134335
S11_ABS,1987,5,295.676055908,326.319641113,30.6435852051,30.6435852051,10.363904886
S11_ABS,1987,6,299.534545898,329.483795166,29.9492492676,29.9492492676,9.99859604766
S11_ABS,1987,7,293.614715576,323.332885742,29.718170166,29.718170166,10.1214852627
S11_ABS,1987,8,296.823425293,326.080780029,29.2573547363,29.2573547363,9.85682134335
S11_ABS,1988,1,358.588745117,407.627105713,49.0383605957,49.0383605957,13.6753763924
S11_ABS,1988,2,368.368530273,416.931243896,48.562713623,48.562713623,13.1831873876
S11_ABS,1988,3,338.880401611,366.77532959,27.8949279785,27.8949279785,8.23149637627
S11_ABS,1988,4,349.382293701,379.428741455,30.0464477539,30.0464477539,8.5998770675
S11_ABS,1988,5,358.588745117,407.627105713,49.0383605957,49.0383605957,13.6753763924
S11_ABS,1988,6,368.368530273,416.931243896,48.562713623,48.562713623,13.1831873876
S11_ABS,1988,7,338.880401611,366.77532959,27.8949279785,27.8949279785,8.23149637627
S11_ABS,1988,8,349.382293701,379.428741455,30.0464477539,30.0464477539,8.5998770675
S11_ABS,1989,1,368.368530273,416.931243896,48.562713623,48.562713623,13.1831873876
S11_ABS,1989,2,358.588745117,407.627105713,49.0383605957,49.0383605957,13.6753763924
S11_ABS,1989,3,349.382293701,379.428741455,30.0464477539,30.0464477539,8.5998770675
S11_ABS,1989,4,338.880401611,366.77532959,27.8949279785,27.8949279785,8.23149637627
S11_ABS,1989,5,368.368530273,416.931243896,48.562713623,48.562713623,13.1831873876
S11_ABS,1989,6,358.588745117,407.627105713,49.0383605957,49.0383605957,13.6753763924
S11_ABS,1989,7,349.382293701,379.428741455,30.0464477539,30.0464477539,8.5998770675
S11_ABS,1989,8,338.880401611,366.77532959,27.8949279785,27.8949279785,8.23149637627
S11_ABS,1990,1,299.534545898,329.483795166,29.9492492676,29.9492492676,9.99859604766
S11_ABS,1990,2,295.676055908,326.319641113,30.6435852051,30.6435852051,10.363904886
S11_ABS,1990,3,296.823425293,326.080780029,29.2573547363,29.2573547363,9.85682134335
S11_ABS,1990,4,293.614715576,323.332885742,29.718170166,29.718170166,10.1214852627
S11_ABS,1990,5,299.534545898,329.483795166,29.9492492676,29.9492492676,9.99859604766
S11_ABS,1990,6,295.676055908,326.319641113,30.6435852051,30.6435852051,10.363904886
S11_ABS,1990,7,296.823425293,326.080780029,29.2573547363,29.2573547363,9.85682134335
S11_ABS,1990,8,293.614715576,323.332885742,29.718170166,29.718170166,10.1214852627
MISES,1159,1,273.255686599,294.268708894,21.0130222947,21.0130222947,7.68987557265
MISES,1159,2,278.18760741,298.318933542,20.1313261327,20.1313261327,7.23660062366
MISES,1159,3,278.663974525,300.220508651,21.5565341264,21.5565341264,7.73567310347
MISES,1159,4,284.736442161,304.941930026,20.2054878651,20.2054878651,7.09620718433
MISES,1159,5,273.255686599,294.268708894,21.0130222947,21.0130222947,7.68987557265
MISES,1159,6,278.18760741,298.318933542,20.1313261327,20.1313261327,7.23660062366
MISES,1159,7,278.663974525,300.220508651,21.5565341264,21.5565341264,7.73567310347
MISES,1159,8,284.736442161,304.941930026,20.2054878651,20.2054878651,7.09620718433
MISES,1160,1,303.59646017,326.635258747,23.0387985767,23.0387985767,7.58862556032
MISES,1160,2,311.376097775,338.860429784,27.4843320094,27.4843320094,8.82673146906
MISES,1160,3,337.601187883,392.11494297,54.5137550877,54.5137550877,16.1473824869
MISES,1160,4,341.431796307,396.511482924,55.0796866166,55.0796866166,16.1319734168
MISES,1160,5,303.59646017,326.635258747,23.0387985767,23.0387985767,7.58862556032
MISES,1160,6,311.376097775,338.860429784,27.4843320094,27.4843320094,8.82673146906
MISES,1160,7,337.601187883,392.11494297,54.5137550877,54.5137550877,16.1473824869
MISES,1160,8,341.431796307,396.511482924,55.0796866166,55.0796866166,16.1319734168
MISES,1161,1,311.376097775,338.860429784,27.4843320094,27.4843320094,8.82673146906
MISES,1161,2,303.59646017,326.635258747,23.0387985767,23.0387985767,7.58862556032
MISES,1161,3,341.431796307,396.511482924,55.0796866166,55.0796866166,16.1319734168
MISES,1161,4,337.601187883,392.11494297,54.5137550877,54.5137550877,16.1473824869
MISES,1161,5,311.376097775,338.860429784,27.4843320094,27.4843320094,8.82673146906
MISES,1161,6,303.59646017,326.635258747,23.0387985767,23.0387985767,7.58862556032
MISES,1161,7,341.431796307,396.511482924,55.0796866166,55.0796866166,16.1319734168
MISES,1161,8,337.601187883,392.11494297,54.5137550877,54.5137550877,16.1473824869
MISES,1162,1,278.18760741,298.318933542,20.1313261327,20.1313261327,7.23660062366
MISES,1162,2,273.255686599,294.268708894,21.0130222947,21.0130222947,7.68987557265
MISES,1162,3,284.736442161,304.941930026,20.2054878651,20.2054878651,7.09620718433
MISES,1162,4,278.663974525,300.220508651,21.5565341264,21.5565341264,7.73567310347
MISES,1162,5,278.18760741,298.318933542,20.1313261327,20.1313261327,7.23660062366
MISES,1162,6,273.255686599,294.268708894,21.0130222947,21.0130222947,7.68987557265
MISES,1162,7,284.736442161,304.941930026,20.2054878651,20.2054878651,7.09620718433
MISES,1162,8,278.663974525,300.220508651,21.5565341264,21.5565341264,7.73567310347
MISES,1237,1,278.012268875,309.372587587,31.3603187119,31.3603187119,11.2801923594
MISES,1237,2,284.117769308,325.010731473,40.8929621654,40.8929621654,14.392961857
MISES,1237,3,251.147374741,269.100616654,17.9532419129,17.9532419129,7.14848878328
MISES,1237,4,261.372770794,283.54607342,22.1733026257,22.1733026257,8.48340190845
MISES,1237,5,278.012268875,309.372587587,31.3603187119,31.3603187119,11.2801923594
MISES,1237,6,284.117769308,325.010731473,40.8929621654,40.8929621654,14.392961857
MISES,1237,7,251.147374741,269.100616654,17.9532419129,17.9532419129,7.14848878328
MISES,1237,8,261.372770794,283.54607342,22.1733026257,22.1733026257,8.48340190845
MISES,1238,1,286.658899932,338.801468168,52.1425682357,52.1425682357,18.1897608091
MISES,1238,2,285.949926296,325.854718398,39.9047921021,39.9047921021,13.9551678222
MISES,1238,3,275.182625203,321.581930983,46.3993057795,46.3993057795,16.8612773954
MISES,1238,4,271.50333578,305.657014665,34.1536788851,34.1536788851,12.5794693413
MISES,1238,5,286.658899932,338.801468168,52.1425682357,52.1425682357,18.1897608091
MISES,1238,6,285.949926296,325.854718398,39.9047921021,39.9047921021,13.9551678222
MISES,1238,7,275.182625203,321.581930983,46.3993057795,46.3993057795,16.8612773954
MISES,1238,8,271.50333578,305.657014665,34.1536788851,34.1536788851,12.5794693413
MISES,1239,1,323.784712762,387.733178432,63.94846567,63.94846567,19.7503041834
MISES,1239,2,324.420889711,389.121724741,64.7008350305,64.7008350305,19.9434860956
MISES,1239,3,456.932529242,485.844056703,28.9115274609,28.9115274609,6.32730777756
MISES,1239,4,455.17697296,491.826105528,36.6491325678,36.6491325678,8.05162271928
MISES,1239,5,323.784712762,387.733178432,63.94846567,63.94846567,19.7503041834
MISES,1239,6,324.420889711,389.121724741,64.7008350305,64.7008350305,19.9434860956
MISES,1239,7,456.932529242,485.844056703,28.9115274609,28.9115274609,6.32730777756
MISES,1239,8,455.17697296,491.826105528,36.6491325678,36.6491325678,8.05162271928
MISES,1240,1,378.320076874,449.704891925,71.3848150516,71.3848150516,18.8688942024
MISES,1240,2,363.693063731,426.147033289,62.4539695583,62.4539695583,17.1721640544
MISES,1240,3,402.954515904,441.83531797,38.8808020658,38.8808020658,9.64893071829
MISES,1240,4,406.705250851,455.17904516,48.4737943095,48.4737943095,11.9186546542
MISES,1240,5,378.320076874,449.704891925,71.3848150516,71.3848150516,18.8688942024
MISES,1240,6,363.693063731,426.147033289,62.4539695583,62.4539695583,17.1721640544
MISES,1240,7,402.954515904,441.83531797,38.8808020658,38.8808020658,9.64893071829
MISES,1240,8,406.705250851,455.17904516,48.4737943095,48.4737943095,11.9186546542
MISES,1241,1,363.693063731,426.147033289,62.4539695583,62.4539695583,17.1721640544
MISES,1241,2,378.320076874,449.704891925,71.3848150516,71.3848150516,18.8688942024
MISES,1241,3,406.705250851,455.17904516,48.4737943095,48.4737943095,11.9186546542
MISES,1241,4,402.954515904,441.83531797,38.8808020658,38.8808020658,9.64893071829
MISES,1241,5,363.693063731,426.147033289,62.4539695583,62.4539695583,17.1721640544
MISES,1241,6,378.320076874,449.704891925,71.3848150516,71.3848150516,18.8688942024
MISES,1241,7,406.705250851,455.17904516,48.4737943095,48.4737943095,11.9186546542
MISES,1241,8,402.954515904,441.83531797,38.8808020658,38.8808020658,9.64893071829
MISES,1242,1,324.420889711,389.121724741,64.7008350305,64.7008350305,19.9434860956
MISES,1242,2,323.784712762,387.733178432,63.94846567,63.94846567,19.7503041834
MISES,1242,3,455.17697296,491.826105528,36.6491325678,36.6491325678,8.05162271928
MISES,1242,4,456.932529242,485.844056703,28.9115274609,28.9115274609,6.32730777756
MISES,1242,5,324.420889711,389.121724741,64.7008350305,64.7008350305,19.9434860956
MISES,1242,6,323.784712762,387.733178432,63.94846567,63.94846567,19.7503041834
MISES,1242,7,455.17697296,491.826105528,36.6491325678,36.6491325678,8.05162271928
MISES,1242,8,456.932529242,485.844056703,28.9115274609,28.9115274609,6.32730777756
MISES,1243,1,285.949926296,325.854718398,39.9047921021,39.9047921021,13.9551678222
MISES,1243,2,286.658899932,338.801468168,52.1425682357,52.1425682357,18.1897608091
MISES,1243,3,271.50333578,305.657014665,34.1536788851,34.1536788851,12.5794693413
MISES,1243,4,275.182625203,321.581930983,46.3993057795,46.3993057795,16.8612773954
MISES,1243,5,285.949926296,325.854718398,39.9047921021,39.9047921021,13.9551678222
MISES,1243,6,286.658899932,338.801468168,52.1425682357,52.1425682357,18.1897608091
MISES,1243,7,271.50333578,305.657014665,34.1536788851,34.1536788851,12.5794693413
MISES,1243,8,275.182625203,321.581930983,46.3993057795,46.3993057795,16.8612773954
MISES,1244,1,284.117769308,325.010731473,40.8929621654,40.8929621654,14.392961857
MISES,1244,2,278.012268875,309.372587587,31.3603187119,31.3603187119,11.2801923594
MISES,1244,3,261.372770794,283.54607342,22.1733026257,22.1733026257,8.48340190845
MISES,1244,4,251.147374741,269.100616654,17.9532419129,17.9532419129,7.14848878328
MISES,1244,5,284.117769308,325.010731473,40.8929621654,40.8929621654,14.392961857
MISES,1244,6,278.012268875,309.372587587,31.3603187119,31.3603187119,11.2801923594
MISES,1244,7,261.372770794,283.54607342,22.1733026257,22.1733026257,8.48340190845
MISES,1244,8,251.147374741,269.100616654,17.9532419129,17.9532419129,7.14848878328
MISES,1316,1,225.219641156,255.007928843,29.7882876864,29.7882876864,13.2263276566
MISES,1316,2,226.524083341,260.286340461,33.7622571199,33.7622571199,14.9044890159
MISES,1316,3,211.923318475,212.236967441,0.313648965721,0.313648965721,0.148001158144
MISES,1316,4,217.078694734,219.294955607,2.21626087285,2.21626087285,1.02094812923
MISES,1316,5,225.219641156,255.007928843,29.7882876864,29.7882876864,13.2263276566
MISES,1316,6,226.524083341,260.286340461,33.7622571199,33.7622571199,14.9044890159
MISES,1316,7,211.923318475,212.236967441,0.313648965721,0.313648965721,0.148001158144
MISES,1316,8,217.078694734,219.294955607,2.21626087285,2.21626087285,1.02094812923
MISES,1317,1,223.516609558,251.56161273,28.0450031718,28.0450031718,12.5471674017
MISES,1317,2,233.995590695,265.830865003,31.8352743082,31.8352743082,13.6050744434
MISES,1317,3,202.652792105,196.278775759,-6.37401634577,6.37401634577,3.14528918135
MISES,1317,4,215.187588931,207.095300043,-8.09228888794,8.09228888794,3.76057417072
MISES,1317,5,223.516609558,251.56161273,28.0450031718,28.0450031718,12.5471674017
MISES,1317,6,233.995590695,265.830865003,31.8352743082,31.8352743082,13.6050744434
MISES,1317,7,202.652792105,196.278775759,-6.37401634577,6.37401634577,3.14528918135
MISES,1317,8,215.187588931,207.095300043,-8.09228888794,8.09228888794,3.76057417072
MISES,1318,1,243.126830527,263.63470103,20.5078705034,20.5078705034,8.43505032289
MISES,1318,2,325.214888076,375.933670731,50.718782655,50.718782655,15.5954676476
MISES,1318,3,151.663865867,144.588945742,-7.07492012531,7.07492012531,4.66486864545
MISES,1318,4,248.200168205,241.043030018,-7.15713818747,7.15713818747,2.88361536546
MISES,1318,5,243.126830527,263.63470103,20.5078705034,20.5078705034,8.43505032289
MISES,1318,6,325.214888076,375.933670731,50.718782655,50.718782655,15.5954676476
MISES,1318,7,151.663865867,144.588945742,-7.07492012531,7.07492012531,4.66486864545
MISES,1318,8,248.200168205,241.043030018,-7.15713818747,7.15713818747,2.88361536546
MISES,1319,1,325.214888076,375.933670731,50.718782655,50.718782655,15.5954676476
MISES,1319,2,243.126830527,263.63470103,20.5078705034,20.5078705034,8.43505032289
MISES,1319,3,248.200168205,241.043030018,-7.15713818747,7.15713818747,2.88361536546
MISES,1319,4,151.663865867,144.588945742,-7.07492012531,7.07492012531,4.66486864545
MISES,1319,5,325.214888076,375.933670731,50.718782655,50.718782655,15.5954676476
MISES,1319,6,243.126830527,263.63470103,20.5078705034,20.5078705034,8.43505032289
MISES,1319,7,248.200168205,241.043030018,-7.15713818747,7.15713818747,2.88361536546
MISES,1319,8,151.663865867,144.588945742,-7.07492012531,7.07492012531,4.66486864545
MISES,1320,1,233.995590695,265.830865003,31.8352743082,31.8352743082,13.6050744434
MISES,1320,2,223.516609558,251.56161273,28.0450031718,28.0450031718,12.5471674017
MISES,1320,3,215.187588931,207.095300043,-8.09228888794,8.09228888794,3.76057417072
MISES,1320,4,202.652792105,196.278775759,-6.37401634577,6.37401634577,3.14528918135
MISES,1320,5,233.995590695,265.830865003,31.8352743082,31.8352743082,13.6050744434
MISES,1320,6,223.516609558,251.56161273,28.0450031718,28.0450031718,12.5471674017
MISES,1320,7,215.187588931,207.095300043,-8.09228888794,8.09228888794,3.76057417072
MISES,1320,8,202.652792105,196.278775759,-6.37401634577,6.37401634577,3.14528918135
MISES,1321,1,226.524083341,260.286340461,33.7622571199,33.7622571199,14.9044890159
MISES,1321,2,225.219641156,255.007928843,29.7882876864,29.7882876864,13.2263276566
MISES,1321,3,217.078694734,219.294955607,2.21626087285,2.21626087285,1.02094812923
MISES,1321,4,211.923318475,212.236967441,0.313648965721,0.313648965721,0.148001158144
MISES,1321,5,226.524083341,260.286340461,33.7622571199,33.7622571199,14.9044890159
MISES,1321,6,225.219641156,255.007928843,29.7882876864,29.7882876864,13.2263276566
MISES,1321,7,217.078694734,219.294955607,2.21626087285,2.21626087285,1.02094812923
MISES,1321,8,211.923318475,212.236967441,0.313648965721,0.313648965721,0.148001158144
MISES,1392,1,185.116538598,188.318096504,3.20155790545,3.20155790545,1.72948237348
MISES,1392,2,189.540405815,192.303868813,2.76346299769,2.76346299769,1.45798094385
MISES,1392,3,167.667586856,171.403747922,3.73616106648,3.73616106648,2.22831445036
MISES,1392,4,180.804722707,181.941889462,1.13716675567,1.13716675567,0.62894748469
MISES,1392,5,185.116538598,188.318096504,3.20155790545,3.20155790545,1.72948237348
MISES,1392,6,189.540405815,192.303868813,2.76346299769,2.76346299769,1.45798094385
MISES,1392,7,167.667586856,171.403747922,3.73616106648,3.73616106648,2.22831445036
MISES,1392,8,180.804722707,181.941889462,1.13716675567,1.13716675567,0.62894748469
MISES,1393,1,153.65628132,151.448535975,-2.20774534438,2.20774534438,1.4368077409
MISES,1393,2,167.035995167,168.227976533,1.19198136556,1.19198136556,0.713607485842
MISES,1393,3,89.2569943398,86.6007361007,-2.65625823914,2.65625823914,2.97596648732
MISES,1393,4,114.253346042,112.189456848,-2.06388919427,2.06388919427,1.8064146616
MISES,1393,5,153.65628132,151.448535975,-2.20774534438,2.20774534438,1.4368077409
MISES,1393,6,167.035995167,168.227976533,1.19198136556,1.19198136556,0.713607485842
MISES,1393,7,89.2569943398,86.6007361007,-2.65625823914,2.65625823914,2.97596648732
MISES,1393,8,114.253346042,112.189456848,-2.06388919427,2.06388919427,1.8064146616
MISES,1394,1,167.035995167,168.227976533,1.19198136556,1.19198136556,0.713607485842
MISES,1394,2,153.65628132,151.448535975,-2.20774534438,2.20774534438,1.4368077409
MISES,1394,3,114.253346042,112.189456848,-2.06388919427,2.06388919427,1.8064146616
MISES,1394,4,89.2569943398,86.6007361007,-2.65625823914,2.65625823914,2.97596648732
MISES,1394,5,167.035995167,168.227976533,1.19198136556,1.19198136556,0.713607485842
MISES,1394,6,153.65628132,151.448535975,-2.20774534438,2.20774534438,1.4368077409
MISES,1394,7,114.253346042,112.189456848,-2.06388919427,2.06388919427,1.8064146616
MISES,1394,8,89.2569943398,86.6007361007,-2.65625823914,2.65625823914,2.97596648732
MISES,1395,1,189.540405815,192.303868813,2.76346299769,2.76346299769,1.45798094385
MISES,1395,2,185.116538598,188.318096504,3.20155790545,3.20155790545,1.72948237348
MISES,1395,3,180.804722707,181.941889462,1.13716675567,1.13716675567,0.62894748469
MISES,1395,4,167.667586856,171.403747922,3.73616106648,3.73616106648,2.22831445036
MISES,1395,5,189.540405815,192.303868813,2.76346299769,2.76346299769,1.45798094385
MISES,1395,6,185.116538598,188.318096504,3.20155790545,3.20155790545,1.72948237348
MISES,1395,7,180.804722707,181.941889462,1.13716675567,1.13716675567,0.62894748469
MISES,1395,8,167.667586856,171.403747922,3.73616106648,3.73616106648,2.22831445036
MISES,1465,1,127.076091604,131.104887453,4.02879584838,4.02879584838,3.17038067312
MISES,1465,2,137.422238933,142.446650304,5.02441137161,5.02441137161,3.65618506192
MISES,1465,3,118.149928887,122.418615613,4.26868672629,4.26868672629,3.61294058025
MISES,1465,4,130.569713424,135.454073053,4.88435962882,4.88435962882,3.74080596543
MISES,1465,5,127.076091604,131.104887453,4.02879584838,4.02879584838,3.17038067312
MISES,1465,6,137.422238933,142.446650304,5.02441137161,5.02441137161,3.65618506192
MISES,1465,7,118.149928887,122.418615613,4.26868672629,4.26868672629,3.61294058025
MISES,1465,8,130.569713424,135.454073053,4.88435962882,4.88435962882,3.74080596543
MISES,1466,1,122.401575272,126.62901443,4.22743915762,4.22743915762,3.45374571219
MISES,1466,2,150.187333469,152.482713838,2.29538036848,2.29538036848,1.52834484471
MISES,1466,3,123.260388286,126.982147936,3.72175965083,3.72175965083,3.01942879022
MISES,1466,4,152.565921808,154.921055927,2.35513411927,2.35513411927,1.54368294791
MISES,1466,5,122.401575272,126.62901443,4.22743915762,4.22743915762,3.45374571219
MISES,1466,6,150.187333469,152.482713838,2.29538036848,2.29538036848,1.52834484471
MISES,1466,7,123.260388286,126.982147936,3.72175965083,3.72175965083,3.01942879022
MISES,1466,8,152.565921808,154.921055927,2.35513411927,2.35513411927,1.54368294791
MISES,1467,1,150.187333469,152.482713838,2.29538036848,2.29538036848,1.52834484471
MISES,1467,2,122.401575272,126.62901443,4.22743915762,4.22743915762,3.45374571219
MISES,1467,3,152.565921808,154.921055927,2.35513411927,2.35513411927,1.54368294791
MISES,1467,4,123.260388286,126.982147936,3.72175965083,3.72175965083,3.01942879022
MISES,1467,5,150.187333469,152.482713838,2.29538036848,2.29538036848,1.52834484471
MISES,1467,6,122.401575272,126.62901443,4.22743915762,4.22743915762,3.45374571219
MISES,1467,7,152.565921808,154.921055927,2.35513411927,2.35513411927,1.54368294791
MISES,1467,8,123.260388286,126.982147936,3.72175965083,3.72175965083,3.01942879022
MISES,1468,1,137.422238933,142.446650304,5.02441137161,5.02441137161,3.65618506192
MISES,1468,2,127.076091604,131.104887453,4.02879584838,4.02879584838,3.17038067312
MISES,1468,3,130.569713424,135.454073053,4.88435962882,4.88435962882,3.74080596543
MISES,1468,4,118.149928887,122.418615613,4.26868672629,4.26868672629,3.61294058025
MISES,1468,5,137.422238933,142.446650304,5.02441137161,5.02441137161,3.65618506192
MISES,1468,6,127.076091604,131.104887453,4.02879584838,4.02879584838,3.17038067312
MISES,1468,7,130.569713424,135.454073053,4.88435962882,4.88435962882,3.74080596543
MISES,1468,8,118.149928887,122.418615613,4.26868672629,4.26868672629,3.61294058025
MISES,1537,1,59.6935829717,68.1590883033,8.46550533164,8.46550533164,14.181600283
MISES,1537,2,97.1246857984,105.815546015,8.69086021633,8.69086021633,8.94814757431
MISES,1537,3,59.12398166,63.6304526662,4.50647100617,4.50647100617,7.62206955562
MISES,1537,4,101.189760084,107.111056196,5.92129611209,5.92129611209,5.85167521615
MISES,1537,5,59.6935829717,68.1590883033,8.46550533164,8.46550533164,14.181600283
MISES,1537,6,97.1246857984,105.815546015,8.69086021633,8.69086021633,8.94814757431
MISES,1537,7,59.12398166,63.6304526662,4.50647100617,4.50647100617,7.62206955562
MISES,1537,8,101.189760084,107.111056196,5.92129611209,5.92129611209,5.85167521615
MISES,1538,1,124.605543128,125.26802157,0.662478442546,0.662478442546,0.531660491113
MISES,1538,2,154.004296903,155.56039928,1.55610237664,1.55610237664,1.0104278958
MISES,1538,3,124.231955928,125.546758251,1.31480232252,1.31480232252,1.058344701
MISES,1538,4,154.043477888,155.7982149,1.75473701202,1.75473701202,1.1391180179
MISES,1538,5,124.605543128,125.26802157,0.662478442546,0.662478442546,0.531660491113
MISES,1538,6,154.004296903,155.56039928,1.55610237664,1.55610237664,1.0104278958
MISES,1538,7,124.231955928,125.546758251,1.31480232252,1.31480232252,1.058344701
MISES,1538,8,154.043477888,155.7982149,1.75473701202,1.75473701202,1.1391180179
MISES,1539,1,154.004296903,155.56039928,1.55610237664,1.55610237664,1.0104278958
MISES,1539,2,124.605543128,125.26802157,0.662478442546,0.662478442546,0.531660491113
MISES,1539,3,154.043477888,155.7982149,1.75473701202,1.75473701202,1.1391180179
MISES,1539,4,124.231955928,125.546758251,1.31480232252,1.31480232252,1.058344701
MISES,1539,5,154.004296903,155.56039928,1.55610237664,1.55610237664,1.0104278958
MISES,1539,6,124.605543128,125.26802157,0.662478442546,0.662478442546,0.531660491113
MISES,1539,7,154.043477888,155.7982149,1.75473701202,1.75473701202,1.1391180179
MISES,1539,8,124.231955928,125.546758251,1.31480232252,1.31480232252,1.058344701
MISES,1540,1,97.1246857984,105.815546015,8.69086021633,8.69086021633,8.94814757431
MISES,1540,2,59.6935829717,68.1590883033,8.46550533164,8.46550533164,14.181600283
MISES,1540,3,101.189760084,107.111056196,5.92129611209,5.92129611209,5.85167521615
MISES,1540,4,59.12398166,63.6304526662,4.50647100617,4.50647100617,7.62206955562
MISES,1540,5,97.1246857984,105.815546015,8.69086021633,8.69086021633,8.94814757431
MISES,1540,6,59.6935829717,68.1590883033,8.46550533164,8.46550533164,14.181600283
MISES,1540,7,101.189760084,107.111056196,5.92129611209,5.92129611209,5.85167521615
MISES,1540,8,59.12398166,63.6304526662,4.50647100617,4.50647100617,7.62206955562
MISES,1609,1,59.12398166,63.6304526662,4.50647100617,4.50647100617,7.62206955562
MISES,1609,2,101.189760084,107.111056196,5.92129611209,5.92129611209,5.85167521615
MISES,1609,3,59.6935829717,68.1590883033,8.46550533164,8.46550533164,14.181600283
MISES,1609,4,97.1246857984,105.815546015,8.69086021633,8.69086021633,8.94814757431
MISES,1609,5,59.12398166,63.6304526662,4.50647100617,4.50647100617,7.62206955562
MISES,1609,6,101.189760084,107.111056196,5.92129611209,5.92129611209,5.85167521615
MISES,1609,7,59.6935829717,68.1590883033,8.46550533164,8.46550533164,14.181600283
MISES,1609,8,97.1246857984,105.815546015,8.69086021633,8.69086021633,8.94814757431
MISES,1610,1,124.231955928,125.546758251,1.31480232252,1.31480232252,1.058344701
MISES,1610,2,154.043477888,155.7982149,1.75473701202,1.75473701202,1.1391180179
MISES,1610,3,124.605543128,125.26802157,0.662478442546,0.662478442546,0.531660491113
MISES,1610,4,154.004296903,155.56039928,1.55610237664,1.55610237664,1.0104278958
MISES,1610,5,124.231955928,125.546758251,1.31480232252,1.31480232252,1.058344701
MISES,1610,6,154.043477888,155.7982149,1.75473701202,1.75473701202,1.1391180179
MISES,1610,7,124.605543128,125.26802157,0.662478442546,0.662478442546,0.531660491113
MISES,1610,8,154.004296903,155.56039928,1.55610237664,1.55610237664,1.0104278958
MISES,1611,1,154.043477888,155.7982149,1.75473701202,1.75473701202,1.1391180179
MISES,1611,2,124.231955928,125.546758251,1.31480232252,1.31480232252,1.058344701
MISES,1611,3,154.004296903,155.56039928,1.55610237664,1.55610237664,1.0104278958
MISES,1611,4,124.605543128,125.26802157,0.662478442546,0.662478442546,0.531660491113
MISES,1611,5,154.043477888,155.7982149,1.75473701202,1.75473701202,1.1391180179
MISES,1611,6,124.231955928,125.546758251,1.31480232252,1.31480232252,1.058344701
MISES,1611,7,154.004296903,155.56039928,1.55610237664,1.55610237664,1.0104278958
MISES,1611,8,124.605543128,125.26802157,0.662478442546,0.662478442546,0.531660491113
MISES,1612,1,101.189760084,107.111056196,5.92129611209,5.92129611209,5.85167521615
MISES,1612,2,59.12398166,63.6304526662,4.50647100617,4.50647100617,7.62206955562
MISES,1612,3,97.1246857984,105.815546015,8.69086021633,8.69086021633,8.94814757431
MISES,1612,4,59.6935829717,68.1590883033,8.46550533164,8.46550533164,14.181600283
MISES,1612,5,101.189760084,107.111056196,5.92129611209,5.92129611209,5.85167521615
MISES,1612,6,59.12398166,63.6304526662,4.50647100617,4.50647100617,7.62206955562
MISES,1612,7,97.1246857984,105.815546015,8.69086021633,8.69086021633,8.94814757431
MISES,1612,8,59.6935829717,68.1590883033,8.46550533164,8.46550533164,14.181600283
MISES,1681,1,118.149928887,122.418615613,4.26868672629,4.26868672629,3.61294058025
MISES,1681,2,130.569713424,135.454073053,4.88435962882,4.88435962882,3.74080596543
MISES,1681,3,127.076091604,131.104887453,4.02879584838,4.02879584838,3.17038067312
MISES,1681,4,137.422238933,142.446650304,5.02441137161,5.02441137161,3.65618506192
MISES,1681,5,118.149928887,122.418615613,4.26868672629,4.26868672629,3.61294058025
MISES,1681,6,130.569713424,135.454073053,4.88435962882,4.88435962882,3.74080596543
MISES,1681,7,127.076091604,131.104887453,4.02879584838,4.02879584838,3.17038067312
MISES,1681,8,137.422238933,142.446650304,5.02441137161,5.02441137161,3.65618506192
MISES,1682,1,123.260388286,126.982147936,3.72175965083,3.72175965083,3.01942879022
MISES,1682,2,152.565921808,154.921055927,2.35513411927,2.35513411927,1.54368294791
MISES,1682,3,122.401575272,126.62901443,4.22743915762,4.22743915762,3.45374571219
MISES,1682,4,150.187333469,152.482713838,2.29538036848,2.29538036848,1.52834484471
MISES,1682,5,123.260388286,126.982147936,3.72175965083,3.72175965083,3.01942879022
MISES,1682,6,152.565921808,154.921055927,2.35513411927,2.35513411927,1.54368294791
MISES,1682,7,122.401575272,126.62901443,4.22743915762,4.22743915762,3.45374571219
MISES,1682,8,150.187333469,152.482713838,2.29538036848,2.29538036848,1.52834484471
MISES,1683,1,152.565921808,154.921055927,2.35513411927,2.35513411927,1.54368294791
MISES,1683,2,123.260388286,126.982147936,3.72175965083,3.72175965083,3.01942879022
MISES,1683,3,150.187333469,152.482713838,2.29538036848,2.29538036848,1.52834484471
MISES,1683,4,122.401575272,126.62901443,4.22743915762,4.22743915762,3.45374571219
MISES,1683,5,152.565921808,154.921055927,2.35513411927,2.35513411927,1.54368294791
MISES,1683,6,123.260388286,126.982147936,3.72175965083,3.72175965083,3.01942879022
MISES,1683,7,150.187333469,152.482713838,2.29538036848,2.29538036848,1.52834484471
MISES,1683,8,122.401575272,126.62901443,4.22743915762,4.22743915762,3.45374571219
MISES,1684,1,130.569713424,135.454073053,4.88435962882,4.88435962882,3.74080596543
MISES,1684,2,118.149928887,122.418615613,4.26868672629,4.26868672629,3.61294058025
MISES,1684,3,137.422238933,142.446650304,5.02441137161,5.02441137161,3.65618506192
MISES,1684,4,127.076091604,131.104887453,4.02879584838,4.02879584838,3.17038067312
MISES,1684,5,130.569713424,135.454073053,4.88435962882,4.88435962882,3.74080596543
MISES,1684,6,118.149928887,122.418615613,4.26868672629,4.26868672629,3.61294058025
MISES,1684,7,137.422238933,142.446650304,5.02441137161,5.02441137161,3.65618506192
MISES,1684,8,127.076091604,131.104887453,4.02879584838,4.02879584838,3.17038067312
MISES,1754,1,167.667586856,171.403747922,3.73616106648,3.73616106648,2.22831445036
MISES,1754,2,180.804722707,181.941889462,1.13716675567,1.13716675567,0.62894748469
MISES,1754,3,185.116538598,188.318096504,3.20155790545,3.20155790545,1.72948237348
MISES,1754,4,189.540405815,192.303868813,2.76346299769,2.76346299769,1.45798094385
MISES,1754,5,167.667586856,171.403747922,3.73616106648,3.73616106648,2.22831445036
MISES,1754,6,180.804722707,181.941889462,1.13716675567,1.13716675567,0.62894748469
MISES,1754,7,185.116538598,188.318096504,3.20155790545,3.20155790545,1.72948237348
MISES,1754,8,189.540405815,192.303868813,2.76346299769,2.76346299769,1.45798094385
MISES,1755,1,89.2569943398,86.6007361007,-2.65625823914,2.65625823914,2.97596648732
MISES,1755,2,114.253346042,112.189456848,-2.06388919427,2.06388919427,1.8064146616
MISES,1755,3,153.65628132,151.448535975,-2.20774534438,2.20774534438,1.4368077409
MISES,1755,4,167.035995167,168.227976533,1.19198136556,1.19198136556,0.713607485842
MISES,1755,5,89.2569943398,86.6007361007,-2.65625823914,2.65625823914,2.97596648732
MISES,1755,6,114.253346042,112.189456848,-2.06388919427,2.06388919427,1.8064146616
MISES,1755,7,153.65628132,151.448535975,-2.20774534438,2.20774534438,1.4368077409
MISES,1755,8,167.035995167,168.227976533,1.19198136556,1.19198136556,0.713607485842
MISES,1756,1,114.253346042,112.189456848,-2.06388919427,2.06388919427,1.8064146616
MISES,1756,2,89.2569943398,86.6007361007,-2.65625823914,2.65625823914,2.97596648732
MISES,1756,3,167.035995167,168.227976533,1.19198136556,1.19198136556,0.713607485842
MISES,1756,4,153.65628132,151.448535975,-2.20774534438,2.20774534438,1.4368077409
MISES,1756,5,114.253346042,112.189456848,-2.06388919427,2.06388919427,1.8064146616
MISES,1756,6,89.2569943398,86.6007361007,-2.65625823914,2.65625823914,2.97596648732
MISES,1756,7,167.035995167,168.227976533,1.19198136556,1.19198136556,0.713607485842
MISES,1756,8,153.65628132,151.448535975,-2.20774534438,2.20774534438,1.4368077409
MISES,1757,1,180.804722707,181.941889462,1.13716675567,1.13716675567,0.62894748469
MISES,1757,2,167.667586856,171.403747922,3.73616106648,3.73616106648,2.22831445036
MISES,1757,3,189.540405815,192.303868813,2.76346299769,2.76346299769,1.45798094385
MISES,1757,4,185.116538598,188.318096504,3.20155790545,3.20155790545,1.72948237348
MISES,1757,5,180.804722707,181.941889462,1.13716675567,1.13716675567,0.62894748469
MISES,1757,6,167.667586856,171.403747922,3.73616106648,3.73616106648,2.22831445036
MISES,1757,7,189.540405815,192.303868813,2.76346299769,2.76346299769,1.45798094385
MISES,1757,8,185.116538598,188.318096504,3.20155790545,3.20155790545,1.72948237348
MISES,1828,1,211.923318475,212.236967441,0.313648965721,0.313648965721,0.148001158144
MISES,1828,2,217.078694734,219.294955607,2.21626087285,2.21626087285,1.02094812923
MISES,1828,3,225.219641156,255.007928843,29.7882876864,29.7882876864,13.2263276566
MISES,1828,4,226.524083341,260.286340461,33.7622571199,33.7622571199,14.9044890159
MISES,1828,5,211.923318475,212.236967441,0.313648965721,0.313648965721,0.148001158144
MISES,1828,6,217.078694734,219.294955607,2.21626087285,2.21626087285,1.02094812923
MISES,1828,7,225.219641156,255.007928843,29.7882876864,29.7882876864,13.2263276566
MISES,1828,8,226.524083341,260.286340461,33.7622571199,33.7622571199,14.9044890159
MISES,1829,1,202.652792105,196.278775759,-6.37401634577,6.37401634577,3.14528918135
MISES,1829,2,215.187588931,207.095300043,-8.09228888794,8.09228888794,3.76057417072
MISES,1829,3,223.516609558,251.56161273,28.0450031718,28.0450031718,12.5471674017
MISES,1829,4,233.995590695,265.830865003,31.8352743082,31.8352743082,13.6050744434
MISES,1829,5,202.652792105,196.278775759,-6.37401634577,6.37401634577,3.14528918135
MISES,1829,6,215.187588931,207.095300043,-8.09228888794,8.09228888794,3.76057417072
MISES,1829,7,223.516609558,251.56161273,28.0450031718,28.0450031718,12.5471674017
MISES,1829,8,233.995590695,265.830865003,31.8352743082,31.8352743082,13.6050744434
MISES,1830,1,151.663865867,144.588945742,-7.07492012531,7.07492012531,4.66486864545
MISES,1830,2,248.200168205,241.043030018,-7.15713818747,7.15713818747,2.88361536546
MISES,1830,3,243.126830527,263.63470103,20.5078705034,20.5078705034,8.43505032289
MISES,1830,4,325.214888076,375.933670731,50.718782655,50.718782655,15.5954676476
MISES,1830,5,151.663865867,144.588945742,-7.07492012531,7.07492012531,4.66486864545
MISES,1830,6,248.200168205,241.043030018,-7.15713818747,7.15713818747,2.88361536546
MISES,1830,7,243.126830527,263.63470103,20.5078705034,20.5078705034,8.43505032289
MISES,1830,8,325.214888076,375.933670731,50.718782655,50.718782655,15.5954676476
MISES,1831,1,248.200168205,241.043030018,-7.15713818747,7.15713818747,2.88361536546
MISES,1831,2,151.663865867,144.588945742,-7.07492012531,7.07492012531,4.66486864545
MISES,1831,3,325.214888076,375.933670731,50.718782655,50.718782655,15.5954676476
MISES,1831,4,243.126830527,263.63470103,20.5078705034,20.5078705034,8.43505032289
MISES,1831,5,248.200168205,241.043030018,-7.15713818747,7.15713818747,2.88361536546
MISES,1831,6,151.663865867,144.588945742,-7.07492012531,7.07492012531,4.66486864545
MISES,1831,7,325.214888076,375.933670731,50.718782655,50.718782655,15.5954676476
MISES,1831,8,243.126830527,263.63470103,20.5078705034,20.5078705034,8.43505032289
MISES,1832,1,215.187588931,207.095300043,-8.09228888794,8.09228888794,3.76057417072
MISES,1832,2,202.652792105,196.278775759,-6.37401634577,6.37401634577,3.14528918135
MISES,1832,3,233.995590695,265.830865003,31.8352743082,31.8352743082,13.6050744434
MISES,1832,4,223.516609558,251.56161273,28.0450031718,28.0450031718,12.5471674017
MISES,1832,5,215.187588931,207.095300043,-8.09228888794,8.09228888794,3.76057417072
MISES,1832,6,202.652792105,196.278775759,-6.37401634577,6.37401634577,3.14528918135
MISES,1832,7,233.995590695,265.830865003,31.8352743082,31.8352743082,13.6050744434
MISES,1832,8,223.516609558,251.56161273,28.0450031718,28.0450031718,12.5471674017
MISES,1833,1,217.078694734,219.294955607,2.21626087285,2.21626087285,1.02094812923
MISES,1833,2,211.923318475,212.236967441,0.313648965721,0.313648965721,0.148001158144
MISES,1833,3,226.524083341,260.286340461,33.7622571199,33.7622571199,14.9044890159
MISES,1833,4,225.219641156,255.007928843,29.7882876864,29.7882876864,13.2263276566
MISES,1833,5,217.078694734,219.294955607,2.21626087285,2.21626087285,1.02094812923
MISES,1833,6,211.923318475,212.236967441,0.313648965721,0.313648965721,0.148001158144
MISES,1833,7,226.524083341,260.286340461,33.7622571199,33.7622571199,14.9044890159
MISES,1833,8,225.219641156,255.007928843,29.7882876864,29.7882876864,13.2263276566
MISES,1905,1,251.147374741,269.100616654,17.9532419129,17.9532419129,7.14848878328
MISES,1905,2,261.372770794,283.54607342,22.1733026257,22.1733026257,8.48340190845
MISES,1905,3,278.012268875,309.372587587,31.3603187119,31.3603187119,11.2801923594
MISES,1905,4,284.117769308,325.010731473,40.8929621654,40.8929621654,14.392961857
MISES,1905,5,251.147374741,269.100616654,17.9532419129,17.9532419129,7.14848878328
MISES,1905,6,261.372770794,283.54607342,22.1733026257,22.1733026257,8.48340190845
MISES,1905,7,278.012268875,309.372587587,31.3603187119,31.3603187119,11.2801923594
MISES,1905,8,284.117769308,325.010731473,40.8929621654,40.8929621654,14.392961857
MISES,1906,1,275.182625203,321.581930983,46.3993057795,46.3993057795,16.8612773954
MISES,1906,2,271.50333578,305.657014665,34.1536788851,34.1536788851,12.5794693413
MISES,1906,3,286.658899932,338.801468168,52.1425682357,52.1425682357,18.1897608091
MISES,1906,4,285.949926296,325.854718398,39.9047921021,39.9047921021,13.9551678222
MISES,1906,5,275.182625203,321.581930983,46.3993057795,46.3993057795,16.8612773954
MISES,1906,6,271.50333578,305.657014665,34.1536788851,34.1536788851,12.5794693413
MISES,1906,7,286.658899932,338.801468168,52.1425682357,52.1425682357,18.1897608091
MISES,1906,8,285.949926296,325.854718398,39.9047921021,39.9047921021,13.9551678222
MISES,1907,1,456.932529242,485.844056703,28.9115274609,28.9115274609,6.32730777756
MISES,1907,2,455.17697296,491.826105528,36.6491325678,36.6491325678,8.05162271928
MISES,1907,3,323.784712762,387.733178432,63.94846567,63.94846567,19.7503041834
MISES,1907,4,324.420889711,389.121724741,64.7008350305,64.7008350305,19.9434860956
MISES,1907,5,456.932529242,485.844056703,28.9115274609,28.9115274609,6.32730777756
MISES,1907,6,455.17697296,491.826105528,36.6491325678,36.6491325678,8.05162271928
MISES,1907,7,323.784712762,387.733178432,63.94846567,63.94846567,19.7503041834
MISES,1907,8,324.420889711,389.121724741,64.7008350305,64.7008350305,19.9434860956
MISES,1908,1,402.954515904,441.83531797,38.8808020658,38.8808020658,9.64893071829
MISES,1908,2,406.705250851,455.17904516,48.4737943095,48.4737943095,11.9186546542
MISES,1908,3,378.320076874,449.704891925,71.3848150516,71.3848150516,18.8688942024
MISES,1908,4,363.693063731,426.147033289,62.4539695583,62.4539695583,17.1721640544
MISES,1908,5,402.954515904,441.83531797,38.8808020658,38.8808020658,9.64893071829
MISES,1908,6,406.705250851,455.17904516,48.4737943095,48.4737943095,11.9186546542
MISES,1908,7,378.320076874,449.704891925,71.3848150516,71.3848150516,18.8688942024
MISES,1908,8,363.693063731,426.147033289,62.4539695583,62.4539695583,17.1721640544
MISES,1909,1,406.705250851,455.17904516,48.4737943095,48.4737943095,11.9186546542
MISES,1909,2,402.954515904,441.83531797,38.8808020658,38.8808020658,9.64893071829
MISES,1909,3,363.693063731,426.147033289,62.4539695583,62.4539695583,17.1721640544
MISES,1909,4,378.320076874,449.704891925,71.3848150516,71.3848150516,18.8688942024
MISES,1909,5,406.705250851,455.17904516,48.4737943095,48.4737943095,11.9186546542
MISES,1909,6,402.954515904,441.83531797,38.8808020658,38.8808020658,9.64893071829
MISES,1909,7,363.693063731,426.147033289,62.4539695583,62.4539695583,17.1721640544
MISES,1909,8,378.320076874,449.704891925,71.3848150516,71.3848150516,18.8688942024
MISES,1910,1,455.17697296,491.826105528,36.6491325678,36.6491325678,8.05162271928
MISES,1910,2,456.932529242,485.844056703,28.9115274609,28.9115274609,6.32730777756
MISES,1910,3,324.420889711,389.121724741,64.7008350305,64.7008350305,19.9434860956
MISES,1910,4,323.784712762,387.733178432,63.94846567,63.94846567,19.7503041834
MISES,1910,5,455.17697296,491.826105528,36.6491325678,36.6491325678,8.05162271928
MISES,1910,6,456.932529242,485.844056703,28.9115274609,28.9115274609,6.32730777756
MISES,1910,7,324.420889711,389.121724741,64.7008350305,64.7008350305,19.9434860956
MISES,1910,8,323.784712762,387.733178432,63.94846567,63.94846567,19.7503041834
MISES,1911,1,271.50333578,305.657014665,34.1536788851,34.1536788851,12.5794693413
MISES,1911,2,275.182625203,321.581930983,46.3993057795,46.3993057795,16.8612773954
MISES,1911,3,285.949926296,325.854718398,39.9047921021,39.9047921021,13.9551678222
MISES,1911,4,286.658899932,338.801468168,52.1425682357,52.1425682357,18.1897608091
MISES,1911,5,271.50333578,305.657014665,34.1536788851,34.1536788851,12.5794693413
MISES,1911,6,275.182625203,321.581930983,46.3993057795,46.3993057795,16.8612773954
MISES,1911,7,285.949926296,325.854718398,39.9047921021,39.9047921021,13.9551678222
MISES,1911,8,286.658899932,338.801468168,52.1425682357,52.1425682357,18.1897608091
MISES,1912,1,261.372770794,283.54607342,22.1733026257,22.1733026257,8.48340190845
MISES,1912,2,251.147374741,269.100616654,17.9532419129,17.9532419129,7.14848878328
MISES,1912,3,284.117769308,325.010731473,40.8929621654,40.8929621654,14.392961857
MISES,1912,4,278.012268875,309.372587587,31.3603187119,31.3603187119,11.2801923594
MISES,1912,5,261.372770794,283.54607342,22.1733026257,22.1733026257,8.48340190845
MISES,1912,6,251.147374741,269.100616654,17.9532419129,17.9532419129,7.14848878328
MISES,1912,7,284.117769308,325.010731473,40.8929621654,40.8929621654,14.392961857
MISES,1912,8,278.012268875,309.372587587,31.3603187119,31.3603187119,11.2801923594
MISES,1987,1,278.663974525,300.220508651,21.5565341264,21.5565341264,7.73567310347
MISES,1987,2,284.736442161,304.941930026,20.2054878651,20.2054878651,7.09620718433
MISES,1987,3,273.255686599,294.268708894,21.0130222947,21.0130222947,7.68987557265
MISES,1987,4,278.18760741,298.318933542,20.1313261327,20.1313261327,7.23660062366
MISES,1987,5,278.663974525,300.220508651,21.5565341264,21.5565341264,7.73567310347
MISES,1987,6,284.736442161,304.941930026,20.2054878651,20.2054878651,7.09620718433
MISES,1987,7,273.255686599,294.268708894,21.0130222947,21.0130222947,7.68987557265
MISES,1987,8,278.18760741,298.318933542,20.1313261327,20.1313261327,7.23660062366
MISES,1988,1,337.601187883,392.11494297,54.5137550877,54.5137550877,16.1473824869
MISES,1988,2,341.431796307,396.511482924,55.0796866166,55.0796866166,16.1319734168
MISES,1988,3,303.59646017,326.635258747,23.0387985767,23.0387985767,7.58862556032
MISES,1988,4,311.376097775,338.860429784,27.4843320094,27.4843320094,8.82673146906
MISES,1988,5,337.601187883,392.11494297,54.5137550877,54.5137550877,16.1473824869
MISES,1988,6,341.431796307,396.511482924,55.0796866166,55.0796866166,16.1319734168
MISES,1988,7,303.59646017,326.635258747,23.0387985767,23.0387985767,7.58862556032
MISES,1988,8,311.376097775,338.860429784,27.4843320094,27.4843320094,8.82673146906
MISES,1989,1,341.431796307,396.511482924,55.0796866166,55.0796866166,16.1319734168
MISES,1989,2,337.601187883,392.11494297,54.5137550877,54.5137550877,16.1473824869
MISES,1989,3,311.376097775,338.860429784,27.4843320094,27.4843320094,8.82673146906
MISES,1989,4,303.59646017,326.635258747,23.0387985767,23.0387985767,7.58862556032
MISES,1989,5,341.431796307,396.511482924,55.0796866166,55.0796866166,16.1319734168
MISES,1989,6,337.601187883,392.11494297,54.5137550877,54.5137550877,16.1473824869
MISES,1989,7,311.376097775,338.860429784,27.4843320094,27.4843320094,8.82673146906
MISES,1989,8,303.59646017,326.635258747,23.0387985767,23.0387985767,7.58862556032
MISES,1990,1,284.736442161,304.941930026,20.2054878651,20.2054878651,7.09620718433
MISES,1990,2,278.663974525,300.220508651,21.5565341264,21.5565341264,7.73567310347
MISES,1990,3,278.18760741,298.318933542,20.1313261327,20.1313261327,7.23660062366
MISES,1990,4,273.255686599,294.268708894,21.0130222947,21.0130222947,7.68987557265
MISES,1990,5,284.736442161,304.941930026,20.2054878651,20.2054878651,7.09620718433
MISES,1990,6,278.663974525,300.220508651,21.5565341264,21.5565341264,7.73567310347
MISES,1990,7,278.18760741,298.318933542,20.1313261327,20.1313261327,7.23660062366
MISES,1990,8,273.255686599,294.268708894,21.0130222947,21.0130222947,7.68987557265
SDV1,1159,1,5.16698122025,5.15717315674,-0.00980806350708,0.00980806350708,0.189821930621
SDV1,1159,2,5.19884872437,5.18803930283,-0.0108094215393,0.0108094215393,0.207919524349
SDV1,1159,3,5.22911643982,5.2185125351,-0.0106039047241,0.0106039047241,0.202785783146
SDV1,1159,4,5.25050210953,5.23907518387,-0.0114269256592,0.0114269256592,0.217634912258
SDV1,1159,5,5.16698122025,5.15717315674,-0.00980806350708,0.00980806350708,0.189821930621
SDV1,1159,6,5.19884872437,5.18803930283,-0.0108094215393,0.0108094215393,0.207919524349
SDV1,1159,7,5.22911643982,5.2185125351,-0.0106039047241,0.0106039047241,0.202785783146
SDV1,1159,8,5.25050210953,5.23907518387,-0.0114269256592,0.0114269256592,0.217634912258
SDV1,1160,1,5.33440065384,5.32179355621,-0.0126070976257,0.0126070976257,0.236335784352
SDV1,1160,2,5.40101194382,5.38784074783,-0.0131711959839,0.0131711959839,0.243865337105
SDV1,1160,3,5.77468442917,5.76338148117,-0.011302947998,0.011302947998,0.195732738935
SDV1,1160,4,5.79346942902,5.78277826309,-0.0106911659241,0.0106911659241,0.184538229727
SDV1,1160,5,5.33440065384,5.32179355621,-0.0126070976257,0.0126070976257,0.236335784352
SDV1,1160,6,5.40101194382,5.38784074783,-0.0131711959839,0.0131711959839,0.243865337105
SDV1,1160,7,5.77468442917,5.76338148117,-0.011302947998,0.011302947998,0.195732738935
SDV1,1160,8,5.79346942902,5.78277826309,-0.0106911659241,0.0106911659241,0.184538229727
SDV1,1161,1,5.40101194382,5.38784074783,-0.0131711959839,0.0131711959839,0.243865337105
SDV1,1161,2,5.33440065384,5.32179355621,-0.0126070976257,0.0126070976257,0.236335784352
SDV1,1161,3,5.79346942902,5.78277826309,-0.0106911659241,0.0106911659241,0.184538229727
SDV1,1161,4,5.77468442917,5.76338148117,-0.011302947998,0.011302947998,0.195732738935
SDV1,1161,5,5.40101194382,5.38784074783,-0.0131711959839,0.0131711959839,0.243865337105
SDV1,1161,6,5.33440065384,5.32179355621,-0.0126070976257,0.0126070976257,0.236335784352
SDV1,1161,7,5.79346942902,5.78277826309,-0.0106911659241,0.0106911659241,0.184538229727
SDV1,1161,8,5.77468442917,5.76338148117,-0.011302947998,0.011302947998,0.195732738935
SDV1,1162,1,5.19884872437,5.18803930283,-0.0108094215393,0.0108094215393,0.207919524349
SDV1,1162,2,5.16698122025,5.15717315674,-0.00980806350708,0.00980806350708,0.189821930621
SDV1,1162,3,5.25050210953,5.23907518387,-0.0114269256592,0.0114269256592,0.217634912258
SDV1,1162,4,5.22911643982,5.2185125351,-0.0106039047241,0.0106039047241,0.202785783146
SDV1,1162,5,5.19884872437,5.18803930283,-0.0108094215393,0.0108094215393,0.207919524349
SDV1,1162,6,5.16698122025,5.15717315674,-0.00980806350708,0.00980806350708,0.189821930621
SDV1,1162,7,5.25050210953,5.23907518387,-0.0114269256592,0.0114269256592,0.217634912258
SDV1,1162,8,5.22911643982,5.2185125351,-0.0106039047241,0.0106039047241,0.202785783146
SDV1,1237,1,5.58509254456,5.5673661232,-0.0177264213562,0.0177264213562,0.317388140211
SDV1,1237,2,5.6523475647,5.63793516159,-0.0144124031067,0.0144124031067,0.254980836577
SDV1,1237,3,5.43030548096,5.4200668335,-0.0102386474609,0.0102386474609,0.188546436234
SDV1,1237,4,5.51373338699,5.49898433685,-0.0147490501404,0.0147490501404,0.267496614457
SDV1,1237,5,5.58509254456,5.5673661232,-0.0177264213562,0.0177264213562,0.317388140211
SDV1,1237,6,5.6523475647,5.63793516159,-0.0144124031067,0.0144124031067,0.254980836577
SDV1,1237,7,5.43030548096,5.4200668335,-0.0102386474609,0.0102386474609,0.188546436234
SDV1,1237,8,5.51373338699,5.49898433685,-0.0147490501404,0.0147490501404,0.267496614457
SDV1,1238,1,5.65869760513,5.64389133453,-0.0148062705994,0.0148062705994,0.261655095086
SDV1,1238,2,5.58884525299,5.57161426544,-0.0172309875488,0.0172309875488,0.308310335478
SDV1,1238,3,5.65432214737,5.63978767395,-0.0145344734192,0.0145344734192,0.257050678054
SDV1,1238,4,5.58599996567,5.56786394119,-0.0181360244751,0.0181360244751,0.324669255041
SDV1,1238,5,5.65869760513,5.64389133453,-0.0148062705994,0.0148062705994,0.261655095086
SDV1,1238,6,5.58884525299,5.57161426544,-0.0172309875488,0.0172309875488,0.308310335478
SDV1,1238,7,5.65432214737,5.63978767395,-0.0145344734192,0.0145344734192,0.257050678054
SDV1,1238,8,5.58599996567,5.56786394119,-0.0181360244751,0.0181360244751,0.324669255041
SDV1,1239,1,5.81878519058,5.81045055389,-0.00833463668823,0.00833463668823,0.143236713768
SDV1,1239,2,5.8341794014,5.82453203201,-0.00964736938477,0.00964736938477,0.165359491387
SDV1,1239,3,6.4000787735,6.37941741943,-0.0206613540649,0.0206613540649,0.322829683761
SDV1,1239,4,6.41741323471,6.39429950714,-0.0231137275696,0.0231137275696,0.360172030758
SDV1,1239,5,5.81878519058,5.81045055389,-0.00833463668823,0.00833463668823,0.143236713768
SDV1,1239,6,5.8341794014,5.82453203201,-0.00964736938477,0.00964736938477,0.165359491387
SDV1,1239,7,6.4000787735,6.37941741943,-0.0206613540649,0.0206613540649,0.322829683761
SDV1,1239,8,6.41741323471,6.39429950714,-0.0231137275696,0.0231137275696,0.360172030758
SDV1,1240,1,6.09378576279,6.08436393738,-0.00942182540894,0.00942182540894,0.154613663422
SDV1,1240,2,6.03811216354,6.02659511566,-0.0115170478821,0.0115170478821,0.190739217327
SDV1,1240,3,6.29947710037,6.28443241119,-0.0150446891785,0.0150446891785,0.238824412547
SDV1,1240,4,6.23923492432,6.22347354889,-0.0157613754272,0.0157613754272,0.252617117618
SDV1,1240,5,6.09378576279,6.08436393738,-0.00942182540894,0.00942182540894,0.154613663422
SDV1,1240,6,6.03811216354,6.02659511566,-0.0115170478821,0.0115170478821,0.190739217327
SDV1,1240,7,6.29947710037,6.28443241119,-0.0150446891785,0.0150446891785,0.238824412547
SDV1,1240,8,6.23923492432,6.22347354889,-0.0157613754272,0.0157613754272,0.252617117618
SDV1,1241,1,6.03811216354,6.02659511566,-0.0115170478821,0.0115170478821,0.190739217327
SDV1,1241,2,6.09378576279,6.08436393738,-0.00942182540894,0.00942182540894,0.154613663422
SDV1,1241,3,6.23923492432,6.22347354889,-0.0157613754272,0.0157613754272,0.252617117618
SDV1,1241,4,6.29947710037,6.28443241119,-0.0150446891785,0.0150446891785,0.238824412547
SDV1,1241,5,6.03811216354,6.02659511566,-0.0115170478821,0.0115170478821,0.190739217327
SDV1,1241,6,6.09378576279,6.08436393738,-0.00942182540894,0.00942182540894,0.154613663422
SDV1,1241,7,6.23923492432,6.22347354889,-0.0157613754272,0.0157613754272,0.252617117618
SDV1,1241,8,6.29947710037,6.28443241119,-0.0150446891785,0.0150446891785,0.238824412547
SDV1,1242,1,5.8341794014,5.82453203201,-0.00964736938477,0.00964736938477,0.165359491387
SDV1,1242,2,5.81878519058,5.81045055389,-0.00833463668823,0.00833463668823,0.143236713768
SDV1,1242,3,6.41741323471,6.39429950714,-0.0231137275696,0.0231137275696,0.360172030758
SDV1,1242,4,6.4000787735,6.37941741943,-0.0206613540649,0.0206613540649,0.322829683761
SDV1,1242,5,5.8341794014,5.82453203201,-0.00964736938477,0.00964736938477,0.165359491387
SDV1,1242,6,5.81878519058,5.81045055389,-0.00833463668823,0.00833463668823,0.143236713768
SDV1,1242,7,6.41741323471,6.39429950714,-0.0231137275696,0.0231137275696,0.360172030758
SDV1,1242,8,6.4000787735,6.37941741943,-0.0206613540649,0.0206613540649,0.322829683761
SDV1,1243,1,5.58884525299,5.57161426544,-0.0172309875488,0.0172309875488,0.308310335478
SDV1,1243,2,5.65869760513,5.64389133453,-0.0148062705994,0.0148062705994,0.261655095086
SDV1,1243,3,5.58599996567,5.56786394119,-0.0181360244751,0.0181360244751,0.324669255041
SDV1,1243,4,5.65432214737,5.63978767395,-0.0145344734192,0.0145344734192,0.257050678054
SDV1,1243,5,5.58884525299,5.57161426544,-0.0172309875488,0.0172309875488,0.308310335478
SDV1,1243,6,5.65869760513,5.64389133453,-0.0148062705994,0.0148062705994,0.261655095086
SDV1,1243,7,5.58599996567,5.56786394119,-0.0181360244751,0.0181360244751,0.324669255041
SDV1,1243,8,5.65432214737,5.63978767395,-0.0145344734192,0.0145344734192,0.257050678054
SDV1,1244,1,5.6523475647,5.63793516159,-0.0144124031067,0.0144124031067,0.254980836577
SDV1,1244,2,5.58509254456,5.5673661232,-0.0177264213562,0.0177264213562,0.317388140211
SDV1,1244,3,5.51373338699,5.49898433685,-0.0147490501404,0.0147490501404,0.267496614457
SDV1,1244,4,5.43030548096,5.4200668335,-0.0102386474609,0.0102386474609,0.188546436234
SDV1,1244,5,5.6523475647,5.63793516159,-0.0144124031067,0.0144124031067,0.254980836577
SDV1,1244,6,5.58509254456,5.5673661232,-0.0177264213562,0.0177264213562,0.317388140211
SDV1,1244,7,5.51373338699,5.49898433685,-0.0147490501404,0.0147490501404,0.267496614457
SDV1,1244,8,5.43030548096,5.4200668335,-0.0102386474609,0.0102386474609,0.188546436234
SDV1,1316,1,5.00201845169,5.00075435638,-0.0012640953064,0.0012640953064,0.0252717041851
SDV1,1316,2,5.1217713356,5.1264424324,0.00467109680176,0.00467109680176,0.0912008072147
SDV1,1316,3,4.56141757965,4.56504106522,0.00362348556519,0.00362348556519,0.0794377077282
SDV1,1316,4,4.73994636536,4.74040460587,0.000458240509033,0.000458240509033,0.00966763068001
SDV1,1316,5,5.00201845169,5.00075435638,-0.0012640953064,0.0012640953064,0.0252717041851
SDV1,1316,6,5.1217713356,5.1264424324,0.00467109680176,0.00467109680176,0.0912008072147
SDV1,1316,7,4.56141757965,4.56504106522,0.00362348556519,0.00362348556519,0.0794377077282
SDV1,1316,8,4.73994636536,4.74040460587,0.000458240509033,0.000458240509033,0.00966763068001
SDV1,1317,1,5.1752166748,5.17566585541,0.000449180603027,0.000449180603027,0.00867945501131
SDV1,1317,2,5.38078165054,5.3762383461,-0.00454330444336,0.00454330444336,0.0844357704591
SDV1,1317,3,4.10945606232,4.11041307449,0.000957012176514,0.000957012176514,0.0232880498538
SDV1,1317,4,4.48764944077,4.48617315292,-0.0014762878418,0.0014762878418,0.0328966836934
SDV1,1317,5,5.1752166748,5.17566585541,0.000449180603027,0.000449180603027,0.00867945501131
SDV1,1317,6,5.38078165054,5.3762383461,-0.00454330444336,0.00454330444336,0.0844357704591
SDV1,1317,7,4.10945606232,4.11041307449,0.000957012176514,0.000957012176514,0.0232880498538
SDV1,1317,8,4.48764944077,4.48617315292,-0.0014762878418,0.0014762878418,0.0328966836934
SDV1,1318,1,5.26472520828,5.25507831573,-0.00964689254761,0.00964689254761,0.183236392517
SDV1,1318,2,6.05353784561,6.03404569626,-0.019492149353,0.019492149353,0.321995993915
SDV1,1318,3,1.97336518764,1.97609984875,0.00273466110229,0.00273466110229,0.138578562114
SDV1,1318,4,4.90792798996,4.90171813965,-0.00620985031128,0.00620985031128,0.126526923867
SDV1,1318,5,5.26472520828,5.25507831573,-0.00964689254761,0.00964689254761,0.183236392517
SDV1,1318,6,6.05353784561,6.03404569626,-0.019492149353,0.019492149353,0.321995993915
SDV1,1318,7,1.97336518764,1.97609984875,0.00273466110229,0.00273466110229,0.138578562114
SDV1,1318,8,4.90792798996,4.90171813965,-0.00620985031128,0.00620985031128,0.126526923867
SDV1,1319,1,6.05353784561,6.03404569626,-0.019492149353,0.019492149353,0.321995993915
SDV1,1319,2,5.26472520828,5.25507831573,-0.00964689254761,0.00964689254761,0.183236392517
SDV1,1319,3,4.90792798996,4.90171813965,-0.00620985031128,0.00620985031128,0.126526923867
SDV1,1319,4,1.97336518764,1.97609984875,0.00273466110229,0.00273466110229,0.138578562114
SDV1,1319,5,6.05353784561,6.03404569626,-0.019492149353,0.019492149353,0.321995993915
SDV1,1319,6,5.26472520828,5.25507831573,-0.00964689254761,0.00964689254761,0.183236392517
SDV1,1319,7,4.90792798996,4.90171813965,-0.00620985031128,0.00620985031128,0.126526923867
SDV1,1319,8,1.97336518764,1.97609984875,0.00273466110229,0.00273466110229,0.138578562114
SDV1,1320,1,5.38078165054,5.3762383461,-0.00454330444336,0.00454330444336,0.0844357704591
SDV1,1320,2,5.1752166748,5.17566585541,0.000449180603027,0.000449180603027,0.00867945501131
SDV1,1320,3,4.48764944077,4.48617315292,-0.0014762878418,0.0014762878418,0.0328966836934
SDV1,1320,4,4.10945606232,4.11041307449,0.000957012176514,0.000957012176514,0.0232880498538
SDV1,1320,5,5.38078165054,5.3762383461,-0.00454330444336,0.00454330444336,0.0844357704591
SDV1,1320,6,5.1752166748,5.17566585541,0.000449180603027,0.000449180603027,0.00867945501131
SDV1,1320,7,4.48764944077,4.48617315292,-0.0014762878418,0.0014762878418,0.0328966836934
SDV1,1320,8,4.10945606232,4.11041307449,0.000957012176514,0.000957012176514,0.0232880498538
SDV1,1321,1,5.1217713356,5.1264424324,0.00467109680176,0.00467109680176,0.0912008072147
SDV1,1321,2,5.00201845169,5.00075435638,-0.0012640953064,0.0012640953064,0.0252717041851
SDV1,1321,3,4.73994636536,4.74040460587,0.000458240509033,0.000458240509033,0.00966763068001
SDV1,1321,4,4.56141757965,4.56504106522,0.00362348556519,0.00362348556519,0.0794377077282
SDV1,1321,5,5.1217713356,5.1264424324,0.00467109680176,0.00467109680176,0.0912008072147
SDV1,1321,6,5.00201845169,5.00075435638,-0.0012640953064,0.0012640953064,0.0252717041851
SDV1,1321,7,4.73994636536,4.74040460587,0.000458240509033,0.000458240509033,0.00966763068001
SDV1,1321,8,4.56141757965,4.56504106522,0.00362348556519,0.00362348556519,0.0794377077282
SDV1,1392,1,3.69664549828,3.69930315018,0.00265765190125,0.00265765190125,0.0718936100983
SDV1,1392,2,4.06414794922,4.06858539581,0.00443744659424,0.00443744659424,0.109185163771
SDV1,1392,3,2.94394040108,2.9460234642,0.00208306312561,0.00208306312561,0.0707576527313
SDV1,1392,4,3.44736862183,3.44938492775,0.00201630592346,0.00201630592346,0.0584882600223
SDV1,1392,5,3.69664549828,3.69930315018,0.00265765190125,0.00265765190125,0.0718936100983
SDV1,1392,6,4.06414794922,4.06858539581,0.00443744659424,0.00443744659424,0.109185163771
SDV1,1392,7,2.94394040108,2.9460234642,0.00208306312561,0.00208306312561,0.0707576527313
SDV1,1392,8,3.44736862183,3.44938492775,0.00201630592346,0.00201630592346,0.0584882600223
SDV1,1393,1,2.51617789268,2.51733183861,0.00115394592285,0.00115394592285,0.0458610627733
SDV1,1393,2,3.39807987213,3.39926552773,0.00118565559387,0.00118565559387,0.0348919283386
SDV1,1393,3,0.531018137932,0.531110823154,9.26852226257e-05,9.26852226257e-05,0.0174542479823
SDV1,1393,4,1.49808192253,1.49857890606,0.000496983528137,0.000496983528137,0.0331746562496
SDV1,1393,5,2.51617789268,2.51733183861,0.00115394592285,0.00115394592285,0.0458610627733
SDV1,1393,6,3.39807987213,3.39926552773,0.00118565559387,0.00118565559387,0.0348919283386
SDV1,1393,7,0.531018137932,0.531110823154,9.26852226257e-05,9.26852226257e-05,0.0174542479823
SDV1,1393,8,1.49808192253,1.49857890606,0.000496983528137,0.000496983528137,0.0331746562496
SDV1,1394,1,3.39807987213,3.39926552773,0.00118565559387,0.00118565559387,0.0348919283386
SDV1,1394,2,2.51617789268,2.51733183861,0.00115394592285,0.00115394592285,0.0458610627733
SDV1,1394,3,1.49808192253,1.49857890606,0.000496983528137,0.000496983528137,0.0331746562496
SDV1,1394,4,0.531018137932,0.531110823154,9.26852226257e-05,9.26852226257e-05,0.0174542479823
SDV1,1394,5,3.39807987213,3.39926552773,0.00118565559387,0.00118565559387,0.0348919283386
SDV1,1394,6,2.51617789268,2.51733183861,0.00115394592285,0.00115394592285,0.0458610627733
SDV1,1394,7,1.49808192253,1.49857890606,0.000496983528137,0.000496983528137,0.0331746562496
SDV1,1394,8,0.531018137932,0.531110823154,9.26852226257e-05,9.26852226257e-05,0.0174542479823
SDV1,1395,1,4.06414794922,4.06858539581,0.00443744659424,0.00443744659424,0.109185163771
SDV1,1395,2,3.69664549828,3.69930315018,0.00265765190125,0.00265765190125,0.0718936100983
SDV1,1395,3,3.44736862183,3.44938492775,0.00201630592346,0.00201630592346,0.0584882600223
SDV1,1395,4,2.94394040108,2.9460234642,0.00208306312561,0.00208306312561,0.0707576527313
SDV1,1395,5,4.06414794922,4.06858539581,0.00443744659424,0.00443744659424,0.109185163771
SDV1,1395,6,3.69664549828,3.69930315018,0.00265765190125,0.00265765190125,0.0718936100983
SDV1,1395,7,3.44736862183,3.44938492775,0.00201630592346,0.00201630592346,0.0584882600223
SDV1,1395,8,2.94394040108,2.9460234642,0.00208306312561,0.00208306312561,0.0707576527313
SDV1,1465,1,1.2645689249,1.2644405365,-0.000128388404846,0.000128388404846,0.0101527407734
SDV1,1465,2,1.56254172325,1.56247723103,-6.4492225647e-05,6.4492225647e-05,0.00412739222814
SDV1,1465,3,0.974449932575,0.974287688732,-0.000162243843079,0.000162243843079,0.0166497875011
SDV1,1465,4,1.33330988884,1.33331286907,2.98023223877e-06,2.98023223877e-06,0.000223521348166
SDV1,1465,5,1.2645689249,1.2644405365,-0.000128388404846,0.000128388404846,0.0101527407734
SDV1,1465,6,1.56254172325,1.56247723103,-6.4492225647e-05,6.4492225647e-05,0.00412739222814
SDV1,1465,7,0.974449932575,0.974287688732,-0.000162243843079,0.000162243843079,0.0166497875011
SDV1,1465,8,1.33330988884,1.33331286907,2.98023223877e-06,2.98023223877e-06,0.000223521348166
SDV1,1466,1,1.31095004082,1.31176578999,0.000815749168396,0.000815749168396,0.0622258013652
SDV1,1466,2,1.87077188492,1.8717918396,0.0010199546814,0.0010199546814,0.0545205265067
SDV1,1466,3,1.15184128284,1.15218007565,0.000338792800903,0.000338792800903,0.0294131497064
SDV1,1466,4,1.78588354588,1.78656041622,0.000676870346069,0.000676870346069,0.0379011468935
SDV1,1466,5,1.31095004082,1.31176578999,0.000815749168396,0.000815749168396,0.0622258013652
SDV1,1466,6,1.87077188492,1.8717918396,0.0010199546814,0.0010199546814,0.0545205265067
SDV1,1466,7,1.15184128284,1.15218007565,0.000338792800903,0.000338792800903,0.0294131497064
SDV1,1466,8,1.78588354588,1.78656041622,0.000676870346069,0.000676870346069,0.0379011468935
SDV1,1467,1,1.87077188492,1.8717918396,0.0010199546814,0.0010199546814,0.0545205265067
SDV1,1467,2,1.31095004082,1.31176578999,0.000815749168396,0.000815749168396,0.0622258013652
SDV1,1467,3,1.78588354588,1.78656041622,0.000676870346069,0.000676870346069,0.0379011468935
SDV1,1467,4,1.15184128284,1.15218007565,0.000338792800903,0.000338792800903,0.0294131497064
SDV1,1467,5,1.87077188492,1.8717918396,0.0010199546814,0.0010199546814,0.0545205265067
SDV1,1467,6,1.31095004082,1.31176578999,0.000815749168396,0.000815749168396,0.0622258013652
SDV1,1467,7,1.78588354588,1.78656041622,0.000676870346069,0.000676870346069,0.0379011468935
SDV1,1467,8,1.15184128284,1.15218007565,0.000338792800903,0.000338792800903,0.0294131497064
SDV1,1468,1,1.56254172325,1.56247723103,-6.4492225647e-05,6.4492225647e-05,0.00412739222814
SDV1,1468,2,1.2645689249,1.2644405365,-0.000128388404846,0.000128388404846,0.0101527407734
SDV1,1468,3,1.33330988884,1.33331286907,2.98023223877e-06,2.98023223877e-06,0.000223521348166
SDV1,1468,4,0.974449932575,0.974287688732,-0.000162243843079,0.000162243843079,0.0166497875011
SDV1,1468,5,1.56254172325,1.56247723103,-6.4492225647e-05,6.4492225647e-05,0.00412739222814
SDV1,1468,6,1.2645689249,1.2644405365,-0.000128388404846,0.000128388404846,0.0101527407734
SDV1,1468,7,1.33330988884,1.33331286907,2.98023223877e-06,2.98023223877e-06,0.000223521348166
SDV1,1468,8,0.974449932575,0.974287688732,-0.000162243843079,0.000162243843079,0.0166497875011
SDV1,1537,1,0.169939562678,0.169766113162,-0.000173449516296,0.000173449516296,0.102065412881
SDV1,1537,2,0.306658804417,0.30621945858,-0.000439345836639,0.000439345836639,0.143268619818
SDV1,1537,3,0.156702801585,0.156508117914,-0.000194683670998,0.000194683670998,0.12423751779
SDV1,1537,4,0.31877630949,0.318296402693,-0.000479906797409,0.000479906797409,0.150546569215
SDV1,1537,5,0.169939562678,0.169766113162,-0.000173449516296,0.000173449516296,0.102065412881
SDV1,1537,6,0.306658804417,0.30621945858,-0.000439345836639,0.000439345836639,0.143268619818
SDV1,1537,7,0.156702801585,0.156508117914,-0.000194683670998,0.000194683670998,0.12423751779
SDV1,1537,8,0.31877630949,0.318296402693,-0.000479906797409,0.000479906797409,0.150546569215
SDV1,1538,1,0.718512833118,0.718360126019,-0.000152707099915,0.000152707099915,0.0212532181578
SDV1,1538,2,1.39884865284,1.39864861965,-0.000200033187866,0.000200033187866,0.0142998449089
SDV1,1538,3,0.734462499619,0.73421227932,-0.000250220298767,0.000250220298767,0.0340684921146
SDV1,1538,4,1.42496454716,1.42478072643,-0.000183820724487,0.000183820724487,0.0129000209061
SDV1,1538,5,0.718512833118,0.718360126019,-0.000152707099915,0.000152707099915,0.0212532181578
SDV1,1538,6,1.39884865284,1.39864861965,-0.000200033187866,0.000200033187866,0.0142998449089
SDV1,1538,7,0.734462499619,0.73421227932,-0.000250220298767,0.000250220298767,0.0340684921146
SDV1,1538,8,1.42496454716,1.42478072643,-0.000183820724487,0.000183820724487,0.0129000209061
SDV1,1539,1,1.39884865284,1.39864861965,-0.000200033187866,0.000200033187866,0.0142998449089
SDV1,1539,2,0.718512833118,0.718360126019,-0.000152707099915,0.000152707099915,0.0212532181578
SDV1,1539,3,1.42496454716,1.42478072643,-0.000183820724487,0.000183820724487,0.0129000209061
SDV1,1539,4,0.734462499619,0.73421227932,-0.000250220298767,0.000250220298767,0.0340684921146
SDV1,1539,5,1.39884865284,1.39864861965,-0.000200033187866,0.000200033187866,0.0142998449089
SDV1,1539,6,0.718512833118,0.718360126019,-0.000152707099915,0.000152707099915,0.0212532181578
SDV1,1539,7,1.42496454716,1.42478072643,-0.000183820724487,0.000183820724487,0.0129000209061
SDV1,1539,8,0.734462499619,0.73421227932,-0.000250220298767,0.000250220298767,0.0340684921146
SDV1,1540,1,0.306658804417,0.30621945858,-0.000439345836639,0.000439345836639,0.143268619818
SDV1,1540,2,0.169939562678,0.169766113162,-0.000173449516296,0.000173449516296,0.102065412881
SDV1,1540,3,0.31877630949,0.318296402693,-0.000479906797409,0.000479906797409,0.150546569215
SDV1,1540,4,0.156702801585,0.156508117914,-0.000194683670998,0.000194683670998,0.12423751779
SDV1,1540,5,0.306658804417,0.30621945858,-0.000439345836639,0.000439345836639,0.143268619818
SDV1,1540,6,0.169939562678,0.169766113162,-0.000173449516296,0.000173449516296,0.102065412881
SDV1,1540,7,0.31877630949,0.318296402693,-0.000479906797409,0.000479906797409,0.150546569215
SDV1,1540,8,0.156702801585,0.156508117914,-0.000194683670998,0.000194683670998,0.12423751779
SDV1,1609,1,0.156702801585,0.156508117914,-0.000194683670998,0.000194683670998,0.12423751779
SDV1,1609,2,0.31877630949,0.318296402693,-0.000479906797409,0.000479906797409,0.150546569215
SDV1,1609,3,0.169939562678,0.169766113162,-0.000173449516296,0.000173449516296,0.102065412881
SDV1,1609,4,0.306658804417,0.30621945858,-0.000439345836639,0.000439345836639,0.143268619818
SDV1,1609,5,0.156702801585,0.156508117914,-0.000194683670998,0.000194683670998,0.12423751779
SDV1,1609,6,0.31877630949,0.318296402693,-0.000479906797409,0.000479906797409,0.150546569215
SDV1,1609,7,0.169939562678,0.169766113162,-0.000173449516296,0.000173449516296,0.102065412881
SDV1,1609,8,0.306658804417,0.30621945858,-0.000439345836639,0.000439345836639,0.143268619818
SDV1,1610,1,0.734462499619,0.73421227932,-0.000250220298767,0.000250220298767,0.0340684921146
SDV1,1610,2,1.42496454716,1.42478072643,-0.000183820724487,0.000183820724487,0.0129000209061
SDV1,1610,3,0.718512833118,0.718360126019,-0.000152707099915,0.000152707099915,0.0212532181578
SDV1,1610,4,1.39884865284,1.39864861965,-0.000200033187866,0.000200033187866,0.0142998449089
SDV1,1610,5,0.734462499619,0.73421227932,-0.000250220298767,0.000250220298767,0.0340684921146
SDV1,1610,6,1.42496454716,1.42478072643,-0.000183820724487,0.000183820724487,0.0129000209061
SDV1,1610,7,0.718512833118,0.718360126019,-0.000152707099915,0.000152707099915,0.0212532181578
SDV1,1610,8,1.39884865284,1.39864861965,-0.000200033187866,0.000200033187866,0.0142998449089
SDV1,1611,1,1.42496454716,1.42478072643,-0.000183820724487,0.000183820724487,0.0129000209061
SDV1,1611,2,0.734462499619,0.73421227932,-0.000250220298767,0.000250220298767,0.0340684921146
SDV1,1611,3,1.39884865284,1.39864861965,-0.000200033187866,0.000200033187866,0.0142998449089
SDV1,1611,4,0.718512833118,0.718360126019,-0.000152707099915,0.000152707099915,0.0212532181578
SDV1,1611,5,1.42496454716,1.42478072643,-0.000183820724487,0.000183820724487,0.0129000209061
SDV1,1611,6,0.734462499619,0.73421227932,-0.000250220298767,0.000250220298767,0.0340684921146
SDV1,1611,7,1.39884865284,1.39864861965,-0.000200033187866,0.000200033187866,0.0142998449089
SDV1,1611,8,0.718512833118,0.718360126019,-0.000152707099915,0.000152707099915,0.0212532181578
SDV1,1612,1,0.31877630949,0.318296402693,-0.000479906797409,0.000479906797409,0.150546569215
SDV1,1612,2,0.156702801585,0.156508117914,-0.000194683670998,0.000194683670998,0.12423751779
SDV1,1612,3,0.306658804417,0.30621945858,-0.000439345836639,0.000439345836639,0.143268619818
SDV1,1612,4,0.169939562678,0.169766113162,-0.000173449516296,0.000173449516296,0.102065412881
SDV1,1612,5,0.31877630949,0.318296402693,-0.000479906797409,0.000479906797409,0.150546569215
SDV1,1612,6,0.156702801585,0.156508117914,-0.000194683670998,0.000194683670998,0.12423751779
SDV1,1612,7,0.306658804417,0.30621945858,-0.000439345836639,0.000439345836639,0.143268619818
SDV1,1612,8,0.169939562678,0.169766113162,-0.000173449516296,0.000173449516296,0.102065412881
SDV1,1681,1,0.974449932575,0.974287688732,-0.000162243843079,0.000162243843079,0.0166497875011
SDV1,1681,2,1.33330988884,1.33331286907,2.98023223877e-06,2.98023223877e-06,0.000223521348166
SDV1,1681,3,1.2645689249,1.2644405365,-0.000128388404846,0.000128388404846,0.0101527407734
SDV1,1681,4,1.56254172325,1.56247723103,-6.4492225647e-05,6.4492225647e-05,0.00412739222814
SDV1,1681,5,0.974449932575,0.974287688732,-0.000162243843079,0.000162243843079,0.0166497875011
SDV1,1681,6,1.33330988884,1.33331286907,2.98023223877e-06,2.98023223877e-06,0.000223521348166
SDV1,1681,7,1.2645689249,1.2644405365,-0.000128388404846,0.000128388404846,0.0101527407734
SDV1,1681,8,1.56254172325,1.56247723103,-6.4492225647e-05,6.4492225647e-05,0.00412739222814
SDV1,1682,1,1.15184128284,1.15218007565,0.000338792800903,0.000338792800903,0.0294131497064
SDV1,1682,2,1.78588354588,1.78656041622,0.000676870346069,0.000676870346069,0.0379011468935
SDV1,1682,3,1.31095004082,1.31176578999,0.000815749168396,0.000815749168396,0.0622258013652
SDV1,1682,4,1.87077188492,1.8717918396,0.0010199546814,0.0010199546814,0.0545205265067
SDV1,1682,5,1.15184128284,1.15218007565,0.000338792800903,0.000338792800903,0.0294131497064
SDV1,1682,6,1.78588354588,1.78656041622,0.000676870346069,0.000676870346069,0.0379011468935
SDV1,1682,7,1.31095004082,1.31176578999,0.000815749168396,0.000815749168396,0.0622258013652
SDV1,1682,8,1.87077188492,1.8717918396,0.0010199546814,0.0010199546814,0.0545205265067
SDV1,1683,1,1.78588354588,1.78656041622,0.000676870346069,0.000676870346069,0.0379011468935
SDV1,1683,2,1.15184128284,1.15218007565,0.000338792800903,0.000338792800903,0.0294131497064
SDV1,1683,3,1.87077188492,1.8717918396,0.0010199546814,0.0010199546814,0.0545205265067
SDV1,1683,4,1.31095004082,1.31176578999,0.000815749168396,0.000815749168396,0.0622258013652
SDV1,1683,5,1.78588354588,1.78656041622,0.000676870346069,0.000676870346069,0.0379011468935
SDV1,1683,6,1.15184128284,1.15218007565,0.000338792800903,0.000338792800903,0.0294131497064
SDV1,1683,7,1.87077188492,1.8717918396,0.0010199546814,0.0010199546814,0.0545205265067
SDV1,1683,8,1.31095004082,1.31176578999,0.000815749168396,0.000815749168396,0.0622258013652
SDV1,1684,1,1.33330988884,1.33331286907,2.98023223877e-06,2.98023223877e-06,0.000223521348166
SDV1,1684,2,0.974449932575,0.974287688732,-0.000162243843079,0.000162243843079,0.0166497875011
SDV1,1684,3,1.56254172325,1.56247723103,-6.4492225647e-05,6.4492225647e-05,0.00412739222814
SDV1,1684,4,1.2645689249,1.2644405365,-0.000128388404846,0.000128388404846,0.0101527407734
SDV1,1684,5,1.33330988884,1.33331286907,2.98023223877e-06,2.98023223877e-06,0.000223521348166
SDV1,1684,6,0.974449932575,0.974287688732,-0.000162243843079,0.000162243843079,0.0166497875011
SDV1,1684,7,1.56254172325,1.56247723103,-6.4492225647e-05,6.4492225647e-05,0.00412739222814
SDV1,1684,8,1.2645689249,1.2644405365,-0.000128388404846,0.000128388404846,0.0101527407734
SDV1,1754,1,2.94394040108,2.9460234642,0.00208306312561,0.00208306312561,0.0707576527313
SDV1,1754,2,3.44736862183,3.44938492775,0.00201630592346,0.00201630592346,0.0584882600223
SDV1,1754,3,3.69664549828,3.69930315018,0.00265765190125,0.00265765190125,0.0718936100983
SDV1,1754,4,4.06414794922,4.06858539581,0.00443744659424,0.00443744659424,0.109185163771
SDV1,1754,5,2.94394040108,2.9460234642,0.00208306312561,0.00208306312561,0.0707576527313
SDV1,1754,6,3.44736862183,3.44938492775,0.00201630592346,0.00201630592346,0.0584882600223
SDV1,1754,7,3.69664549828,3.69930315018,0.00265765190125,0.00265765190125,0.0718936100983
SDV1,1754,8,4.06414794922,4.06858539581,0.00443744659424,0.00443744659424,0.109185163771
SDV1,1755,1,0.531018137932,0.531110823154,9.26852226257e-05,9.26852226257e-05,0.0174542479823
SDV1,1755,2,1.49808192253,1.49857890606,0.000496983528137,0.000496983528137,0.0331746562496
SDV1,1755,3,2.51617789268,2.51733183861,0.00115394592285,0.00115394592285,0.0458610627733
SDV1,1755,4,3.39807987213,3.39926552773,0.00118565559387,0.00118565559387,0.0348919283386
SDV1,1755,5,0.531018137932,0.531110823154,9.26852226257e-05,9.26852226257e-05,0.0174542479823
SDV1,1755,6,1.49808192253,1.49857890606,0.000496983528137,0.000496983528137,0.0331746562496
SDV1,1755,7,2.51617789268,2.51733183861,0.00115394592285,0.00115394592285,0.0458610627733
SDV1,1755,8,3.39807987213,3.39926552773,0.00118565559387,0.00118565559387,0.0348919283386
SDV1,1756,1,1.49808192253,1.49857890606,0.000496983528137,0.000496983528137,0.0331746562496
SDV1,1756,2,0.531018137932,0.531110823154,9.26852226257e-05,9.26852226257e-05,0.0174542479823
SDV1,1756,3,3.39807987213,3.39926552773,0.00118565559387,0.00118565559387,0.0348919283386
SDV1,1756,4,2.51617789268,2.51733183861,0.00115394592285,0.00115394592285,0.0458610627733
SDV1,1756,5,1.49808192253,1.49857890606,0.000496983528137,0.000496983528137,0.0331746562496
SDV1,1756,6,0.531018137932,0.531110823154,9.26852226257e-05,9.26852226257e-05,0.0174542479823
SDV1,1756,7,3.39807987213,3.39926552773,0.00118565559387,0.00118565559387,0.0348919283386
SDV1,1756,8,2.51617789268,2.51733183861,0.00115394592285,0.00115394592285,0.0458610627733
SDV1,1757,1,3.44736862183,3.44938492775,0.00201630592346,0.00201630592346,0.0584882600223
SDV1,1757,2,2.94394040108,2.9460234642,0.00208306312561,0.00208306312561,0.0707576527313
SDV1,1757,3,4.06414794922,4.06858539581,0.00443744659424,0.00443744659424,0.109185163771
SDV1,1757,4,3.69664549828,3.69930315018,0.00265765190125,0.00265765190125,0.0718936100983
SDV1,1757,5,3.44736862183,3.44938492775,0.00201630592346,0.00201630592346,0.0584882600223
SDV1,1757,6,2.94394040108,2.9460234642,0.00208306312561,0.00208306312561,0.0707576527313
SDV1,1757,7,4.06414794922,4.06858539581,0.00443744659424,0.00443744659424,0.109185163771
SDV1,1757,8,3.69664549828,3.69930315018,0.00265765190125,0.00265765190125,0.0718936100983
SDV1,1828,1,4.56141757965,4.56504106522,0.00362348556519,0.00362348556519,0.0794377077282
SDV1,1828,2,4.73994636536,4.74040460587,0.000458240509033,0.000458240509033,0.00966763068001
SDV1,1828,3,5.00201845169,5.00075435638,-0.0012640953064,0.0012640953064,0.0252717041851
SDV1,1828,4,5.1217713356,5.1264424324,0.00467109680176,0.00467109680176,0.0912008072147
SDV1,1828,5,4.56141757965,4.56504106522,0.00362348556519,0.00362348556519,0.0794377077282
SDV1,1828,6,4.73994636536,4.74040460587,0.000458240509033,0.000458240509033,0.00966763068001
SDV1,1828,7,5.00201845169,5.00075435638,-0.0012640953064,0.0012640953064,0.0252717041851
SDV1,1828,8,5.1217713356,5.1264424324,0.00467109680176,0.00467109680176,0.0912008072147
SDV1,1829,1,4.10945606232,4.11041307449,0.000957012176514,0.000957012176514,0.0232880498538
SDV1,1829,2,4.48764944077,4.48617315292,-0.0014762878418,0.0014762878418,0.0328966836934
SDV1,1829,3,5.1752166748,5.17566585541,0.000449180603027,0.000449180603027,0.00867945501131
SDV1,1829,4,5.38078165054,5.3762383461,-0.00454330444336,0.00454330444336,0.0844357704591
SDV1,1829,5,4.10945606232,4.11041307449,0.000957012176514,0.000957012176514,0.0232880498538
SDV1,1829,6,4.48764944077,4.48617315292,-0.0014762878418,0.0014762878418,0.0328966836934
SDV1,1829,7,5.1752166748,5.17566585541,0.000449180603027,0.000449180603027,0.00867945501131
SDV1,1829,8,5.38078165054,5.3762383461,-0.00454330444336,0.00454330444336,0.0844357704591
SDV1,1830,1,1.97336518764,1.97609984875,0.00273466110229,0.00273466110229,0.138578562114
SDV1,1830,2,4.90792798996,4.90171813965,-0.00620985031128,0.00620985031128,0.126526923867
SDV1,1830,3,5.26472520828,5.25507831573,-0.00964689254761,0.00964689254761,0.183236392517
SDV1,1830,4,6.05353784561,6.03404569626,-0.019492149353,0.019492149353,0.321995993915
SDV1,1830,5,1.97336518764,1.97609984875,0.00273466110229,0.00273466110229,0.138578562114
SDV1,1830,6,4.90792798996,4.90171813965,-0.00620985031128,0.00620985031128,0.126526923867
SDV1,1830,7,5.26472520828,5.25507831573,-0.00964689254761,0.00964689254761,0.183236392517
SDV1,1830,8,6.05353784561,6.03404569626,-0.019492149353,0.019492149353,0.321995993915
SDV1,1831,1,4.90792798996,4.90171813965,-0.00620985031128,0.00620985031128,0.126526923867
SDV1,1831,2,1.97336518764,1.97609984875,0.00273466110229,0.00273466110229,0.138578562114
SDV1,1831,3,6.05353784561,6.03404569626,-0.019492149353,0.019492149353,0.321995993915
SDV1,1831,4,5.26472520828,5.25507831573,-0.00964689254761,0.00964689254761,0.183236392517
SDV1,1831,5,4.90792798996,4.90171813965,-0.00620985031128,0.00620985031128,0.126526923867
SDV1,1831,6,1.97336518764,1.97609984875,0.00273466110229,0.00273466110229,0.138578562114
SDV1,1831,7,6.05353784561,6.03404569626,-0.019492149353,0.019492149353,0.321995993915
SDV1,1831,8,5.26472520828,5.25507831573,-0.00964689254761,0.00964689254761,0.183236392517
SDV1,1832,1,4.48764944077,4.48617315292,-0.0014762878418,0.0014762878418,0.0328966836934
SDV1,1832,2,4.10945606232,4.11041307449,0.000957012176514,0.000957012176514,0.0232880498538
SDV1,1832,3,5.38078165054,5.3762383461,-0.00454330444336,0.00454330444336,0.0844357704591
SDV1,1832,4,5.1752166748,5.17566585541,0.000449180603027,0.000449180603027,0.00867945501131
SDV1,1832,5,4.48764944077,4.48617315292,-0.0014762878418,0.0014762878418,0.0328966836934
SDV1,1832,6,4.10945606232,4.11041307449,0.000957012176514,0.000957012176514,0.0232880498538
SDV1,1832,7,5.38078165054,5.3762383461,-0.00454330444336,0.00454330444336,0.0844357704591
SDV1,1832,8,5.1752166748,5.17566585541,0.000449180603027,0.000449180603027,0.00867945501131
SDV1,1833,1,4.73994636536,4.74040460587,0.000458240509033,0.000458240509033,0.00966763068001
SDV1,1833,2,4.56141757965,4.56504106522,0.00362348556519,0.00362348556519,0.0794377077282
SDV1,1833,3,5.1217713356,5.1264424324,0.00467109680176,0.00467109680176,0.0912008072147
SDV1,1833,4,5.00201845169,5.00075435638,-0.0012640953064,0.0012640953064,0.0252717041851
SDV1,1833,5,4.73994636536,4.74040460587,0.000458240509033,0.000458240509033,0.00966763068001
SDV1,1833,6,4.56141757965,4.56504106522,0.00362348556519,0.00362348556519,0.0794377077282
SDV1,1833,7,5.1217713356,5.1264424324,0.00467109680176,0.00467109680176,0.0912008072147
SDV1,1833,8,5.00201845169,5.00075435638,-0.0012640953064,0.0012640953064,0.0252717041851
SDV1,1905,1,5.43030548096,5.4200668335,-0.0102386474609,0.0102386474609,0.188546436234
SDV1,1905,2,5.51373338699,5.49898433685,-0.0147490501404,0.0147490501404,0.267496614457
SDV1,1905,3,5.58509254456,5.5673661232,-0.0177264213562,0.0177264213562,0.317388140211
SDV1,1905,4,5.6523475647,5.63793516159,-0.0144124031067,0.0144124031067,0.254980836577
SDV1,1905,5,5.43030548096,5.4200668335,-0.0102386474609,0.0102386474609,0.188546436234
SDV1,1905,6,5.51373338699,5.49898433685,-0.0147490501404,0.0147490501404,0.267496614457
SDV1,1905,7,5.58509254456,5.5673661232,-0.0177264213562,0.0177264213562,0.317388140211
SDV1,1905,8,5.6523475647,5.63793516159,-0.0144124031067,0.0144124031067,0.254980836577
SDV1,1906,1,5.65432214737,5.63978767395,-0.0145344734192,0.0145344734192,0.257050678054
SDV1,1906,2,5.58599996567,5.56786394119,-0.0181360244751,0.0181360244751,0.324669255041
SDV1,1906,3,5.65869760513,5.64389133453,-0.0148062705994,0.0148062705994,0.261655095086
SDV1,1906,4,5.58884525299,5.57161426544,-0.0172309875488,0.0172309875488,0.308310335478
SDV1,1906,5,5.65432214737,5.63978767395,-0.0145344734192,0.0145344734192,0.257050678054
SDV1,1906,6,5.58599996567,5.56786394119,-0.0181360244751,0.0181360244751,0.324669255041
SDV1,1906,7,5.65869760513,5.64389133453,-0.0148062705994,0.0148062705994,0.261655095086
SDV1,1906,8,5.58884525299,5.57161426544,-0.0172309875488,0.0172309875488,0.308310335478
SDV1,1907,1,6.4000787735,6.37941741943,-0.0206613540649,0.0206613540649,0.322829683761
SDV1,1907,2,6.41741323471,6.39429950714,-0.0231137275696,0.0231137275696,0.360172030758
SDV1,1907,3,5.81878519058,5.81045055389,-0.00833463668823,0.00833463668823,0.143236713768
SDV1,1907,4,5.8341794014,5.82453203201,-0.00964736938477,0.00964736938477,0.165359491387
SDV1,1907,5,6.4000787735,6.37941741943,-0.0206613540649,0.0206613540649,0.322829683761
SDV1,1907,6,6.41741323471,6.39429950714,-0.0231137275696,0.0231137275696,0.360172030758
SDV1,1907,7,5.81878519058,5.81045055389,-0.00833463668823,0.00833463668823,0.143236713768
SDV1,1907,8,5.8341794014,5.82453203201,-0.00964736938477,0.00964736938477,0.165359491387
SDV1,1908,1,6.29947710037,6.28443241119,-0.0150446891785,0.0150446891785,0.238824412547
SDV1,1908,2,6.23923492432,6.22347354889,-0.0157613754272,0.0157613754272,0.252617117618
SDV1,1908,3,6.09378576279,6.08436393738,-0.00942182540894,0.00942182540894,0.154613663422
SDV1,1908,4,6.03811216354,6.02659511566,-0.0115170478821,0.0115170478821,0.190739217327
SDV1,1908,5,6.29947710037,6.28443241119,-0.0150446891785,0.0150446891785,0.238824412547
SDV1,1908,6,6.23923492432,6.22347354889,-0.0157613754272,0.0157613754272,0.252617117618
SDV1,1908,7,6.09378576279,6.08436393738,-0.00942182540894,0.00942182540894,0.154613663422
SDV1,1908,8,6.03811216354,6.02659511566,-0.0115170478821,0.0115170478821,0.190739217327
SDV1,1909,1,6.23923492432,6.22347354889,-0.0157613754272,0.0157613754272,0.252617117618
SDV1,1909,2,6.29947710037,6.28443241119,-0.0150446891785,0.0150446891785,0.238824412547
SDV1,1909,3,6.03811216354,6.02659511566,-0.0115170478821,0.0115170478821,0.190739217327
SDV1,1909,4,6.09378576279,6.08436393738,-0.00942182540894,0.00942182540894,0.154613663422
SDV1,1909,5,6.23923492432,6.22347354889,-0.0157613754272,0.0157613754272,0.252617117618
SDV1,1909,6,6.29947710037,6.28443241119,-0.0150446891785,0.0150446891785,0.238824412547
SDV1,1909,7,6.03811216354,6.02659511566,-0.0115170478821,0.0115170478821,0.190739217327
SDV1,1909,8,6.09378576279,6.08436393738,-0.00942182540894,0.00942182540894,0.154613663422
SDV1,1910,1,6.41741323471,6.39429950714,-0.0231137275696,0.0231137275696,0.360172030758
SDV1,1910,2,6.4000787735,6.37941741943,-0.0206613540649,0.0206613540649,0.322829683761
SDV1,1910,3,5.8341794014,5.82453203201,-0.00964736938477,0.00964736938477,0.165359491387
SDV1,1910,4,5.81878519058,5.81045055389,-0.00833463668823,0.00833463668823,0.143236713768
SDV1,1910,5,6.41741323471,6.39429950714,-0.0231137275696,0.0231137275696,0.360172030758
SDV1,1910,6,6.4000787735,6.37941741943,-0.0206613540649,0.0206613540649,0.322829683761
SDV1,1910,7,5.8341794014,5.82453203201,-0.00964736938477,0.00964736938477,0.165359491387
SDV1,1910,8,5.81878519058,5.81045055389,-0.00833463668823,0.00833463668823,0.143236713768
SDV1,1911,1,5.58599996567,5.56786394119,-0.0181360244751,0.0181360244751,0.324669255041
SDV1,1911,2,5.65432214737,5.63978767395,-0.0145344734192,0.0145344734192,0.257050678054
SDV1,1911,3,5.58884525299,5.57161426544,-0.0172309875488,0.0172309875488,0.308310335478
SDV1,1911,4,5.65869760513,5.64389133453,-0.0148062705994,0.0148062705994,0.261655095086
SDV1,1911,5,5.58599996567,5.56786394119,-0.0181360244751,0.0181360244751,0.324669255041
SDV1,1911,6,5.65432214737,5.63978767395,-0.0145344734192,0.0145344734192,0.257050678054
SDV1,1911,7,5.58884525299,5.57161426544,-0.0172309875488,0.0172309875488,0.308310335478
SDV1,1911,8,5.65869760513,5.64389133453,-0.0148062705994,0.0148062705994,0.261655095086
SDV1,1912,1,5.51373338699,5.49898433685,-0.0147490501404,0.0147490501404,0.267496614457
SDV1,1912,2,5.43030548096,5.4200668335,-0.0102386474609,0.0102386474609,0.188546436234
SDV1,1912,3,5.6523475647,5.63793516159,-0.0144124031067,0.0144124031067,0.254980836577
SDV1,1912,4,5.58509254456,5.5673661232,-0.0177264213562,0.0177264213562,0.317388140211
SDV1,1912,5,5.51373338699,5.49898433685,-0.0147490501404,0.0147490501404,0.267496614457
SDV1,1912,6,5.43030548096,5.4200668335,-0.0102386474609,0.0102386474609,0.188546436234
SDV1,1912,7,5.6523475647,5.63793516159,-0.0144124031067,0.0144124031067,0.254980836577
SDV1,1912,8,5.58509254456,5.5673661232,-0.0177264213562,0.0177264213562,0.317388140211
SDV1,1987,1,5.22911643982,5.2185125351,-0.0106039047241,0.0106039047241,0.202785783146
SDV1,1987,2,5.25050210953,5.23907518387,-0.0114269256592,0.0114269256592,0.217634912258
SDV1,1987,3,5.16698122025,5.15717315674,-0.00980806350708,0.00980806350708,0.189821930621
SDV1,1987,4,5.19884872437,5.18803930283,-0.0108094215393,0.0108094215393,0.207919524349
SDV1,1987,5,5.22911643982,5.2185125351,-0.0106039047241,0.0106039047241,0.202785783146
SDV1,1987,6,5.25050210953,5.23907518387,-0.0114269256592,0.0114269256592,0.217634912258
SDV1,1987,7,5.16698122025,5.15717315674,-0.00980806350708,0.00980806350708,0.189821930621
SDV1,1987,8,5.19884872437,5.18803930283,-0.0108094215393,0.0108094215393,0.207919524349
SDV1,1988,1,5.77468442917,5.76338148117,-0.011302947998,0.011302947998,0.195732738935
SDV1,1988,2,5.79346942902,5.78277826309,-0.0106911659241,0.0106911659241,0.184538229727
SDV1,1988,3,5.33440065384,5.32179355621,-0.0126070976257,0.0126070976257,0.236335784352
SDV1,1988,4,5.40101194382,5.38784074783,-0.0131711959839,0.0131711959839,0.243865337105
SDV1,1988,5,5.77468442917,5.76338148117,-0.011302947998,0.011302947998,0.195732738935
SDV1,1988,6,5.79346942902,5.78277826309,-0.0106911659241,0.0106911659241,0.184538229727
SDV1,1988,7,5.33440065384,5.32179355621,-0.0126070976257,0.0126070976257,0.236335784352
SDV1,1988,8,5.40101194382,5.38784074783,-0.0131711959839,0.0131711959839,0.243865337105
SDV1,1989,1,5.79346942902,5.78277826309,-0.0106911659241,0.0106911659241,0.184538229727
SDV1,1989,2,5.77468442917,5.76338148117,-0.011302947998,0.011302947998,0.195732738935
SDV1,1989,3,5.40101194382,5.38784074783,-0.0131711959839,0.0131711959839,0.243865337105
SDV1,1989,4,5.33440065384,5.32179355621,-0.0126070976257,0.0126070976257,0.236335784352
SDV1,1989,5,5.79346942902,5.78277826309,-0.0106911659241,0.0106911659241,0.184538229727
SDV1,1989,6,5.77468442917,5.76338148117,-0.011302947998,0.011302947998,0.195732738935
SDV1,1989,7,5.40101194382,5.38784074783,-0.0131711959839,0.0131711959839,0.243865337105
SDV1,1989,8,5.33440065384,5.32179355621,-0.0126070976257,0.0126070976257,0.236335784352
SDV1,1990,1,5.25050210953,5.23907518387,-0.0114269256592,0.0114269256592,0.217634912258
SDV1,1990,2,5.22911643982,5.2185125351,-0.0106039047241,0.0106039047241,0.202785783146
SDV1,1990,3,5.19884872437,5.18803930283,-0.0108094215393,0.0108094215393,0.207919524349
SDV1,1990,4,5.16698122025,5.15717315674,-0.00980806350708,0.00980806350708,0.189821930621
SDV1,1990,5,5.25050210953,5.23907518387,-0.0114269256592,0.0114269256592,0.217634912258
SDV1,1990,6,5.22911643982,5.2185125351,-0.0106039047241,0.0106039047241,0.202785783146
SDV1,1990,7,5.19884872437,5.18803930283,-0.0108094215393,0.0108094215393,0.207919524349
SDV1,1990,8,5.16698122025,5.15717315674,-0.00980806350708,0.00980806350708,0.189821930621
SDV8,1159,1,18.5428638458,12.4515638351,-6.09130001068,6.09130001068,32.8498340997
SDV8,1159,2,21.9842700958,16.0276184082,-5.95665168762,5.95665168762,27.0950623407
SDV8,1159,3,20.781288147,14.9678087234,-5.81347942352,5.81347942352,27.9745864761
SDV8,1159,4,24.9117126465,19.1593532562,-5.75235939026,5.75235939026,23.090983233
SDV8,1159,5,18.5428638458,12.4515638351,-6.09130001068,6.09130001068,32.8498340997
SDV8,1159,6,21.9842700958,16.0276184082,-5.95665168762,5.95665168762,27.0950623407
SDV8,1159,7,20.781288147,14.9678087234,-5.81347942352,5.81347942352,27.9745864761
SDV8,1159,8,24.9117126465,19.1593532562,-5.75235939026,5.75235939026,23.090983233
SDV8,1160,1,39.2530860901,34.2363967896,-5.01668930054,5.01668930054,12.7803691384
SDV8,1160,2,47.6160774231,42.4186973572,-5.19738006592,5.19738006592,10.9151789631
SDV8,1160,3,60.3427734375,51.9117660522,-8.43100738525,8.43100738525,13.9718592716
SDV8,1160,4,68.4101257324,59.9267425537,-8.48338317871,8.48338317871,12.4007712132
SDV8,1160,5,39.2530860901,34.2363967896,-5.01668930054,5.01668930054,12.7803691384
SDV8,1160,6,47.6160774231,42.4186973572,-5.19738006592,5.19738006592,10.9151789631
SDV8,1160,7,60.3427734375,51.9117660522,-8.43100738525,8.43100738525,13.9718592716
SDV8,1160,8,68.4101257324,59.9267425537,-8.48338317871,8.48338317871,12.4007712132
SDV8,1161,1,47.6160774231,42.4186973572,-5.19738006592,5.19738006592,10.9151789631
SDV8,1161,2,39.2530860901,34.2363967896,-5.01668930054,5.01668930054,12.7803691384
SDV8,1161,3,68.4101257324,59.9267425537,-8.48338317871,8.48338317871,12.4007712132
SDV8,1161,4,60.3427734375,51.9117660522,-8.43100738525,8.43100738525,13.9718592716
SDV8,1161,5,47.6160774231,42.4186973572,-5.19738006592,5.19738006592,10.9151789631
SDV8,1161,6,39.2530860901,34.2363967896,-5.01668930054,5.01668930054,12.7803691384
SDV8,1161,7,68.4101257324,59.9267425537,-8.48338317871,8.48338317871,12.4007712132
SDV8,1161,8,60.3427734375,51.9117660522,-8.43100738525,8.43100738525,13.9718592716
SDV8,1162,1,21.9842700958,16.0276184082,-5.95665168762,5.95665168762,27.0950623407
SDV8,1162,2,18.5428638458,12.4515638351,-6.09130001068,6.09130001068,32.8498340997
SDV8,1162,3,24.9117126465,19.1593532562,-5.75235939026,5.75235939026,23.090983233
SDV8,1162,4,20.781288147,14.9678087234,-5.81347942352,5.81347942352,27.9745864761
SDV8,1162,5,21.9842700958,16.0276184082,-5.95665168762,5.95665168762,27.0950623407
SDV8,1162,6,18.5428638458,12.4515638351,-6.09130001068,6.09130001068,32.8498340997
SDV8,1162,7,24.9117126465,19.1593532562,-5.75235939026,5.75235939026,23.090983233
SDV8,1162,8,20.781288147,14.9678087234,-5.81347942352,5.81347942352,27.9745864761
SDV8,1237,1,12.2167539597,4.30744981766,-7.909304142,7.909304142,64.7414539747
SDV8,1237,2,12.3969526291,3.62269425392,-8.77425837517,8.77425837517,70.7775421726
SDV8,1237,3,0.599001646042,-5.73508548737,-6.33408713341,6.33408713341,1057.44068906
SDV8,1237,4,0.317897051573,-6.67467260361,-6.99256965518,6.99256965518,2199.63337835
SDV8,1237,5,12.2167539597,4.30744981766,-7.909304142,7.909304142,64.7414539747
SDV8,1237,6,12.3969526291,3.62269425392,-8.77425837517,8.77425837517,70.7775421726
SDV8,1237,7,0.599001646042,-5.73508548737,-6.33408713341,6.33408713341,1057.44068906
SDV8,1237,8,0.317897051573,-6.67467260361,-6.99256965518,6.99256965518,2199.63337835
SDV8,1238,1,17.7082328796,9.4389591217,-8.26927375793,8.26927375793,46.697340238
SDV8,1238,2,20.0123615265,12.9814023972,-7.03095912933,7.03095912933,35.1330807213
SDV8,1238,3,9.21252346039,0.641632139683,-8.57089132071,8.57089132071,93.0352183911
SDV8,1238,4,12.7430257797,5.32016324997,-7.42286252975,7.42286252975,58.250392474
SDV8,1238,5,17.7082328796,9.4389591217,-8.26927375793,8.26927375793,46.697340238
SDV8,1238,6,20.0123615265,12.9814023972,-7.03095912933,7.03095912933,35.1330807213
SDV8,1238,7,9.21252346039,0.641632139683,-8.57089132071,8.57089132071,93.0352183911
SDV8,1238,8,12.7430257797,5.32016324997,-7.42286252975,7.42286252975,58.250392474
SDV8,1239,1,41.0139465332,33.0481491089,-7.96579742432,7.96579742432,19.4221675738
SDV8,1239,2,55.8303451538,46.6721687317,-9.15817642212,9.15817642212,16.4035819533
SDV8,1239,3,74.5979919434,66.2038345337,-8.39415740967,8.39415740967,11.2525246203
SDV8,1239,4,91.1466598511,81.1967315674,-9.94992828369,9.94992828369,10.9163937548
SDV8,1239,5,41.0139465332,33.0481491089,-7.96579742432,7.96579742432,19.4221675738
SDV8,1239,6,55.8303451538,46.6721687317,-9.15817642212,9.15817642212,16.4035819533
SDV8,1239,7,74.5979919434,66.2038345337,-8.39415740967,8.39415740967,11.2525246203
SDV8,1239,8,91.1466598511,81.1967315674,-9.94992828369,9.94992828369,10.9163937548
SDV8,1240,1,82.4872131348,70.7539215088,-11.733291626,11.733291626,14.2243763367
SDV8,1240,2,73.2835769653,62.1813697815,-11.1022071838,11.1022071838,15.14965241
SDV8,1240,3,85.674987793,73.6610717773,-12.0139160156,12.0139160156,14.0226644031
SDV8,1240,4,73.9497833252,61.8631248474,-12.0866584778,12.0866584778,16.3444136471
SDV8,1240,5,82.4872131348,70.7539215088,-11.733291626,11.733291626,14.2243763367
SDV8,1240,6,73.2835769653,62.1813697815,-11.1022071838,11.1022071838,15.14965241
SDV8,1240,7,85.674987793,73.6610717773,-12.0139160156,12.0139160156,14.0226644031
SDV8,1240,8,73.9497833252,61.8631248474,-12.0866584778,12.0866584778,16.3444136471
SDV8,1241,1,73.2835769653,62.1813697815,-11.1022071838,11.1022071838,15.14965241
SDV8,1241,2,82.4872131348,70.7539215088,-11.733291626,11.733291626,14.2243763367
SDV8,1241,3,73.9497833252,61.8631248474,-12.0866584778,12.0866584778,16.3444136471
SDV8,1241,4,85.674987793,73.6610717773,-12.0139160156,12.0139160156,14.0226644031
SDV8,1241,5,73.2835769653,62.1813697815,-11.1022071838,11.1022071838,15.14965241
SDV8,1241,6,82.4872131348,70.7539215088,-11.733291626,11.733291626,14.2243763367
SDV8,1241,7,73.9497833252,61.8631248474,-12.0866584778,12.0866584778,16.3444136471
SDV8,1241,8,85.674987793,73.6610717773,-12.0139160156,12.0139160156,14.0226644031
SDV8,1242,1,55.8303451538,46.6721687317,-9.15817642212,9.15817642212,16.4035819533
SDV8,1242,2,41.0139465332,33.0481491089,-7.96579742432,7.96579742432,19.4221675738
SDV8,1242,3,91.1466598511,81.1967315674,-9.94992828369,9.94992828369,10.9163937548
SDV8,1242,4,74.5979919434,66.2038345337,-8.39415740967,8.39415740967,11.2525246203
SDV8,1242,5,55.8303451538,46.6721687317,-9.15817642212,9.15817642212,16.4035819533
SDV8,1242,6,41.0139465332,33.0481491089,-7.96579742432,7.96579742432,19.4221675738
SDV8,1242,7,91.1466598511,81.1967315674,-9.94992828369,9.94992828369,10.9163937548
SDV8,1242,8,74.5979919434,66.2038345337,-8.39415740967,8.39415740967,11.2525246203
SDV8,1243,1,20.0123615265,12.9814023972,-7.03095912933,7.03095912933,35.1330807213
SDV8,1243,2,17.7082328796,9.4389591217,-8.26927375793,8.26927375793,46.697340238
SDV8,1243,3,12.7430257797,5.32016324997,-7.42286252975,7.42286252975,58.250392474
SDV8,1243,4,9.21252346039,0.641632139683,-8.57089132071,8.57089132071,93.0352183911
SDV8,1243,5,20.0123615265,12.9814023972,-7.03095912933,7.03095912933,35.1330807213
SDV8,1243,6,17.7082328796,9.4389591217,-8.26927375793,8.26927375793,46.697340238
SDV8,1243,7,12.7430257797,5.32016324997,-7.42286252975,7.42286252975,58.250392474
SDV8,1243,8,9.21252346039,0.641632139683,-8.57089132071,8.57089132071,93.0352183911
SDV8,1244,1,12.3969526291,3.62269425392,-8.77425837517,8.77425837517,70.7775421726
SDV8,1244,2,12.2167539597,4.30744981766,-7.909304142,7.909304142,64.7414539747
SDV8,1244,3,0.317897051573,-6.67467260361,-6.99256965518,6.99256965518,2199.63337835
SDV8,1244,4,0.599001646042,-5.73508548737,-6.33408713341,6.33408713341,1057.44068906
SDV8,1244,5,12.3969526291,3.62269425392,-8.77425837517,8.77425837517,70.7775421726
SDV8,1244,6,12.2167539597,4.30744981766,-7.909304142,7.909304142,64.7414539747
SDV8,1244,7,0.317897051573,-6.67467260361,-6.99256965518,6.99256965518,2199.63337835
SDV8,1244,8,0.599001646042,-5.73508548737,-6.33408713341,6.33408713341,1057.44068906
SDV8,1316,1,-12.5206794739,-16.5805072784,-4.05982780457,4.05982780457,32.4249799145
SDV8,1316,2,-12.7846822739,-17.1587982178,-4.37411594391,4.37411594391,34.2137242851
SDV8,1316,3,-16.9272251129,-19.8350505829,-2.90782546997,2.90782546997,17.1783942765
SDV8,1316,4,-17.6644973755,-20.8261203766,-3.1616230011,3.1616230011,17.8981769698
SDV8,1316,5,-12.5206794739,-16.5805072784,-4.05982780457,4.05982780457,32.4249799145
SDV8,1316,6,-12.7846822739,-17.1587982178,-4.37411594391,4.37411594391,34.2137242851
SDV8,1316,7,-16.9272251129,-19.8350505829,-2.90782546997,2.90782546997,17.1783942765
SDV8,1316,8,-17.6644973755,-20.8261203766,-3.1616230011,3.1616230011,17.8981769698
SDV8,1317,1,-10.8945016861,-15.8034420013,-4.90894031525,4.90894031525,45.0588788426
SDV8,1317,2,-9.04522323608,-14.0296573639,-4.98443412781,4.98443412781,55.1057060474
SDV8,1317,3,-18.2482204437,-20.2217617035,-1.97354125977,1.97354125977,10.8149792789
SDV8,1317,4,-16.7375240326,-18.7301368713,-1.99261283875,1.99261283875,11.9050633467
SDV8,1317,5,-10.8945016861,-15.8034420013,-4.90894031525,4.90894031525,45.0588788426
SDV8,1317,6,-9.04522323608,-14.0296573639,-4.98443412781,4.98443412781,55.1057060474
SDV8,1317,7,-18.2482204437,-20.2217617035,-1.97354125977,1.97354125977,10.8149792789
SDV8,1317,8,-16.7375240326,-18.7301368713,-1.99261283875,1.99261283875,11.9050633467
SDV8,1318,1,-1.82041418552,-6.44429588318,-4.62388169765,4.62388169765,254.001629652
SDV8,1318,2,-0.36952650547,-5.03370189667,-4.6641753912,4.6641753912,1262.20320387
SDV8,1318,3,-15.7544088364,-15.3946638107,0.359745025635,0.359745025635,2.28345620182
SDV8,1318,4,-14.9816417694,-14.4228048325,0.558836936951,0.558836936951,3.73014483694
SDV8,1318,5,-1.82041418552,-6.44429588318,-4.62388169765,4.62388169765,254.001629652
SDV8,1318,6,-0.36952650547,-5.03370189667,-4.6641753912,4.6641753912,1262.20320387
SDV8,1318,7,-15.7544088364,-15.3946638107,0.359745025635,0.359745025635,2.28345620182
SDV8,1318,8,-14.9816417694,-14.4228048325,0.558836936951,0.558836936951,3.73014483694
SDV8,1319,1,-0.36952650547,-5.03370189667,-4.6641753912,4.6641753912,1262.20320387
SDV8,1319,2,-1.82041418552,-6.44429588318,-4.62388169765,4.62388169765,254.001629652
SDV8,1319,3,-14.9816417694,-14.4228048325,0.558836936951,0.558836936951,3.73014483694
SDV8,1319,4,-15.7544088364,-15.3946638107,0.359745025635,0.359745025635,2.28345620182
SDV8,1319,5,-0.36952650547,-5.03370189667,-4.6641753912,4.6641753912,1262.20320387
SDV8,1319,6,-1.82041418552,-6.44429588318,-4.62388169765,4.62388169765,254.001629652
SDV8,1319,7,-14.9816417694,-14.4228048325,0.558836936951,0.558836936951,3.73014483694
SDV8,1319,8,-15.7544088364,-15.3946638107,0.359745025635,0.359745025635,2.28345620182
SDV8,1320,1,-9.04522323608,-14.0296573639,-4.98443412781,4.98443412781,55.1057060474
SDV8,1320,2,-10.8945016861,-15.8034420013,-4.90894031525,4.90894031525,45.0588788426
SDV8,1320,3,-16.7375240326,-18.7301368713,-1.99261283875,1.99261283875,11.9050633467
SDV8,1320,4,-18.2482204437,-20.2217617035,-1.97354125977,1.97354125977,10.8149792789
SDV8,1320,5,-9.04522323608,-14.0296573639,-4.98443412781,4.98443412781,55.1057060474
SDV8,1320,6,-10.8945016861,-15.8034420013,-4.90894031525,4.90894031525,45.0588788426
SDV8,1320,7,-16.7375240326,-18.7301368713,-1.99261283875,1.99261283875,11.9050633467
SDV8,1320,8,-18.2482204437,-20.2217617035,-1.97354125977,1.97354125977,10.8149792789
SDV8,1321,1,-12.7846822739,-17.1587982178,-4.37411594391,4.37411594391,34.2137242851
SDV8,1321,2,-12.5206794739,-16.5805072784,-4.05982780457,4.05982780457,32.4249799145
SDV8,1321,3,-17.6644973755,-20.8261203766,-3.1616230011,3.1616230011,17.8981769698
SDV8,1321,4,-16.9272251129,-19.8350505829,-2.90782546997,2.90782546997,17.1783942765
SDV8,1321,5,-12.7846822739,-17.1587982178,-4.37411594391,4.37411594391,34.2137242851
SDV8,1321,6,-12.5206794739,-16.5805072784,-4.05982780457,4.05982780457,32.4249799145
SDV8,1321,7,-17.6644973755,-20.8261203766,-3.1616230011,3.1616230011,17.8981769698
SDV8,1321,8,-16.9272251129,-19.8350505829,-2.90782546997,2.90782546997,17.1783942765
SDV8,1392,1,-20.2167453766,-21.9325485229,-1.71580314636,1.71580314636,8.48703940422
SDV8,1392,2,-19.6426391602,-21.6190166473,-1.97637748718,1.97637748718,10.0616697739
SDV8,1392,3,-19.4411888123,-20.194934845,-0.753746032715,0.753746032715,3.8770573137
SDV8,1392,4,-19.0651187897,-20.0860900879,-1.02097129822,1.02097129822,5.35517931717
SDV8,1392,5,-20.2167453766,-21.9325485229,-1.71580314636,1.71580314636,8.48703940422
SDV8,1392,6,-19.6426391602,-21.6190166473,-1.97637748718,1.97637748718,10.0616697739
SDV8,1392,7,-19.4411888123,-20.194934845,-0.753746032715,0.753746032715,3.8770573137
SDV8,1392,8,-19.0651187897,-20.0860900879,-1.02097129822,1.02097129822,5.35517931717
SDV8,1393,1,-17.0709571838,-17.478351593,-0.40739440918,0.40739440918,2.38647666204
SDV8,1393,2,-12.381228447,-12.4842863083,-0.103057861328,0.103057861328,0.832371858492
SDV8,1393,3,-8.89031124115,-8.99084568024,-0.100534439087,0.100534439087,1.13083149015
SDV8,1393,4,-3.68989253044,-3.49042272568,0.199469804764,0.199469804764,5.40584320866
SDV8,1393,5,-17.0709571838,-17.478351593,-0.40739440918,0.40739440918,2.38647666204
SDV8,1393,6,-12.381228447,-12.4842863083,-0.103057861328,0.103057861328,0.832371858492
SDV8,1393,7,-8.89031124115,-8.99084568024,-0.100534439087,0.100534439087,1.13083149015
SDV8,1393,8,-3.68989253044,-3.49042272568,0.199469804764,0.199469804764,5.40584320866
SDV8,1394,1,-12.381228447,-12.4842863083,-0.103057861328,0.103057861328,0.832371858492
SDV8,1394,2,-17.0709571838,-17.478351593,-0.40739440918,0.40739440918,2.38647666204
SDV8,1394,3,-3.68989253044,-3.49042272568,0.199469804764,0.199469804764,5.40584320866
SDV8,1394,4,-8.89031124115,-8.99084568024,-0.100534439087,0.100534439087,1.13083149015
SDV8,1394,5,-12.381228447,-12.4842863083,-0.103057861328,0.103057861328,0.832371858492
SDV8,1394,6,-17.0709571838,-17.478351593,-0.40739440918,0.40739440918,2.38647666204
SDV8,1394,7,-3.68989253044,-3.49042272568,0.199469804764,0.199469804764,5.40584320866
SDV8,1394,8,-8.89031124115,-8.99084568024,-0.100534439087,0.100534439087,1.13083149015
SDV8,1395,1,-19.6426391602,-21.6190166473,-1.97637748718,1.97637748718,10.0616697739
SDV8,1395,2,-20.2167453766,-21.9325485229,-1.71580314636,1.71580314636,8.48703940422
SDV8,1395,3,-19.0651187897,-20.0860900879,-1.02097129822,1.02097129822,5.35517931717
SDV8,1395,4,-19.4411888123,-20.194934845,-0.753746032715,0.753746032715,3.8770573137
SDV8,1395,5,-19.6426391602,-21.6190166473,-1.97637748718,1.97637748718,10.0616697739
SDV8,1395,6,-20.2167453766,-21.9325485229,-1.71580314636,1.71580314636,8.48703940422
SDV8,1395,7,-19.0651187897,-20.0860900879,-1.02097129822,1.02097129822,5.35517931717
SDV8,1395,8,-19.4411888123,-20.194934845,-0.753746032715,0.753746032715,3.8770573137
SDV8,1465,1,-14.262878418,-13.521531105,0.741347312927,0.741347312927,5.19773983345
SDV8,1465,2,-14.9388208389,-14.2113485336,0.727472305298,0.727472305298,4.86967688509
SDV8,1465,3,-10.2247581482,-9.61669826508,0.608059883118,0.608059883118,5.94693658573
SDV8,1465,4,-10.7478466034,-10.160618782,0.58722782135,0.58722782135,5.46367884674
SDV8,1465,5,-14.262878418,-13.521531105,0.741347312927,0.741347312927,5.19773983345
SDV8,1465,6,-14.9388208389,-14.2113485336,0.727472305298,0.727472305298,4.86967688509
SDV8,1465,7,-10.2247581482,-9.61669826508,0.608059883118,0.608059883118,5.94693658573
SDV8,1465,8,-10.7478466034,-10.160618782,0.58722782135,0.58722782135,5.46367884674
SDV8,1466,1,-15.3359079361,-15.0017662048,0.334141731262,0.334141731262,2.17881936077
SDV8,1466,2,-13.3999176025,-13.5052652359,-0.105347633362,0.105347633362,0.78618120265
SDV8,1466,3,-7.93694448471,-7.67640686035,0.260537624359,0.260537624359,3.28259350763
SDV8,1466,4,-5.61982154846,-5.74810600281,-0.128284454346,0.128284454346,2.28271401929
SDV8,1466,5,-15.3359079361,-15.0017662048,0.334141731262,0.334141731262,2.17881936077
SDV8,1466,6,-13.3999176025,-13.5052652359,-0.105347633362,0.105347633362,0.78618120265
SDV8,1466,7,-7.93694448471,-7.67640686035,0.260537624359,0.260537624359,3.28259350763
SDV8,1466,8,-5.61982154846,-5.74810600281,-0.128284454346,0.128284454346,2.28271401929
SDV8,1467,1,-13.3999176025,-13.5052652359,-0.105347633362,0.105347633362,0.78618120265
SDV8,1467,2,-15.3359079361,-15.0017662048,0.334141731262,0.334141731262,2.17881936077
SDV8,1467,3,-5.61982154846,-5.74810600281,-0.128284454346,0.128284454346,2.28271401929
SDV8,1467,4,-7.93694448471,-7.67640686035,0.260537624359,0.260537624359,3.28259350763
SDV8,1467,5,-13.3999176025,-13.5052652359,-0.105347633362,0.105347633362,0.78618120265
SDV8,1467,6,-15.3359079361,-15.0017662048,0.334141731262,0.334141731262,2.17881936077
SDV8,1467,7,-5.61982154846,-5.74810600281,-0.128284454346,0.128284454346,2.28271401929
SDV8,1467,8,-7.93694448471,-7.67640686035,0.260537624359,0.260537624359,3.28259350763
SDV8,1468,1,-14.9388208389,-14.2113485336,0.727472305298,0.727472305298,4.86967688509
SDV8,1468,2,-14.262878418,-13.521531105,0.741347312927,0.741347312927,5.19773983345
SDV8,1468,3,-10.7478466034,-10.160618782,0.58722782135,0.58722782135,5.46367884674
SDV8,1468,4,-10.2247581482,-9.61669826508,0.608059883118,0.608059883118,5.94693658573
SDV8,1468,5,-14.9388208389,-14.2113485336,0.727472305298,0.727472305298,4.86967688509
SDV8,1468,6,-14.262878418,-13.521531105,0.741347312927,0.741347312927,5.19773983345
SDV8,1468,7,-10.7478466034,-10.160618782,0.58722782135,0.58722782135,5.46367884674
SDV8,1468,8,-10.2247581482,-9.61669826508,0.608059883118,0.608059883118,5.94693658573
SDV8,1537,1,-6.13227701187,-5.95936822891,0.172908782959,0.172908782959,2.8196505576
SDV8,1537,2,-5.46706819534,-5.36452817917,0.102540016174,0.102540016174,1.8755942401
SDV8,1537,3,-3.003221035,-2.91810202599,0.0851190090179,0.0851190090179,2.83425722003
SDV8,1537,4,-2.08054661751,-2.04573082924,0.034815788269,0.034815788269,1.67339621117
SDV8,1537,5,-6.13227701187,-5.95936822891,0.172908782959,0.172908782959,2.8196505576
SDV8,1537,6,-5.46706819534,-5.36452817917,0.102540016174,0.102540016174,1.8755942401
SDV8,1537,7,-3.003221035,-2.91810202599,0.0851190090179,0.0851190090179,2.83425722003
SDV8,1537,8,-2.08054661751,-2.04573082924,0.034815788269,0.034815788269,1.67339621117
SDV8,1538,1,-3.2649037838,-3.16018772125,0.104716062546,0.104716062546,3.20732460985
SDV8,1538,2,-4.42289876938,-4.23742961884,0.185469150543,0.185469150543,4.19338447959
SDV8,1538,3,-4.84820985794,-4.70519828796,0.143011569977,0.143011569977,2.94978093291
SDV8,1538,4,-5.90278339386,-5.68600797653,0.216775417328,0.216775417328,3.67242710538
SDV8,1538,5,-3.2649037838,-3.16018772125,0.104716062546,0.104716062546,3.20732460985
SDV8,1538,6,-4.42289876938,-4.23742961884,0.185469150543,0.185469150543,4.19338447959
SDV8,1538,7,-4.84820985794,-4.70519828796,0.143011569977,0.143011569977,2.94978093291
SDV8,1538,8,-5.90278339386,-5.68600797653,0.216775417328,0.216775417328,3.67242710538
SDV8,1539,1,-4.42289876938,-4.23742961884,0.185469150543,0.185469150543,4.19338447959
SDV8,1539,2,-3.2649037838,-3.16018772125,0.104716062546,0.104716062546,3.20732460985
SDV8,1539,3,-5.90278339386,-5.68600797653,0.216775417328,0.216775417328,3.67242710538
SDV8,1539,4,-4.84820985794,-4.70519828796,0.143011569977,0.143011569977,2.94978093291
SDV8,1539,5,-4.42289876938,-4.23742961884,0.185469150543,0.185469150543,4.19338447959
SDV8,1539,6,-3.2649037838,-3.16018772125,0.104716062546,0.104716062546,3.20732460985
SDV8,1539,7,-5.90278339386,-5.68600797653,0.216775417328,0.216775417328,3.67242710538
SDV8,1539,8,-4.84820985794,-4.70519828796,0.143011569977,0.143011569977,2.94978093291
SDV8,1540,1,-5.46706819534,-5.36452817917,0.102540016174,0.102540016174,1.8755942401
SDV8,1540,2,-6.13227701187,-5.95936822891,0.172908782959,0.172908782959,2.8196505576
SDV8,1540,3,-2.08054661751,-2.04573082924,0.034815788269,0.034815788269,1.67339621117
SDV8,1540,4,-3.003221035,-2.91810202599,0.0851190090179,0.0851190090179,2.83425722003
SDV8,1540,5,-5.46706819534,-5.36452817917,0.102540016174,0.102540016174,1.8755942401
SDV8,1540,6,-6.13227701187,-5.95936822891,0.172908782959,0.172908782959,2.8196505576
SDV8,1540,7,-2.08054661751,-2.04573082924,0.034815788269,0.034815788269,1.67339621117
SDV8,1540,8,-3.003221035,-2.91810202599,0.0851190090179,0.0851190090179,2.83425722003
SDV8,1609,1,-3.003221035,-2.91810202599,0.0851190090179,0.0851190090179,2.83425722003
SDV8,1609,2,-2.08054661751,-2.04573082924,0.034815788269,0.034815788269,1.67339621117
SDV8,1609,3,-6.13227701187,-5.95936822891,0.172908782959,0.172908782959,2.8196505576
SDV8,1609,4,-5.46706819534,-5.36452817917,0.102540016174,0.102540016174,1.8755942401
SDV8,1609,5,-3.003221035,-2.91810202599,0.0851190090179,0.0851190090179,2.83425722003
SDV8,1609,6,-2.08054661751,-2.04573082924,0.034815788269,0.034815788269,1.67339621117
SDV8,1609,7,-6.13227701187,-5.95936822891,0.172908782959,0.172908782959,2.8196505576
SDV8,1609,8,-5.46706819534,-5.36452817917,0.102540016174,0.102540016174,1.8755942401
SDV8,1610,1,-4.84820985794,-4.70519828796,0.143011569977,0.143011569977,2.94978093291
SDV8,1610,2,-5.90278339386,-5.68600797653,0.216775417328,0.216775417328,3.67242710538
SDV8,1610,3,-3.2649037838,-3.16018772125,0.104716062546,0.104716062546,3.20732460985
SDV8,1610,4,-4.42289876938,-4.23742961884,0.185469150543,0.185469150543,4.19338447959
SDV8,1610,5,-4.84820985794,-4.70519828796,0.143011569977,0.143011569977,2.94978093291
SDV8,1610,6,-5.90278339386,-5.68600797653,0.216775417328,0.216775417328,3.67242710538
SDV8,1610,7,-3.2649037838,-3.16018772125,0.104716062546,0.104716062546,3.20732460985
SDV8,1610,8,-4.42289876938,-4.23742961884,0.185469150543,0.185469150543,4.19338447959
SDV8,1611,1,-5.90278339386,-5.68600797653,0.216775417328,0.216775417328,3.67242710538
SDV8,1611,2,-4.84820985794,-4.70519828796,0.143011569977,0.143011569977,2.94978093291
SDV8,1611,3,-4.42289876938,-4.23742961884,0.185469150543,0.185469150543,4.19338447959
SDV8,1611,4,-3.2649037838,-3.16018772125,0.104716062546,0.104716062546,3.20732460985
SDV8,1611,5,-5.90278339386,-5.68600797653,0.216775417328,0.216775417328,3.67242710538
SDV8,1611,6,-4.84820985794,-4.70519828796,0.143011569977,0.143011569977,2.94978093291
SDV8,1611,7,-4.42289876938,-4.23742961884,0.185469150543,0.185469150543,4.19338447959
SDV8,1611,8,-3.2649037838,-3.16018772125,0.104716062546,0.104716062546,3.20732460985
SDV8,1612,1,-2.08054661751,-2.04573082924,0.034815788269,0.034815788269,1.67339621117
SDV8,1612,2,-3.003221035,-2.91810202599,0.0851190090179,0.0851190090179,2.83425722003
SDV8,1612,3,-5.46706819534,-5.36452817917,0.102540016174,0.102540016174,1.8755942401
SDV8,1612,4,-6.13227701187,-5.95936822891,0.172908782959,0.172908782959,2.8196505576
SDV8,1612,5,-2.08054661751,-2.04573082924,0.034815788269,0.034815788269,1.67339621117
SDV8,1612,6,-3.003221035,-2.91810202599,0.0851190090179,0.0851190090179,2.83425722003
SDV8,1612,7,-5.46706819534,-5.36452817917,0.102540016174,0.102540016174,1.8755942401
SDV8,1612,8,-6.13227701187,-5.95936822891,0.172908782959,0.172908782959,2.8196505576
SDV8,1681,1,-10.2247581482,-9.61669826508,0.608059883118,0.608059883118,5.94693658573
SDV8,1681,2,-10.7478466034,-10.160618782,0.58722782135,0.58722782135,5.46367884674
SDV8,1681,3,-14.262878418,-13.521531105,0.741347312927,0.741347312927,5.19773983345
SDV8,1681,4,-14.9388208389,-14.2113485336,0.727472305298,0.727472305298,4.86967688509
SDV8,1681,5,-10.2247581482,-9.61669826508,0.608059883118,0.608059883118,5.94693658573
SDV8,1681,6,-10.7478466034,-10.160618782,0.58722782135,0.58722782135,5.46367884674
SDV8,1681,7,-14.262878418,-13.521531105,0.741347312927,0.741347312927,5.19773983345
SDV8,1681,8,-14.9388208389,-14.2113485336,0.727472305298,0.727472305298,4.86967688509
SDV8,1682,1,-7.93694448471,-7.67640686035,0.260537624359,0.260537624359,3.28259350763
SDV8,1682,2,-5.61982154846,-5.74810600281,-0.128284454346,0.128284454346,2.28271401929
SDV8,1682,3,-15.3359079361,-15.0017662048,0.334141731262,0.334141731262,2.17881936077
SDV8,1682,4,-13.3999176025,-13.5052652359,-0.105347633362,0.105347633362,0.78618120265
SDV8,1682,5,-7.93694448471,-7.67640686035,0.260537624359,0.260537624359,3.28259350763
SDV8,1682,6,-5.61982154846,-5.74810600281,-0.128284454346,0.128284454346,2.28271401929
SDV8,1682,7,-15.3359079361,-15.0017662048,0.334141731262,0.334141731262,2.17881936077
SDV8,1682,8,-13.3999176025,-13.5052652359,-0.105347633362,0.105347633362,0.78618120265
SDV8,1683,1,-5.61982154846,-5.74810600281,-0.128284454346,0.128284454346,2.28271401929
SDV8,1683,2,-7.93694448471,-7.67640686035,0.260537624359,0.260537624359,3.28259350763
SDV8,1683,3,-13.3999176025,-13.5052652359,-0.105347633362,0.105347633362,0.78618120265
SDV8,1683,4,-15.3359079361,-15.0017662048,0.334141731262,0.334141731262,2.17881936077
SDV8,1683,5,-5.61982154846,-5.74810600281,-0.128284454346,0.128284454346,2.28271401929
SDV8,1683,6,-7.93694448471,-7.67640686035,0.260537624359,0.260537624359,3.28259350763
SDV8,1683,7,-13.3999176025,-13.5052652359,-0.105347633362,0.105347633362,0.78618120265
SDV8,1683,8,-15.3359079361,-15.0017662048,0.334141731262,0.334141731262,2.17881936077
SDV8,1684,1,-10.7478466034,-10.160618782,0.58722782135,0.58722782135,5.46367884674
SDV8,1684,2,-10.2247581482,-9.61669826508,0.608059883118,0.608059883118,5.94693658573
SDV8,1684,3,-14.9388208389,-14.2113485336,0.727472305298,0.727472305298,4.86967688509
SDV8,1684,4,-14.262878418,-13.521531105,0.741347312927,0.741347312927,5.19773983345
SDV8,1684,5,-10.7478466034,-10.160618782,0.58722782135,0.58722782135,5.46367884674
SDV8,1684,6,-10.2247581482,-9.61669826508,0.608059883118,0.608059883118,5.94693658573
SDV8,1684,7,-14.9388208389,-14.2113485336,0.727472305298,0.727472305298,4.86967688509
SDV8,1684,8,-14.262878418,-13.521531105,0.741347312927,0.741347312927,5.19773983345
SDV8,1754,1,-19.4411888123,-20.194934845,-0.753746032715,0.753746032715,3.8770573137
SDV8,1754,2,-19.0651187897,-20.0860900879,-1.02097129822,1.02097129822,5.35517931717
SDV8,1754,3,-20.2167453766,-21.9325485229,-1.71580314636,1.71580314636,8.48703940422
SDV8,1754,4,-19.6426391602,-21.6190166473,-1.97637748718,1.97637748718,10.0616697739
SDV8,1754,5,-19.4411888123,-20.194934845,-0.753746032715,0.753746032715,3.8770573137
SDV8,1754,6,-19.0651187897,-20.0860900879,-1.02097129822,1.02097129822,5.35517931717
SDV8,1754,7,-20.2167453766,-21.9325485229,-1.71580314636,1.71580314636,8.48703940422
SDV8,1754,8,-19.6426391602,-21.6190166473,-1.97637748718,1.97637748718,10.0616697739
SDV8,1755,1,-8.89031124115,-8.99084568024,-0.100534439087,0.100534439087,1.13083149015
SDV8,1755,2,-3.68989253044,-3.49042272568,0.199469804764,0.199469804764,5.40584320866
SDV8,1755,3,-17.0709571838,-17.478351593,-0.40739440918,0.40739440918,2.38647666204
SDV8,1755,4,-12.381228447,-12.4842863083,-0.103057861328,0.103057861328,0.832371858492
SDV8,1755,5,-8.89031124115,-8.99084568024,-0.100534439087,0.100534439087,1.13083149015
SDV8,1755,6,-3.68989253044,-3.49042272568,0.199469804764,0.199469804764,5.40584320866
SDV8,1755,7,-17.0709571838,-17.478351593,-0.40739440918,0.40739440918,2.38647666204
SDV8,1755,8,-12.381228447,-12.4842863083,-0.103057861328,0.103057861328,0.832371858492
SDV8,1756,1,-3.68989253044,-3.49042272568,0.199469804764,0.199469804764,5.40584320866
SDV8,1756,2,-8.89031124115,-8.99084568024,-0.100534439087,0.100534439087,1.13083149015
SDV8,1756,3,-12.381228447,-12.4842863083,-0.103057861328,0.103057861328,0.832371858492
SDV8,1756,4,-17.0709571838,-17.478351593,-0.40739440918,0.40739440918,2.38647666204
SDV8,1756,5,-3.68989253044,-3.49042272568,0.199469804764,0.199469804764,5.40584320866
SDV8,1756,6,-8.89031124115,-8.99084568024,-0.100534439087,0.100534439087,1.13083149015
SDV8,1756,7,-12.381228447,-12.4842863083,-0.103057861328,0.103057861328,0.832371858492
SDV8,1756,8,-17.0709571838,-17.478351593,-0.40739440918,0.40739440918,2.38647666204
SDV8,1757,1,-19.0651187897,-20.0860900879,-1.02097129822,1.02097129822,5.35517931717
SDV8,1757,2,-19.4411888123,-20.194934845,-0.753746032715,0.753746032715,3.8770573137
SDV8,1757,3,-19.6426391602,-21.6190166473,-1.97637748718,1.97637748718,10.0616697739
SDV8,1757,4,-20.2167453766,-21.9325485229,-1.71580314636,1.71580314636,8.48703940422
SDV8,1757,5,-19.0651187897,-20.0860900879,-1.02097129822,1.02097129822,5.35517931717
SDV8,1757,6,-19.4411888123,-20.194934845,-0.753746032715,0.753746032715,3.8770573137
SDV8,1757,7,-19.6426391602,-21.6190166473,-1.97637748718,1.97637748718,10.0616697739
SDV8,1757,8,-20.2167453766,-21.9325485229,-1.71580314636,1.71580314636,8.48703940422
SDV8,1828,1,-16.9272251129,-19.8350505829,-2.90782546997,2.90782546997,17.1783942765
SDV8,1828,2,-17.6644973755,-20.8261203766,-3.1616230011,3.1616230011,17.8981769698
SDV8,1828,3,-12.5206794739,-16.5805072784,-4.05982780457,4.05982780457,32.4249799145
SDV8,1828,4,-12.7846822739,-17.1587982178,-4.37411594391,4.37411594391,34.2137242851
SDV8,1828,5,-16.9272251129,-19.8350505829,-2.90782546997,2.90782546997,17.1783942765
SDV8,1828,6,-17.6644973755,-20.8261203766,-3.1616230011,3.1616230011,17.8981769698
SDV8,1828,7,-12.5206794739,-16.5805072784,-4.05982780457,4.05982780457,32.4249799145
SDV8,1828,8,-12.7846822739,-17.1587982178,-4.37411594391,4.37411594391,34.2137242851
SDV8,1829,1,-18.2482204437,-20.2217617035,-1.97354125977,1.97354125977,10.8149792789
SDV8,1829,2,-16.7375240326,-18.7301368713,-1.99261283875,1.99261283875,11.9050633467
SDV8,1829,3,-10.8945016861,-15.8034420013,-4.90894031525,4.90894031525,45.0588788426
SDV8,1829,4,-9.04522323608,-14.0296573639,-4.98443412781,4.98443412781,55.1057060474
SDV8,1829,5,-18.2482204437,-20.2217617035,-1.97354125977,1.97354125977,10.8149792789
SDV8,1829,6,-16.7375240326,-18.7301368713,-1.99261283875,1.99261283875,11.9050633467
SDV8,1829,7,-10.8945016861,-15.8034420013,-4.90894031525,4.90894031525,45.0588788426
SDV8,1829,8,-9.04522323608,-14.0296573639,-4.98443412781,4.98443412781,55.1057060474
SDV8,1830,1,-15.7544088364,-15.3946638107,0.359745025635,0.359745025635,2.28345620182
SDV8,1830,2,-14.9816417694,-14.4228048325,0.558836936951,0.558836936951,3.73014483694
SDV8,1830,3,-1.82041418552,-6.44429588318,-4.62388169765,4.62388169765,254.001629652
SDV8,1830,4,-0.36952650547,-5.03370189667,-4.6641753912,4.6641753912,1262.20320387
SDV8,1830,5,-15.7544088364,-15.3946638107,0.359745025635,0.359745025635,2.28345620182
SDV8,1830,6,-14.9816417694,-14.4228048325,0.558836936951,0.558836936951,3.73014483694
SDV8,1830,7,-1.82041418552,-6.44429588318,-4.62388169765,4.62388169765,254.001629652
SDV8,1830,8,-0.36952650547,-5.03370189667,-4.6641753912,4.6641753912,1262.20320387
SDV8,1831,1,-14.9816417694,-14.4228048325,0.558836936951,0.558836936951,3.73014483694
SDV8,1831,2,-15.7544088364,-15.3946638107,0.359745025635,0.359745025635,2.28345620182
SDV8,1831,3,-0.36952650547,-5.03370189667,-4.6641753912,4.6641753912,1262.20320387
SDV8,1831,4,-1.82041418552,-6.44429588318,-4.62388169765,4.62388169765,254.001629652
SDV8,1831,5,-14.9816417694,-14.4228048325,0.558836936951,0.558836936951,3.73014483694
SDV8,1831,6,-15.7544088364,-15.3946638107,0.359745025635,0.359745025635,2.28345620182
SDV8,1831,7,-0.36952650547,-5.03370189667,-4.6641753912,4.6641753912,1262.20320387
SDV8,1831,8,-1.82041418552,-6.44429588318,-4.62388169765,4.62388169765,254.001629652
SDV8,1832,1,-16.7375240326,-18.7301368713,-1.99261283875,1.99261283875,11.9050633467
SDV8,1832,2,-18.2482204437,-20.2217617035,-1.97354125977,1.97354125977,10.8149792789
SDV8,1832,3,-9.04522323608,-14.0296573639,-4.98443412781,4.98443412781,55.1057060474
SDV8,1832,4,-10.8945016861,-15.8034420013,-4.90894031525,4.90894031525,45.0588788426
SDV8,1832,5,-16.7375240326,-18.7301368713,-1.99261283875,1.99261283875,11.9050633467
SDV8,1832,6,-18.2482204437,-20.2217617035,-1.97354125977,1.97354125977,10.8149792789
SDV8,1832,7,-9.04522323608,-14.0296573639,-4.98443412781,4.98443412781,55.1057060474
SDV8,1832,8,-10.8945016861,-15.8034420013,-4.90894031525,4.90894031525,45.0588788426
SDV8,1833,1,-17.6644973755,-20.8261203766,-3.1616230011,3.1616230011,17.8981769698
SDV8,1833,2,-16.9272251129,-19.8350505829,-2.90782546997,2.90782546997,17.1783942765
SDV8,1833,3,-12.7846822739,-17.1587982178,-4.37411594391,4.37411594391,34.2137242851
SDV8,1833,4,-12.5206794739,-16.5805072784,-4.05982780457,4.05982780457,32.4249799145
SDV8,1833,5,-17.6644973755,-20.8261203766,-3.1616230011,3.1616230011,17.8981769698
SDV8,1833,6,-16.9272251129,-19.8350505829,-2.90782546997,2.90782546997,17.1783942765
SDV8,1833,7,-12.7846822739,-17.1587982178,-4.37411594391,4.37411594391,34.2137242851
SDV8,1833,8,-12.5206794739,-16.5805072784,-4.05982780457,4.05982780457,32.4249799145
SDV8,1905,1,0.599001646042,-5.73508548737,-6.33408713341,6.33408713341,1057.44068906
SDV8,1905,2,0.317897051573,-6.67467260361,-6.99256965518,6.99256965518,2199.63337835
SDV8,1905,3,12.2167539597,4.30744981766,-7.909304142,7.909304142,64.7414539747
SDV8,1905,4,12.3969526291,3.62269425392,-8.77425837517,8.77425837517,70.7775421726
SDV8,1905,5,0.599001646042,-5.73508548737,-6.33408713341,6.33408713341,1057.44068906
SDV8,1905,6,0.317897051573,-6.67467260361,-6.99256965518,6.99256965518,2199.63337835
SDV8,1905,7,12.2167539597,4.30744981766,-7.909304142,7.909304142,64.7414539747
SDV8,1905,8,12.3969526291,3.62269425392,-8.77425837517,8.77425837517,70.7775421726
SDV8,1906,1,9.21252346039,0.641632139683,-8.57089132071,8.57089132071,93.0352183911
SDV8,1906,2,12.7430257797,5.32016324997,-7.42286252975,7.42286252975,58.250392474
SDV8,1906,3,17.7082328796,9.4389591217,-8.26927375793,8.26927375793,46.697340238
SDV8,1906,4,20.0123615265,12.9814023972,-7.03095912933,7.03095912933,35.1330807213
SDV8,1906,5,9.21252346039,0.641632139683,-8.57089132071,8.57089132071,93.0352183911
SDV8,1906,6,12.7430257797,5.32016324997,-7.42286252975,7.42286252975,58.250392474
SDV8,1906,7,17.7082328796,9.4389591217,-8.26927375793,8.26927375793,46.697340238
SDV8,1906,8,20.0123615265,12.9814023972,-7.03095912933,7.03095912933,35.1330807213
SDV8,1907,1,74.5979919434,66.2038345337,-8.39415740967,8.39415740967,11.2525246203
SDV8,1907,2,91.1466598511,81.1967315674,-9.94992828369,9.94992828369,10.9163937548
SDV8,1907,3,41.0139465332,33.0481491089,-7.96579742432,7.96579742432,19.4221675738
SDV8,1907,4,55.8303451538,46.6721687317,-9.15817642212,9.15817642212,16.4035819533
SDV8,1907,5,74.5979919434,66.2038345337,-8.39415740967,8.39415740967,11.2525246203
SDV8,1907,6,91.1466598511,81.1967315674,-9.94992828369,9.94992828369,10.9163937548
SDV8,1907,7,41.0139465332,33.0481491089,-7.96579742432,7.96579742432,19.4221675738
SDV8,1907,8,55.8303451538,46.6721687317,-9.15817642212,9.15817642212,16.4035819533
SDV8,1908,1,85.674987793,73.6610717773,-12.0139160156,12.0139160156,14.0226644031
SDV8,1908,2,73.9497833252,61.8631248474,-12.0866584778,12.0866584778,16.3444136471
SDV8,1908,3,82.4872131348,70.7539215088,-11.733291626,11.733291626,14.2243763367
SDV8,1908,4,73.2835769653,62.1813697815,-11.1022071838,11.1022071838,15.14965241
SDV8,1908,5,85.674987793,73.6610717773,-12.0139160156,12.0139160156,14.0226644031
SDV8,1908,6,73.9497833252,61.8631248474,-12.0866584778,12.0866584778,16.3444136471
SDV8,1908,7,82.4872131348,70.7539215088,-11.733291626,11.733291626,14.2243763367
SDV8,1908,8,73.2835769653,62.1813697815,-11.1022071838,11.1022071838,15.14965241
SDV8,1909,1,73.9497833252,61.8631248474,-12.0866584778,12.0866584778,16.3444136471
SDV8,1909,2,85.674987793,73.6610717773,-12.0139160156,12.0139160156,14.0226644031
SDV8,1909,3,73.2835769653,62.1813697815,-11.1022071838,11.1022071838,15.14965241
SDV8,1909,4,82.4872131348,70.7539215088,-11.733291626,11.733291626,14.2243763367
SDV8,1909,5,73.9497833252,61.8631248474,-12.0866584778,12.0866584778,16.3444136471
SDV8,1909,6,85.674987793,73.6610717773,-12.0139160156,12.0139160156,14.0226644031
SDV8,1909,7,73.2835769653,62.1813697815,-11.1022071838,11.1022071838,15.14965241
SDV8,1909,8,82.4872131348,70.7539215088,-11.733291626,11.733291626,14.2243763367
SDV8,1910,1,91.1466598511,81.1967315674,-9.94992828369,9.94992828369,10.9163937548
SDV8,1910,2,74.5979919434,66.2038345337,-8.39415740967,8.39415740967,11.2525246203
SDV8,1910,3,55.8303451538,46.6721687317,-9.15817642212,9.15817642212,16.4035819533
SDV8,1910,4,41.0139465332,33.0481491089,-7.96579742432,7.96579742432,19.4221675738
SDV8,1910,5,91.1466598511,81.1967315674,-9.94992828369,9.94992828369,10.9163937548
SDV8,1910,6,74.5979919434,66.2038345337,-8.39415740967,8.39415740967,11.2525246203
SDV8,1910,7,55.8303451538,46.6721687317,-9.15817642212,9.15817642212,16.4035819533
SDV8,1910,8,41.0139465332,33.0481491089,-7.96579742432,7.96579742432,19.4221675738
SDV8,1911,1,12.7430257797,5.32016324997,-7.42286252975,7.42286252975,58.250392474
SDV8,1911,2,9.21252346039,0.641632139683,-8.57089132071,8.57089132071,93.0352183911
SDV8,1911,3,20.0123615265,12.9814023972,-7.03095912933,7.03095912933,35.1330807213
SDV8,1911,4,17.7082328796,9.4389591217,-8.26927375793,8.26927375793,46.697340238
SDV8,1911,5,12.7430257797,5.32016324997,-7.42286252975,7.42286252975,58.250392474
SDV8,1911,6,9.21252346039,0.641632139683,-8.57089132071,8.57089132071,93.0352183911
SDV8,1911,7,20.0123615265,12.9814023972,-7.03095912933,7.03095912933,35.1330807213
SDV8,1911,8,17.7082328796,9.4389591217,-8.26927375793,8.26927375793,46.697340238
SDV8,1912,1,0.317897051573,-6.67467260361,-6.99256965518,6.99256965518,2199.63337835
SDV8,1912,2,0.599001646042,-5.73508548737,-6.33408713341,6.33408713341,1057.44068906
SDV8,1912,3,12.3969526291,3.62269425392,-8.77425837517,8.77425837517,70.7775421726
SDV8,1912,4,12.2167539597,4.30744981766,-7.909304142,7.909304142,64.7414539747
SDV8,1912,5,0.317897051573,-6.67467260361,-6.99256965518,6.99256965518,2199.63337835
SDV8,1912,6,0.599001646042,-5.73508548737,-6.33408713341,6.33408713341,1057.44068906
SDV8,1912,7,12.3969526291,3.62269425392,-8.77425837517,8.77425837517,70.7775421726
SDV8,1912,8,12.2167539597,4.30744981766,-7.909304142,7.909304142,64.7414539747
SDV8,1987,1,20.781288147,14.9678087234,-5.81347942352,5.81347942352,27.9745864761
SDV8,1987,2,24.9117126465,19.1593532562,-5.75235939026,5.75235939026,23.090983233
SDV8,1987,3,18.5428638458,12.4515638351,-6.09130001068,6.09130001068,32.8498340997
SDV8,1987,4,21.9842700958,16.0276184082,-5.95665168762,5.95665168762,27.0950623407
SDV8,1987,5,20.781288147,14.9678087234,-5.81347942352,5.81347942352,27.9745864761
SDV8,1987,6,24.9117126465,19.1593532562,-5.75235939026,5.75235939026,23.090983233
SDV8,1987,7,18.5428638458,12.4515638351,-6.09130001068,6.09130001068,32.8498340997
SDV8,1987,8,21.9842700958,16.0276184082,-5.95665168762,5.95665168762,27.0950623407
SDV8,1988,1,60.3427734375,51.9117660522,-8.43100738525,8.43100738525,13.9718592716
SDV8,1988,2,68.4101257324,59.9267425537,-8.48338317871,8.48338317871,12.4007712132
SDV8,1988,3,39.2530860901,34.2363967896,-5.01668930054,5.01668930054,12.7803691384
SDV8,1988,4,47.6160774231,42.4186973572,-5.19738006592,5.19738006592,10.9151789631
SDV8,1988,5,60.3427734375,51.9117660522,-8.43100738525,8.43100738525,13.9718592716
SDV8,1988,6,68.4101257324,59.9267425537,-8.48338317871,8.48338317871,12.4007712132
SDV8,1988,7,39.2530860901,34.2363967896,-5.01668930054,5.01668930054,12.7803691384
SDV8,1988,8,47.6160774231,42.4186973572,-5.19738006592,5.19738006592,10.9151789631
SDV8,1989,1,68.4101257324,59.9267425537,-8.48338317871,8.48338317871,12.4007712132
SDV8,1989,2,60.3427734375,51.9117660522,-8.43100738525,8.43100738525,13.9718592716
SDV8,1989,3,47.6160774231,42.4186973572,-5.19738006592,5.19738006592,10.9151789631
SDV8,1989,4,39.2530860901,34.2363967896,-5.01668930054,5.01668930054,12.7803691384
SDV8,1989,5,68.4101257324,59.9267425537,-8.48338317871,8.48338317871,12.4007712132
SDV8,1989,6,60.3427734375,51.9117660522,-8.43100738525,8.43100738525,13.9718592716
SDV8,1989,7,47.6160774231,42.4186973572,-5.19738006592,5.19738006592,10.9151789631
SDV8,1989,8,39.2530860901,34.2363967896,-5.01668930054,5.01668930054,12.7803691384
SDV8,1990,1,24.9117126465,19.1593532562,-5.75235939026,5.75235939026,23.090983233
SDV8,1990,2,20.781288147,14.9678087234,-5.81347942352,5.81347942352,27.9745864761
SDV8,1990,3,21.9842700958,16.0276184082,-5.95665168762,5.95665168762,27.0950623407
SDV8,1990,4,18.5428638458,12.4515638351,-6.09130001068,6.09130001068,32.8498340997
SDV8,1990,5,24.9117126465,19.1593532562,-5.75235939026,5.75235939026,23.090983233
SDV8,1990,6,20.781288147,14.9678087234,-5.81347942352,5.81347942352,27.9745864761
SDV8,1990,7,21.9842700958,16.0276184082,-5.95665168762,5.95665168762,27.0950623407
SDV8,1990,8,18.5428638458,12.4515638351,-6.09130001068,6.09130001068,32.8498340997
SDV11,1159,1,-17.989812851,-17.5981330872,0.391679763794,0.391679763794,2.1772308975
SDV11,1159,2,-17.8705978394,-17.2366771698,0.633920669556,0.633920669556,3.54728294629
SDV11,1159,3,-20.7505111694,-20.4926204681,0.257890701294,0.257890701294,1.24281613686
SDV11,1159,4,-20.6291866302,-20.135181427,0.494005203247,0.494005203247,2.39469064923
SDV11,1159,5,-17.989812851,-17.5981330872,0.391679763794,0.391679763794,2.1772308975
SDV11,1159,6,-17.8705978394,-17.2366771698,0.633920669556,0.633920669556,3.54728294629
SDV11,1159,7,-20.7505111694,-20.4926204681,0.257890701294,0.257890701294,1.24281613686
SDV11,1159,8,-20.6291866302,-20.135181427,0.494005203247,0.494005203247,2.39469064923
SDV11,1160,1,-16.517950058,-15.160741806,1.35720825195,1.35720825195,8.21656590066
SDV11,1160,2,-3.81457281113,-3.7339425087,0.0806303024292,0.0806303024292,2.1137439609
SDV11,1160,3,-27.5069637299,-25.8617076874,1.64525604248,1.64525604248,5.98123463803
SDV11,1160,4,-14.6997756958,-14.4449596405,0.254816055298,0.254816055298,1.73346900368
SDV11,1160,5,-16.517950058,-15.160741806,1.35720825195,1.35720825195,8.21656590066
SDV11,1160,6,-3.81457281113,-3.7339425087,0.0806303024292,0.0806303024292,2.1137439609
SDV11,1160,7,-27.5069637299,-25.8617076874,1.64525604248,1.64525604248,5.98123463803
SDV11,1160,8,-14.6997756958,-14.4449596405,0.254816055298,0.254816055298,1.73346900368
SDV11,1161,1,3.81457281113,3.7339425087,-0.0806303024292,0.0806303024292,2.1137439609
SDV11,1161,2,16.517950058,15.160741806,-1.35720825195,1.35720825195,8.21656590066
SDV11,1161,3,14.6997756958,14.4449596405,-0.254816055298,0.254816055298,1.73346900368
SDV11,1161,4,27.5069637299,25.8617076874,-1.64525604248,1.64525604248,5.98123463803
SDV11,1161,5,3.81457281113,3.7339425087,-0.0806303024292,0.0806303024292,2.1137439609
SDV11,1161,6,16.517950058,15.160741806,-1.35720825195,1.35720825195,8.21656590066
SDV11,1161,7,14.6997756958,14.4449596405,-0.254816055298,0.254816055298,1.73346900368
SDV11,1161,8,27.5069637299,25.8617076874,-1.64525604248,1.64525604248,5.98123463803
SDV11,1162,1,17.8705978394,17.2366771698,-0.633920669556,0.633920669556,3.54728294629
SDV11,1162,2,17.989812851,17.5981330872,-0.391679763794,0.391679763794,2.1772308975
SDV11,1162,3,20.6291866302,20.135181427,-0.494005203247,0.494005203247,2.39469064923
SDV11,1162,4,20.7505111694,20.4926204681,-0.257890701294,0.257890701294,1.24281613686
SDV11,1162,5,17.8705978394,17.2366771698,-0.633920669556,0.633920669556,3.54728294629
SDV11,1162,6,17.989812851,17.5981330872,-0.391679763794,0.391679763794,2.1772308975
SDV11,1162,7,20.6291866302,20.135181427,-0.494005203247,0.494005203247,2.39469064923
SDV11,1162,8,20.7505111694,20.4926204681,-0.257890701294,0.257890701294,1.24281613686
SDV11,1237,1,-15.470864296,-13.8764705658,1.59439373016,1.59439373016,10.3057831784
SDV11,1237,2,-23.07097435,-20.7116909027,2.35928344727,2.35928344727,10.2261976953
SDV11,1237,3,-13.7494087219,-11.8733720779,1.87603664398,1.87603664398,13.6444896062
SDV11,1237,4,-21.3434677124,-18.7294139862,2.6140537262,2.6140537262,12.2475586508
SDV11,1237,5,-15.470864296,-13.8764705658,1.59439373016,1.59439373016,10.3057831784
SDV11,1237,6,-23.07097435,-20.7116909027,2.35928344727,2.35928344727,10.2261976953
SDV11,1237,7,-13.7494087219,-11.8733720779,1.87603664398,1.87603664398,13.6444896062
SDV11,1237,8,-21.3434677124,-18.7294139862,2.6140537262,2.6140537262,12.2475586508
SDV11,1238,1,-23.3459148407,-20.7271842957,2.61873054504,2.61873054504,11.2170825727
SDV11,1238,2,-28.5315685272,-26.3264102936,2.20515823364,2.20515823364,7.72883632927
SDV11,1238,3,-23.610786438,-22.1763877869,1.43439865112,1.43439865112,6.07518370847
SDV11,1238,4,-28.8154716492,-27.751739502,1.06373214722,1.06373214722,3.69153127239
SDV11,1238,5,-23.3459148407,-20.7271842957,2.61873054504,2.61873054504,11.2170825727
SDV11,1238,6,-28.5315685272,-26.3264102936,2.20515823364,2.20515823364,7.72883632927
SDV11,1238,7,-23.610786438,-22.1763877869,1.43439865112,1.43439865112,6.07518370847
SDV11,1238,8,-28.8154716492,-27.751739502,1.06373214722,1.06373214722,3.69153127239
SDV11,1239,1,-41.1625976562,-37.9358520508,3.22674560547,3.22674560547,7.83902326188
SDV11,1239,2,-16.1639671326,-14.7628469467,1.40112018585,1.40112018585,8.66817022307
SDV11,1239,3,-58.5626602173,-54.3039093018,4.25875091553,4.25875091553,7.27212681208
SDV11,1239,4,-33.6660652161,-30.9453430176,2.72072219849,2.72072219849,8.08149743971
SDV11,1239,5,-41.1625976562,-37.9358520508,3.22674560547,3.22674560547,7.83902326188
SDV11,1239,6,-16.1639671326,-14.7628469467,1.40112018585,1.40112018585,8.66817022307
SDV11,1239,7,-58.5626602173,-54.3039093018,4.25875091553,4.25875091553,7.27212681208
SDV11,1239,8,-33.6660652161,-30.9453430176,2.72072219849,2.72072219849,8.08149743971
SDV11,1240,1,-10.0417947769,-8.76771736145,1.27407741547,1.27407741547,12.6877460033
SDV11,1240,2,-9.31474781036,-9.26299953461,0.0517482757568,0.0517482757568,0.5555520859
SDV11,1240,3,3.5304954052,4.12745761871,0.596962213516,0.596962213516,16.9087378683
SDV11,1240,4,4.24303865433,3.7154519558,-0.527586698532,0.527586698532,12.4341713926
SDV11,1240,5,-10.0417947769,-8.76771736145,1.27407741547,1.27407741547,12.6877460033
SDV11,1240,6,-9.31474781036,-9.26299953461,0.0517482757568,0.0517482757568,0.5555520859
SDV11,1240,7,3.5304954052,4.12745761871,0.596962213516,0.596962213516,16.9087378683
SDV11,1240,8,4.24303865433,3.7154519558,-0.527586698532,0.527586698532,12.4341713926
SDV11,1241,1,9.31474781036,9.26299953461,-0.0517482757568,0.0517482757568,0.5555520859
SDV11,1241,2,10.0417947769,8.76771736145,-1.27407741547,1.27407741547,12.6877460033
SDV11,1241,3,-4.24303865433,-3.7154519558,0.527586698532,0.527586698532,12.4341713926
SDV11,1241,4,-3.5304954052,-4.12745761871,-0.596962213516,0.596962213516,16.9087378683
SDV11,1241,5,9.31474781036,9.26299953461,-0.0517482757568,0.0517482757568,0.5555520859
SDV11,1241,6,10.0417947769,8.76771736145,-1.27407741547,1.27407741547,12.6877460033
SDV11,1241,7,-4.24303865433,-3.7154519558,0.527586698532,0.527586698532,12.4341713926
SDV11,1241,8,-3.5304954052,-4.12745761871,-0.596962213516,0.596962213516,16.9087378683
SDV11,1242,1,16.1639671326,14.7628469467,-1.40112018585,1.40112018585,8.66817022307
SDV11,1242,2,41.1625976562,37.9358520508,-3.22674560547,3.22674560547,7.83902326188
SDV11,1242,3,33.6660652161,30.9453430176,-2.72072219849,2.72072219849,8.08149743971
SDV11,1242,4,58.5626602173,54.3039093018,-4.25875091553,4.25875091553,7.27212681208
SDV11,1242,5,16.1639671326,14.7628469467,-1.40112018585,1.40112018585,8.66817022307
SDV11,1242,6,41.1625976562,37.9358520508,-3.22674560547,3.22674560547,7.83902326188
SDV11,1242,7,33.6660652161,30.9453430176,-2.72072219849,2.72072219849,8.08149743971
SDV11,1242,8,58.5626602173,54.3039093018,-4.25875091553,4.25875091553,7.27212681208
SDV11,1243,1,28.5315685272,26.3264102936,-2.20515823364,2.20515823364,7.72883632927
SDV11,1243,2,23.3459148407,20.7271842957,-2.61873054504,2.61873054504,11.2170825727
SDV11,1243,3,28.8154716492,27.751739502,-1.06373214722,1.06373214722,3.69153127239
SDV11,1243,4,23.610786438,22.1763877869,-1.43439865112,1.43439865112,6.07518370847
SDV11,1243,5,28.5315685272,26.3264102936,-2.20515823364,2.20515823364,7.72883632927
SDV11,1243,6,23.3459148407,20.7271842957,-2.61873054504,2.61873054504,11.2170825727
SDV11,1243,7,28.8154716492,27.751739502,-1.06373214722,1.06373214722,3.69153127239
SDV11,1243,8,23.610786438,22.1763877869,-1.43439865112,1.43439865112,6.07518370847
SDV11,1244,1,23.07097435,20.7116909027,-2.35928344727,2.35928344727,10.2261976953
SDV11,1244,2,15.470864296,13.8764705658,-1.59439373016,1.59439373016,10.3057831784
SDV11,1244,3,21.3434677124,18.7294139862,-2.6140537262,2.6140537262,12.2475586508
SDV11,1244,4,13.7494087219,11.8733720779,-1.87603664398,1.87603664398,13.6444896062
SDV11,1244,5,23.07097435,20.7116909027,-2.35928344727,2.35928344727,10.2261976953
SDV11,1244,6,15.470864296,13.8764705658,-1.59439373016,1.59439373016,10.3057831784
SDV11,1244,7,21.3434677124,18.7294139862,-2.6140537262,2.6140537262,12.2475586508
SDV11,1244,8,13.7494087219,11.8733720779,-1.87603664398,1.87603664398,13.6444896062
SDV11,1316,1,0.714150965214,2.95289421082,2.2387432456,2.2387432456,313.483192581
SDV11,1316,2,-2.02908349037,0.308225810528,2.3373093009,2.3373093009,115.190395663
SDV11,1316,3,2.29374313354,4.00823926926,1.71449613571,1.71449613571,74.7466492929
SDV11,1316,4,-0.359826594591,1.36663043499,1.72645702958,1.72645702958,479.80250919
SDV11,1316,5,0.714150965214,2.95289421082,2.2387432456,2.2387432456,313.483192581
SDV11,1316,6,-2.02908349037,0.308225810528,2.3373093009,2.3373093009,115.190395663
SDV11,1316,7,2.29374313354,4.00823926926,1.71449613571,1.71449613571,74.7466492929
SDV11,1316,8,-0.359826594591,1.36663043499,1.72645702958,1.72645702958,479.80250919
SDV11,1317,1,6.19186544418,8.04396724701,1.85210180283,1.85210180283,29.9118548283
SDV11,1317,2,2.20518922806,5.35863685608,3.15344762802,3.15344762802,143.001225831
SDV11,1317,3,5.41803598404,6.29357099533,0.875535011292,0.875535011292,16.1596381765
SDV11,1317,4,1.62458157539,3.52262926102,1.89804768562,1.89804768562,116.833018075
SDV11,1317,5,6.19186544418,8.04396724701,1.85210180283,1.85210180283,29.9118548283
SDV11,1317,6,2.20518922806,5.35863685608,3.15344762802,3.15344762802,143.001225831
SDV11,1317,7,5.41803598404,6.29357099533,0.875535011292,0.875535011292,16.1596381765
SDV11,1317,8,1.62458157539,3.52262926102,1.89804768562,1.89804768562,116.833018075
SDV11,1318,1,1.38814294338,3.76652145386,2.37837851048,2.37837851048,171.335273634
SDV11,1318,2,-6.75192213058,-0.416222602129,6.33569952846,6.33569952846,93.8354946328
SDV11,1318,3,5.79809856415,6.29945087433,0.501352310181,0.501352310181,8.6468400741
SDV11,1318,4,-3.00205898285,0.550045728683,3.55210471153,3.55210471153,118.322282534
SDV11,1318,5,1.38814294338,3.76652145386,2.37837851048,2.37837851048,171.335273634
SDV11,1318,6,-6.75192213058,-0.416222602129,6.33569952846,6.33569952846,93.8354946328
SDV11,1318,7,5.79809856415,6.29945087433,0.501352310181,0.501352310181,8.6468400741
SDV11,1318,8,-3.00205898285,0.550045728683,3.55210471153,3.55210471153,118.322282534
SDV11,1319,1,6.75192213058,0.416222602129,-6.33569952846,6.33569952846,93.8354946328
SDV11,1319,2,-1.38814294338,-3.76652145386,-2.37837851048,2.37837851048,171.335273634
SDV11,1319,3,3.00205898285,-0.550045728683,-3.55210471153,3.55210471153,118.322282534
SDV11,1319,4,-5.79809856415,-6.29945087433,-0.501352310181,0.501352310181,8.6468400741
SDV11,1319,5,6.75192213058,0.416222602129,-6.33569952846,6.33569952846,93.8354946328
SDV11,1319,6,-1.38814294338,-3.76652145386,-2.37837851048,2.37837851048,171.335273634
SDV11,1319,7,3.00205898285,-0.550045728683,-3.55210471153,3.55210471153,118.322282534
SDV11,1319,8,-5.79809856415,-6.29945087433,-0.501352310181,0.501352310181,8.6468400741
SDV11,1320,1,-2.20518922806,-5.35863685608,-3.15344762802,3.15344762802,143.001225831
SDV11,1320,2,-6.19186544418,-8.04396724701,-1.85210180283,1.85210180283,29.9118548283
SDV11,1320,3,-1.62458157539,-3.52262926102,-1.89804768562,1.89804768562,116.833018075
SDV11,1320,4,-5.41803598404,-6.29357099533,-0.875535011292,0.875535011292,16.1596381765
SDV11,1320,5,-2.20518922806,-5.35863685608,-3.15344762802,3.15344762802,143.001225831
SDV11,1320,6,-6.19186544418,-8.04396724701,-1.85210180283,1.85210180283,29.9118548283
SDV11,1320,7,-1.62458157539,-3.52262926102,-1.89804768562,1.89804768562,116.833018075
SDV11,1320,8,-5.41803598404,-6.29357099533,-0.875535011292,0.875535011292,16.1596381765
SDV11,1321,1,2.02908349037,-0.308225810528,-2.3373093009,2.3373093009,115.190395663
SDV11,1321,2,-0.714150965214,-2.95289421082,-2.2387432456,2.2387432456,313.483192581
SDV11,1321,3,0.359826594591,-1.36663043499,-1.72645702958,1.72645702958,479.80250919
SDV11,1321,4,-2.29374313354,-4.00823926926,-1.71449613571,1.71449613571,74.7466492929
SDV11,1321,5,2.02908349037,-0.308225810528,-2.3373093009,2.3373093009,115.190395663
SDV11,1321,6,-0.714150965214,-2.95289421082,-2.2387432456,2.2387432456,313.483192581
SDV11,1321,7,0.359826594591,-1.36663043499,-1.72645702958,1.72645702958,479.80250919
SDV11,1321,8,-2.29374313354,-4.00823926926,-1.71449613571,1.71449613571,74.7466492929
SDV11,1392,1,13.4126873016,13.9572763443,0.544589042664,0.544589042664,4.0602530307
SDV11,1392,2,13.8274497986,15.0437135696,1.21626377106,1.21626377106,8.79600930594
SDV11,1392,3,13.3924036026,13.8172044754,0.424800872803,0.424800872803,3.17195393305
SDV11,1392,4,13.9546117783,15.0638723373,1.10926055908,1.10926055908,7.94906068838
SDV11,1392,5,13.4126873016,13.9572763443,0.544589042664,0.544589042664,4.0602530307
SDV11,1392,6,13.8274497986,15.0437135696,1.21626377106,1.21626377106,8.79600930594
SDV11,1392,7,13.3924036026,13.8172044754,0.424800872803,0.424800872803,3.17195393305
SDV11,1392,8,13.9546117783,15.0638723373,1.10926055908,1.10926055908,7.94906068838
SDV11,1393,1,21.7639846802,21.925283432,0.161298751831,0.161298751831,0.741126931494
SDV11,1393,2,28.1023025513,28.4009952545,0.298692703247,0.298692703247,1.06287626326
SDV11,1393,3,16.0586071014,15.7879962921,-0.270610809326,0.270610809326,1.68514496691
SDV11,1393,4,22.9183807373,22.3010902405,-0.617290496826,0.617290496826,2.69342980162
SDV11,1393,5,21.7639846802,21.925283432,0.161298751831,0.161298751831,0.741126931494
SDV11,1393,6,28.1023025513,28.4009952545,0.298692703247,0.298692703247,1.06287626326
SDV11,1393,7,16.0586071014,15.7879962921,-0.270610809326,0.270610809326,1.68514496691
SDV11,1393,8,22.9183807373,22.3010902405,-0.617290496826,0.617290496826,2.69342980162
SDV11,1394,1,-28.1023025513,-28.4009952545,-0.298692703247,0.298692703247,1.06287626326
SDV11,1394,2,-21.7639846802,-21.925283432,-0.161298751831,0.161298751831,0.741126931494
SDV11,1394,3,-22.9183807373,-22.3010902405,0.617290496826,0.617290496826,2.69342980162
SDV11,1394,4,-16.0586071014,-15.7879962921,0.270610809326,0.270610809326,1.68514496691
SDV11,1394,5,-28.1023025513,-28.4009952545,-0.298692703247,0.298692703247,1.06287626326
SDV11,1394,6,-21.7639846802,-21.925283432,-0.161298751831,0.161298751831,0.741126931494
SDV11,1394,7,-22.9183807373,-22.3010902405,0.617290496826,0.617290496826,2.69342980162
SDV11,1394,8,-16.0586071014,-15.7879962921,0.270610809326,0.270610809326,1.68514496691
SDV11,1395,1,-13.8274497986,-15.0437135696,-1.21626377106,1.21626377106,8.79600930594
SDV11,1395,2,-13.4126873016,-13.9572763443,-0.544589042664,0.544589042664,4.0602530307
SDV11,1395,3,-13.9546117783,-15.0638723373,-1.10926055908,1.10926055908,7.94906068838
SDV11,1395,4,-13.3924036026,-13.8172044754,-0.424800872803,0.424800872803,3.17195393305
SDV11,1395,5,-13.8274497986,-15.0437135696,-1.21626377106,1.21626377106,8.79600930594
SDV11,1395,6,-13.4126873016,-13.9572763443,-0.544589042664,0.544589042664,4.0602530307
SDV11,1395,7,-13.9546117783,-15.0638723373,-1.10926055908,1.10926055908,7.94906068838
SDV11,1395,8,-13.3924036026,-13.8172044754,-0.424800872803,0.424800872803,3.17195393305
SDV11,1465,1,7.62530612946,6.99072313309,-0.634582996368,0.634582996368,8.32206583703
SDV11,1465,2,10.3894414902,9.65001392365,-0.739427566528,0.739427566528,7.11710602757
SDV11,1465,3,9.61116409302,8.92621421814,-0.684949874878,0.684949874878,7.12660681109
SDV11,1465,4,12.3027162552,11.5079107285,-0.794805526733,0.794805526733,6.46040687477
SDV11,1465,5,7.62530612946,6.99072313309,-0.634582996368,0.634582996368,8.32206583703
SDV11,1465,6,10.3894414902,9.65001392365,-0.739427566528,0.739427566528,7.11710602757
SDV11,1465,7,9.61116409302,8.92621421814,-0.684949874878,0.684949874878,7.12660681109
SDV11,1465,8,12.3027162552,11.5079107285,-0.794805526733,0.794805526733,6.46040687477
SDV11,1466,1,12.0146312714,11.1930170059,-0.821614265442,0.821614265442,6.83844761346
SDV11,1466,2,16.8171520233,15.9987764359,-0.818375587463,0.818375587463,4.8663149761
SDV11,1466,3,9.47735309601,8.87964344025,-0.597709655762,0.597709655762,6.30671506809
SDV11,1466,4,14.1133060455,13.6511869431,-0.462119102478,0.462119102478,3.27435046747
SDV11,1466,5,12.0146312714,11.1930170059,-0.821614265442,0.821614265442,6.83844761346
SDV11,1466,6,16.8171520233,15.9987764359,-0.818375587463,0.818375587463,4.8663149761
SDV11,1466,7,9.47735309601,8.87964344025,-0.597709655762,0.597709655762,6.30671506809
SDV11,1466,8,14.1133060455,13.6511869431,-0.462119102478,0.462119102478,3.27435046747
SDV11,1467,1,-16.8171520233,-15.9987764359,0.818375587463,0.818375587463,4.8663149761
SDV11,1467,2,-12.0146312714,-11.1930170059,0.821614265442,0.821614265442,6.83844761346
SDV11,1467,3,-14.1133060455,-13.6511869431,0.462119102478,0.462119102478,3.27435046747
SDV11,1467,4,-9.47735309601,-8.87964344025,0.597709655762,0.597709655762,6.30671506809
SDV11,1467,5,-16.8171520233,-15.9987764359,0.818375587463,0.818375587463,4.8663149761
SDV11,1467,6,-12.0146312714,-11.1930170059,0.821614265442,0.821614265442,6.83844761346
SDV11,1467,7,-14.1133060455,-13.6511869431,0.462119102478,0.462119102478,3.27435046747
SDV11,1467,8,-9.47735309601,-8.87964344025,0.597709655762,0.597709655762,6.30671506809
SDV11,1468,1,-10.3894414902,-9.65001392365,0.739427566528,0.739427566528,7.11710602757
SDV11,1468,2,-7.62530612946,-6.99072313309,0.634582996368,0.634582996368,8.32206583703
SDV11,1468,3,-12.3027162552,-11.5079107285,0.794805526733,0.794805526733,6.46040687477
SDV11,1468,4,-9.61116409302,-8.92621421814,0.684949874878,0.684949874878,7.12660681109
SDV11,1468,5,-10.3894414902,-9.65001392365,0.739427566528,0.739427566528,7.11710602757
SDV11,1468,6,-7.62530612946,-6.99072313309,0.634582996368,0.634582996368,8.32206583703
SDV11,1468,7,-12.3027162552,-11.5079107285,0.794805526733,0.794805526733,6.46040687477
SDV11,1468,8,-9.61116409302,-8.92621421814,0.684949874878,0.684949874878,7.12660681109
SDV11,1537,1,4.31341791153,4.20893526077,-0.104482650757,0.104482650757,2.42227052653
SDV11,1537,2,6.78403759003,6.64449596405,-0.139541625977,0.139541625977,2.05691115541
SDV11,1537,3,3.0165708065,2.94001293182,-0.0765578746796,0.0765578746796,2.53791074668
SDV11,1537,4,5.77002239227,5.67951345444,-0.0905089378357,0.0905089378357,1.56860635336
SDV11,1537,5,4.31341791153,4.20893526077,-0.104482650757,0.104482650757,2.42227052653
SDV11,1537,6,6.78403759003,6.64449596405,-0.139541625977,0.139541625977,2.05691115541
SDV11,1537,7,3.0165708065,2.94001293182,-0.0765578746796,0.0765578746796,2.53791074668
SDV11,1537,8,5.77002239227,5.67951345444,-0.0905089378357,0.0905089378357,1.56860635336
SDV11,1538,1,0.709595739841,0.643233180046,-0.0663625597954,0.0663625597954,9.35216434786
SDV11,1538,2,-0.723852992058,-0.778713703156,-0.0548607110977,0.0548607110977,7.57898519446
SDV11,1538,3,4.19649600983,4.02874422073,-0.167751789093,0.167751789093,3.99742520189
SDV11,1538,4,2.41552758217,2.26281857491,-0.152709007263,0.152709007263,6.32197323643
SDV11,1538,5,0.709595739841,0.643233180046,-0.0663625597954,0.0663625597954,9.35216434786
SDV11,1538,6,-0.723852992058,-0.778713703156,-0.0548607110977,0.0548607110977,7.57898519446
SDV11,1538,7,4.19649600983,4.02874422073,-0.167751789093,0.167751789093,3.99742520189
SDV11,1538,8,2.41552758217,2.26281857491,-0.152709007263,0.152709007263,6.32197323643
SDV11,1539,1,0.723852992058,0.778713703156,0.0548607110977,0.0548607110977,7.57898519446
SDV11,1539,2,-0.709595739841,-0.643233180046,0.0663625597954,0.0663625597954,9.35216434786
SDV11,1539,3,-2.41552758217,-2.26281857491,0.152709007263,0.152709007263,6.32197323643
SDV11,1539,4,-4.19649600983,-4.02874422073,0.167751789093,0.167751789093,3.99742520189
SDV11,1539,5,0.723852992058,0.778713703156,0.0548607110977,0.0548607110977,7.57898519446
SDV11,1539,6,-0.709595739841,-0.643233180046,0.0663625597954,0.0663625597954,9.35216434786
SDV11,1539,7,-2.41552758217,-2.26281857491,0.152709007263,0.152709007263,6.32197323643
SDV11,1539,8,-4.19649600983,-4.02874422073,0.167751789093,0.167751789093,3.99742520189
SDV11,1540,1,-6.78403759003,-6.64449596405,0.139541625977,0.139541625977,2.05691115541
SDV11,1540,2,-4.31341791153,-4.20893526077,0.104482650757,0.104482650757,2.42227052653
SDV11,1540,3,-5.77002239227,-5.67951345444,0.0905089378357,0.0905089378357,1.56860635336
SDV11,1540,4,-3.0165708065,-2.94001293182,0.0765578746796,0.0765578746796,2.53791074668
SDV11,1540,5,-6.78403759003,-6.64449596405,0.139541625977,0.139541625977,2.05691115541
SDV11,1540,6,-4.31341791153,-4.20893526077,0.104482650757,0.104482650757,2.42227052653
SDV11,1540,7,-5.77002239227,-5.67951345444,0.0905089378357,0.0905089378357,1.56860635336
SDV11,1540,8,-3.0165708065,-2.94001293182,0.0765578746796,0.0765578746796,2.53791074668
SDV11,1609,1,-3.0165708065,-2.94001293182,0.0765578746796,0.0765578746796,2.53791074668
SDV11,1609,2,-5.77002239227,-5.67951345444,0.0905089378357,0.0905089378357,1.56860635336
SDV11,1609,3,-4.31341791153,-4.20893526077,0.104482650757,0.104482650757,2.42227052653
SDV11,1609,4,-6.78403759003,-6.64449596405,0.139541625977,0.139541625977,2.05691115541
SDV11,1609,5,-3.0165708065,-2.94001293182,0.0765578746796,0.0765578746796,2.53791074668
SDV11,1609,6,-5.77002239227,-5.67951345444,0.0905089378357,0.0905089378357,1.56860635336
SDV11,1609,7,-4.31341791153,-4.20893526077,0.104482650757,0.104482650757,2.42227052653
SDV11,1609,8,-6.78403759003,-6.64449596405,0.139541625977,0.139541625977,2.05691115541
SDV11,1610,1,-4.19649600983,-4.02874422073,0.167751789093,0.167751789093,3.99742520189
SDV11,1610,2,-2.41552758217,-2.26281857491,0.152709007263,0.152709007263,6.32197323643
SDV11,1610,3,-0.709595739841,-0.643233180046,0.0663625597954,0.0663625597954,9.35216434786
SDV11,1610,4,0.723852992058,0.778713703156,0.0548607110977,0.0548607110977,7.57898519446
SDV11,1610,5,-4.19649600983,-4.02874422073,0.167751789093,0.167751789093,3.99742520189
SDV11,1610,6,-2.41552758217,-2.26281857491,0.152709007263,0.152709007263,6.32197323643
SDV11,1610,7,-0.709595739841,-0.643233180046,0.0663625597954,0.0663625597954,9.35216434786
SDV11,1610,8,0.723852992058,0.778713703156,0.0548607110977,0.0548607110977,7.57898519446
SDV11,1611,1,2.41552758217,2.26281857491,-0.152709007263,0.152709007263,6.32197323643
SDV11,1611,2,4.19649600983,4.02874422073,-0.167751789093,0.167751789093,3.99742520189
SDV11,1611,3,-0.723852992058,-0.778713703156,-0.0548607110977,0.0548607110977,7.57898519446
SDV11,1611,4,0.709595739841,0.643233180046,-0.0663625597954,0.0663625597954,9.35216434786
SDV11,1611,5,2.41552758217,2.26281857491,-0.152709007263,0.152709007263,6.32197323643
SDV11,1611,6,4.19649600983,4.02874422073,-0.167751789093,0.167751789093,3.99742520189
SDV11,1611,7,-0.723852992058,-0.778713703156,-0.0548607110977,0.0548607110977,7.57898519446
SDV11,1611,8,0.709595739841,0.643233180046,-0.0663625597954,0.0663625597954,9.35216434786
SDV11,1612,1,5.77002239227,5.67951345444,-0.0905089378357,0.0905089378357,1.56860635336
SDV11,1612,2,3.0165708065,2.94001293182,-0.0765578746796,0.0765578746796,2.53791074668
SDV11,1612,3,6.78403759003,6.64449596405,-0.139541625977,0.139541625977,2.05691115541
SDV11,1612,4,4.31341791153,4.20893526077,-0.104482650757,0.104482650757,2.42227052653
SDV11,1612,5,5.77002239227,5.67951345444,-0.0905089378357,0.0905089378357,1.56860635336
SDV11,1612,6,3.0165708065,2.94001293182,-0.0765578746796,0.0765578746796,2.53791074668
SDV11,1612,7,6.78403759003,6.64449596405,-0.139541625977,0.139541625977,2.05691115541
SDV11,1612,8,4.31341791153,4.20893526077,-0.104482650757,0.104482650757,2.42227052653
SDV11,1681,1,-9.61116409302,-8.92621421814,0.684949874878,0.684949874878,7.12660681109
SDV11,1681,2,-12.3027162552,-11.5079107285,0.794805526733,0.794805526733,6.46040687477
SDV11,1681,3,-7.62530612946,-6.99072313309,0.634582996368,0.634582996368,8.32206583703
SDV11,1681,4,-10.3894414902,-9.65001392365,0.739427566528,0.739427566528,7.11710602757
SDV11,1681,5,-9.61116409302,-8.92621421814,0.684949874878,0.684949874878,7.12660681109
SDV11,1681,6,-12.3027162552,-11.5079107285,0.794805526733,0.794805526733,6.46040687477
SDV11,1681,7,-7.62530612946,-6.99072313309,0.634582996368,0.634582996368,8.32206583703
SDV11,1681,8,-10.3894414902,-9.65001392365,0.739427566528,0.739427566528,7.11710602757
SDV11,1682,1,-9.47735309601,-8.87964344025,0.597709655762,0.597709655762,6.30671506809
SDV11,1682,2,-14.1133060455,-13.6511869431,0.462119102478,0.462119102478,3.27435046747
SDV11,1682,3,-12.0146312714,-11.1930170059,0.821614265442,0.821614265442,6.83844761346
SDV11,1682,4,-16.8171520233,-15.9987764359,0.818375587463,0.818375587463,4.8663149761
SDV11,1682,5,-9.47735309601,-8.87964344025,0.597709655762,0.597709655762,6.30671506809
SDV11,1682,6,-14.1133060455,-13.6511869431,0.462119102478,0.462119102478,3.27435046747
SDV11,1682,7,-12.0146312714,-11.1930170059,0.821614265442,0.821614265442,6.83844761346
SDV11,1682,8,-16.8171520233,-15.9987764359,0.818375587463,0.818375587463,4.8663149761
SDV11,1683,1,14.1133060455,13.6511869431,-0.462119102478,0.462119102478,3.27435046747
SDV11,1683,2,9.47735309601,8.87964344025,-0.597709655762,0.597709655762,6.30671506809
SDV11,1683,3,16.8171520233,15.9987764359,-0.818375587463,0.818375587463,4.8663149761
SDV11,1683,4,12.0146312714,11.1930170059,-0.821614265442,0.821614265442,6.83844761346
SDV11,1683,5,14.1133060455,13.6511869431,-0.462119102478,0.462119102478,3.27435046747
SDV11,1683,6,9.47735309601,8.87964344025,-0.597709655762,0.597709655762,6.30671506809
SDV11,1683,7,16.8171520233,15.9987764359,-0.818375587463,0.818375587463,4.8663149761
SDV11,1683,8,12.0146312714,11.1930170059,-0.821614265442,0.821614265442,6.83844761346
SDV11,1684,1,12.3027162552,11.5079107285,-0.794805526733,0.794805526733,6.46040687477
SDV11,1684,2,9.61116409302,8.92621421814,-0.684949874878,0.684949874878,7.12660681109
SDV11,1684,3,10.3894414902,9.65001392365,-0.739427566528,0.739427566528,7.11710602757
SDV11,1684,4,7.62530612946,6.99072313309,-0.634582996368,0.634582996368,8.32206583703
SDV11,1684,5,12.3027162552,11.5079107285,-0.794805526733,0.794805526733,6.46040687477
SDV11,1684,6,9.61116409302,8.92621421814,-0.684949874878,0.684949874878,7.12660681109
SDV11,1684,7,10.3894414902,9.65001392365,-0.739427566528,0.739427566528,7.11710602757
SDV11,1684,8,7.62530612946,6.99072313309,-0.634582996368,0.634582996368,8.32206583703
SDV11,1754,1,-13.3924036026,-13.8172044754,-0.424800872803,0.424800872803,3.17195393305
SDV11,1754,2,-13.9546117783,-15.0638723373,-1.10926055908,1.10926055908,7.94906068838
SDV11,1754,3,-13.4126873016,-13.9572763443,-0.544589042664,0.544589042664,4.0602530307
SDV11,1754,4,-13.8274497986,-15.0437135696,-1.21626377106,1.21626377106,8.79600930594
SDV11,1754,5,-13.3924036026,-13.8172044754,-0.424800872803,0.424800872803,3.17195393305
SDV11,1754,6,-13.9546117783,-15.0638723373,-1.10926055908,1.10926055908,7.94906068838
SDV11,1754,7,-13.4126873016,-13.9572763443,-0.544589042664,0.544589042664,4.0602530307
SDV11,1754,8,-13.8274497986,-15.0437135696,-1.21626377106,1.21626377106,8.79600930594
SDV11,1755,1,-16.0586071014,-15.7879962921,0.270610809326,0.270610809326,1.68514496691
SDV11,1755,2,-22.9183807373,-22.3010902405,0.617290496826,0.617290496826,2.69342980162
SDV11,1755,3,-21.7639846802,-21.925283432,-0.161298751831,0.161298751831,0.741126931494
SDV11,1755,4,-28.1023025513,-28.4009952545,-0.298692703247,0.298692703247,1.06287626326
SDV11,1755,5,-16.0586071014,-15.7879962921,0.270610809326,0.270610809326,1.68514496691
SDV11,1755,6,-22.9183807373,-22.3010902405,0.617290496826,0.617290496826,2.69342980162
SDV11,1755,7,-21.7639846802,-21.925283432,-0.161298751831,0.161298751831,0.741126931494
SDV11,1755,8,-28.1023025513,-28.4009952545,-0.298692703247,0.298692703247,1.06287626326
SDV11,1756,1,22.9183807373,22.3010902405,-0.617290496826,0.617290496826,2.69342980162
SDV11,1756,2,16.0586071014,15.7879962921,-0.270610809326,0.270610809326,1.68514496691
SDV11,1756,3,28.1023025513,28.4009952545,0.298692703247,0.298692703247,1.06287626326
SDV11,1756,4,21.7639846802,21.925283432,0.161298751831,0.161298751831,0.741126931494
SDV11,1756,5,22.9183807373,22.3010902405,-0.617290496826,0.617290496826,2.69342980162
SDV11,1756,6,16.0586071014,15.7879962921,-0.270610809326,0.270610809326,1.68514496691
SDV11,1756,7,28.1023025513,28.4009952545,0.298692703247,0.298692703247,1.06287626326
SDV11,1756,8,21.7639846802,21.925283432,0.161298751831,0.161298751831,0.741126931494
SDV11,1757,1,13.9546117783,15.0638723373,1.10926055908,1.10926055908,7.94906068838
SDV11,1757,2,13.3924036026,13.8172044754,0.424800872803,0.424800872803,3.17195393305
SDV11,1757,3,13.8274497986,15.0437135696,1.21626377106,1.21626377106,8.79600930594
SDV11,1757,4,13.4126873016,13.9572763443,0.544589042664,0.544589042664,4.0602530307
SDV11,1757,5,13.9546117783,15.0638723373,1.10926055908,1.10926055908,7.94906068838
SDV11,1757,6,13.3924036026,13.8172044754,0.424800872803,0.424800872803,3.17195393305
SDV11,1757,7,13.8274497986,15.0437135696,1.21626377106,1.21626377106,8.79600930594
SDV11,1757,8,13.4126873016,13.9572763443,0.544589042664,0.544589042664,4.0602530307
SDV11,1828,1,-2.29374313354,-4.00823926926,-1.71449613571,1.71449613571,74.7466492929
SDV11,1828,2,0.359826594591,-1.36663043499,-1.72645702958,1.72645702958,479.80250919
SDV11,1828,3,-0.714150965214,-2.95289421082,-2.2387432456,2.2387432456,313.483192581
SDV11,1828,4,2.02908349037,-0.308225810528,-2.3373093009,2.3373093009,115.190395663
SDV11,1828,5,-2.29374313354,-4.00823926926,-1.71449613571,1.71449613571,74.7466492929
SDV11,1828,6,0.359826594591,-1.36663043499,-1.72645702958,1.72645702958,479.80250919
SDV11,1828,7,-0.714150965214,-2.95289421082,-2.2387432456,2.2387432456,313.483192581
SDV11,1828,8,2.02908349037,-0.308225810528,-2.3373093009,2.3373093009,115.190395663
SDV11,1829,1,-5.41803598404,-6.29357099533,-0.875535011292,0.875535011292,16.1596381765
SDV11,1829,2,-1.62458157539,-3.52262926102,-1.89804768562,1.89804768562,116.833018075
SDV11,1829,3,-6.19186544418,-8.04396724701,-1.85210180283,1.85210180283,29.9118548283
SDV11,1829,4,-2.20518922806,-5.35863685608,-3.15344762802,3.15344762802,143.001225831
SDV11,1829,5,-5.41803598404,-6.29357099533,-0.875535011292,0.875535011292,16.1596381765
SDV11,1829,6,-1.62458157539,-3.52262926102,-1.89804768562,1.89804768562,116.833018075
SDV11,1829,7,-6.19186544418,-8.04396724701,-1.85210180283,1.85210180283,29.9118548283
SDV11,1829,8,-2.20518922806,-5.35863685608,-3.15344762802,3.15344762802,143.001225831
SDV11,1830,1,-5.79809856415,-6.29945087433,-0.501352310181,0.501352310181,8.6468400741
SDV11,1830,2,3.00205898285,-0.550045728683,-3.55210471153,3.55210471153,118.322282534
SDV11,1830,3,-1.38814294338,-3.76652145386,-2.37837851048,2.37837851048,171.335273634
SDV11,1830,4,6.75192213058,0.416222602129,-6.33569952846,6.33569952846,93.8354946328
SDV11,1830,5,-5.79809856415,-6.29945087433,-0.501352310181,0.501352310181,8.6468400741
SDV11,1830,6,3.00205898285,-0.550045728683,-3.55210471153,3.55210471153,118.322282534
SDV11,1830,7,-1.38814294338,-3.76652145386,-2.37837851048,2.37837851048,171.335273634
SDV11,1830,8,6.75192213058,0.416222602129,-6.33569952846,6.33569952846,93.8354946328
SDV11,1831,1,-3.00205898285,0.550045728683,3.55210471153,3.55210471153,118.322282534
SDV11,1831,2,5.79809856415,6.29945087433,0.501352310181,0.501352310181,8.6468400741
SDV11,1831,3,-6.75192213058,-0.416222602129,6.33569952846,6.33569952846,93.8354946328
SDV11,1831,4,1.38814294338,3.76652145386,2.37837851048,2.37837851048,171.335273634
SDV11,1831,5,-3.00205898285,0.550045728683,3.55210471153,3.55210471153,118.322282534
SDV11,1831,6,5.79809856415,6.29945087433,0.501352310181,0.501352310181,8.6468400741
SDV11,1831,7,-6.75192213058,-0.416222602129,6.33569952846,6.33569952846,93.8354946328
SDV11,1831,8,1.38814294338,3.76652145386,2.37837851048,2.37837851048,171.335273634
SDV11,1832,1,1.62458157539,3.52262926102,1.89804768562,1.89804768562,116.833018075
SDV11,1832,2,5.41803598404,6.29357099533,0.875535011292,0.875535011292,16.1596381765
SDV11,1832,3,2.20518922806,5.35863685608,3.15344762802,3.15344762802,143.001225831
SDV11,1832,4,6.19186544418,8.04396724701,1.85210180283,1.85210180283,29.9118548283
SDV11,1832,5,1.62458157539,3.52262926102,1.89804768562,1.89804768562,116.833018075
SDV11,1832,6,5.41803598404,6.29357099533,0.875535011292,0.875535011292,16.1596381765
SDV11,1832,7,2.20518922806,5.35863685608,3.15344762802,3.15344762802,143.001225831
SDV11,1832,8,6.19186544418,8.04396724701,1.85210180283,1.85210180283,29.9118548283
SDV11,1833,1,-0.359826594591,1.36663043499,1.72645702958,1.72645702958,479.80250919
SDV11,1833,2,2.29374313354,4.00823926926,1.71449613571,1.71449613571,74.7466492929
SDV11,1833,3,-2.02908349037,0.308225810528,2.3373093009,2.3373093009,115.190395663
SDV11,1833,4,0.714150965214,2.95289421082,2.2387432456,2.2387432456,313.483192581
SDV11,1833,5,-0.359826594591,1.36663043499,1.72645702958,1.72645702958,479.80250919
SDV11,1833,6,2.29374313354,4.00823926926,1.71449613571,1.71449613571,74.7466492929
SDV11,1833,7,-2.02908349037,0.308225810528,2.3373093009,2.3373093009,115.190395663
SDV11,1833,8,0.714150965214,2.95289421082,2.2387432456,2.2387432456,313.483192581
SDV11,1905,1,13.7494087219,11.8733720779,-1.87603664398,1.87603664398,13.6444896062
SDV11,1905,2,21.3434677124,18.7294139862,-2.6140537262,2.6140537262,12.2475586508
SDV11,1905,3,15.470864296,13.8764705658,-1.59439373016,1.59439373016,10.3057831784
SDV11,1905,4,23.07097435,20.7116909027,-2.35928344727,2.35928344727,10.2261976953
SDV11,1905,5,13.7494087219,11.8733720779,-1.87603664398,1.87603664398,13.6444896062
SDV11,1905,6,21.3434677124,18.7294139862,-2.6140537262,2.6140537262,12.2475586508
SDV11,1905,7,15.470864296,13.8764705658,-1.59439373016,1.59439373016,10.3057831784
SDV11,1905,8,23.07097435,20.7116909027,-2.35928344727,2.35928344727,10.2261976953
SDV11,1906,1,23.610786438,22.1763877869,-1.43439865112,1.43439865112,6.07518370847
SDV11,1906,2,28.8154716492,27.751739502,-1.06373214722,1.06373214722,3.69153127239
SDV11,1906,3,23.3459148407,20.7271842957,-2.61873054504,2.61873054504,11.2170825727
SDV11,1906,4,28.5315685272,26.3264102936,-2.20515823364,2.20515823364,7.72883632927
SDV11,1906,5,23.610786438,22.1763877869,-1.43439865112,1.43439865112,6.07518370847
SDV11,1906,6,28.8154716492,27.751739502,-1.06373214722,1.06373214722,3.69153127239
SDV11,1906,7,23.3459148407,20.7271842957,-2.61873054504,2.61873054504,11.2170825727
SDV11,1906,8,28.5315685272,26.3264102936,-2.20515823364,2.20515823364,7.72883632927
SDV11,1907,1,58.5626602173,54.3039093018,-4.25875091553,4.25875091553,7.27212681208
SDV11,1907,2,33.6660652161,30.9453430176,-2.72072219849,2.72072219849,8.08149743971
SDV11,1907,3,41.1625976562,37.9358520508,-3.22674560547,3.22674560547,7.83902326188
SDV11,1907,4,16.1639671326,14.7628469467,-1.40112018585,1.40112018585,8.66817022307
SDV11,1907,5,58.5626602173,54.3039093018,-4.25875091553,4.25875091553,7.27212681208
SDV11,1907,6,33.6660652161,30.9453430176,-2.72072219849,2.72072219849,8.08149743971
SDV11,1907,7,41.1625976562,37.9358520508,-3.22674560547,3.22674560547,7.83902326188
SDV11,1907,8,16.1639671326,14.7628469467,-1.40112018585,1.40112018585,8.66817022307
SDV11,1908,1,-3.5304954052,-4.12745761871,-0.596962213516,0.596962213516,16.9087378683
SDV11,1908,2,-4.24303865433,-3.7154519558,0.527586698532,0.527586698532,12.4341713926
SDV11,1908,3,10.0417947769,8.76771736145,-1.27407741547,1.27407741547,12.6877460033
SDV11,1908,4,9.31474781036,9.26299953461,-0.0517482757568,0.0517482757568,0.5555520859
SDV11,1908,5,-3.5304954052,-4.12745761871,-0.596962213516,0.596962213516,16.9087378683
SDV11,1908,6,-4.24303865433,-3.7154519558,0.527586698532,0.527586698532,12.4341713926
SDV11,1908,7,10.0417947769,8.76771736145,-1.27407741547,1.27407741547,12.6877460033
SDV11,1908,8,9.31474781036,9.26299953461,-0.0517482757568,0.0517482757568,0.5555520859
SDV11,1909,1,4.24303865433,3.7154519558,-0.527586698532,0.527586698532,12.4341713926
SDV11,1909,2,3.5304954052,4.12745761871,0.596962213516,0.596962213516,16.9087378683
SDV11,1909,3,-9.31474781036,-9.26299953461,0.0517482757568,0.0517482757568,0.5555520859
SDV11,1909,4,-10.0417947769,-8.76771736145,1.27407741547,1.27407741547,12.6877460033
SDV11,1909,5,4.24303865433,3.7154519558,-0.527586698532,0.527586698532,12.4341713926
SDV11,1909,6,3.5304954052,4.12745761871,0.596962213516,0.596962213516,16.9087378683
SDV11,1909,7,-9.31474781036,-9.26299953461,0.0517482757568,0.0517482757568,0.5555520859
SDV11,1909,8,-10.0417947769,-8.76771736145,1.27407741547,1.27407741547,12.6877460033
SDV11,1910,1,-33.6660652161,-30.9453430176,2.72072219849,2.72072219849,8.08149743971
SDV11,1910,2,-58.5626602173,-54.3039093018,4.25875091553,4.25875091553,7.27212681208
SDV11,1910,3,-16.1639671326,-14.7628469467,1.40112018585,1.40112018585,8.66817022307
SDV11,1910,4,-41.1625976562,-37.9358520508,3.22674560547,3.22674560547,7.83902326188
SDV11,1910,5,-33.6660652161,-30.9453430176,2.72072219849,2.72072219849,8.08149743971
SDV11,1910,6,-58.5626602173,-54.3039093018,4.25875091553,4.25875091553,7.27212681208
SDV11,1910,7,-16.1639671326,-14.7628469467,1.40112018585,1.40112018585,8.66817022307
SDV11,1910,8,-41.1625976562,-37.9358520508,3.22674560547,3.22674560547,7.83902326188
SDV11,1911,1,-28.8154716492,-27.751739502,1.06373214722,1.06373214722,3.69153127239
SDV11,1911,2,-23.610786438,-22.1763877869,1.43439865112,1.43439865112,6.07518370847
SDV11,1911,3,-28.5315685272,-26.3264102936,2.20515823364,2.20515823364,7.72883632927
SDV11,1911,4,-23.3459148407,-20.7271842957,2.61873054504,2.61873054504,11.2170825727
SDV11,1911,5,-28.8154716492,-27.751739502,1.06373214722,1.06373214722,3.69153127239
SDV11,1911,6,-23.610786438,-22.1763877869,1.43439865112,1.43439865112,6.07518370847
SDV11,1911,7,-28.5315685272,-26.3264102936,2.20515823364,2.20515823364,7.72883632927
SDV11,1911,8,-23.3459148407,-20.7271842957,2.61873054504,2.61873054504,11.2170825727
SDV11,1912,1,-21.3434677124,-18.7294139862,2.6140537262,2.6140537262,12.2475586508
SDV11,1912,2,-13.7494087219,-11.8733720779,1.87603664398,1.87603664398,13.6444896062
SDV11,1912,3,-23.07097435,-20.7116909027,2.35928344727,2.35928344727,10.2261976953
SDV11,1912,4,-15.470864296,-13.8764705658,1.59439373016,1.59439373016,10.3057831784
SDV11,1912,5,-21.3434677124,-18.7294139862,2.6140537262,2.6140537262,12.2475586508
SDV11,1912,6,-13.7494087219,-11.8733720779,1.87603664398,1.87603664398,13.6444896062
SDV11,1912,7,-23.07097435,-20.7116909027,2.35928344727,2.35928344727,10.2261976953
SDV11,1912,8,-15.470864296,-13.8764705658,1.59439373016,1.59439373016,10.3057831784
SDV11,1987,1,20.7505111694,20.4926204681,-0.257890701294,0.257890701294,1.24281613686
SDV11,1987,2,20.6291866302,20.135181427,-0.494005203247,0.494005203247,2.39469064923
SDV11,1987,3,17.989812851,17.5981330872,-0.391679763794,0.391679763794,2.1772308975
SDV11,1987,4,17.8705978394,17.2366771698,-0.633920669556,0.633920669556,3.54728294629
SDV11,1987,5,20.7505111694,20.4926204681,-0.257890701294,0.257890701294,1.24281613686
SDV11,1987,6,20.6291866302,20.135181427,-0.494005203247,0.494005203247,2.39469064923
SDV11,1987,7,17.989812851,17.5981330872,-0.391679763794,0.391679763794,2.1772308975
SDV11,1987,8,17.8705978394,17.2366771698,-0.633920669556,0.633920669556,3.54728294629
SDV11,1988,1,27.5069637299,25.8617076874,-1.64525604248,1.64525604248,5.98123463803
SDV11,1988,2,14.6997756958,14.4449596405,-0.254816055298,0.254816055298,1.73346900368
SDV11,1988,3,16.517950058,15.160741806,-1.35720825195,1.35720825195,8.21656590066
SDV11,1988,4,3.81457281113,3.7339425087,-0.0806303024292,0.0806303024292,2.1137439609
SDV11,1988,5,27.5069637299,25.8617076874,-1.64525604248,1.64525604248,5.98123463803
SDV11,1988,6,14.6997756958,14.4449596405,-0.254816055298,0.254816055298,1.73346900368
SDV11,1988,7,16.517950058,15.160741806,-1.35720825195,1.35720825195,8.21656590066
SDV11,1988,8,3.81457281113,3.7339425087,-0.0806303024292,0.0806303024292,2.1137439609
SDV11,1989,1,-14.6997756958,-14.4449596405,0.254816055298,0.254816055298,1.73346900368
SDV11,1989,2,-27.5069637299,-25.8617076874,1.64525604248,1.64525604248,5.98123463803
SDV11,1989,3,-3.81457281113,-3.7339425087,0.0806303024292,0.0806303024292,2.1137439609
SDV11,1989,4,-16.517950058,-15.160741806,1.35720825195,1.35720825195,8.21656590066
SDV11,1989,5,-14.6997756958,-14.4449596405,0.254816055298,0.254816055298,1.73346900368
SDV11,1989,6,-27.5069637299,-25.8617076874,1.64525604248,1.64525604248,5.98123463803
SDV11,1989,7,-3.81457281113,-3.7339425087,0.0806303024292,0.0806303024292,2.1137439609
SDV11,1989,8,-16.517950058,-15.160741806,1.35720825195,1.35720825195,8.21656590066
SDV11,1990,1,-20.6291866302,-20.135181427,0.494005203247,0.494005203247,2.39469064923
SDV11,1990,2,-20.7505111694,-20.4926204681,0.257890701294,0.257890701294,1.24281613686
SDV11,1990,3,-17.8705978394,-17.2366771698,0.633920669556,0.633920669556,3.54728294629
SDV11,1990,4,-17.989812851,-17.5981330872,0.391679763794,0.391679763794,2.1772308975
SDV11,1990,5,-20.6291866302,-20.135181427,0.494005203247,0.494005203247,2.39469064923
SDV11,1990,6,-20.7505111694,-20.4926204681,0.257890701294,0.257890701294,1.24281613686
SDV11,1990,7,-17.8705978394,-17.2366771698,0.633920669556,0.633920669556,3.54728294629
SDV11,1990,8,-17.989812851,-17.5981330872,0.391679763794,0.391679763794,2.1772308975
