 Abaqus/Standard 2023                  DATE 16-Jun-2026 TIME 17:02:44
 SUMMARY OF JOB INFORMATION:
 STEP  INC ATT SEVERE EQUIL TOTAL  TOTAL      STEP       INC OF       DOF    IF
               DISCON ITERS ITERS  TIME/    TIME/LPF    TIME/LPF    MONITOR RIKS
               ITERS               FREQ
 251     1   1     0    10    10  250.       0.00500    0.005000  
 251     2   1     0     7     7  250.       0.0100     0.005000  
 251     3   1     0     7     7  250.       0.0150     0.005000  
 251     4   1     0     7     7  250.       0.0200     0.005000  
 251     5   1     0     4     4  250.       0.0250     0.005000  
 251     6   1     0     2     2  250.       0.0300     0.005000  
 251     7   1     0     8     8  250.       0.0375     0.007500  
 251     8   1     0     2     2  250.       0.0450     0.007500  
 251     9   1     0     4     4  250.       0.0525     0.007500  
 251    10   1     0     9     9  250.       0.0638     0.01125   
 251    11   1     0     4     4  250.       0.0750     0.01125   
 251    12   1     0     5     5  250.       0.0862     0.01125   
 251    13   1     0     3     3  250.       0.0975     0.01125   
 251    14   1     0     2     2  250.       0.109      0.01125   
 251    15   1     0     8     8  250.       0.126      0.01688   
 251    16   1     0     4     4  250.       0.142      0.01688   
 251    17   1     0     4     4  250.       0.159      0.01688   
 251    18   1     0     7     7  250.       0.184      0.02500   
 251    19   1     0     5     5  250.       0.209      0.02500   
 251    20   1     0     5     5  250.       0.234      0.02500   
 251    21   1     0    10    10  250.       0.259      0.02500   
 251    22   1     0     6     6  250.       0.284      0.02500   
 251    23   1     0     3     3  250.       0.309      0.02500   
 251    24   1     0    10    10  250.       0.334      0.02500   
 251    25   1     0    10    10  250.       0.359      0.02500   
 251    26   1     0    11    11  250.       0.384      0.02500   
 251    27   1     0    10    10  250.       0.403      0.01875   
 251    28   1     0    10    10  250.       0.422      0.01875   
 251    29   1     0     9     9  250.       0.441      0.01875   
 251    30   1     0     7     7  250.       0.459      0.01875   
 251    31   1     0     5     5  250.       0.478      0.01875   
 251    32   1     0     5     5  250.       0.497      0.01875   
 251    33   1     0     5     5  251.       0.516      0.01875   
 251    34   1     0     5     5  251.       0.534      0.01875   
 251    35   1     0     4     4  251.       0.553      0.01875   
 251    36   1     0     4     4  251.       0.572      0.01875   
 251    37   1     0     7     7  251.       0.597      0.02500   
 251    38   1     0     5     5  251.       0.622      0.02500   
 251    39   1     0     4     4  251.       0.647      0.02500   
 251    40   1     0     4     4  251.       0.672      0.02500   
 251    41   1     0     4     4  251.       0.697      0.02500   
 251    42   1     0     3     3  251.       0.722      0.02500   
 251    43   1     0     3     3  251.       0.747      0.02500   
 251    44   1     0     9     9  251.       0.772      0.02500   
 251    45   1     0     7     7  251.       0.797      0.02500   
 251    46   1     0     4     4  251.       0.822      0.02500   
 251    47   1     0    10    10  251.       0.847      0.02500   
 251    48   1     0    11    11  251.       0.872      0.02500   
 251    49   1     0    10    10  251.       0.891      0.01875   
 251    50   1     0    10    10  251.       0.909      0.01875   
 251    51   1     0    10    10  251.       0.928      0.01875   
 251    52   1     0     7     7  251.       0.947      0.01875   
 251    53   1     0     8     8  251.       0.966      0.01875   
 251    54   1     0     7     7  251.       0.984      0.01875   
 251    55   1     0    10    10  251.       1.00       0.01562   
 252     1   1     0    10    10  251.       0.00500    0.005000  
 252     2   1     0     8     8  251.       0.0100     0.005000  
 252     3   1     0     7     7  251.       0.0150     0.005000  
 252     4   1     0     7     7  251.       0.0200     0.005000  
 252     5   1     0     4     4  251.       0.0250     0.005000  
 252     6   1     0     2     2  251.       0.0300     0.005000  
 252     7   1     0     8     8  251.       0.0375     0.007500  
 252     8   1     0     2     2  251.       0.0450     0.007500  
 252     9   1     0     4     4  251.       0.0525     0.007500  
 252    10   1     0     9     9  251.       0.0638     0.01125   
 252    11   1     0     5     5  251.       0.0750     0.01125   
 252    12   1     0     4     4  251.       0.0862     0.01125   
 252    13   1     0     4     4  251.       0.0975     0.01125   
 252    14   1     0     9     9  251.       0.114      0.01688   
 252    15   1     0     4     4  251.       0.131      0.01688   
 252    16   1     0     5     5  251.       0.148      0.01688   
 252    17   1     0     3     3  251.       0.165      0.01688   
 252    18   1     0     2     2  251.       0.182      0.01688   
 252    19   1     0     7     7  251.       0.207      0.02500   
 252    20   1     0     6     6  251.       0.232      0.02500   
 252    21   1     0    10    10  251.       0.257      0.02500   
 252    22   1     0     5     5  251.       0.282      0.02500   
 252    23   1     0     3     3  251.       0.307      0.02500   
 252    24   1     0    10    10  251.       0.332      0.02500   
 252    25   1     0    10    10  251.       0.357      0.02500   
 252    26   1     0    11    11  251.       0.382      0.02500   
 252    27   1     0    10    10  251.       0.401      0.01875   
 252    28   1     0    10    10  251.       0.419      0.01875   
 252    29   1     0     9     9  251.       0.438      0.01875   
 252    30   1     0     7     7  251.       0.457      0.01875   
 252    31   1     0     5     5  251.       0.476      0.01875   
 252    32   1     0     5     5  251.       0.494      0.01875   
 252    33   1     0     5     5  252.       0.513      0.01875   
 252    34   1     0     5     5  252.       0.532      0.01875   
 252    35   1     0     4     4  252.       0.551      0.01875   
 252    36   1     0     4     4  252.       0.569      0.01875   
 252    37   1     0     7     7  252.       0.594      0.02500   
 252    38   1     0     5     5  252.       0.619      0.02500   
 252    39   1     0     5     5  252.       0.644      0.02500   
 252    40   1     0     4     4  252.       0.669      0.02500   
 252    41   1     0     4     4  252.       0.694      0.02500   
 252    42   1     0     3     3  252.       0.719      0.02500   
 252    43   1     0     3     3  252.       0.744      0.02500   
 252    44   1     0     9     9  252.       0.769      0.02500   
 252    45   1     0     8     8  252.       0.794      0.02500   
 252    46   1     0     4     4  252.       0.819      0.02500   
 252    47   1     0    10    10  252.       0.844      0.02500   
 252    48   1     0    12    12  252.       0.869      0.02500   
 252    49   1     0    10    10  252.       0.888      0.01875   
 252    50   1     0    11    11  252.       0.907      0.01875   
 252    51   1     0    10    10  252.       0.921      0.01406   
 252    52   1     0    10    10  252.       0.935      0.01406   
 252    53   1     0     8     8  252.       0.949      0.01406   
 252    54   1     0     6     6  252.       0.963      0.01406   
 252    55   1     0     7     7  252.       0.977      0.01406   
 252    56   1     0     5     5  252.       0.991      0.01406   
 252    57   1     0    10    10  252.       1.00       0.008750  
 253     1   1     0    10    10  252.       0.00500    0.005000  
 253     2   1     0     4     4  252.       0.0100     0.005000  
 253     3   1     0     5     5  252.       0.0150     0.005000  
 253     4   1     0     3     3  252.       0.0200     0.005000  
 253     5   1     0     1     1  252.       0.0250     0.005000  
 253     6   1     0     8     8  252.       0.0325     0.007500  
 253     7   1     0     2     2  252.       0.0400     0.007500  
 253     8   1     0     5     5  252.       0.0475     0.007500  
 253     9   1     0     3     3  252.       0.0550     0.007500  
 253    10   1     0     3     3  252.       0.0625     0.007500  
 253    11   1     0    10    10  252.       0.0737     0.01125   
 253    12   1     0     4     4  252.       0.0850     0.01125   
 253    13   1     0     4     4  252.       0.0962     0.01125   
 253    14   1     0     9     9  252.       0.113      0.01688   
 253    15   1     0     5     5  252.       0.130      0.01688   
 253    16   1     0     5     5  252.       0.147      0.01688   
 253    17   1     0     3     3  252.       0.164      0.01688   
 253    18   1     0     2     2  252.       0.181      0.01688   
 253    19   1     0     7     7  252.       0.206      0.02500   
 253    20   1     0     6     6  252.       0.231      0.02500   
 253    21   1     0    10    10  252.       0.256      0.02500   
 253    22   1     0     6     6  252.       0.281      0.02500   
 253    23   1     0     1     1  252.       0.306      0.02500   
 253    24   1     0    10    10  252.       0.331      0.02500   
 253    25   1     0    10    10  252.       0.356      0.02500   
 253    26   1     0    11    11  252.       0.381      0.02500   
 253    27   1     0    10    10  252.       0.399      0.01875   
 253    28   1     0    10    10  252.       0.418      0.01875   
 253    29   1     0     9     9  252.       0.437      0.01875   
 253    30   1     0     7     7  252.       0.456      0.01875   
 253    31   1     0     5     5  252.       0.474      0.01875   
 253    32   1     0     5     5  252.       0.493      0.01875   
 253    33   1     0     5     5  253.       0.512      0.01875   
 253    34   1     0     5     5  253.       0.531      0.01875   
 253    35   1     0     4     4  253.       0.549      0.01875   
 253    36   1     0     4     4  253.       0.568      0.01875   
 253    37   1     0     7     7  253.       0.593      0.02500   
 253    38   1     0     5     5  253.       0.618      0.02500   
 253    39   1     0     5     5  253.       0.643      0.02500   
 253    40   1     0     4     4  253.       0.668      0.02500   
 253    41   1     0     4     4  253.       0.693      0.02500   
 253    42   1     0     3     3  253.       0.718      0.02500   
 253    43   1     0     3     3  253.       0.743      0.02500   
 253    44   1     0     9     9  253.       0.768      0.02500   
 253    45   1     0     7     7  253.       0.793      0.02500   
 253    46   1     0     4     4  253.       0.818      0.02500   
 253    47   1     0    10    10  253.       0.843      0.02500   
 253    48   1     0    12    12  253.       0.868      0.02500   
 253    49   1     0    11    11  253.       0.887      0.01875   
 253    50   1     0    10    10  253.       0.901      0.01406   
 253    51   1     0    10    10  253.       0.915      0.01406   
 253    52   1     0    10    10  253.       0.929      0.01406   
 253    53   1     0     7     7  253.       0.943      0.01406   
 253    54   1     0     6     6  253.       0.957      0.01406   
 253    55   1     0     6     6  253.       0.971      0.01406   
 253    56   1     0     8     8  253.       0.985      0.01406   
 253    57   1     0     5     5  253.       0.999      0.01406   
 253    58   1     0    11    11  253.       1.00       0.0006250 
 254     1   1     0    10    10  253.       0.00500    0.005000  
 254     2   1     0     4     4  253.       0.0100     0.005000  
 254     3   1     0     2     2  253.       0.0150     0.005000  
 254     4   1     0     8     8  253.       0.0225     0.007500  
 254     5   1     0     3     3  253.       0.0300     0.007500  
 254     6   1     0     5     5  253.       0.0375     0.007500  
 254     7   1     0     3     3  253.       0.0450     0.007500  
 254     8   1     0     3     3  253.       0.0525     0.007500  
 254     9   1     0    10    10  253.       0.0638     0.01125   
 254    10   1     0     4     4  253.       0.0750     0.01125   
 254    11   1     0     4     4  253.       0.0862     0.01125   
 254    12   1     0     9     9  253.       0.103      0.01688   
 254    13   1     0     5     5  253.       0.120      0.01688   
 254    14   1     0     5     5  253.       0.137      0.01688   
 254    15   1     0     3     3  253.       0.154      0.01688   
 254    16   1     0     2     2  253.       0.171      0.01688   
 254    17   1     0     7     7  253.       0.196      0.02500   
 254    18   1     0     6     6  253.       0.221      0.02500   
 254    19   1     0     5     5  253.       0.246      0.02500   
 254    20   1     0     6     6  253.       0.271      0.02500   
 254    21   1     0     2     2  253.       0.296      0.02500   
 254    22   1     0     9     9  253.       0.321      0.02500   
 254    23   1     0    10    10  253.       0.346      0.02500   
 254    24   1     0    12    12  253.       0.371      0.02500   
 254    25   1     0    11    11  253.       0.389      0.01875   
 254    26   1     0    10    10  253.       0.403      0.01406   
 254    27   1     0     9     9  253.       0.418      0.01406   
 254    28   1     0     8     8  253.       0.432      0.01406   
 254    29   1     0     6     6  253.       0.446      0.01406   
 254    30   1     0     6     6  253.       0.460      0.01406   
 254    31   1     0     7     7  253.       0.474      0.01406   
 254    32   1     0     5     5  253.       0.488      0.01406   
 254    33   1     0     5     5  254.       0.502      0.01406   
 254    34   1     0     5     5  254.       0.516      0.01406   
 254    35   1     0     5     5  254.       0.530      0.01406   
 254    36   1     0     4     4  254.       0.544      0.01406   
 254    37   1     0     4     4  254.       0.558      0.01406   
 254    38   1     0     9     9  254.       0.579      0.02109   
 254    39   1     0     5     5  254.       0.600      0.02109   
 254    40   1     0     5     5  254.       0.621      0.02109   
 254    41   1     0     4     4  254.       0.642      0.02109   
 254    42   1     0     4     4  254.       0.664      0.02109   
 254    43   1     0     6     6  254.       0.689      0.02500   
 254    44   1     0     5     5  254.       0.714      0.02500   
 254    45   1     0     4     4  254.       0.739      0.02500   
 254    46   1     0    11    11  254.       0.764      0.02500   
 254    47   1     0     9     9  254.       0.782      0.01875   
 254    48   1     0     5     5  254.       0.801      0.01875   
 254    49   1     0     2     2  254.       0.820      0.01875   
 254    50   1     0     9     9  254.       0.839      0.01875   
 254    51   1     0    10    10  254.       0.857      0.01875   
 254    52   1     0    10    10  254.       0.876      0.01875   
 254    53   1     0    10    10  254.       0.895      0.01875   
 254    54   1     0    10    10  254.       0.914      0.01875   
 254    55   1     0     8     8  254.       0.932      0.01875   
 254    56   1     0     8     8  254.       0.951      0.01875   
 254    57   1     0     6     6  254.       0.970      0.01875   
 254    58   1     0     6     6  254.       0.989      0.01875   
 254    59   1     0    10    10  254.       1.00       0.01141   
 255     1   1     0    10    10  254.       0.00500    0.005000  
 255     2   1     0     9     9  254.       0.0100     0.005000  
 255     3   1     0     9     9  254.       0.0150     0.005000  
 255     4   1     0     7     7  254.       0.0200     0.005000  
 255     5   1     0     8     8  254.       0.0250     0.005000  
 255     6   1     0     5     5  254.       0.0300     0.005000  
 255     7   1     0     5     5  254.       0.0350     0.005000  
 255     8   1     0     4     4  254.       0.0400     0.005000  
 255     9   1     0     3     3  254.       0.0450     0.005000  
 255    10   1     0     9     9  254.       0.0525     0.007500  
 255    11   1     0     2     2  254.       0.0600     0.007500  
 255    12   1     0     4     4  254.       0.0675     0.007500  
 255    13   1     0     8     8  254.       0.0788     0.01125   
 255    14   1     0     4     4  254.       0.0900     0.01125   
 255    15   1     0     5     5  254.       0.101      0.01125   
 255    16   1     0     3     3  254.       0.112      0.01125   
 255    17   1     0     3     3  254.       0.124      0.01125   
 255    18   1     0    10    10  254.       0.141      0.01688   
 255    19   1     0     4     4  254.       0.158      0.01688   
 255    20   1     0     4     4  254.       0.174      0.01688   
 255    21   1     0     7     7  254.       0.199      0.02500   
 255    22   1     0     5     5  254.       0.224      0.02500   
 255    23   1     0     5     5  254.       0.249      0.02500   
 255    24   1     0     6     6  254.       0.274      0.02500   
 255    25   1     0     1     1  254.       0.299      0.02500   
 255    26   1     0     8     8  254.       0.324      0.02500   
 255    27   1     0    10    10  254.       0.349      0.02500   
 255    28   1     0    12    12  254.       0.374      0.02500   
 255    29   1     0    11    11  254.       0.393      0.01875   
 255    30   1     0    10    10  254.       0.407      0.01406   
 255    31   1     0     8     8  254.       0.421      0.01406   
 255    32   1     0     8     8  254.       0.435      0.01406   
 255    33   1     0     6     6  254.       0.449      0.01406   
 255    34   1     0     7     7  254.       0.463      0.01406   
 255    35   1     0     6     6  254.       0.477      0.01406   
 255    36   1     0     5     5  254.       0.492      0.01406   
 255    37   1     0     5     5  255.       0.506      0.01406   
 255    38   1     0     5     5  255.       0.520      0.01406   
 255    39   1     0     5     5  255.       0.534      0.01406   
 255    40   1     0     4     4  255.       0.548      0.01406   
 255    41   1     0     3     3  255.       0.562      0.01406   
 255    42   1     0     9     9  255.       0.583      0.02109   
 255    43   1     0     5     5  255.       0.604      0.02109   
 255    44   1     0     5     5  255.       0.625      0.02109   
 255    45   1     0     4     4  255.       0.646      0.02109   
 255    46   1     0     4     4  255.       0.667      0.02109   
 255    47   1     0     6     6  255.       0.692      0.02500   
 255    48   1     0     5     5  255.       0.717      0.02500   
 255    49   1     0     4     4  255.       0.742      0.02500   
 255    50   1     0     9     9  255.       0.767      0.02500   
 255    51   1     0     6     6  255.       0.792      0.02500   
 255    52   1     0     4     4  255.       0.817      0.02500   
 255    53   1     0    10    10  255.       0.842      0.02500   
 255    54   1     0    10    10  255.       0.867      0.02500   
 255    55   1     0    10    10  255.       0.892      0.02500   
 255    56   1     0    10    10  255.       0.917      0.02500   
 255    57   1     0     9     9  255.       0.942      0.02500   
 255    58   1     0     6     6  255.       0.967      0.02500   
 255    59   1     0     5     5  255.       0.992      0.02500   
 255    60   1     0    10    10  255.       1.00       0.007656  
 256     1   1     0    11    11  255.       0.00500    0.005000  
 256     2   1     0     7     7  255.       0.00875    0.003750  
 256     3   1     0    10    10  255.       0.0125     0.003750  
 256     4   1     0    10    10  255.       0.0163     0.003750  
 256     5   1     0     8     8  255.       0.0200     0.003750  
 256     6   1     0     6     6  255.       0.0238     0.003750  
 256     7   1     0     7     7  255.       0.0275     0.003750  
 256     8   1     0     5     5  255.       0.0312     0.003750  
 256     9   1     0     3     3  255.       0.0350     0.003750  
 256    10   1     0     2     2  255.       0.0388     0.003750  
 256    11   1     0     8     8  255.       0.0444     0.005625  
 256    12   1     0     2     2  255.       0.0500     0.005625  
 256    13   1     0     4     4  255.       0.0556     0.005625  
 256    14   1     0     7     7  255.       0.0641     0.008438  
 256    15   1     0     3     3  255.       0.0725     0.008438  
 256    16   1     0     6     6  255.       0.0809     0.008438  
 256    17   1     0     4     4  255.       0.0894     0.008438  
 256    18   1     0     2     2  255.       0.0978     0.008438  
 256    19   1     0     9     9  255.       0.110      0.01266   
 256    20   1     0     4     4  255.       0.123      0.01266   
 256    21   1     0     4     4  255.       0.136      0.01266   
 256    22   1     0     8     8  255.       0.155      0.01898   
 256    23   1     0     5     5  255.       0.174      0.01898   
 256    24   1     0     4     4  255.       0.193      0.01898   
 256    25   1     0     3     3  255.       0.212      0.01898   
 256    26   1     0     7     7  255.       0.237      0.02500   
 256    27   1     0    11    11  255.       0.262      0.02500   
 256    28   1     0     6     6  255.       0.280      0.01875   
 256    29   1     0     1     1  255.       0.299      0.01875   
 256    30   1     0     8     8  255.       0.318      0.01875   
 256    31   1     0    10    10  255.       0.337      0.01875   
 256    32   1     0    10    10  255.       0.355      0.01875   
 256    33   1     0    12    12  255.       0.374      0.01875   
 256    34   1     0    11    11  255.       0.388      0.01406   
 256    35   1     0    10    10  255.       0.399      0.01055   
 256    36   1     0    10    10  255.       0.409      0.01055   
 256    37   1     0     8     8  255.       0.420      0.01055   
 256    38   1     0     6     6  255.       0.430      0.01055   
 256    39   1     0     7     7  255.       0.441      0.01055   
 256    40   1     0     6     6  255.       0.452      0.01055   
 256    41   1     0     6     6  255.       0.462      0.01055   
 256    42   1     0     5     5  255.       0.473      0.01055   
 256    43   1     0     6     6  255.       0.483      0.01055   
 256    44   1     0     5     5  255.       0.494      0.01055   
 256    45   1     0     5     5  256.       0.504      0.01055   
 256    46   1     0     4     4  256.       0.515      0.01055   
 256    47   1     0     4     4  256.       0.525      0.01055   
 256    48   1     0    10    10  256.       0.541      0.01582   
 256    49   1     0     7     7  256.       0.557      0.01582   
 256    50   1     0     6     6  256.       0.573      0.01582   
 256    51   1     0     4     4  256.       0.589      0.01582   
 256    52   1     0     4     4  256.       0.604      0.01582   
 256    53   1     0     8     8  256.       0.628      0.02373   
 256    54   1     0     6     6  256.       0.652      0.02373   
 256    55   1     0     5     5  256.       0.676      0.02373   
 256    56   1     0     4     4  256.       0.699      0.02373   
 256    57   1     0     4     4  256.       0.723      0.02373   
 256    58   1     0     5     5  256.       0.748      0.02500   
 256    59   1     0     7     7  256.       0.773      0.02500   
 256    60   1     0     5     5  256.       0.798      0.02500   
 256    61   1     0     2     2  256.       0.823      0.02500   
 256    62   1     0    11    11  256.       0.848      0.02500   
 256    63   1     0    12    12  256.       0.867      0.01875   
 256    64   1     0    12    12  256.       0.881      0.01406   
 256    65   1     0    10    10  256.       0.892      0.01055   
 256    66   1     0    10    10  256.       0.902      0.01055   
 256    67   1     0     7     7  256.       0.913      0.01055   
 256    68   1     0     7     7  256.       0.923      0.01055   
 256    69   1     0     5     5  256.       0.934      0.01055   
 256    70   1     0     6     6  256.       0.944      0.01055   
 256    71   1     0     6     6  256.       0.955      0.01055   
 256    72   1     0     6     6  256.       0.965      0.01055   
 256    73   1     0     5     5  256.       0.976      0.01055   
 256    74   1     0     5     5  256.       0.986      0.01055   
 256    75   1     0     5     5  256.       0.997      0.01055   
 256    76   1     0    10    10  256.       1.00       0.003027  
 257     1   1     0    10    10  256.       0.00500    0.005000  
 257     2   1     0     4     4  256.       0.0100     0.005000  
 257     3   1     0     5     5  256.       0.0150     0.005000  
 257     4   1     0     3     3  256.       0.0200     0.005000  
 257     5   1     0     2     2  256.       0.0250     0.005000  
 257     6   1     0     9     9  256.       0.0325     0.007500  
 257     7   1     0     3     3  256.       0.0400     0.007500  
 257     8   1     0     5     5  256.       0.0475     0.007500  
 257     9   1     0     3     3  256.       0.0550     0.007500  
 257    10   1     0     2     2  256.       0.0625     0.007500  
 257    11   1     0     9     9  256.       0.0737     0.01125   
 257    12   1     0     4     4  256.       0.0850     0.01125   
 257    13   1     0     5     5  256.       0.0962     0.01125   
 257    14   1     0     3     3  256.       0.107      0.01125   
 257    15   1     0     2     2  256.       0.119      0.01125   
 257    16   1     0     9     9  256.       0.136      0.01688   
 257    17   1     0     4     4  256.       0.152      0.01688   
 257    18   1     0     4     4  256.       0.169      0.01688   
 257    19   1     0     7     7  256.       0.194      0.02500   
 257    20   1     0     5     5  256.       0.219      0.02500   
 257    21   1     0     5     5  256.       0.244      0.02500   
 257    22   1     0     8     8  256.       0.269      0.02500   
 257    23   1     0     3     3  256.       0.294      0.02500   
 257    24   1     0     7     7  256.       0.319      0.02500   
 257    25   1     0    10    10  256.       0.344      0.02500   
 257    26   1     0    12    12  256.       0.369      0.02500   
 257    27   1     0    10    10  256.       0.388      0.01875   
 257    28   1     0    10    10  256.       0.407      0.01875   
 257    29   1     0    10    10  256.       0.426      0.01875   
 257    30   1     0     7     7  256.       0.444      0.01875   
 257    31   1     0     6     6  256.       0.463      0.01875   
 257    32   1     0     6     6  256.       0.482      0.01875   
 257    33   1     0     5     5  257.       0.501      0.01875   
 257    34   1     0     5     5  257.       0.519      0.01875   
 257    35   1     0     5     5  257.       0.538      0.01875   
 257    36   1     0     4     4  257.       0.557      0.01875   
 257    37   1     0     3     3  257.       0.576      0.01875   
 257    38   1     0     7     7  257.       0.601      0.02500   
 257    39   1     0     5     5  257.       0.626      0.02500   
 257    40   1     0     4     4  257.       0.651      0.02500   
 257    41   1     0     4     4  257.       0.676      0.02500   
 257    42   1     0     3     3  257.       0.701      0.02500   
 257    43   1     0     4     4  257.       0.726      0.02500   
 257    44   1     0     5     5  257.       0.751      0.02500   
 257    45   1     0     8     8  257.       0.776      0.02500   
 257    46   1     0     6     6  257.       0.801      0.02500   
 257    47   1     0     4     4  257.       0.826      0.02500   
 257    48   1     0    10    10  257.       0.851      0.02500   
 257    49   1     0    10    10  257.       0.876      0.02500   
 257    50   1     0    10    10  257.       0.901      0.02500   
 257    51   1     0    10    10  257.       0.926      0.02500   
 257    52   1     0     7     7  257.       0.951      0.02500   
 257    53   1     0     5     5  257.       0.976      0.02500   
 257    54   1     0     6     6  257.       1.00       0.02437   
 258     1   1     0    11    11  257.       0.00500    0.005000  
 258     2   1     0     7     7  257.       0.00875    0.003750  
 258     3   1     0    10    10  257.       0.0125     0.003750  
 258     4   1     0     9     9  257.       0.0163     0.003750  
 258     5   1     0     7     7  257.       0.0200     0.003750  
 258     6   1     0     8     8  257.       0.0238     0.003750  
 258     7   1     0     5     5  257.       0.0275     0.003750  
 258     8   1     0     4     4  257.       0.0312     0.003750  
 258     9   1     0     2     2  257.       0.0350     0.003750  
 258    10   1     0     8     8  257.       0.0406     0.005625  
 258    11   1     0     2     2  257.       0.0462     0.005625  
 258    12   1     0     3     3  257.       0.0519     0.005625  
 258    13   1     0     6     6  257.       0.0603     0.008438  
 258    14   1     0     2     2  257.       0.0688     0.008438  
 258    15   1     0     3     3  257.       0.0772     0.008438  
 258    16   1     0     7     7  257.       0.0898     0.01266   
 258    17   1     0     4     4  257.       0.103      0.01266   
 258    18   1     0     5     5  257.       0.115      0.01266   
 258    19   1     0     3     3  257.       0.128      0.01266   
 258    20   1     0     2     2  257.       0.140      0.01266   
 258    21   1     0     8     8  257.       0.159      0.01898   
 258    22   1     0     4     4  257.       0.178      0.01898   
 258    23   1     0     4     4  257.       0.197      0.01898   
 258    24   1     0     7     7  257.       0.222      0.02500   
 258    25   1     0     5     5  257.       0.247      0.02500   
 258    26   1     0     6     6  257.       0.272      0.02500   
 258    27   1     0     1     1  257.       0.297      0.02500   
 258    28   1     0     9     9  257.       0.322      0.02500   
 258    29   1     0    10    10  257.       0.347      0.02500   
 258    30   1     0    12    12  257.       0.372      0.02500   
 258    31   1     0    12    12  257.       0.391      0.01875   
 258    32   1U    0     6     6  257.       0.391      0.01406   
 258    32   2     0     9     9  257.       0.395      0.003516  
 258    33   1     0    10    10  257.       0.398      0.003516  
 258    34   1     0     9     9  257.       0.402      0.003516  
 258    35   1     0     9     9  257.       0.405      0.003516  
 258    36   1     0     8     8  257.       0.409      0.003516  
 258    37   1     0     5     5  257.       0.412      0.003516  
 258    38   1     0     4     4  257.       0.416      0.003516  
 258    39   1     0     4     4  257.       0.419      0.003516  
 258    40   1     0     9     9  257.       0.425      0.005273  
 258    41   1     0     8     8  257.       0.430      0.005273  
 258    42   1     0     6     6  257.       0.435      0.005273  
 258    43   1     0     5     5  257.       0.440      0.005273  
 258    44   1     0     5     5  257.       0.446      0.005273  
 258    45   1     0     4     4  257.       0.451      0.005273  
 258    46   1     0     4     4  257.       0.456      0.005273  
 258    47   1     0    10    10  257.       0.464      0.007910  
 258    48   1     0     8     8  257.       0.472      0.007910  
 258    49   1     0     7     7  257.       0.480      0.007910  
 258    50   1     0     6     6  257.       0.488      0.007910  
 258    51   1     0     5     5  257.       0.496      0.007910  
 258    52   1     0     5     5  258.       0.504      0.007910  
 258    53   1     0     4     4  258.       0.512      0.007910  
 258    54   1     0     4     4  258.       0.519      0.007910  
 258    55   1     0    10    10  258.       0.531      0.01187   
 258    56   1     0     7     7  258.       0.543      0.01187   
 258    57   1     0     7     7  258.       0.555      0.01187   
 258    58   1     0     5     5  258.       0.567      0.01187   
 258    59   1     0     4     4  258.       0.579      0.01187   
 258    60   1     0     4     4  258.       0.591      0.01187   
 258    61   1     0    10    10  258.       0.608      0.01780   
 258    62   1     0     6     6  258.       0.626      0.01780   
 258    63   1     0     5     5  258.       0.644      0.01780   
 258    64   1     0     3     3  258.       0.662      0.01780   
 258    65   1     0     4     4  258.       0.680      0.01780   
 258    66   1     0     8     8  258.       0.705      0.02500   
 258    67   1     0     6     6  258.       0.730      0.02500   
 258    68   1     0    10    10  258.       0.755      0.02500   
 258    69   1     0     6     6  258.       0.780      0.02500   
 258    70   1     0     2     2  258.       0.805      0.02500   
 258    71   1     0     8     8  258.       0.830      0.02500   
 258    72   1     0    10    10  258.       0.855      0.02500   
 258    73   1     0    12    12  258.       0.880      0.02500   
 258    74   1     0    11    11  258.       0.898      0.01875   
 258    75   1     0    10    10  258.       0.912      0.01406   
 258    76   1     0     8     8  258.       0.927      0.01406   
 258    77   1     0     7     7  258.       0.941      0.01406   
 258    78   1     0     7     7  258.       0.955      0.01406   
 258    79   1     0     7     7  258.       0.969      0.01406   
 258    80   1     0     6     6  258.       0.983      0.01406   
 258    81   1     0     6     6  258.       0.997      0.01406   
 258    82   1     0    10    10  258.       1.00       0.003140  
 259     1   1     0    10    10  258.       0.00500    0.005000  
 259     2   1     0     6     6  258.       0.0100     0.005000  
 259     3   1     0     8     8  258.       0.0150     0.005000  
 259     4   1     0     6     6  258.       0.0200     0.005000  
 259     5   1     0     6     6  258.       0.0250     0.005000  
 259     6   1     0     5     5  258.       0.0300     0.005000  
 259     7   1     0     4     4  258.       0.0350     0.005000  
 259     8   1     0     3     3  258.       0.0400     0.005000  
 259     9   1     0    10    10  258.       0.0475     0.007500  
 259    10   1     0     3     3  258.       0.0550     0.007500  
 259    11   1     0     5     5  258.       0.0625     0.007500  
 259    12   1     0     3     3  258.       0.0700     0.007500  
 259    13   1     0     3     3  258.       0.0775     0.007500  
 259    14   1U    0     4     4  258.       0.0775     0.01125   
 259    14   2     0    10    10  258.       0.0803     0.002812  
 259    15   1     0     7     7  258.       0.0831     0.002812  
 259    16   1     0     8     8  258.       0.0859     0.002812  
 259    17   1     0     7     7  258.       0.0887     0.002812  
 259    18   1     0     5     5  258.       0.0916     0.002812  
 259    19   1     0     4     4  258.       0.0944     0.002812  
 259    20   1     0     5     5  258.       0.0972     0.002812  
 259    21   1     0     7     7  258.       0.100      0.002812  
 259    22   1     0     7     7  258.       0.103      0.002812  
 259    23   1     0     5     5  258.       0.106      0.002812  
 259    24   1     0     4     4  258.       0.108      0.002812  
 259    25   1     0     4     4  258.       0.111      0.002812  
 259    26   1     0     8     8  258.       0.115      0.004219  
 259    27   1     0     1     1  258.       0.120      0.004219  
 259    28   1     0     2     2  258.       0.124      0.004219  
 259    29   1     0     7     7  258.       0.130      0.006328  
 259    30   1     0     1     1  258.       0.137      0.006328  
 259    31   1     0     2     2  258.       0.143      0.006328  
 259    32   1     0     7     7  258.       0.152      0.009492  
 259    33   1     0     3     3  258.       0.162      0.009492  
 259    34   1     0     4     4  258.       0.171      0.009492  
 259    35   1     0     8     8  258.       0.186      0.01424   
 259    36   1     0     4     4  258.       0.200      0.01424   
 259    37   1     0     3     3  258.       0.214      0.01424   
 259    38   1     0     6     6  258.       0.235      0.02136   
 259    39   1     0    10    10  258.       0.257      0.02136   
 259    40   1     0     3     3  258.       0.278      0.02136   
 259    41   1     0     1     1  258.       0.300      0.02136   
 259    42   1     0    10    10  258.       0.325      0.02500   
 259    43   1     0    10    10  258.       0.350      0.02500   
 259    44   1     0    13    13  258.       0.375      0.02500   
 259    45   1     0    12    12  258.       0.393      0.01875   
 259    46   1     0    10    10  258.       0.407      0.01406   
 259    47   1     0     8     8  258.       0.421      0.01406   
 259    48   1     0     7     7  258.       0.435      0.01406   
 259    49   1     0     5     5  258.       0.450      0.01406   
 259    50   1     0     6     6  258.       0.464      0.01406   
 259    51   1     0     6     6  258.       0.478      0.01406   
 259    52   1     0     5     5  258.       0.492      0.01406   
 259    53   1     0     5     5  259.       0.506      0.01406   
 259    54   1     0     5     5  259.       0.520      0.01406   
 259    55   1     0     5     5  259.       0.534      0.01406   
 259    56   1     0     4     4  259.       0.548      0.01406   
 259    57   1     0     3     3  259.       0.562      0.01406   
 259    58   1     0     9     9  259.       0.583      0.02109   
 259    59   1     0     5     5  259.       0.604      0.02109   
 259    60   1     0     4     4  259.       0.625      0.02109   
 259    61   1     0     4     4  259.       0.646      0.02109   
 259    62   1     0     6     6  259.       0.671      0.02500   
 259    63   1     0     5     5  259.       0.696      0.02500   
 259    64   1     0     4     4  259.       0.721      0.02500   
 259    65   1     0     3     3  259.       0.746      0.02500   
 259    66   1     0     7     7  259.       0.771      0.02500   
 259    67   1     0     5     5  259.       0.796      0.02500   
 259    68   1     0     3     3  259.       0.821      0.02500   
 259    69   1     0    10    10  259.       0.846      0.02500   
 259    70   1     0    12    12  259.       0.871      0.02500   
 259    71   1     0    13    13  259.       0.890      0.01875   
 259    72   1     0    10    10  259.       0.904      0.01406   
 259    73   1     0    10    10  259.       0.918      0.01406   
 259    74   1     0     6     6  259.       0.932      0.01406   
 259    75   1     0     5     5  259.       0.946      0.01406   
 259    76   1     0     8     8  259.       0.960      0.01406   
 259    77   1     0     5     5  259.       0.975      0.01406   
 259    78   1     0     7     7  259.       0.989      0.01406   
 259    79   1     0     8     8  259.       1.00       0.01143   
 260     1   1     0    10    10  259.       0.00500    0.005000  
 260     2   1     0     7     7  259.       0.0100     0.005000  
 260     3   1     0     7     7  259.       0.0150     0.005000  
 260     4   1     0     6     6  259.       0.0200     0.005000  
 260     5   1     0     3     3  259.       0.0250     0.005000  
 260     6   1     0     2     2  259.       0.0300     0.005000  
 260     7   1     0     8     8  259.       0.0375     0.007500  
 260     8   1     0     2     2  259.       0.0450     0.007500  
 260     9   1     0     5     5  259.       0.0525     0.007500  
 260    10   1     0     3     3  259.       0.0600     0.007500  
 260    11   1     0     2     2  259.       0.0675     0.007500  
 260    12   1     0     8     8  259.       0.0788     0.01125   
 260    13   1     0     3     3  259.       0.0900     0.01125   
 260    14   1     0     4     4  259.       0.101      0.01125   
 260    15   1     0     9     9  259.       0.118      0.01688   
 260    16   1     0     5     5  259.       0.135      0.01688   
 260    17   1     0     5     5  259.       0.152      0.01688   
 260    18   1     0     3     3  259.       0.169      0.01688   
 260    19   1     0     2     2  259.       0.186      0.01688   
 260    20   1     0     7     7  259.       0.211      0.02500   
 260    21   1     0     6     6  259.       0.236      0.02500   
 260    22   1     0    10    10  259.       0.261      0.02500   
 260    23   1     0     6     6  259.       0.286      0.02500   
 260    24   1     0     3     3  259.       0.311      0.02500   
 260    25   1     0    10    10  259.       0.336      0.02500   
 260    26   1     0    10    10  259.       0.361      0.02500   
 260    27   1     0    11    11  259.       0.386      0.02500   
 260    28   1     0    10    10  259.       0.404      0.01875   
 260    29   1     0    10    10  259.       0.423      0.01875   
 260    30   1     0     9     9  259.       0.442      0.01875   
 260    31   1     0     7     7  259.       0.461      0.01875   
 260    32   1     0     5     5  259.       0.479      0.01875   
 260    33   1     0     5     5  259.       0.498      0.01875   
 260    34   1     0     5     5  260.       0.517      0.01875   
 260    35   1     0     5     5  260.       0.536      0.01875   
 260    36   1     0     4     4  260.       0.554      0.01875   
 260    37   1     0     4     4  260.       0.573      0.01875   
 260    38   1     0     7     7  260.       0.598      0.02500   
 260    39   1     0     5     5  260.       0.623      0.02500   
 260    40   1     0     4     4  260.       0.648      0.02500   
 260    41   1     0     4     4  260.       0.673      0.02500   
 260    42   1     0     4     4  260.       0.698      0.02500   
 260    43   1     0     3     3  260.       0.723      0.02500   
 260    44   1     0     3     3  260.       0.748      0.02500   
 260    45   1     0     8     8  260.       0.773      0.02500   
 260    46   1     0     6     6  260.       0.798      0.02500   
 260    47   1     0     3     3  260.       0.823      0.02500   
 260    48   1     0    10    10  260.       0.848      0.02500   
 260    49   1     0    10    10  260.       0.873      0.02500   
 260    50   1     0    11    11  260.       0.898      0.02500   
 260    51   1     0    10    10  260.       0.917      0.01875   
 260    52   1     0     8     8  260.       0.936      0.01875   
 260    53   1     0     7     7  260.       0.954      0.01875   
 260    54   1     0     8     8  260.       0.973      0.01875   
 260    55   1     0     6     6  260.       0.992      0.01875   
 260    56   1     0    10    10  260.       1.00       0.008125  
 261     1   1     0    10    10  260.       0.00500    0.005000  
 261     2   1     0     7     7  260.       0.0100     0.005000  
 261     3   1     0     7     7  260.       0.0150     0.005000  
 261     4   1     0     6     6  260.       0.0200     0.005000  
 261     5   1     0     4     4  260.       0.0250     0.005000  
 261     6   1     0     1     1  260.       0.0300     0.005000  
 261     7   1     0     8     8  260.       0.0375     0.007500  
 261     8   1     0     2     2  260.       0.0450     0.007500  
 261     9   1     0     4     4  260.       0.0525     0.007500  
 261    10   1U    0     5     5  260.       0.0525     0.01125   
 261    10   2     0    10    10  260.       0.0553     0.002812  
 261    11   1     0     4     4  260.       0.0581     0.002812  
 261    12   1     0     5     5  260.       0.0609     0.002812  
 261    13   1     0     4     4  260.       0.0638     0.002812  
 261    14   1     0     3     3  260.       0.0666     0.002812  
 261    15   1     0     7     7  260.       0.0708     0.004219  
 261    16   1     0     1     1  260.       0.0750     0.004219  
 261    17   1     0     1     1  260.       0.0792     0.004219  
 261    18   1     0     5     5  260.       0.0855     0.006328  
 261    19   1     0     1     1  260.       0.0919     0.006328  
 261    20   1     0     2     2  260.       0.0982     0.006328  
 261    21   1     0     5     5  260.       0.108      0.009492  
 261    22   1     0     2     2  260.       0.117      0.009492  
 261    23   1     0     3     3  260.       0.127      0.009492  
 261    24   1     0     7     7  260.       0.141      0.01424   
 261    25   1     0     4     4  260.       0.155      0.01424   
 261    26   1     0     4     4  260.       0.169      0.01424   
 261    27   1     0     7     7  260.       0.191      0.02136   
 261    28   1     0     4     4  260.       0.212      0.02136   
 261    29   1     0     4     4  260.       0.233      0.02136   
 261    30   1     0    10    10  260.       0.258      0.02500   
 261    31   1     0     4     4  260.       0.283      0.02500   
 261    32   1     0     4     4  260.       0.308      0.02500   
 261    33   1     0    10    10  260.       0.333      0.02500   
 261    34   1     0    10    10  260.       0.358      0.02500   
 261    35   1     0    11    11  260.       0.383      0.02500   
 261    36   1     0    10    10  260.       0.402      0.01875   
 261    37   1     0    10    10  260.       0.421      0.01875   
 261    38   1     0     9     9  260.       0.440      0.01875   
 261    39   1     0     7     7  260.       0.458      0.01875   
 261    40   1     0     5     5  260.       0.477      0.01875   
 261    41   1     0     5     5  260.       0.496      0.01875   
 261    42   1     0     5     5  261.       0.515      0.01875   
 261    43   1     0     5     5  261.       0.533      0.01875   
 261    44   1     0     4     4  261.       0.552      0.01875   
 261    45   1     0     3     3  261.       0.571      0.01875   
 261    46   1     0     7     7  261.       0.596      0.02500   
 261    47   1     0     5     5  261.       0.621      0.02500   
 261    48   1     0     4     4  261.       0.646      0.02500   
 261    49   1     0     4     4  261.       0.671      0.02500   
 261    50   1     0     4     4  261.       0.696      0.02500   
 261    51   1     0     3     3  261.       0.721      0.02500   
 261    52   1     0     3     3  261.       0.746      0.02500   
 261    53   1     0     8     8  261.       0.771      0.02500   
 261    54   1     0     7     7  261.       0.796      0.02500   
 261    55   1     0     4     4  261.       0.821      0.02500   
 261    56   1     0    10    10  261.       0.846      0.02500   
 261    57   1     0    11    11  261.       0.871      0.02500   
 261    58   1     0    10    10  261.       0.890      0.01875   
 261    59   1     0    10    10  261.       0.908      0.01875   
 261    60   1     0    10    10  261.       0.927      0.01875   
 261    61   1     0     7     7  261.       0.946      0.01875   
 261    62   1     0     6     6  261.       0.965      0.01875   
 261    63   1     0     7     7  261.       0.983      0.01875   
 261    64   1     0     9     9  261.       1.00       0.01653   
 262     1   1     0    10    10  261.       0.00500    0.005000  
 262     2   1     0     7     7  261.       0.0100     0.005000  
 262     3   1     0     8     8  261.       0.0150     0.005000  
 262     4   1     0     5     5  261.       0.0200     0.005000  
 262     5   1     0     2     2  261.       0.0250     0.005000  
 262     6   1     0     1     1  261.       0.0300     0.005000  
 262     7   1     0     7     7  261.       0.0375     0.007500  
 262     8   1     0     2     2  261.       0.0450     0.007500  
 262     9   1     0     4     4  261.       0.0525     0.007500  
 262    10   1U    0     4     4  261.       0.0525     0.01125   
 262    10   2     0     9     9  261.       0.0553     0.002812  
 262    11   1     0     3     3  261.       0.0581     0.002812  
 262    12   1     0     4     4  261.       0.0609     0.002812  
 262    13   1     0     8     8  261.       0.0652     0.004219  
 262    14   1     0     1     1  261.       0.0694     0.004219  
 262    15   1     0     2     2  261.       0.0736     0.004219  
 262    16   1     0     6     6  261.       0.0799     0.006328  
 262    17   1     0     1     1  261.       0.0863     0.006328  
 262    18   1     0     2     2  261.       0.0926     0.006328  
 262    19   1     0     4     4  261.       0.102      0.009492  
 262    20   1     0     7     7  261.       0.116      0.01424   
 262    21   1     0     5     5  261.       0.131      0.01424   
 262    22   1     0     5     5  261.       0.145      0.01424   
 262    23   1     0     3     3  261.       0.159      0.01424   
 262    24   1     0     3     3  261.       0.173      0.01424   
 262    25   1     0     8     8  261.       0.195      0.02136   
 262    26   1     0     4     4  261.       0.216      0.02136   
 262    27   1     0     4     4  261.       0.237      0.02136   
 262    28   1     0    13    13  261.       0.262      0.02500   
 262    29   1     0     5     5  261.       0.281      0.01875   
 262    30   1     0     1     1  261.       0.300      0.01875   
 262    31   1     0     8     8  261.       0.319      0.01875   
 262    32   1     0    10    10  261.       0.337      0.01875   
 262    33   1     0    10    10  261.       0.356      0.01875   
 262    34   1     0    13    13  261.       0.375      0.01875   
 262    35   1     0    12    12  261.       0.389      0.01406   
 262    36   1     0    10    10  261.       0.399      0.01055   
 262    37   1     0    10    10  261.       0.410      0.01055   
 262    38   1     0     8     8  261.       0.421      0.01055   
 262    39   1     0     5     5  261.       0.431      0.01055   
 262    40   1     0     7     7  261.       0.442      0.01055   
 262    41   1     0     6     6  261.       0.452      0.01055   
 262    42   1     0     6     6  261.       0.463      0.01055   
 262    43   1     0     6     6  261.       0.473      0.01055   
 262    44   1     0     5     5  261.       0.484      0.01055   
 262    45   1     0     5     5  261.       0.494      0.01055   
 262    46   1     0     5     5  262.       0.505      0.01055   
 262    47   1     0     4     4  262.       0.515      0.01055   
 262    48   1     0     4     4  262.       0.526      0.01055   
 262    49   1     0    10    10  262.       0.542      0.01582   
 262    50   1     0     7     7  262.       0.558      0.01582   
 262    51   1     0     6     6  262.       0.573      0.01582   
 262    52   1     0     4     4  262.       0.589      0.01582   
 262    53   1     0     4     4  262.       0.605      0.01582   
 262    54   1     0     8     8  262.       0.629      0.02373   
 262    55   1     0     6     6  262.       0.653      0.02373   
 262    56   1     0     5     5  262.       0.676      0.02373   
 262    57   1     0     4     4  262.       0.700      0.02373   
 262    58   1     0     4     4  262.       0.724      0.02373   
 262    59   1     0     5     5  262.       0.749      0.02500   
 262    60   1     0     7     7  262.       0.774      0.02500   
 262    61   1     0     4     4  262.       0.799      0.02500   
 262    62   1     0     3     3  262.       0.824      0.02500   
 262    63   1     0    11    11  262.       0.849      0.02500   
 262    64   1     0    10    10  262.       0.868      0.01875   
 262    65   1     0    11    11  262.       0.886      0.01875   
 262    66   1     0    10    10  262.       0.900      0.01406   
 262    67   1     0    10    10  262.       0.914      0.01406   
 262    68   1     0     7     7  262.       0.928      0.01406   
 262    69   1     0     6     6  262.       0.943      0.01406   
 262    70   1     0     6     6  262.       0.957      0.01406   
 262    71   1     0     7     7  262.       0.971      0.01406   
 262    72   1     0     6     6  262.       0.985      0.01406   
 262    73   1     0     6     6  262.       0.999      0.01406   
 262    74   1     0    10    10  262.       1.00       0.001240  
 263     1   1     0    10    10  262.       0.00500    0.005000  
 263     2   1     0     7     7  262.       0.0100     0.005000  
 263     3   1     0     6     6  262.       0.0150     0.005000  
 263     4   1     0     5     5  262.       0.0200     0.005000  
 263     5   1     0     3     3  262.       0.0250     0.005000  
 263     6   1     0     1     1  262.       0.0300     0.005000  
 263     7   1     0     9     9  262.       0.0375     0.007500  
 263     8   1     0     3     3  262.       0.0450     0.007500  
 263     9   1     0     4     4  262.       0.0525     0.007500  
 263    10   1     0     8     8  262.       0.0638     0.01125   
 263    11   1     0     4     4  262.       0.0750     0.01125   
 263    12   1     0     5     5  262.       0.0862     0.01125   
 263    13   1     0     4     4  262.       0.0975     0.01125   
 263    14   1     0     2     2  262.       0.109      0.01125   
 263    15   1     0     9     9  262.       0.126      0.01688   
 263    16   1     0     4     4  262.       0.142      0.01688   
 263    17   1     0     4     4  262.       0.159      0.01688   
 263    18   1     0     7     7  262.       0.184      0.02500   
 263    19   1     0     6     6  262.       0.209      0.02500   
 263    20   1     0     4     4  262.       0.234      0.02500   
 263    21   1     0    10    10  262.       0.259      0.02500   
 263    22   1     0     4     4  262.       0.284      0.02500   
 263    23   1     0     1     1  262.       0.309      0.02500   
 263    24   1     0    10    10  262.       0.334      0.02500   
 263    25   1     0    10    10  262.       0.359      0.02500   
 263    26   1     0    11    11  262.       0.384      0.02500   
 263    27   1     0    10    10  262.       0.403      0.01875   
 263    28   1     0    10    10  262.       0.422      0.01875   
 263    29   1     0     9     9  262.       0.441      0.01875   
 263    30   1     0     7     7  262.       0.459      0.01875   
 263    31   1     0     5     5  262.       0.478      0.01875   
 263    32   1     0     5     5  262.       0.497      0.01875   
 263    33   1     0     5     5  263.       0.516      0.01875   
 263    34   1     0     5     5  263.       0.534      0.01875   
 263    35   1     0     4     4  263.       0.553      0.01875   
 263    36   1     0     4     4  263.       0.572      0.01875   
 263    37   1     0     7     7  263.       0.597      0.02500   
 263    38   1     0     5     5  263.       0.622      0.02500   
 263    39   1     0     4     4  263.       0.647      0.02500   
 263    40   1     0     4     4  263.       0.672      0.02500   
 263    41   1     0     4     4  263.       0.697      0.02500   
 263    42   1     0     3     3  263.       0.722      0.02500   
 263    43   1     0     3     3  263.       0.747      0.02500   
 263    44   1     0     8     8  263.       0.772      0.02500   
 263    45   1     0     6     6  263.       0.797      0.02500   
 263    46   1     0     3     3  263.       0.822      0.02500   
 263    47   1     0    10    10  263.       0.847      0.02500   
 263    48   1     0    11    11  263.       0.872      0.02500   
 263    49   1U    0     9     9  263.       0.872      0.01875   
 263    49   2     0    10    10  263.       0.881      0.009375  
 263    50   1     0    10    10  263.       0.891      0.009375  
 263    51   1     0    10    10  263.       0.900      0.009375  
 263    52   1     0     6     6  263.       0.909      0.009375  
 263    53   1     0     9     9  263.       0.919      0.009375  
 263    54   1     0     7     7  263.       0.928      0.009375  
 263    55   1     0     4     4  263.       0.938      0.009375  
 263    56   1     0     4     4  263.       0.947      0.009375  
 263    57   1     0     5     5  263.       0.961      0.01406   
 263    58   1     0     8     8  263.       0.975      0.01406   
 263    59   1     0     7     7  263.       0.989      0.01406   
 263    60   1     0     8     8  263.       1.00       0.01094   
 264     1   1     0    10    10  263.       0.00500    0.005000  
 264     2   1     0     5     5  263.       0.0100     0.005000  
 264     3   1     0     7     7  263.       0.0150     0.005000  
 264     4   1     0     4     4  263.       0.0200     0.005000  
 264     5   1     0     2     2  263.       0.0250     0.005000  
 264     6   1     0     8     8  263.       0.0325     0.007500  
 264     7   1     0     2     2  263.       0.0400     0.007500  
 264     8   1     0     4     4  263.       0.0475     0.007500  
 264     9   1U    0     5     5  263.       0.0475     0.01125   
 264     9   2     0    10    10  263.       0.0503     0.002812  
 264    10   1     0     4     4  263.       0.0531     0.002812  
 264    11   1     0     5     5  263.       0.0559     0.002812  
 264    12   1     0     4     4  263.       0.0588     0.002812  
 264    13   1     0     3     3  263.       0.0616     0.002812  
 264    14   1     0     7     7  263.       0.0658     0.004219  
 264    15   1     0     1     1  263.       0.0700     0.004219  
 264    16   1     0     1     1  263.       0.0742     0.004219  
 264    17   1     0     5     5  263.       0.0805     0.006328  
 264    18   1     0     1     1  263.       0.0869     0.006328  
 264    19   1     0     2     2  263.       0.0932     0.006328  
 264    20   1     0     5     5  263.       0.103      0.009492  
 264    21   1     0     2     2  263.       0.112      0.009492  
 264    22   1     0     4     4  263.       0.122      0.009492  
 264    23   1     0     7     7  263.       0.136      0.01424   
 264    24   1     0     4     4  263.       0.150      0.01424   
 264    25   1     0     4     4  263.       0.164      0.01424   
 264    26   1     0     7     7  263.       0.186      0.02136   
 264    27   1     0     4     4  263.       0.207      0.02136   
 264    28   1     0     4     4  263.       0.228      0.02136   
 264    29   1     0    10    10  263.       0.253      0.02500   
 264    30   1     0     6     6  263.       0.278      0.02500   
 264    31   1     0     1     1  263.       0.303      0.02500   
 264    32   1     0    10    10  263.       0.328      0.02500   
 264    33   1     0    10    10  263.       0.353      0.02500   
 264    34   1     0    11    11  263.       0.378      0.02500   
 264    35   1     0    11    11  263.       0.397      0.01875   
 264    36   1     0    10    10  263.       0.411      0.01406   
 264    37   1     0     8     8  263.       0.425      0.01406   
 264    38   1     0     6     6  263.       0.439      0.01406   
 264    39   1     0     6     6  263.       0.453      0.01406   
 264    40   1     0     6     6  263.       0.468      0.01406   
 264    41   1     0     6     6  263.       0.482      0.01406   
 264    42   1     0     5     5  263.       0.496      0.01406   
 264    43   1     0     5     5  264.       0.510      0.01406   
 264    44   1     0     5     5  264.       0.524      0.01406   
 264    45   1     0     4     4  264.       0.538      0.01406   
 264    46   1     0     4     4  264.       0.552      0.01406   
 264    47   1     0     9     9  264.       0.573      0.02109   
 264    48   1     0     5     5  264.       0.594      0.02109   
 264    49   1     0     4     4  264.       0.615      0.02109   
 264    50   1     0     4     4  264.       0.636      0.02109   
 264    51   1     0     6     6  264.       0.661      0.02500   
 264    52   1     0     5     5  264.       0.686      0.02500   
 264    53   1     0     4     4  264.       0.711      0.02500   
 264    54   1     0     4     4  264.       0.736      0.02500   
 264    55   1     0    10    10  264.       0.761      0.02500   
 264    56   1     0     8     8  264.       0.786      0.02500   
 264    57   1     0     6     6  264.       0.811      0.02500   
 264    58   1     0     8     8  264.       0.836      0.02500   
 264    59   1     0    10    10  264.       0.861      0.02500   
 264    60   1     0    10    10  264.       0.886      0.02500   
 264    61   1     0    10    10  264.       0.911      0.02500   
 264    62   1     0    10    10  264.       0.936      0.02500   
 264    63   1     0     6     6  264.       0.961      0.02500   
 264    64   1     0     5     5  264.       0.986      0.02500   
 264    65   1     0    10    10  264.       1.00       0.01372   
 265     1   1     0    10    10  264.       0.00500    0.005000  
 265     2   1     0    10    10  264.       0.0100     0.005000  
 265     3   1     0    10    10  264.       0.0150     0.005000  
 265     4   1     0     8     8  264.       0.0200     0.005000  
 265     5   1     0     6     6  264.       0.0250     0.005000  
 265     6   1     0     6     6  264.       0.0300     0.005000  
 265     7   1     0     3     3  264.       0.0350     0.005000  
 265     8   1     0     3     3  264.       0.0400     0.005000  
 265     9   1     0     8     8  264.       0.0475     0.007500  
 265    10   1     0     2     2  264.       0.0550     0.007500  
 265    11   1     0     4     4  264.       0.0625     0.007500  
 265    12   1     0     7     7  264.       0.0737     0.01125   
 265    13   1     0     4     4  264.       0.0850     0.01125   
 265    14   1     0     5     5  264.       0.0962     0.01125   
 265    15   1     0     3     3  264.       0.107      0.01125   
 265    16   1     0     2     2  264.       0.119      0.01125   
 265    17   1     0     9     9  264.       0.136      0.01688   
 265    18   1     0     4     4  264.       0.152      0.01688   
 265    19   1     0     4     4  264.       0.169      0.01688   
 265    20   1     0     7     7  264.       0.194      0.02500   
 265    21   1     0     5     5  264.       0.219      0.02500   
 265    22   1     0     5     5  264.       0.244      0.02500   
 265    23   1     0     7     7  264.       0.269      0.02500   
 265    24   1     0     2     2  264.       0.294      0.02500   
 265    25   1     0     7     7  264.       0.319      0.02500   
 265    26   1     0    10    10  264.       0.344      0.02500   
 265    27   1     0    12    12  264.       0.369      0.02500   
 265    28   1     0    10    10  264.       0.388      0.01875   
 265    29   1     0    10    10  264.       0.407      0.01875   
 265    30   1     0    10    10  264.       0.426      0.01875   
 265    31   1     0     7     7  264.       0.444      0.01875   
 265    32   1     0     6     6  264.       0.463      0.01875   
 265    33   1     0     6     6  264.       0.482      0.01875   
 265    34   1     0     5     5  265.       0.501      0.01875   
 265    35   1     0     5     5  265.       0.519      0.01875   
 265    36   1     0     5     5  265.       0.538      0.01875   
 265    37   1     0     4     4  265.       0.557      0.01875   
 265    38   1     0     4     4  265.       0.576      0.01875   
 265    39   1     0     7     7  265.       0.601      0.02500   
 265    40   1     0     5     5  265.       0.626      0.02500   
 265    41   1     0     4     4  265.       0.651      0.02500   
 265    42   1     0     4     4  265.       0.676      0.02500   
 265    43   1     0     4     4  265.       0.701      0.02500   
 265    44   1     0     3     3  265.       0.726      0.02500   
 265    45   1     0     6     6  265.       0.751      0.02500   
 265    46   1     0     8     8  265.       0.776      0.02500   
 265    47   1     0     6     6  265.       0.801      0.02500   
 265    48   1     0     4     4  265.       0.826      0.02500   
 265    49   1     0    10    10  265.       0.851      0.02500   
 265    50   1     0    10    10  265.       0.876      0.02500   
 265    51   1     0    10    10  265.       0.901      0.02500   
 265    52   1     0    10    10  265.       0.926      0.02500   
 265    53   1     0     7     7  265.       0.951      0.02500   
 265    54   1     0     5     5  265.       0.976      0.02500   
 265    55   1     0     6     6  265.       1.00       0.02437   
 266     1   1     0    11    11  265.       0.00500    0.005000  
 266     2   1     0     8     8  265.       0.00875    0.003750  
 266     3   1     0    10    10  265.       0.0125     0.003750  
 266     4   1     0     9     9  265.       0.0163     0.003750  
 266     5   1     0     8     8  265.       0.0200     0.003750  
 266     6   1     0     6     6  265.       0.0238     0.003750  
 266     7   1     0     4     4  265.       0.0275     0.003750  
 266     8   1     0     2     2  265.       0.0312     0.003750  
 266     9   1     0     8     8  265.       0.0369     0.005625  
 266    10   1     0     2     2  265.       0.0425     0.005625  
 266    11   1     0     3     3  265.       0.0481     0.005625  
 266    12   1     0     5     5  265.       0.0566     0.008438  
 266    13   1     0     2     2  265.       0.0650     0.008438  
 266    14   1     0     4     4  265.       0.0734     0.008438  
 266    15   1     0     7     7  265.       0.0861     0.01266   
 266    16   1     0     4     4  265.       0.0988     0.01266   
 266    17   1     0     5     5  265.       0.111      0.01266   
 266    18   1     0     3     3  265.       0.124      0.01266   
 266    19   1     0     2     2  265.       0.137      0.01266   
 266    20   1     0     8     8  265.       0.156      0.01898   
 266    21   1     0     4     4  265.       0.175      0.01898   
 266    22   1     0     4     4  265.       0.194      0.01898   
 266    23   1     0     7     7  265.       0.219      0.02500   
 266    24   1     0     6     6  265.       0.244      0.02500   
 266    25   1     0     6     6  265.       0.269      0.02500   
 266    26   1     0     2     2  265.       0.294      0.02500   
 266    27   1     0     8     8  265.       0.319      0.02500   
 266    28   1     0    10    10  265.       0.344      0.02500   
 266    29   1     0    10    10  265.       0.369      0.02500   
 266    30   1     0    10    10  265.       0.394      0.02500   
 266    31   1     0    10    10  265.       0.419      0.02500   
 266    32   1     0    10    10  265.       0.444      0.02500   
 266    33   1     0     7     7  265.       0.469      0.02500   
 266    34   1     0     5     5  265.       0.494      0.02500   
 266    35   1     0     5     5  266.       0.519      0.02500   
 266    36   1     0     4     4  266.       0.544      0.02500   
 266    37   1     0     4     4  266.       0.569      0.02500   
 266    38   1     0     4     4  266.       0.594      0.02500   
 266    39   1     0     5     5  266.       0.619      0.02500   
 266    40   1     0     3     3  266.       0.644      0.02500   
 266    41   1     0     4     4  266.       0.669      0.02500   
 266    42   1     0     3     3  266.       0.694      0.02500   
 266    43   1     0     3     3  266.       0.719      0.02500   
 266    44   1     0     2     2  266.       0.744      0.02500   
 266    45   1     0     9     9  266.       0.769      0.02500   
 266    46   1     0     8     8  266.       0.794      0.02500   
 266    47   1     0     5     5  266.       0.819      0.02500   
 266    48   1     0    10    10  266.       0.844      0.02500   
 266    49   1     0    11    11  266.       0.869      0.02500   
 266    50   1     0    10    10  266.       0.887      0.01875   
 266    51   1     0    10    10  266.       0.906      0.01875   
 266    52   1     0    10    10  266.       0.925      0.01875   
 266    53   1     0     7     7  266.       0.944      0.01875   
 266    54   1     0     6     6  266.       0.962      0.01875   
 266    55   1     0     6     6  266.       0.981      0.01875   
 266    56   1     0     7     7  266.       1.00       0.01875   
 266    57   1     0    12    12  266.       1.00       7.812e-05 
 267     1   1     0    10    10  266.       0.00500    0.005000  
 267     2   1     0     5     5  266.       0.0100     0.005000  
 267     3   1     0     3     3  266.       0.0150     0.005000  
 267     4   1     0     2     2  266.       0.0200     0.005000  
 267     5   1     0     6     6  266.       0.0275     0.007500  
 267     6   1     0     2     2  266.       0.0350     0.007500  
 267     7   1     0     4     4  266.       0.0425     0.007500  
 267     8   1     0     6     6  266.       0.0538     0.01125   
 267     9   1     0     5     5  266.       0.0650     0.01125   
 267    10   1     0     6     6  266.       0.0762     0.01125   
 267    11   1     0     4     4  266.       0.0875     0.01125   
 267    12   1     0     3     3  266.       0.0987     0.01125   
 267    13   1     0     9     9  266.       0.116      0.01688   
 267    14   1     0     4     4  266.       0.133      0.01688   
 267    15   1     0     5     5  266.       0.149      0.01688   
 267    16   1     0     2     2  266.       0.166      0.01688   
 267    17   1     0     2     2  266.       0.183      0.01688   
 267    18   1     0     7     7  266.       0.208      0.02500   
 267    19   1     0     6     6  266.       0.233      0.02500   
 267    20   1     0    10    10  266.       0.258      0.02500   
 267    21   1     0     6     6  266.       0.283      0.02500   
 267    22   1     0     3     3  266.       0.308      0.02500   
 267    23   1     0    10    10  266.       0.333      0.02500   
 267    24   1     0    10    10  266.       0.358      0.02500   
 267    25   1     0    11    11  266.       0.383      0.02500   
 267    26   1     0    10    10  266.       0.402      0.01875   
 267    27   1     0    10    10  266.       0.421      0.01875   
 267    28   1     0     9     9  266.       0.439      0.01875   
 267    29   1     0     7     7  266.       0.458      0.01875   
 267    30   1     0     5     5  266.       0.477      0.01875   
 267    31   1     0     5     5  266.       0.496      0.01875   
 267    32   1     0     5     5  267.       0.514      0.01875   
 267    33   1     0     5     5  267.       0.533      0.01875   
 267    34   1     0     4     4  267.       0.552      0.01875   
 267    35   1     0     3     3  267.       0.571      0.01875   
 267    36   1     0     8     8  267.       0.596      0.02500   
 267    37   1     0     5     5  267.       0.621      0.02500   
 267    38   1     0     4     4  267.       0.646      0.02500   
 267    39   1     0     4     4  267.       0.671      0.02500   
 267    40   1     0     4     4  267.       0.696      0.02500   
 267    41   1     0     3     3  267.       0.721      0.02500   
 267    42   1     0     3     3  267.       0.746      0.02500   
 267    43   1     0     8     8  267.       0.771      0.02500   
 267    44   1     0     8     8  267.       0.796      0.02500   
 267    45   1     0     4     4  267.       0.821      0.02500   
 267    46   1     0    10    10  267.       0.846      0.02500   
 267    47   1     0    11    11  267.       0.871      0.02500   
 267    48   1     0    10    10  267.       0.889      0.01875   
 267    49   1     0    11    11  267.       0.908      0.01875   
 267    50   1     0    10    10  267.       0.922      0.01406   
 267    51   1     0     9     9  267.       0.936      0.01406   
 267    52   1     0     7     7  267.       0.950      0.01406   
 267    53   1     0     6     6  267.       0.964      0.01406   
 267    54   1     0     6     6  267.       0.978      0.01406   
 267    55   1     0     5     5  267.       0.993      0.01406   
 267    56   1     0    10    10  267.       1.00       0.007500  
 268     1   1     0    10    10  267.       0.00500    0.005000  
 268     2   1     0     2     2  267.       0.0100     0.005000  
 268     3   1     0     5     5  267.       0.0150     0.005000  
 268     4   1     0     2     2  267.       0.0200     0.005000  
 268     5   1     0     2     2  267.       0.0250     0.005000  
 268     6   1     0     7     7  267.       0.0325     0.007500  
 268     7   1     0     2     2  267.       0.0400     0.007500  
 268     8   1     0     4     4  267.       0.0475     0.007500  
 268     9   1     0     8     8  267.       0.0587     0.01125   
 268    10   1     0     5     5  267.       0.0700     0.01125   
 268    11   1     0     4     4  267.       0.0812     0.01125   
 268    12   1     0     4     4  267.       0.0925     0.01125   
 268    13   1     0     9     9  267.       0.109      0.01688   
 268    14   1     0     4     4  267.       0.126      0.01688   
 268    15   1     0     5     5  267.       0.143      0.01688   
 268    16   1     0     3     3  267.       0.160      0.01688   
 268    17   1     0     2     2  267.       0.177      0.01688   
 268    18   1     0     7     7  267.       0.202      0.02500   
 268    19   1     0     6     6  267.       0.227      0.02500   
 268    20   1     0     8     8  267.       0.252      0.02500   
 268    21   1     0     6     6  267.       0.277      0.02500   
 268    22   1     0     1     1  267.       0.302      0.02500   
 268    23   1     0    10    10  267.       0.327      0.02500   
 268    24   1     0    10    10  267.       0.352      0.02500   
 268    25   1     0    12    12  267.       0.377      0.02500   
 268    26   1     0    10    10  267.       0.396      0.01875   
 268    27   1     0    10    10  267.       0.414      0.01875   
 268    28   1     0    10    10  267.       0.433      0.01875   
 268    29   1     0     7     7  267.       0.452      0.01875   
 268    30   1     0     6     6  267.       0.471      0.01875   
 268    31   1     0     5     5  267.       0.489      0.01875   
 268    32   1     0     5     5  268.       0.508      0.01875   
 268    33   1     0     5     5  268.       0.527      0.01875   
 268    34   1     0     4     4  268.       0.546      0.01875   
 268    35   1     0     4     4  268.       0.564      0.01875   
 268    36   1     0     7     7  268.       0.589      0.02500   
 268    37   1     0     5     5  268.       0.614      0.02500   
 268    38   1     0     5     5  268.       0.639      0.02500   
 268    39   1     0     4     4  268.       0.664      0.02500   
 268    40   1     0     4     4  268.       0.689      0.02500   
 268    41   1     0     3     3  268.       0.714      0.02500   
 268    42   1     0     3     3  268.       0.739      0.02500   
 268    43   1     0    10    10  268.       0.764      0.02500   
 268    44   1     0     8     8  268.       0.789      0.02500   
 268    45   1     0     6     6  268.       0.814      0.02500   
 268    46   1     0     8     8  268.       0.839      0.02500   
 268    47   1     0    10    10  268.       0.864      0.02500   
 268    48   1     0    10    10  268.       0.889      0.02500   
 268    49   1     0    10    10  268.       0.914      0.02500   
 268    50   1     0    10    10  268.       0.939      0.02500   
 268    51   1     0     6     6  268.       0.964      0.02500   
 268    52   1     0     5     5  268.       0.989      0.02500   
 268    53   1     0    10    10  268.       1.00       0.01062   
 269     1   1     0    10    10  268.       0.00500    0.005000  
 269     2   1     0     9     9  268.       0.0100     0.005000  
 269     3   1     0    10    10  268.       0.0150     0.005000  
 269     4   1     0     7     7  268.       0.0200     0.005000  
 269     5   1     0     6     6  268.       0.0250     0.005000  
 269     6   1     0     3     3  268.       0.0300     0.005000  
 269     7   1     0     2     2  268.       0.0350     0.005000  
 269     8   1     0     8     8  268.       0.0425     0.007500  
 269     9   1     0     2     2  268.       0.0500     0.007500  
 269    10   1     0     5     5  268.       0.0575     0.007500  
 269    11   1     0     3     3  268.       0.0650     0.007500  
 269    12   1     0     2     2  268.       0.0725     0.007500  
 269    13   1     0    10    10  268.       0.0838     0.01125   
 269    14   1     0     3     3  268.       0.0950     0.01125   
 269    15   1     0     4     4  268.       0.106      0.01125   
 269    16   1     0     9     9  268.       0.123      0.01688   
 269    17   1     0     5     5  268.       0.140      0.01688   
 269    18   1     0     4     4  268.       0.157      0.01688   
 269    19   1     0     3     3  268.       0.174      0.01688   
 269    20   1     0     7     7  268.       0.199      0.02500   
 269    21   1     0     6     6  268.       0.224      0.02500   
 269    22   1     0     5     5  268.       0.249      0.02500   
 269    23   1     0     6     6  268.       0.274      0.02500   
 269    24   1     0     1     1  268.       0.299      0.02500   
 269    25   1     0     8     8  268.       0.324      0.02500   
 269    26   1     0    10    10  268.       0.349      0.02500   
 269    27   1     0    12    12  268.       0.374      0.02500   
 269    28   1     0    11    11  268.       0.393      0.01875   
 269    29   1     0    10    10  268.       0.407      0.01406   
 269    30   1     0     8     8  268.       0.421      0.01406   
 269    31   1     0     7     7  268.       0.435      0.01406   
 269    32   1     0     6     6  268.       0.449      0.01406   
 269    33   1     0     6     6  268.       0.463      0.01406   
 269    34   1     0     6     6  268.       0.477      0.01406   
 269    35   1     0     5     5  268.       0.491      0.01406   
 269    36   1     0     5     5  269.       0.505      0.01406   
 269    37   1     0     5     5  269.       0.519      0.01406   
 269    38   1     0     5     5  269.       0.533      0.01406   
 269    39   1     0     4     4  269.       0.547      0.01406   
 269    40   1     0     4     4  269.       0.561      0.01406   
 269    41   1     0     9     9  269.       0.582      0.02109   
 269    42   1     0     5     5  269.       0.603      0.02109   
 269    43   1     0     5     5  269.       0.625      0.02109   
 269    44   1     0     4     4  269.       0.646      0.02109   
 269    45   1     0     4     4  269.       0.667      0.02109   
 269    46   1     0     6     6  269.       0.692      0.02500   
 269    47   1     0     5     5  269.       0.717      0.02500   
 269    48   1     0     4     4  269.       0.742      0.02500   
 269    49   1     0     9     9  269.       0.767      0.02500   
 269    50   1     0     7     7  269.       0.792      0.02500   
 269    51   1     0     4     4  269.       0.817      0.02500   
 269    52   1     0    10    10  269.       0.842      0.02500   
 269    53   1     0    10    10  269.       0.867      0.02500   
 269    54   1     0    10    10  269.       0.892      0.02500   
 269    55   1     0    10    10  269.       0.917      0.02500   
 269    56   1     0     9     9  269.       0.942      0.02500   
 269    57   1     0     6     6  269.       0.967      0.02500   
 269    58   1     0     5     5  269.       0.992      0.02500   
 269    59   1     0    10    10  269.       1.00       0.008281  
 270     1   1     0    11    11  269.       0.00500    0.005000  
 270     2   1     0     7     7  269.       0.00875    0.003750  
 270     3   1     0    10    10  269.       0.0125     0.003750  
 270     4   1     0     9     9  269.       0.0163     0.003750  
 270     5   1     0     9     9  269.       0.0200     0.003750  
 270     6   1     0     7     7  269.       0.0238     0.003750  
 270     7   1     0     6     6  269.       0.0275     0.003750  
 270     8   1     0     4     4  269.       0.0312     0.003750  
 270     9   1     0     2     2  269.       0.0350     0.003750  
 270    10   1     0     8     8  269.       0.0406     0.005625  
 270    11   1     0     2     2  269.       0.0462     0.005625  
 270    12   1     0     4     4  269.       0.0519     0.005625  
 270    13   1     0     6     6  269.       0.0603     0.008438  
 270    14   1     0     2     2  269.       0.0688     0.008438  
 270    15   1     0     6     6  269.       0.0772     0.008438  
 270    16   1     0     4     4  269.       0.0856     0.008438  
 270    17   1     0     2     2  269.       0.0941     0.008438  
 270    18   1     0     9     9  269.       0.107      0.01266   
 270    19   1     0     4     4  269.       0.119      0.01266   
 270    20   1     0     4     4  269.       0.132      0.01266   
 270    21   1     0     8     8  269.       0.151      0.01898   
 270    22   1     0     4     4  269.       0.170      0.01898   
 270    23   1     0     4     4  269.       0.189      0.01898   
 270    24   1     0     7     7  269.       0.214      0.02500   
 270    25   1     0     6     6  269.       0.239      0.02500   
 270    26   1     0    10    10  269.       0.264      0.02500   
 270    27   1     0     5     5  269.       0.289      0.02500   
 270    28   1     0     4     4  269.       0.314      0.02500   
 270    29   1     0    10    10  269.       0.339      0.02500   
 270    30   1     0    10    10  269.       0.364      0.02500   
 270    31   1     0    11    11  269.       0.389      0.02500   
 270    32   1     0    10    10  269.       0.408      0.01875   
 270    33   1     0    10    10  269.       0.426      0.01875   
 270    34   1     0     9     9  269.       0.445      0.01875   
 270    35   1     0     6     6  269.       0.464      0.01875   
 270    36   1     0     6     6  269.       0.483      0.01875   
 270    37   1     0     5     5  270.       0.501      0.01875   
 270    38   1     0     5     5  270.       0.520      0.01875   
 270    39   1     0     5     5  270.       0.539      0.01875   
 270    40   1     0     4     4  270.       0.558      0.01875   
 270    41   1     0     4     4  270.       0.576      0.01875   
 270    42   1     0     7     7  270.       0.601      0.02500   
 270    43   1     0     5     5  270.       0.626      0.02500   
 270    44   1     0     4     4  270.       0.651      0.02500   
 270    45   1     0     4     4  270.       0.676      0.02500   
 270    46   1     0     3     3  270.       0.701      0.02500   
 270    47   1     0     4     4  270.       0.726      0.02500   
 270    48   1     0     8     8  270.       0.751      0.02500   
 270    49   1     0     7     7  270.       0.776      0.02500   
 270    50   1     0     6     6  270.       0.801      0.02500   
 270    51   1     0     4     4  270.       0.826      0.02500   
 270    52   1     0    10    10  270.       0.851      0.02500   
 270    53   1     0    10    10  270.       0.876      0.02500   
 270    54   1     0    10    10  270.       0.901      0.02500   
 270    55   1     0    10    10  270.       0.926      0.02500   
 270    56   1     0     7     7  270.       0.951      0.02500   
 270    57   1     0     5     5  270.       0.976      0.02500   
 270    58   1     0     6     6  270.       1.00       0.02352   
 271     1   1     0    10    10  270.       0.00500    0.005000  
 271     2   1     0    10    10  270.       0.0100     0.005000  
 271     3   1     0    10    10  270.       0.0150     0.005000  
 271     4   1     0     8     8  270.       0.0200     0.005000  
 271     5   1     0     7     7  270.       0.0250     0.005000  
 271     6   1     0     6     6  270.       0.0300     0.005000  
 271     7   1     0     5     5  270.       0.0350     0.005000  
 271     8   1     0     2     2  270.       0.0400     0.005000  
 271     9   1     0     1     1  270.       0.0450     0.005000  
 271    10   1     0     8     8  270.       0.0525     0.007500  
 271    11   1     0     2     2  270.       0.0600     0.007500  
 271    12   1     0     4     4  270.       0.0675     0.007500  
 271    13   1     0     9     9  270.       0.0788     0.01125   
 271    14   1     0     4     4  270.       0.0900     0.01125   
 271    15   1     0     4     4  270.       0.101      0.01125   
 271    16   1     0     8     8  270.       0.118      0.01688   
 271    17   1     0     5     5  270.       0.135      0.01688   
 271    18   1     0     5     5  270.       0.152      0.01688   
 271    19   1     0     3     3  270.       0.169      0.01688   
 271    20   1     0     2     2  270.       0.186      0.01688   
 271    21   1     0     7     7  270.       0.211      0.02500   
 271    22   1     0     6     6  270.       0.236      0.02500   
 271    23   1     0    10    10  270.       0.261      0.02500   
 271    24   1     0     6     6  270.       0.286      0.02500   
 271    25   1     0     3     3  270.       0.311      0.02500   
 271    26   1     0    10    10  270.       0.336      0.02500   
 271    27   1     0    10    10  270.       0.361      0.02500   
 271    28   1     0    11    11  270.       0.386      0.02500   
 271    29   1     0    10    10  270.       0.404      0.01875   
 271    30   1     0    10    10  270.       0.423      0.01875   
 271    31   1     0     9     9  270.       0.442      0.01875   
 271    32   1     0     7     7  270.       0.461      0.01875   
 271    33   1     0     5     5  270.       0.479      0.01875   
 271    34   1     0     5     5  270.       0.498      0.01875   
 271    35   1     0     5     5  271.       0.517      0.01875   
 271    36   1     0     5     5  271.       0.536      0.01875   
 271    37   1     0     4     4  271.       0.554      0.01875   
 271    38   1     0     3     3  271.       0.573      0.01875   
 271    39   1     0     7     7  271.       0.598      0.02500   
 271    40   1     0     5     5  271.       0.623      0.02500   
 271    41   1     0     4     4  271.       0.648      0.02500   
 271    42   1     0     4     4  271.       0.673      0.02500   
 271    43   1     0     4     4  271.       0.698      0.02500   
 271    44   1     0     3     3  271.       0.723      0.02500   
 271    45   1     0     3     3  271.       0.748      0.02500   
 271    46   1     0     8     8  271.       0.773      0.02500   
 271    47   1     0     6     6  271.       0.798      0.02500   
 271    48   1     0     3     3  271.       0.823      0.02500   
 271    49   1     0    10    10  271.       0.848      0.02500   
 271    50   1     0    10    10  271.       0.873      0.02500   
 271    51   1     0    11    11  271.       0.898      0.02500   
 271    52   1     0    10    10  271.       0.917      0.01875   
 271    53   1     0     8     8  271.       0.936      0.01875   
 271    54   1     0     7     7  271.       0.954      0.01875   
 271    55   1     0     7     7  271.       0.973      0.01875   
 271    56   1     0     7     7  271.       0.992      0.01875   
 271    57   1     0    10    10  271.       1.00       0.008125  
 272     1   1     0    10    10  271.       0.00500    0.005000  
 272     2   1     0     7     7  271.       0.0100     0.005000  
 272     3   1     0     7     7  271.       0.0150     0.005000  
 272     4   1     0     5     5  271.       0.0200     0.005000  
 272     5   1     0     3     3  271.       0.0250     0.005000  
 272     6   1     0     1     1  271.       0.0300     0.005000  
 272     7   1     0     7     7  271.       0.0375     0.007500  
 272     8   1     0     2     2  271.       0.0450     0.007500  
 272     9   1     0     4     4  271.       0.0525     0.007500  
 272    10   1     0     9     9  271.       0.0638     0.01125   
 272    11   1     0     5     5  271.       0.0750     0.01125   
 272    12   1     0     4     4  271.       0.0862     0.01125   
 272    13   1     0     4     4  271.       0.0975     0.01125   
 272    14   1     0     9     9  271.       0.114      0.01688   
 272    15   1     0     4     4  271.       0.131      0.01688   
 272    16   1     0     5     5  271.       0.148      0.01688   
 272    17   1     0     3     3  271.       0.165      0.01688   
 272    18   1     0     2     2  271.       0.182      0.01688   
 272    19   1     0     7     7  271.       0.207      0.02500   
 272    20   1     0     6     6  271.       0.232      0.02500   
 272    21   1     0    10    10  271.       0.257      0.02500   
 272    22   1     0     4     4  271.       0.282      0.02500   
 272    23   1     0     3     3  271.       0.307      0.02500   
 272    24   1     0    10    10  271.       0.332      0.02500   
 272    25   1     0    10    10  271.       0.357      0.02500   
 272    26   1     0    11    11  271.       0.382      0.02500   
 272    27   1     0    10    10  271.       0.401      0.01875   
 272    28   1     0    10    10  271.       0.419      0.01875   
 272    29   1     0     9     9  271.       0.438      0.01875   
 272    30   1     0     7     7  271.       0.457      0.01875   
 272    31   1     0     5     5  271.       0.476      0.01875   
 272    32   1     0     5     5  271.       0.494      0.01875   
 272    33   1     0     5     5  272.       0.513      0.01875   
 272    34   1     0     5     5  272.       0.532      0.01875   
 272    35   1     0     4     4  272.       0.551      0.01875   
 272    36   1     0     4     4  272.       0.569      0.01875   
 272    37   1     0     7     7  272.       0.594      0.02500   
 272    38   1     0     5     5  272.       0.619      0.02500   
 272    39   1     0     4     4  272.       0.644      0.02500   
 272    40   1     0     4     4  272.       0.669      0.02500   
 272    41   1     0     4     4  272.       0.694      0.02500   
 272    42   1     0     3     3  272.       0.719      0.02500   
 272    43   1     0     3     3  272.       0.744      0.02500   
 272    44   1     0     9     9  272.       0.769      0.02500   
 272    45   1     0     8     8  272.       0.794      0.02500   
 272    46   1     0     4     4  272.       0.819      0.02500   
 272    47   1     0    10    10  272.       0.844      0.02500   
 272    48   1     0    12    12  272.       0.869      0.02500   
 272    49   1     0    10    10  272.       0.888      0.01875   
 272    50   1     0    11    11  272.       0.907      0.01875   
 272    51   1     0    10    10  272.       0.921      0.01406   
 272    52   1     0    10    10  272.       0.935      0.01406   
 272    53   1     0     8     8  272.       0.949      0.01406   
 272    54   1     0     6     6  272.       0.963      0.01406   
 272    55   1     0     7     7  272.       0.977      0.01406   
 272    56   1     0     5     5  272.       0.991      0.01406   
 272    57   1     0    10    10  272.       1.00       0.008750  
 273     1   1     0    10    10  272.       0.00500    0.005000  
 273     2   1     0     4     4  272.       0.0100     0.005000  
 273     3   1     0     5     5  272.       0.0150     0.005000  
 273     4   1     0     3     3  272.       0.0200     0.005000  
 273     5   1     0     1     1  272.       0.0250     0.005000  
 273     6   1     0     7     7  272.       0.0325     0.007500  
 273     7   1     0     2     2  272.       0.0400     0.007500  
 273     8   1     0     5     5  272.       0.0475     0.007500  
 273     9   1     0     3     3  272.       0.0550     0.007500  
 273    10   1     0     3     3  272.       0.0625     0.007500  
 273    11   1     0    10    10  272.       0.0737     0.01125   
 273    12   1     0     4     4  272.       0.0850     0.01125   
 273    13   1     0     4     4  272.       0.0962     0.01125   
 273    14   1     0     9     9  272.       0.113      0.01688   
 273    15   1     0     5     5  272.       0.130      0.01688   
 273    16   1     0     5     5  272.       0.147      0.01688   
 273    17   1     0     3     3  272.       0.164      0.01688   
 273    18   1     0     2     2  272.       0.181      0.01688   
 273    19   1     0     7     7  272.       0.206      0.02500   
 273    20   1     0     6     6  272.       0.231      0.02500   
 273    21   1     0    10    10  272.       0.256      0.02500   
 273    22   1     0     6     6  272.       0.281      0.02500   
 273    23   1     0     1     1  272.       0.306      0.02500   
 273    24   1     0    10    10  272.       0.331      0.02500   
 273    25   1     0    10    10  272.       0.356      0.02500   
 273    26   1     0    11    11  272.       0.381      0.02500   
 273    27   1     0    10    10  272.       0.399      0.01875   
 273    28   1     0    10    10  272.       0.418      0.01875   
 273    29   1     0     9     9  272.       0.437      0.01875   
 273    30   1     0     7     7  272.       0.456      0.01875   
 273    31   1     0     5     5  272.       0.474      0.01875   
 273    32   1     0     5     5  272.       0.493      0.01875   
 273    33   1     0     5     5  273.       0.512      0.01875   
 273    34   1     0     5     5  273.       0.531      0.01875   
 273    35   1     0     4     4  273.       0.549      0.01875   
 273    36   1     0     4     4  273.       0.568      0.01875   
 273    37   1     0     7     7  273.       0.593      0.02500   
 273    38   1     0     5     5  273.       0.618      0.02500   
 273    39   1     0     4     4  273.       0.643      0.02500   
 273    40   1     0     4     4  273.       0.668      0.02500   
 273    41   1     0     4     4  273.       0.693      0.02500   
 273    42   1     0     3     3  273.       0.718      0.02500   
 273    43   1     0     3     3  273.       0.743      0.02500   
 273    44   1     0     9     9  273.       0.768      0.02500   
 273    45   1     0     7     7  273.       0.793      0.02500   
 273    46   1     0     4     4  273.       0.818      0.02500   
 273    47   1     0    10    10  273.       0.843      0.02500   
 273    48   1     0    12    12  273.       0.868      0.02500   
 273    49   1     0    11    11  273.       0.887      0.01875   
 273    50   1     0    10    10  273.       0.901      0.01406   
 273    51   1     0    10    10  273.       0.915      0.01406   
 273    52   1     0    10    10  273.       0.929      0.01406   
 273    53   1     0     7     7  273.       0.943      0.01406   
 273    54   1     0     6     6  273.       0.957      0.01406   
 273    55   1     0     6     6  273.       0.971      0.01406   
 273    56   1     0     8     8  273.       0.985      0.01406   
 273    57   1     0     5     5  273.       0.999      0.01406   
 273    58   1     0    11    11  273.       1.00       0.0006250 
 274     1   1     0    10    10  273.       0.00500    0.005000  
 274     2   1     0     4     4  273.       0.0100     0.005000  
 274     3   1     0     2     2  273.       0.0150     0.005000  
 274     4   1     0     8     8  273.       0.0225     0.007500  
 274     5   1     0     3     3  273.       0.0300     0.007500  
 274     6   1     0     5     5  273.       0.0375     0.007500  
 274     7   1     0     3     3  273.       0.0450     0.007500  
 274     8   1     0     3     3  273.       0.0525     0.007500  
 274     9   1     0    10    10  273.       0.0638     0.01125   
 274    10   1     0     4     4  273.       0.0750     0.01125   
 274    11   1     0     4     4  273.       0.0862     0.01125   
 274    12   1     0     9     9  273.       0.103      0.01688   
 274    13   1     0     5     5  273.       0.120      0.01688   
 274    14   1     0     5     5  273.       0.137      0.01688   
 274    15   1     0     3     3  273.       0.154      0.01688   
 274    16   1     0     2     2  273.       0.171      0.01688   
 274    17   1     0     7     7  273.       0.196      0.02500   
 274    18   1     0     6     6  273.       0.221      0.02500   
 274    19   1     0     5     5  273.       0.246      0.02500   
 274    20   1     0     6     6  273.       0.271      0.02500   
 274    21   1     0     2     2  273.       0.296      0.02500   
 274    22   1     0     9     9  273.       0.321      0.02500   
 274    23   1     0    10    10  273.       0.346      0.02500   
 274    24   1     0    12    12  273.       0.371      0.02500   
 274    25   1     0    11    11  273.       0.389      0.01875   
 274    26   1     0    10    10  273.       0.403      0.01406   
 274    27   1     0     9     9  273.       0.418      0.01406   
 274    28   1     0     8     8  273.       0.432      0.01406   
 274    29   1     0     6     6  273.       0.446      0.01406   
 274    30   1     0     6     6  273.       0.460      0.01406   
 274    31   1     0     7     7  273.       0.474      0.01406   
 274    32   1     0     5     5  273.       0.488      0.01406   
 274    33   1     0     5     5  274.       0.502      0.01406   
 274    34   1     0     5     5  274.       0.516      0.01406   
 274    35   1     0     5     5  274.       0.530      0.01406   
 274    36   1     0     4     4  274.       0.544      0.01406   
 274    37   1     0     4     4  274.       0.558      0.01406   
 274    38   1     0     9     9  274.       0.579      0.02109   
 274    39   1     0     5     5  274.       0.600      0.02109   
 274    40   1     0     5     5  274.       0.621      0.02109   
 274    41   1     0     4     4  274.       0.642      0.02109   
 274    42   1     0     4     4  274.       0.664      0.02109   
 274    43   1     0     6     6  274.       0.689      0.02500   
 274    44   1     0     5     5  274.       0.714      0.02500   
 274    45   1     0     4     4  274.       0.739      0.02500   
 274    46   1     0    11    11  274.       0.764      0.02500   
 274    47   1     0     9     9  274.       0.782      0.01875   
 274    48   1     0     5     5  274.       0.801      0.01875   
 274    49   1     0     2     2  274.       0.820      0.01875   
 274    50   1     0     9     9  274.       0.839      0.01875   
 274    51   1     0    10    10  274.       0.857      0.01875   
 274    52   1     0    10    10  274.       0.876      0.01875   
 274    53   1     0    10    10  274.       0.895      0.01875   
 274    54   1     0    10    10  274.       0.914      0.01875   
 274    55   1     0     8     8  274.       0.932      0.01875   
 274    56   1     0     8     8  274.       0.951      0.01875   
 274    57   1     0     6     6  274.       0.970      0.01875   
 274    58   1     0     6     6  274.       0.989      0.01875   
 274    59   1     0    10    10  274.       1.00       0.01141   
 275     1   1     0    10    10  274.       0.00500    0.005000  
 275     2   1     0     9     9  274.       0.0100     0.005000  
 275     3   1     0     9     9  274.       0.0150     0.005000  
 275     4   1     0     7     7  274.       0.0200     0.005000  
 275     5   1     0     8     8  274.       0.0250     0.005000  
 275     6   1     0     5     5  274.       0.0300     0.005000  
 275     7   1     0     5     5  274.       0.0350     0.005000  
 275     8   1     0     4     4  274.       0.0400     0.005000  
 275     9   1     0     3     3  274.       0.0450     0.005000  
 275    10   1     0     9     9  274.       0.0525     0.007500  
 275    11   1     0     2     2  274.       0.0600     0.007500  
 275    12   1     0     4     4  274.       0.0675     0.007500  
 275    13   1     0     8     8  274.       0.0788     0.01125   
 275    14   1     0     4     4  274.       0.0900     0.01125   
 275    15   1     0     5     5  274.       0.101      0.01125   
 275    16   1     0     3     3  274.       0.112      0.01125   
 275    17   1     0     3     3  274.       0.124      0.01125   
 275    18   1     0    10    10  274.       0.141      0.01688   
 275    19   1     0     4     4  274.       0.158      0.01688   
 275    20   1     0     4     4  274.       0.174      0.01688   
 275    21   1     0     7     7  274.       0.199      0.02500   
 275    22   1     0     5     5  274.       0.224      0.02500   
 275    23   1     0     5     5  274.       0.249      0.02500   
 275    24   1     0     6     6  274.       0.274      0.02500   
 275    25   1     0     1     1  274.       0.299      0.02500   
 275    26   1     0     8     8  274.       0.324      0.02500   
 275    27   1     0    10    10  274.       0.349      0.02500   
 275    28   1     0    12    12  274.       0.374      0.02500   
 275    29   1     0    11    11  274.       0.393      0.01875   
 275    30   1     0    10    10  274.       0.407      0.01406   
 275    31   1     0     8     8  274.       0.421      0.01406   
 275    32   1     0     8     8  274.       0.435      0.01406   
 275    33   1     0     6     6  274.       0.449      0.01406   
 275    34   1     0     7     7  274.       0.463      0.01406   
 275    35   1     0     6     6  274.       0.477      0.01406   
 275    36   1     0     5     5  274.       0.492      0.01406   
 275    37   1     0     5     5  275.       0.506      0.01406   
 275    38   1     0     5     5  275.       0.520      0.01406   
 275    39   1     0     5     5  275.       0.534      0.01406   
 275    40   1     0     4     4  275.       0.548      0.01406   
 275    41   1     0     3     3  275.       0.562      0.01406   
 275    42   1     0     9     9  275.       0.583      0.02109   
 275    43   1     0     5     5  275.       0.604      0.02109   
 275    44   1     0     5     5  275.       0.625      0.02109   
 275    45   1     0     4     4  275.       0.646      0.02109   
 275    46   1     0     4     4  275.       0.667      0.02109   
 275    47   1     0     6     6  275.       0.692      0.02500   
 275    48   1     0     5     5  275.       0.717      0.02500   
 275    49   1     0     4     4  275.       0.742      0.02500   
 275    50   1     0     9     9  275.       0.767      0.02500   
 275    51   1     0     6     6  275.       0.792      0.02500   
 275    52   1     0     4     4  275.       0.817      0.02500   
 275    53   1     0    10    10  275.       0.842      0.02500   
 275    54   1     0    10    10  275.       0.867      0.02500   
 275    55   1     0    10    10  275.       0.892      0.02500   
 275    56   1     0    10    10  275.       0.917      0.02500   
 275    57   1     0     9     9  275.       0.942      0.02500   
 275    58   1     0     6     6  275.       0.967      0.02500   
 275    59   1     0     5     5  275.       0.992      0.02500   
 275    60   1     0    10    10  275.       1.00       0.007656  
 276     1   1     0    11    11  275.       0.00500    0.005000  
 276     2   1     0     7     7  275.       0.00875    0.003750  
 276     3   1     0    10    10  275.       0.0125     0.003750  
 276     4   1     0    10    10  275.       0.0163     0.003750  
 276     5   1     0     8     8  275.       0.0200     0.003750  
 276     6   1     0     6     6  275.       0.0238     0.003750  
 276     7   1     0     7     7  275.       0.0275     0.003750  
 276     8   1     0     5     5  275.       0.0312     0.003750  
 276     9   1     0     3     3  275.       0.0350     0.003750  
 276    10   1     0     2     2  275.       0.0388     0.003750  
 276    11   1     0     8     8  275.       0.0444     0.005625  
 276    12   1     0     2     2  275.       0.0500     0.005625  
 276    13   1     0     4     4  275.       0.0556     0.005625  
 276    14   1     0     7     7  275.       0.0641     0.008438  
 276    15   1     0     3     3  275.       0.0725     0.008438  
 276    16   1     0     6     6  275.       0.0809     0.008438  
 276    17   1     0     4     4  275.       0.0894     0.008438  
 276    18   1     0     2     2  275.       0.0978     0.008438  
 276    19   1     0     9     9  275.       0.110      0.01266   
 276    20   1     0     4     4  275.       0.123      0.01266   
 276    21   1     0     4     4  275.       0.136      0.01266   
 276    22   1     0     8     8  275.       0.155      0.01898   
 276    23   1     0     5     5  275.       0.174      0.01898   
 276    24   1     0     4     4  275.       0.193      0.01898   
 276    25   1     0     3     3  275.       0.212      0.01898   
 276    26   1     0     7     7  275.       0.237      0.02500   
 276    27   1     0    11    11  275.       0.262      0.02500   
 276    28   1     0     6     6  275.       0.280      0.01875   
 276    29   1     0     1     1  275.       0.299      0.01875   
 276    30   1     0     8     8  275.       0.318      0.01875   
 276    31   1     0    10    10  275.       0.337      0.01875   
 276    32   1     0    10    10  275.       0.355      0.01875   
 276    33   1     0    12    12  275.       0.374      0.01875   
 276    34   1     0    11    11  275.       0.388      0.01406   
 276    35   1     0    10    10  275.       0.399      0.01055   
 276    36   1     0    10    10  275.       0.409      0.01055   
 276    37   1     0     8     8  275.       0.420      0.01055   
 276    38   1     0     6     6  275.       0.430      0.01055   
 276    39   1     0     7     7  275.       0.441      0.01055   
 276    40   1     0     6     6  275.       0.452      0.01055   
 276    41   1     0     6     6  275.       0.462      0.01055   
 276    42   1     0     5     5  275.       0.473      0.01055   
 276    43   1     0     6     6  275.       0.483      0.01055   
 276    44   1     0     5     5  275.       0.494      0.01055   
 276    45   1     0     5     5  276.       0.504      0.01055   
 276    46   1     0     4     4  276.       0.515      0.01055   
 276    47   1     0     4     4  276.       0.525      0.01055   
 276    48   1     0    10    10  276.       0.541      0.01582   
 276    49   1     0     7     7  276.       0.557      0.01582   
 276    50   1     0     6     6  276.       0.573      0.01582   
 276    51   1     0     4     4  276.       0.589      0.01582   
 276    52   1     0     4     4  276.       0.604      0.01582   
 276    53   1     0     8     8  276.       0.628      0.02373   
 276    54   1     0     6     6  276.       0.652      0.02373   
 276    55   1     0     5     5  276.       0.676      0.02373   
 276    56   1     0     4     4  276.       0.699      0.02373   
 276    57   1     0     4     4  276.       0.723      0.02373   
 276    58   1     0     5     5  276.       0.748      0.02500   
 276    59   1     0     7     7  276.       0.773      0.02500   
 276    60   1     0     5     5  276.       0.798      0.02500   
 276    61   1     0     2     2  276.       0.823      0.02500   
 276    62   1     0    11    11  276.       0.848      0.02500   
 276    63   1     0    12    12  276.       0.867      0.01875   
 276    64   1     0    12    12  276.       0.881      0.01406   
 276    65   1     0    10    10  276.       0.892      0.01055   
 276    66   1     0    10    10  276.       0.902      0.01055   
 276    67   1     0     7     7  276.       0.913      0.01055   
 276    68   1     0     7     7  276.       0.923      0.01055   
 276    69   1     0     5     5  276.       0.934      0.01055   
 276    70   1     0     6     6  276.       0.944      0.01055   
 276    71   1     0     6     6  276.       0.955      0.01055   
 276    72   1     0     6     6  276.       0.965      0.01055   
 276    73   1     0     5     5  276.       0.976      0.01055   
 276    74   1     0     5     5  276.       0.986      0.01055   
 276    75   1     0     5     5  276.       0.997      0.01055   
 276    76   1     0    10    10  276.       1.00       0.003027  
 277     1   1     0    10    10  276.       0.00500    0.005000  
 277     2   1     0     4     4  276.       0.0100     0.005000  
 277     3   1     0     5     5  276.       0.0150     0.005000  
 277     4   1     0     3     3  276.       0.0200     0.005000  
 277     5   1     0     2     2  276.       0.0250     0.005000  
 277     6   1     0     9     9  276.       0.0325     0.007500  
 277     7   1     0     3     3  276.       0.0400     0.007500  
 277     8   1     0     5     5  276.       0.0475     0.007500  
 277     9   1     0     3     3  276.       0.0550     0.007500  
 277    10   1     0     2     2  276.       0.0625     0.007500  
 277    11   1     0     9     9  276.       0.0737     0.01125   
 277    12   1     0     4     4  276.       0.0850     0.01125   
 277    13   1     0     5     5  276.       0.0962     0.01125   
 277    14   1     0     3     3  276.       0.107      0.01125   
 277    15   1     0     2     2  276.       0.119      0.01125   
 277    16   1     0     9     9  276.       0.136      0.01688   
 277    17   1     0     4     4  276.       0.152      0.01688   
 277    18   1     0     4     4  276.       0.169      0.01688   
 277    19   1     0     7     7  276.       0.194      0.02500   
 277    20   1     0     5     5  276.       0.219      0.02500   
 277    21   1     0     5     5  276.       0.244      0.02500   
 277    22   1     0     8     8  276.       0.269      0.02500   
 277    23   1     0     3     3  276.       0.294      0.02500   
 277    24   1     0     7     7  276.       0.319      0.02500   
 277    25   1     0    10    10  276.       0.344      0.02500   
 277    26   1     0    12    12  276.       0.369      0.02500   
 277    27   1     0    10    10  276.       0.388      0.01875   
 277    28   1     0    10    10  276.       0.407      0.01875   
 277    29   1     0    10    10  276.       0.426      0.01875   
 277    30   1     0     7     7  276.       0.444      0.01875   
 277    31   1     0     6     6  276.       0.463      0.01875   
 277    32   1     0     6     6  276.       0.482      0.01875   
 277    33   1     0     5     5  277.       0.501      0.01875   
 277    34   1     0     5     5  277.       0.519      0.01875   
 277    35   1     0     5     5  277.       0.538      0.01875   
 277    36   1     0     4     4  277.       0.557      0.01875   
 277    37   1     0     3     3  277.       0.576      0.01875   
 277    38   1     0     7     7  277.       0.601      0.02500   
 277    39   1     0     5     5  277.       0.626      0.02500   
 277    40   1     0     4     4  277.       0.651      0.02500   
 277    41   1     0     4     4  277.       0.676      0.02500   
 277    42   1     0     3     3  277.       0.701      0.02500   
 277    43   1     0     4     4  277.       0.726      0.02500   
 277    44   1     0     5     5  277.       0.751      0.02500   
 277    45   1     0     8     8  277.       0.776      0.02500   
 277    46   1     0     6     6  277.       0.801      0.02500   
 277    47   1     0     4     4  277.       0.826      0.02500   
 277    48   1     0    10    10  277.       0.851      0.02500   
 277    49   1     0    10    10  277.       0.876      0.02500   
 277    50   1     0    10    10  277.       0.901      0.02500   
 277    51   1     0    10    10  277.       0.926      0.02500   
 277    52   1     0     7     7  277.       0.951      0.02500   
 277    53   1     0     5     5  277.       0.976      0.02500   
 277    54   1     0     5     5  277.       1.00       0.02437   
 278     1   1     0    11    11  277.       0.00500    0.005000  
 278     2   1     0     7     7  277.       0.00875    0.003750  
 278     3   1     0    10    10  277.       0.0125     0.003750  
 278     4   1     0     9     9  277.       0.0163     0.003750  
 278     5   1     0     7     7  277.       0.0200     0.003750  
 278     6   1     0     8     8  277.       0.0238     0.003750  
 278     7   1     0     5     5  277.       0.0275     0.003750  
 278     8   1     0     4     4  277.       0.0312     0.003750  
 278     9   1     0     2     2  277.       0.0350     0.003750  
 278    10   1     0     8     8  277.       0.0406     0.005625  
 278    11   1     0     2     2  277.       0.0462     0.005625  
 278    12   1     0     3     3  277.       0.0519     0.005625  
 278    13   1     0     6     6  277.       0.0603     0.008438  
 278    14   1     0     2     2  277.       0.0688     0.008438  
 278    15   1     0     3     3  277.       0.0772     0.008438  
 278    16   1     0     7     7  277.       0.0898     0.01266   
 278    17   1     0     4     4  277.       0.103      0.01266   
 278    18   1     0     5     5  277.       0.115      0.01266   
 278    19   1     0     3     3  277.       0.128      0.01266   
 278    20   1     0     2     2  277.       0.140      0.01266   
 278    21   1     0     8     8  277.       0.159      0.01898   
 278    22   1     0     4     4  277.       0.178      0.01898   
 278    23   1     0     4     4  277.       0.197      0.01898   
 278    24   1     0     7     7  277.       0.222      0.02500   
 278    25   1     0     5     5  277.       0.247      0.02500   
 278    26   1     0     6     6  277.       0.272      0.02500   
 278    27   1     0     1     1  277.       0.297      0.02500   
 278    28   1     0     9     9  277.       0.322      0.02500   
 278    29   1     0    10    10  277.       0.347      0.02500   
 278    30   1     0    12    12  277.       0.372      0.02500   
 278    31   1     0    12    12  277.       0.391      0.01875   
 278    32   1U    0     6     6  277.       0.391      0.01406   
 278    32   2     0     9     9  277.       0.395      0.003516  
 278    33   1     0    10    10  277.       0.398      0.003516  
 278    34   1     0     9     9  277.       0.402      0.003516  
 278    35   1     0     9     9  277.       0.405      0.003516  
 278    36   1     0     8     8  277.       0.409      0.003516  
 278    37   1     0     5     5  277.       0.412      0.003516  
 278    38   1     0     4     4  277.       0.416      0.003516  
 278    39   1     0     4     4  277.       0.419      0.003516  
 278    40   1     0     9     9  277.       0.425      0.005273  
 278    41   1     0     8     8  277.       0.430      0.005273  
 278    42   1     0     6     6  277.       0.435      0.005273  
 278    43   1     0     5     5  277.       0.440      0.005273  
 278    44   1     0     5     5  277.       0.446      0.005273  
 278    45   1     0     4     4  277.       0.451      0.005273  
 278    46   1     0     4     4  277.       0.456      0.005273  
 278    47   1     0    10    10  277.       0.464      0.007910  
 278    48   1     0     8     8  277.       0.472      0.007910  
 278    49   1     0     7     7  277.       0.480      0.007910  
 278    50   1     0     6     6  277.       0.488      0.007910  
 278    51   1     0     5     5  277.       0.496      0.007910  
 278    52   1     0     5     5  278.       0.504      0.007910  
 278    53   1     0     4     4  278.       0.512      0.007910  
 278    54   1     0     4     4  278.       0.519      0.007910  
 278    55   1     0    10    10  278.       0.531      0.01187   
 278    56   1     0     7     7  278.       0.543      0.01187   
 278    57   1     0     7     7  278.       0.555      0.01187   
 278    58   1     0     5     5  278.       0.567      0.01187   
 278    59   1     0     4     4  278.       0.579      0.01187   
 278    60   1     0     4     4  278.       0.591      0.01187   
 278    61   1     0    10    10  278.       0.608      0.01780   
 278    62   1     0     6     6  278.       0.626      0.01780   
 278    63   1     0     5     5  278.       0.644      0.01780   
 278    64   1     0     3     3  278.       0.662      0.01780   
 278    65   1     0     4     4  278.       0.680      0.01780   
 278    66   1     0     8     8  278.       0.705      0.02500   
 278    67   1     0     6     6  278.       0.730      0.02500   
 278    68   1     0    10    10  278.       0.755      0.02500   
 278    69   1     0     6     6  278.       0.780      0.02500   
 278    70   1     0     2     2  278.       0.805      0.02500   
 278    71   1     0     8     8  278.       0.830      0.02500   
 278    72   1     0    10    10  278.       0.855      0.02500   
 278    73   1     0    12    12  278.       0.880      0.02500   
 278    74   1     0    11    11  278.       0.898      0.01875   
 278    75   1     0    10    10  278.       0.912      0.01406   
 278    76   1     0     8     8  278.       0.927      0.01406   
 278    77   1     0     7     7  278.       0.941      0.01406   
 278    78   1     0     7     7  278.       0.955      0.01406   
 278    79   1     0     7     7  278.       0.969      0.01406   
 278    80   1     0     6     6  278.       0.983      0.01406   
 278    81   1     0     6     6  278.       0.997      0.01406   
 278    82   1     0    10    10  278.       1.00       0.003140  
 279     1   1     0    10    10  278.       0.00500    0.005000  
 279     2   1     0     6     6  278.       0.0100     0.005000  
 279     3   1     0     8     8  278.       0.0150     0.005000  
 279     4   1     0     6     6  278.       0.0200     0.005000  
 279     5   1     0     6     6  278.       0.0250     0.005000  
 279     6   1     0     5     5  278.       0.0300     0.005000  
 279     7   1     0     4     4  278.       0.0350     0.005000  
 279     8   1     0     3     3  278.       0.0400     0.005000  
 279     9   1     0    10    10  278.       0.0475     0.007500  
 279    10   1     0     3     3  278.       0.0550     0.007500  
 279    11   1     0     5     5  278.       0.0625     0.007500  
 279    12   1     0     3     3  278.       0.0700     0.007500  
 279    13   1     0     3     3  278.       0.0775     0.007500  
 279    14   1U    0     4     4  278.       0.0775     0.01125   
 279    14   2     0    10    10  278.       0.0803     0.002812  
 279    15   1     0     7     7  278.       0.0831     0.002812  
 279    16   1     0     8     8  278.       0.0859     0.002812  
 279    17   1     0     7     7  278.       0.0887     0.002812  
 279    18   1     0     5     5  278.       0.0916     0.002812  
 279    19   1     0     4     4  278.       0.0944     0.002812  
 279    20   1     0     5     5  278.       0.0972     0.002812  
 279    21   1     0     7     7  278.       0.100      0.002812  
 279    22   1     0     7     7  278.       0.103      0.002812  
 279    23   1     0     5     5  278.       0.106      0.002812  
 279    24   1     0     4     4  278.       0.108      0.002812  
 279    25   1     0     4     4  278.       0.111      0.002812  
 279    26   1     0     8     8  278.       0.115      0.004219  
 279    27   1     0     1     1  278.       0.120      0.004219  
 279    28   1     0     2     2  278.       0.124      0.004219  
 279    29   1     0     7     7  278.       0.130      0.006328  
 279    30   1     0     1     1  278.       0.137      0.006328  
 279    31   1     0     2     2  278.       0.143      0.006328  
 279    32   1     0     7     7  278.       0.152      0.009492  
 279    33   1     0     3     3  278.       0.162      0.009492  
 279    34   1     0     4     4  278.       0.171      0.009492  
 279    35   1     0     8     8  278.       0.186      0.01424   
 279    36   1     0     4     4  278.       0.200      0.01424   
 279    37   1     0     3     3  278.       0.214      0.01424   
 279    38   1     0     6     6  278.       0.235      0.02136   
 279    39   1     0    10    10  278.       0.257      0.02136   
 279    40   1     0     3     3  278.       0.278      0.02136   
 279    41   1     0     1     1  278.       0.300      0.02136   
 279    42   1     0    10    10  278.       0.325      0.02500   
 279    43   1     0    10    10  278.       0.350      0.02500   
 279    44   1     0    13    13  278.       0.375      0.02500   
 279    45   1     0    12    12  278.       0.393      0.01875   
 279    46   1     0    10    10  278.       0.407      0.01406   
 279    47   1     0     8     8  278.       0.421      0.01406   
 279    48   1     0     7     7  278.       0.435      0.01406   
 279    49   1     0     5     5  278.       0.450      0.01406   
 279    50   1     0     6     6  278.       0.464      0.01406   
 279    51   1     0     6     6  278.       0.478      0.01406   
 279    52   1     0     5     5  278.       0.492      0.01406   
 279    53   1     0     5     5  279.       0.506      0.01406   
 279    54   1     0     5     5  279.       0.520      0.01406   
 279    55   1     0     5     5  279.       0.534      0.01406   
 279    56   1     0     4     4  279.       0.548      0.01406   
 279    57   1     0     3     3  279.       0.562      0.01406   
 279    58   1     0     9     9  279.       0.583      0.02109   
 279    59   1     0     5     5  279.       0.604      0.02109   
 279    60   1     0     4     4  279.       0.625      0.02109   
 279    61   1     0     4     4  279.       0.646      0.02109   
 279    62   1     0     6     6  279.       0.671      0.02500   
 279    63   1     0     5     5  279.       0.696      0.02500   
 279    64   1     0     4     4  279.       0.721      0.02500   
 279    65   1     0     3     3  279.       0.746      0.02500   
 279    66   1     0     7     7  279.       0.771      0.02500   
 279    67   1     0     5     5  279.       0.796      0.02500   
 279    68   1     0     3     3  279.       0.821      0.02500   
 279    69   1     0    10    10  279.       0.846      0.02500   
 279    70   1     0    12    12  279.       0.871      0.02500   
 279    71   1     0    13    13  279.       0.890      0.01875   
 279    72   1     0    10    10  279.       0.904      0.01406   
 279    73   1     0    10    10  279.       0.918      0.01406   
 279    74   1     0     6     6  279.       0.932      0.01406   
 279    75   1     0     5     5  279.       0.946      0.01406   
 279    76   1     0     8     8  279.       0.960      0.01406   
 279    77   1     0     5     5  279.       0.975      0.01406   
 279    78   1     0     7     7  279.       0.989      0.01406   
 279    79   1     0     8     8  279.       1.00       0.01143   
 280     1   1     0    10    10  279.       0.00500    0.005000  
 280     2   1     0     7     7  279.       0.0100     0.005000  
 280     3   1     0     7     7  279.       0.0150     0.005000  
 280     4   1     0     6     6  279.       0.0200     0.005000  
 280     5   1     0     3     3  279.       0.0250     0.005000  
 280     6   1     0     2     2  279.       0.0300     0.005000  
 280     7   1     0     8     8  279.       0.0375     0.007500  
 280     8   1     0     2     2  279.       0.0450     0.007500  
 280     9   1     0     5     5  279.       0.0525     0.007500  
 280    10   1     0     3     3  279.       0.0600     0.007500  
 280    11   1     0     2     2  279.       0.0675     0.007500  
 280    12   1     0     8     8  279.       0.0788     0.01125   
 280    13   1     0     3     3  279.       0.0900     0.01125   
 280    14   1     0     4     4  279.       0.101      0.01125   
 280    15   1     0     9     9  279.       0.118      0.01688   
 280    16   1     0     5     5  279.       0.135      0.01688   
 280    17   1     0     4     4  279.       0.152      0.01688   
 280    18   1     0     3     3  279.       0.169      0.01688   
 280    19   1     0     7     7  279.       0.194      0.02500   
 280    20   1     0     6     6  279.       0.219      0.02500   
 280    21   1     0     5     5  279.       0.244      0.02500   
 280    22   1     0    10    10  279.       0.250      0.006250  
 280    23   1     0     5     5  279.       0.275      0.02500   
 280    24   1     0     1     1  279.       0.300      0.02500   
 280    25   1     0    10    10  279.       0.325      0.02500   
 280    26   1     0    10    10  279.       0.350      0.02500   
 280    27   1     0    11    11  279.       0.375      0.02500   
 280    28   1     0    10    10  279.       0.394      0.01875   
 280    29   1     0    10    10  279.       0.413      0.01875   
 280    30   1     0     9     9  279.       0.431      0.01875   
 280    31   1     0     7     7  279.       0.450      0.01875   
 280    32   1     0     5     5  279.       0.469      0.01875   
 280    33   1     0     5     5  279.       0.488      0.01875   
 280    34   1     0    10    10  280.       0.500      0.01250   
 280    35   1     0    10    10  280.       0.519      0.01875   
 280    36   1     0     6     6  280.       0.538      0.01875   
 280    37   1     0     5     5  280.       0.556      0.01875   
 280    38   1     0     4     4  280.       0.575      0.01875   
 280    39   1     0     3     3  280.       0.594      0.01875   
 280    40   1     0     7     7  280.       0.619      0.02500   
 280    41   1     0     5     5  280.       0.644      0.02500   
 280    42   1     0     4     4  280.       0.669      0.02500   
 280    43   1     0     4     4  280.       0.694      0.02500   
 280    44   1     0     3     3  280.       0.719      0.02500   
 280    45   1     0     3     3  280.       0.744      0.02500   
 280    46   1     0    10    10  280.       0.750      0.006250  
 280    47   1     0     8     8  280.       0.775      0.02500   
 280    48   1     0     5     5  280.       0.800      0.02500   
 280    49   1     0     7     7  280.       0.825      0.02500   
 280    50   1     0    10    10  280.       0.850      0.02500   
 280    51   1     0    10    10  280.       0.875      0.02500   
 280    52   1     0    10    10  280.       0.900      0.02500   
 280    53   1     0    10    10  280.       0.925      0.02500   
 280    54   1     0     6     6  280.       0.950      0.02500   
 280    55   1     0     5     5  280.       0.975      0.02500   
 280    56   1     0     6     6  280.       1.00       0.02500   
                          
 THE ANALYSIS HAS COMPLETED SUCCESSFULLY
