cycle,frame_time,frame_time_error,step_name,STATEV1_end,STATEV2_end,STATEV3_end,STATEV4_end,STATEV5_end,STATEV6_end,STATEV7_end,STATEV8_end,STATEV9_end,STATEV10_end,STATEV11_end,STATEV12_end,STATEV13_end,STATEV14_end,STATEV15_end,Delta_STATEV1,Delta_STATEV2,Delta_STATEV3,Delta_STATEV4,Delta_STATEV5,Delta_STATEV6,Delta_STATEV7,Delta_STATEV8,Delta_STATEV9,Delta_STATEV10,Delta_STATEV11,Delta_STATEV12,Delta_STATEV13,Delta_STATEV14,Delta_STATEV15,S11,S22,S33,S12,S13,S23,Delta_S11,Delta_S22,Delta_S33,Delta_S12,Delta_S13,Delta_S23,RIGHT_FACE_U1_AVG,RIGHT_FACE_RF1_SUM
1,0.990257799625,-0.0097422003746,CYCLIC_500,0.00559759652242,-87.6441726685,43.8220863342,43.8220863342,2.20513190863e-16,1.33941310685e-15,-1.96417816666e-15,-0.00178161333315,0.000890806666575,0.000890806666575,3.83246666292e-20,1.50378567695e-20,-3.98018423238e-20,0.05596813187,0,,,,,,,,,,,,,,,,333.221618652,7.1054273576e-15,7.9936057773e-15,-3.15910154456e-14,1.34686912628e-14,3.11464660851e-15,,,,,,,-0.00194843753707,1332.88647461
2,1.99025785923,-0.00974214076996,CYCLIC_500,0.0127773005515,-86.0254898071,43.0127449036,43.0127449036,-4.60853283932e-16,4.10137866158e-16,-2.0252382208e-15,-0.00179731694516,0.000898658472579,0.000898658472579,2.29629223532e-20,-1.69710893365e-20,-5.05866323894e-20,0.127732202411,0,0.00717970402911,1.61868286133,-0.809341430664,-0.809341430664,-6.81366474795e-16,-9.29275240691e-16,-6.10600541426e-17,-1.57036120072e-05,7.8518060036e-06,7.8518060036e-06,-1.5361744276e-20,-3.2008946106e-20,-1.07847900656e-20,0.0717640705407,0,336.519378662,-1.11022302463e-14,-1.24344978758e-14,-7.9030014952e-16,9.45743943466e-16,3.61679759755e-15,3.29776000977,-1.82076576039e-14,-2.04281036531e-14,3.08007152961e-14,-1.25229473193e-14,5.02150989044e-16,-0.00194843753707,1346.07751465
3,2.99025774002,-0.00974225997925,CYCLIC_500,0.0199672728777,-85.9814758301,42.990737915,42.990737915,-1.58848450942e-15,7.39446299761e-16,-2.20548810253e-15,-0.00179740961175,0.000898704805877,0.000898704805877,-6.74157976974e-20,-7.32325372175e-20,-4.8755241639e-20,0.199573099613,0,0.00718997232616,0.0440139770508,-0.0220069885254,-0.0220069885254,-1.12763122549e-15,3.29308433603e-16,-1.80249881725e-16,-9.26665961742e-08,4.63332980871e-08,4.63332980871e-08,-9.03787200506e-20,-5.6261447881e-20,1.8313907504e-21,0.0718408972025,0,336.538818359,-1.55431223448e-15,8.881784197e-16,1.43919706881e-15,-1.40091828805e-14,4.0906172668e-15,0.0194396972656,9.54791801178e-15,1.33226762955e-14,2.22949721833e-15,-1.4954926824e-14,4.73819669252e-16,-0.00194843753707,1346.15527344
4,3.99025774002,-0.00974225997925,CYCLIC_500,0.0271563660353,-85.9751205444,42.9875602722,42.9875602722,1.76880906116e-15,1.53303691089e-15,-1.95426542776e-15,-0.00179713044781,0.000898565223906,0.000898565223906,9.87716447241e-21,-5.11768195466e-20,-4.46177074896e-20,0.271379381418,0,0.00718909315765,0.00635528564453,-0.00317764282227,-0.00317764282227,3.35729357058e-15,7.93590611131e-16,2.51222674768e-16,2.79163941741e-07,-1.3958197087e-07,-1.3958197087e-07,7.72929621698e-20,2.20557176709e-20,4.13753414944e-21,0.071806281805,0,336.480194092,-8.65973959208e-15,-1.15463194561e-14,-1.91329363843e-15,-7.58355659814e-15,6.48378169266e-15,-0.0586242675781,-7.1054273576e-15,-1.24344978758e-14,-3.35249070724e-15,6.42562628241e-15,2.39316442586e-15,-0.00194843753707,1345.92077637
5,4.99025774002,-0.00974225997925,CYCLIC_500,0.0343443118036,-85.9696578979,42.984828949,42.984828949,2.76341723024e-16,2.24396480908e-15,-2.26315853182e-15,-0.00179684255272,0.000898421276361,0.000898421276361,-6.62526438254e-20,-5.95858641446e-20,-7.15975921186e-20,0.34314841032,0,0.00718794576824,0.00546264648438,-0.00273132324219,-0.00273132324219,-1.49246733813e-15,7.10927898185e-16,-3.08893104061e-16,2.87895090878e-07,-1.43947545439e-07,-1.43947545439e-07,-7.61298082978e-20,-8.409044598e-21,-2.6979884629e-20,0.0717690289021,0,336.41973877,-9.32587340685e-15,-9.7699626167e-15,1.64040757491e-15,-3.53563847727e-15,3.82961557846e-15,-0.0604553222656,-6.66133814775e-16,1.7763568394e-15,3.55370121334e-15,4.04791812087e-15,-2.6541661142e-15,-0.00194843753707,1345.67895508
6,5.99025774002,-0.00974225997925,CYCLIC_500,0.0415311083198,-85.9642181396,42.9821090698,42.9821090698,1.95107243284e-15,2.17461964113e-15,-1.46060143919e-15,-0.00179655465763,0.000898277328815,0.000898277328815,-5.4795357083e-20,-9.80049340233e-21,-6.36670820062e-20,0.414880156517,0,0.00718679651618,0.00543975830078,-0.00271987915039,-0.00271987915039,1.67473070982e-15,-6.93451679498e-17,8.02557092634e-16,2.87895090878e-07,-1.43947545439e-07,-1.43947545439e-07,1.14572867424e-20,4.97853707423e-20,7.93051011232e-21,0.0717317461967,0,336.359313965,-7.32747196253e-15,-5.3290705182e-15,-1.63176519716e-14,-6.28434296028e-15,3.08729453821e-15,-0.0604248046875,1.99840144433e-15,4.4408920985e-15,-1.79580595465e-14,-2.74870448301e-15,-7.42321040249e-16,-0.00194843753707,1345.43725586
7,6.99025774002,-0.00974225997925,CYCLIC_500,0.0487167499959,-85.9587783813,42.9793891907,42.9793891907,-1.22846045299e-15,2.70478406445e-15,-2.19527620714e-15,-0.00179626699537,0.000898133497685,0.000898133497685,-1.71528971728e-19,-3.47981277428e-20,-7.15267569026e-20,0.486574649811,0,0.00718564167619,0.00543975830078,-0.00271987915039,-0.00271987915039,-3.17953288584e-15,5.30164423326e-16,-7.34674767955e-16,2.87662260234e-07,-1.43831130117e-07,-1.43831130117e-07,-1.16733614645e-19,-2.49976343405e-20,-7.85967489638e-21,0.0716944932938,0,336.29888916,6.2172489379e-15,7.9936057773e-15,-6.93177481036e-15,-1.20679772599e-14,5.195008549e-15,-0.0604248046875,1.35447209004e-14,1.33226762955e-14,9.38587716128e-15,-5.7836342996e-15,2.10771401078e-15,-0.00194843753707,1345.19555664
8,7.99025774002,-0.00974225997925,CYCLIC_500,0.0559012442827,-85.953338623,42.9766693115,42.9766693115,1.68141815405e-15,9.49773439669e-16,-1.18211162737e-15,-0.00179597956594,0.00089798978297,0.00089798978297,-2.32313390692e-19,-7.93643796405e-20,-6.15597881009e-20,0.558231890202,0,0.00718449428678,0.00543975830078,-0.00271987915039,-0.00271987915039,2.90987860704e-15,-1.75501062478e-15,1.01316457977e-15,2.87429429591e-07,-1.43714714795e-07,-1.43714714795e-07,-6.07844189638e-20,-4.45662518977e-20,9.96696880175e-21,0.0716572403908,0,336.238494873,-7.32747196253e-15,-2.6645352591e-15,-2.01555101865e-14,-1.61015691552e-14,3.83296130566e-15,-0.0603942871094,-1.35447209004e-14,-1.06581410364e-14,-1.32237353762e-14,-4.03359189529e-15,-1.36204724333e-15,-0.00194843753707,1344.95397949
9,8.99025821686,-0.00974178314209,CYCLIC_500,0.0630845874548,-85.9478988647,42.9739494324,42.9739494324,-2.01679468537e-15,1.22408415139e-15,-2.17611435649e-15,-0.00179569213651,0.000897846068256,0.000897846068256,-3.02919766386e-19,-1.46914176356e-19,-6.70347939856e-20,0.629851996899,0,0.00718334317207,0.00543975830078,-0.00271987915039,-0.00271987915039,-3.69821283942e-15,2.74310711724e-16,-9.9400272912e-16,2.87429429591e-07,-1.43714714795e-07,-1.43714714795e-07,-7.06063756937e-20,-6.75497967157e-20,-5.47500588471e-21,0.0716201066971,0,336.178161621,-7.1054273576e-15,-5.3290705182e-15,5.33086855739e-16,-2.36187539456e-14,3.90496699459e-15,-0.0603332519531,2.22044604925e-16,-2.6645352591e-15,2.06885970423e-14,-7.51718479046e-15,7.20056889245e-17,-0.00194843753707,1344.71264648
10,9.99025821686,-0.00974178314209,CYCLIC_500,0.0702667832375,-85.9424591064,42.9712295532,42.9712295532,1.89103408034e-15,1.57150387987e-15,-1.78002985219e-15,-0.00179540505633,0.000897702528164,0.000897702528164,-2.50127276099e-19,-1.54258927686e-19,-4.94534226677e-20,0.701434910297,0,0.00718219578266,0.00543975830078,-0.00271987915039,-0.00271987915039,3.90782876571e-15,3.47419728478e-16,3.96084504302e-16,2.87080183625e-07,-1.43540091813e-07,-1.43540091813e-07,5.27924902871e-20,-7.34475133e-21,1.75813713179e-20,0.0715829133987,0,336.117858887,-3.5527136788e-15,-3.5527136788e-15,3.57134500227e-15,6.9170483948e-16,6.78603680962e-15,-0.060302734375,3.5527136788e-15,1.7763568394e-15,3.03825814653e-15,2.43104587851e-14,2.88106981503e-15,-0.00194843753707,1344.47143555
11,10.9902582169,-0.00974178314209,CYCLIC_500,0.0774478241801,-85.9370193481,42.9685096741,42.9685096741,2.07583654289e-15,2.82807062644e-15,-1.54774568434e-15,-0.00179511809256,0.00089755904628,0.00089755904628,-1.96121743745e-19,-1.25051350096e-19,-4.61570903571e-20,0.772980690002,0,0.00718104094267,0.00543975830078,-0.00271987915039,-0.00271987915039,1.84802462546e-16,1.25656674657e-15,2.32284167849e-16,2.86963768303e-07,-1.43481884152e-07,-1.43481884152e-07,5.40055323538e-20,2.92075775906e-20,3.29633231053e-21,0.071545779705,0,336.057617188,-1.08801856413e-14,-3.5527136788e-15,-2.98544275442e-14,-7.20770209935e-15,4.0215387124e-15,-0.0602416992188,-7.32747196253e-15,0,-3.34257725465e-14,-7.89940693883e-15,-2.76449809722e-15,-0.00194843753707,1344.23046875
12,11.9902582169,-0.00974178314209,CYCLIC_500,0.084627725184,-85.9315795898,42.9657897949,42.9657897949,-7.60458548477e-16,3.60433766349e-15,-2.37016420322e-15,-0.00179483124521,0.000897415622603,0.000897415622603,-3.10030239182e-19,-9.53661033681e-20,-5.771859287e-20,0.844489336014,0,0.00717990100384,0.00543975830078,-0.00271987915039,-0.00271987915039,-2.83629509137e-15,7.76267037045e-16,-8.22418518877e-16,2.86847352982e-07,-1.43423676491e-07,-1.43423676491e-07,-1.13908495437e-19,2.96852467275e-20,-1.15615025129e-20,0.0715086460114,0,335.997375488,-5.99520433298e-15,-6.2172489379e-15,-2.87639439871e-15,6.31916595382e-15,6.65027398336e-15,-0.0602416992188,4.88498130835e-15,-2.6645352591e-15,2.69780331455e-14,1.35268680532e-14,2.62873527096e-15,-0.00194843753707,1343.98950195
13,12.9902582169,-0.00974178314209,CYCLIC_500,0.0918064787984,-85.9261322021,42.9630661011,42.9630661011,-1.46780832637e-15,2.760419756e-15,-1.84690193126e-15,-0.00179454463068,0.000897272315342,0.000897272315342,-2.34184044148e-19,-4.66846130798e-20,-5.15934978457e-20,0.915960907936,0,0.00717875361443,0.00544738769531,-0.00272369384766,-0.00272369384766,-7.07349777898e-16,-8.4391790749e-16,5.23262271958e-16,2.86614522338e-07,-1.43307261169e-07,-1.43307261169e-07,7.58461950341e-20,4.86814902883e-20,6.12509502429e-21,0.0714715719223,0,335.937194824,-6.88338275268e-15,-1.7763568394e-15,7.50807610255e-15,-1.15138448482e-15,5.97725169465e-15,-0.0601806640625,-8.881784197e-16,4.4408920985e-15,1.03844705013e-14,-7.47055043864e-15,-6.73022288712e-16,-0.00194843753707,1343.7487793
14,13.9902582169,-0.00974178314209,CYCLIC_500,0.0989840850234,-85.9206924438,42.9603462219,42.9603462219,-1.47321841184e-15,1.77713111354e-15,-1.94568269933e-15,-0.00179425824899,0.000897129124496,0.000897129124496,-2.57941053528e-19,-6.38659523006e-20,-6.4407696229e-20,0.987395405769,0,0.00717760622501,0.00543975830078,-0.00271987915039,-0.00271987915039,-5.4100854609e-18,-9.83288642457e-16,-9.8780768069e-17,2.86381691694e-07,-1.43190845847e-07,-1.43190845847e-07,-2.37570093799e-20,-1.71813392208e-20,-1.28141983833e-20,0.0714344978333,0,335.877044678,-3.10862446895e-15,-8.881784197e-16,-3.17944325254e-15,-1.18321547476e-14,5.07121973948e-15,-0.0601501464844,3.77475828373e-15,8.881784197e-16,-1.06875193551e-14,-1.06807702627e-14,-9.06031955169e-16,-0.00194843753707,1343.50817871
15,14.9902582169,-0.00974178314209,CYCLIC_500,0.106160543859,-85.9152450562,42.9576225281,42.9576225281,1.74724327145e-15,1.50182357473e-15,-2.00563868573e-15,-0.00179397198372,0.000896985991858,0.000896985991858,-3.00274781656e-19,-1.10229480968e-19,-9.0700665167e-20,1.05879294872,0,0.0071764588356,0.00544738769531,-0.00272369384766,-0.00272369384766,3.22046168328e-15,-2.75307538808e-16,-5.99559864005e-17,2.86265276372e-07,-1.43132638186e-07,-1.43132638186e-07,-4.23337281285e-20,-4.63635286675e-20,-2.6292968938e-20,0.0713975429535,0,335.816925049,-7.9936057773e-15,-1.50990331349e-14,-9.58876944468e-16,-1.54941771282e-14,2.97312841341e-15,-0.0601196289062,-4.88498130835e-15,-1.42108547152e-14,2.22056630808e-15,-3.66202238067e-15,-2.09809132607e-15,-0.00194843753707,1343.2677002
16,15.9902582169,-0.00974178314209,CYCLIC_500,0.113335862756,-85.9098052979,42.9549026489,42.9549026489,-1.20887148598e-15,2.89511651436e-15,-1.84356951836e-15,-0.00179368595127,0.000896842975635,0.000896842975635,-3.83595632204e-19,-1.46760809275e-19,-8.49247564815e-20,1.13015341759,0,0.00717531889677,0.00543975830078,-0.00271987915039,-0.00271987915039,-2.95611475743e-15,1.39329293963e-15,1.62069167372e-16,2.86032445729e-07,-1.43016222864e-07,-1.43016222864e-07,-8.33208505474e-20,-3.65313283074e-20,5.77590868547e-21,0.0713604688644,0,335.756866455,-1.15463194561e-14,-1.7763568394e-15,-6.98885021307e-15,1.98818537995e-16,4.57142213884e-15,-0.06005859375,-3.5527136788e-15,1.33226762955e-14,-6.0299732686e-15,1.56929956662e-14,1.59829372543e-15,-0.00194843753707,1343.02746582
17,16.9902572632,-0.00974273681641,CYCLIC_500,0.120510034263,-85.9043579102,42.9521789551,42.9521789551,-8.40339666435e-16,2.00876401893e-15,-2.25735031523e-15,-0.00179340003524,0.00089670001762,0.00089670001762,-3.38923101027e-19,-1.40298557675e-19,-8.6849280731e-20,1.20147693157,0,0.00717417150736,0.00544738769531,-0.00272369384766,-0.00272369384766,3.68531819547e-16,-8.86352495426e-16,-4.13780796873e-16,2.85916030407e-07,-1.42958015203e-07,-1.42958015203e-07,4.46725311768e-20,6.46225160034e-21,-1.92452424947e-21,0.0713235139847,0,335.696838379,-1.99840144433e-15,-2.6645352591e-15,-7.46210769067e-15,-1.13466616755e-14,2.92395090472e-15,-0.0600280761719,9.54791801178e-15,-8.881784197e-16,-4.73257477603e-16,-1.15454802135e-14,-1.64747123412e-15,-0.00194843753707,1342.78735352
18,17.9902572632,-0.00974273681641,CYCLIC_500,0.127683058381,-85.8989181519,42.9494590759,42.9494590759,2.91101358818e-15,1.65167198483e-15,-1.64879219524e-15,-0.00179311435204,0.00089655717602,0.00089655717602,-2.05773558324e-19,-1.8564924286e-19,-8.70849258275e-20,1.27276349068,0,0.00717302411795,0.00543975830078,-0.00271987915039,-0.00271987915039,3.75135325462e-15,-3.57092034098e-16,6.08558119997e-16,2.85683199763e-07,-1.42841599882e-07,-1.42841599882e-07,1.33149542703e-19,-4.53506851854e-20,-2.35645096485e-22,0.0712865591049,0,335.63684082,-1.28785870857e-14,-9.7699626167e-15,5.81346592319e-15,-1.42551277509e-16,7.58852603456e-15,-0.0599975585938,-1.08801856413e-14,-7.1054273576e-15,1.32755736139e-14,1.1204110398e-14,4.66457512984e-15,-0.00194843753707,1342.54736328
19,18.9902572632,-0.00974273681641,CYCLIC_500,0.13485494256,-85.8934707642,42.9467353821,42.9467353821,-2.09475992564e-15,2.21610010849e-16,-2.42224452856e-15,-0.00179282890167,0.000896414450835,0.000896414450835,-3.31795933539e-19,-2.99851439388e-19,-1.05303298111e-19,1.34401321411,0,0.00717188417912,0.00544738769531,-0.00272369384766,-0.00272369384766,-5.00577351382e-15,-1.43006197399e-15,-7.73452333327e-16,2.8545036912e-07,-1.4272518456e-07,-1.4272518456e-07,-1.26022375215e-19,-1.14202196528e-19,-1.82183722832e-20,0.0712497234344,0,335.576873779,2.22044604925e-16,-5.3290705182e-15,-8.97686829078e-15,-6.97782904388e-15,3.21972742483e-15,-0.0599670410156,1.31006316906e-14,4.4408920985e-15,-1.4790334214e-14,-6.83527776637e-15,-4.36879860973e-15,-0.00194843753707,1342.30749512
20,19.9902572632,-0.00974273681641,CYCLIC_500,0.142025694251,-85.8880233765,42.9440116882,42.9440116882,1.10302119978e-15,2.8931807587e-15,-2.30637507344e-15,-0.0017925434513,0.000896271725651,0.000896271725651,-2.57704357138e-19,-2.66356443395e-19,-1.20477652606e-19,1.41522598267,0,0.00717075169086,0.00544738769531,-0.00272369384766,-0.00272369384766,3.19778112542e-15,2.67157074785e-15,1.15869455121e-16,2.8545036912e-07,-1.4272518456e-07,-1.4272518456e-07,7.40915764005e-20,3.34949959937e-20,-1.51743544953e-20,0.0712127685547,0,335.516937256,-2.22044604925e-15,-7.9936057773e-15,2.1732125811e-14,-3.58022912058e-15,7.43263409401e-15,-0.0599365234375,-2.44249065418e-15,-2.6645352591e-15,3.07089941018e-14,3.3975999233e-15,4.21290666918e-15,-0.00194843753707,1342.06774902
21,20.9902572632,-0.00974273681641,CYCLIC_500,0.149195298553,-85.8825759888,42.9412879944,42.9412879944,1.75382293735e-15,3.04801466245e-15,-1.93708916296e-15,-0.00179225835018,0.000896129175089,0.000896129175089,-2.3742857301e-19,-1.5987819601e-19,-1.08897700795e-19,1.48640191555,0,0.00716960430145,0.00544738769531,-0.00272369384766,-0.00272369384766,6.50801737571e-16,1.54833903754e-16,3.69285910481e-16,2.85101123154e-07,-1.42550561577e-07,-1.42550561577e-07,2.0275784128e-20,1.06478247384e-19,1.15799518111e-20,0.0711759328842,0,335.457061768,-2.22044604925e-16,-4.4408920985e-15,1.4655542195e-14,-8.14103802923e-15,7.3664505394e-15,-0.0598754882812,1.99840144433e-15,3.5527136788e-15,-7.07658361596e-15,-4.56080890865e-15,-6.61835546084e-17,-0.00194843753707,1341.82824707
22,21.9902572632,-0.00974273681641,CYCLIC_500,0.156363755465,-85.8771286011,42.9385643005,42.9385643005,1.5360894522e-15,2.34779666539e-15,-1.7763396448e-15,-0.00179197336547,0.000895986682735,0.000895986682735,-2.3088633773e-19,-1.09960907278e-19,-1.15706011967e-19,1.55754113197,0,0.00716845691204,0.00544738769531,-0.00272369384766,-0.00272369384766,-2.17733485156e-16,-7.00217997056e-16,1.60749518165e-16,2.84984707832e-07,-1.42492353916e-07,-1.42492353916e-07,6.54223528037e-21,4.99172887329e-20,-6.80831117222e-21,0.071139216423,0,335.397216797,-1.99840144433e-15,7.9936057773e-15,4.29438912112e-15,-7.59296365341e-15,6.22568905874e-15,-0.0598449707031,-1.7763568394e-15,1.24344978758e-14,-1.03611530739e-14,5.48074375822e-16,-1.14076148067e-15,-0.00194843753707,1341.58886719
23,22.9902572632,-0.00974273681641,CYCLIC_500,0.163531079888,-85.8716812134,42.9358406067,42.9358406067,-2.76766448504e-15,2.27619514395e-15,-2.27904181654e-15,-0.00179168849718,0.000895844248589,0.000895844248589,-2.20575259976e-19,-1.01575870203e-19,-1.152694468e-19,1.62864339352,0,0.00716732442379,0.00544738769531,-0.00272369384766,-0.00272369384766,-4.30375393724e-15,-7.16015214462e-17,-5.02702171746e-16,2.84868292511e-07,-1.42434146255e-07,-1.42434146255e-07,1.03110777541e-20,8.38503707416e-21,4.36565167011e-22,0.0711022615433,0,335.337402344,-7.9936057773e-15,-7.9936057773e-15,2.38927402851e-14,-1.23083167078e-14,6.9077249311e-15,-0.059814453125,-5.99520433298e-15,-1.59872115546e-14,1.9598351164e-14,-4.71535305435e-15,6.82035872361e-16,-0.00194843753707,1341.34960938
24,23.9902572632,-0.00974273681641,CYCLIC_500,0.170697271824,-85.8662338257,42.9331169128,42.9331169128,-8.47081254602e-16,1.40409068982e-15,-2.29858219166e-15,-0.00179140386172,0.000895701930858,0.000895701930858,-3.07981203371e-19,-1.41885654334e-19,-1.29954042417e-19,1.6997089386,0,0.00716619193554,0.00544738769531,-0.00272369384766,-0.00272369384766,1.92058323044e-15,-8.72104454131e-16,-1.95403751138e-17,2.84635461867e-07,-1.42317730933e-07,-1.42317730933e-07,-8.74059433949e-20,-4.03097841304e-20,-1.4684595617e-20,0.0710655450821,0,335.277648926,-2.6645352591e-15,-2.6645352591e-15,5.55817688975e-15,-6.5492935824e-15,4.02051086439e-15,-0.0597534179688,5.3290705182e-15,5.3290705182e-15,-1.83345633954e-14,5.75902312536e-15,-2.88721406671e-15,-0.00194843753707,1341.1105957
25,24.9902572632,-0.00974273681641,CYCLIC_500,0.17786231637,-85.860786438,42.930393219,42.930393219,-2.15857382617e-15,3.49460763883e-15,-1.92032419718e-15,-0.00179111945909,0.000895559729543,0.000895559729543,-2.85752356959e-19,-1.31140203764e-19,-1.21099952536e-19,1.77073776722,0,0.00716504454613,0.00544738769531,-0.00272369384766,-0.00272369384766,-1.31149257157e-15,2.09051694901e-15,3.78257994478e-16,2.84402631223e-07,-1.42201315612e-07,-1.42201315612e-07,2.22288464116e-20,1.07454505694e-20,8.8540898809e-21,0.0710288286209,0,335.217895508,-2.44249065418e-15,-4.4408920985e-15,1.32685346708e-14,-2.25049771943e-16,7.87523062005e-15,-0.0597534179688,2.22044604925e-16,-1.7763568394e-15,7.71035778107e-15,6.32424381046e-15,3.85471975566e-15,-0.00194843753707,1340.87158203
26,25.9902572632,-0.00974273681641,CYCLIC_500,0.185026228428,-85.8553390503,42.9276695251,42.9276695251,-1.13643879691e-15,2.03625391075e-15,-2.05227609812e-15,-0.00179083517287,0.000895417586435,0.000895417586435,-3.0596159263e-19,-1.47311633712e-19,-1.11727070464e-19,1.84172987938,0,0.00716391205788,0.00544738769531,-0.00272369384766,-0.00272369384766,1.02213502926e-15,-1.45835372807e-15,-1.31951900945e-16,2.84286215901e-07,-1.42143107951e-07,-1.42143107951e-07,-2.02092356706e-20,-1.61714299479e-20,9.37288207165e-21,0.0709921121597,0,335.158203125,-8.65973959208e-15,-8.881784197e-15,-1.13627877055e-14,-4.37719336798e-15,3.08581882815e-15,-0.0596923828125,-6.2172489379e-15,-4.4408920985e-15,-2.46313223763e-14,-4.15214359604e-15,-4.7894117919e-15,-0.00194843753707,1340.6328125
27,26.9902572632,-0.00974273681641,CYCLIC_500,0.192188993096,-85.8498916626,42.9249458313,42.9249458313,-2.47817660223e-16,2.86536653267e-15,-2.16065982347e-15,-0.00179055111948,0.000895275559742,0.000895275559742,-3.74436046408e-19,-1.15381976079e-19,-1.14173092003e-19,1.91268527508,0,0.00716276466846,0.00544738769531,-0.00272369384766,-0.00272369384766,8.8862113669e-16,8.29112621914e-16,-1.08383725349e-16,2.84053385258e-07,-1.42026692629e-07,-1.42026692629e-07,-6.8474453778e-20,3.19296576334e-20,-2.44602153893e-21,0.0709553956985,0,335.09854126,-2.88657986403e-15,-1.7763568394e-15,-1.18250472213e-14,-1.04372739132e-14,6.67413294438e-16,-0.0596618652344,5.77315972805e-15,7.1054273576e-15,-4.62259515789e-16,-6.06008054517e-15,-2.41840553371e-15,-0.00194843753707,1340.39416504
28,27.9902572632,-0.00974273681641,CYCLIC_500,0.199350625277,-85.8444366455,42.9222183228,42.9222183228,1.41582639086e-15,2.91681164782e-15,-2.04381349783e-15,-0.00179026718251,0.000895133591257,0.000895133591257,-4.64714927818e-19,-1.37958891853e-19,-1.32535901411e-19,1.98360407352,0,0.00716163218021,0.00545501708984,-0.00272750854492,-0.00272750854492,1.66364405108e-15,5.14451151518e-17,1.16846325646e-16,2.83936969936e-07,-1.41968484968e-07,-1.41968484968e-07,-9.02788814105e-20,-2.25769157738e-20,-1.83628094081e-20,0.0709187984467,0,335.038909912,-3.5527136788e-15,-1.06581410364e-14,1.58811634531e-14,-1.40806220761e-14,5.62627643288e-15,-0.0596313476562,-6.66133814775e-16,-8.881784197e-15,2.77062106744e-14,-3.64334816292e-15,4.95886313844e-15,-0.00194843753707,1340.15563965
29,28.9902572632,-0.00974273681641,CYCLIC_500,0.20651113987,-85.8389892578,42.9194946289,42.9194946289,9.73590449392e-16,6.26839982822e-16,-1.80344056569e-15,-0.00178998347837,0.000894991739187,0.000894991739187,-5.10369037231e-19,-2.0754679859e-19,-1.29778018847e-19,2.05448627472,0,0.00716051459312,0.00544738769531,-0.00272369384766,-0.00272369384766,-4.42235941466e-16,-2.289971665e-15,2.4037293214e-16,2.83704139292e-07,-1.41852069646e-07,-1.41852069646e-07,-4.56541094128e-20,-6.95879067372e-20,2.7578825643e-21,0.0708822011948,0,334.9793396,2.22044604925e-15,8.881784197e-16,-2.56602649201e-15,-1.69798585008e-14,2.31592757353e-15,-0.0595703125,5.77315972805e-15,1.15463194561e-14,-1.84471899451e-14,-2.89923642471e-15,-3.31034885935e-15,-0.00194843753707,1339.9173584
30,29.9902572632,-0.00974273681641,CYCLIC_500,0.213670507073,-85.8335342407,42.9167671204,42.9167671204,3.6524401087e-15,8.1411982111e-16,-1.36558892879e-15,-0.00178969989065,0.000894849945325,0.000894849945325,-5.30776427895e-19,-2.05581547509e-19,-1.03676952782e-19,2.12533187866,0,0.00715936720371,0.00545501708984,-0.00272750854492,-0.00272750854492,2.67884965931e-15,1.87279838288e-16,4.37851636893e-16,2.8358772397e-07,-1.41793861985e-07,-1.41793861985e-07,-2.04073906638e-20,1.96525108066e-21,2.61010660651e-20,0.0708456039429,0,334.919799805,-6.66133814775e-15,-4.4408920985e-15,-1.18504479328e-15,1.09815439331e-16,5.08640039631e-15,-0.0595397949219,-8.881784197e-15,-5.3290705182e-15,1.38098169872e-15,1.70896739401e-14,2.77047282278e-15,-0.00194843753707,1339.67919922
31,30.9902572632,-0.00974273681641,CYCLIC_500,0.220828726888,-85.828086853,42.9140434265,42.9140434265,1.70060011511e-15,2.9804006611e-15,-1.77257591924e-15,-0.00178941653576,0.000894708267879,0.000894708267879,-4.06719425838e-19,-2.29834483069e-19,-1.00776463755e-19,2.19614076614,0,0.0071582198143,0.00544738769531,-0.00272369384766,-0.00272369384766,-1.95183999358e-15,2.16628083999e-15,-4.06986990448e-16,2.83354893327e-07,-1.41677446663e-07,-1.41677446663e-07,1.24057002057e-19,-2.42529355601e-20,2.90048902697e-21,0.0708088874817,0,334.860290527,-1.02140518266e-14,-8.881784197e-15,5.5334802148e-15,-1.67574919613e-14,2.92460979047e-15,-0.0595092773438,-3.5527136788e-15,-4.4408920985e-15,6.71852500808e-15,-1.68673074006e-14,-2.16179060584e-15,-0.00194843753707,1339.44116211
32,31.9902572632,-0.00974273681641,CYCLIC_500,0.227985829115,-85.8226318359,42.911315918,42.911315918,-2.7357633085e-15,2.74083038532e-15,-1.38757802736e-15,-0.00178913329728,0.00089456664864,0.00089456664864,-5.37060725804e-19,-2.42577585319e-19,-8.91489263395e-20,2.26691317558,0,0.00715710222721,0.00545501708984,-0.00272750854492,-0.00272750854492,-4.43636342361e-15,-2.39570275778e-16,3.84997891887e-16,2.83238478005e-07,-1.41619239002e-07,-1.41619239002e-07,-1.30341299966e-19,-1.274310225e-20,1.16275374156e-20,0.0707724094391,0,334.800811768,-1.7763568394e-15,8.881784197e-16,1.85157378863e-14,-9.73468542822e-15,9.29022660098e-15,-0.0594787597656,8.43769498715e-15,9.7699626167e-15,1.29822576715e-14,7.02280653308e-15,6.36561681051e-15,-0.00194843753707,1339.20324707
33,32.9902572632,-0.00974273681641,CYCLIC_500,0.235141798854,-85.8171768188,42.9085884094,42.9085884094,-1.67027743741e-15,2.12050278554e-15,-2.14537917209e-15,-0.00178885029163,0.000894425145816,0.000894425145816,-5.21495309557e-19,-3.00142580585e-19,-8.67225661931e-20,2.33764910698,0,0.00715596973896,0.00545501708984,-0.00272750854492,-0.00272750854492,1.06548587109e-15,-6.20327599785e-16,-7.57801144732e-16,2.83005647361e-07,-1.41502823681e-07,-1.41502823681e-07,1.55654162468e-20,-5.75649952651e-20,2.42636014644e-21,0.0707359313965,0,334.741363525,3.99680288865e-15,6.2172489379e-15,8.85204365261e-15,-3.77519212341e-15,4.10073018424e-15,-0.0594482421875,5.77315972805e-15,5.3290705182e-15,-9.66369423372e-15,5.95949330481e-15,-5.18949641674e-15,-0.00194843753707,1338.9654541
34,33.9902572632,-0.00974273681641,CYCLIC_500,0.242296636105,-85.8117294312,42.9058647156,42.9058647156,1.97472593377e-15,2.34953180577e-15,-1.90082307633e-15,-0.0017885674024,0.0008942837012,0.0008942837012,-5.22462862073e-19,-2.49364638192e-19,-1.02002870893e-19,2.40834856033,0,0.00715483725071,0.00544738769531,-0.00272369384766,-0.00272369384766,3.64500337118e-15,2.29029020232e-16,2.44556095753e-16,2.82889232039e-07,-1.4144461602e-07,-1.4144461602e-07,-9.67552516268e-22,5.07779423923e-20,-1.52803046995e-20,0.0706994533539,0,334.681976318,-1.53210777398e-14,-9.7699626167e-15,-8.28762548491e-15,-9.01886745994e-15,4.57652393739e-15,-0.0593872070312,-1.93178806285e-14,-1.59872115546e-14,-1.71396691375e-14,-5.24367533652e-15,4.75793753155e-16,-0.00194843753707,1338.72790527
35,34.9902572632,-0.00974273681641,CYCLIC_500,0.249450340867,-85.8062744141,42.903137207,42.903137207,-1.13910796647e-15,1.19998760591e-15,-2.06931993131e-15,-0.001788284746,0.000894142372999,0.000894142372999,-6.16931886653e-19,-2.65738878246e-19,-1.1880365715e-19,2.47901153564,0,0.00715370476246,0.00545501708984,-0.00272750854492,-0.00272750854492,-3.11383390025e-15,-1.14954419986e-15,-1.68496854972e-16,2.82656401396e-07,-1.41328200698e-07,-1.41328200698e-07,-9.44690245801e-20,-1.63742400534e-20,-1.68007862578e-20,0.0706629753113,0,334.622619629,-8.21565038223e-15,-3.5527136788e-15,-2.98579008028e-15,-7.89491034532e-16,3.90399280041e-15,-0.0593566894531,7.1054273576e-15,6.2172489379e-15,5.30183540463e-15,8.2293764254e-15,-6.72531136988e-16,-0.00194843753707,1338.49047852
36,35.9902572632,-0.00974273681641,CYCLIC_500,0.256602913141,-85.800819397,42.9004096985,42.9004096985,2.37332089815e-15,2.14677257272e-15,-1.90861530175e-15,-0.00178800232243,0.000894001161214,0.000894001161214,-5.13321411243e-19,-2.86033162563e-19,-1.14993965162e-19,2.54963803291,0,0.00715257227421,0.00545501708984,-0.00272750854492,-0.00272750854492,3.51242886462e-15,9.4678496681e-16,1.60704629554e-16,2.82423570752e-07,-1.41211785376e-07,-1.41211785376e-07,1.0361047541e-19,-2.02942843173e-20,3.80969198857e-21,0.0706264972687,0,334.563293457,-8.881784197e-15,3.5527136788e-15,2.99492668058e-15,-7.18751678806e-15,4.28058734129e-15,-0.059326171875,-6.66133814775e-16,7.1054273576e-15,5.98071676086e-15,-6.39802575353e-15,3.76594540884e-16,-0.00194843753707,1338.25317383
37,36.9902572632,-0.00974273681641,CYCLIC_500,0.263754367828,-85.7953643799,42.8976821899,42.8976821899,2.39304695876e-15,3.31228421217e-15,-1.73510876347e-15,-0.00178772001527,0.000893860007636,0.000893860007636,-5.55580412761e-19,-2.7487592289e-19,-1.26053061299e-19,2.62022829056,0,0.00715145468712,0.00545501708984,-0.00272750854492,-0.00272750854492,1.97260606177e-17,1.16551163946e-15,1.73506538281e-16,2.8230715543e-07,-1.41153577715e-07,-1.41153577715e-07,-4.22590015185e-20,1.11572396727e-20,-1.1059096137e-20,0.0705902576447,0,334.503997803,-1.33226762955e-14,-7.9936057773e-15,-7.00851545937e-15,-6.30030716229e-15,5.69933097317e-15,-0.0592956542969,-4.4408920985e-15,-1.15463194561e-14,-1.00034421399e-14,8.87209625767e-16,1.41874363189e-15,-0.00194843753707,1338.01599121
38,37.9902572632,-0.00974273681641,CYCLIC_500,0.270904660225,-85.7899093628,42.8949546814,42.8949546814,-5.70165120818e-16,2.52145718004e-15,-1.97894858492e-15,-0.00178743782453,0.000893718912266,0.000893718912266,-5.41998562699e-19,-2.9470956694e-19,-1.27902809486e-19,2.69078207016,0,0.00715029239655,0.00545501708984,-0.00272750854492,-0.00272750854492,-2.96321207958e-15,-7.90827032137e-16,-2.43839821449e-16,2.82190740108e-07,-1.41095370054e-07,-1.41095370054e-07,1.35818500625e-20,-1.98336440495e-20,-1.84974818738e-21,0.0705537796021,0,334.444763184,0,5.3290705182e-15,-5.47820629235e-15,1.39754548094e-15,4.60419582218e-15,-0.0592346191406,1.33226762955e-14,1.33226762955e-14,1.53030916702e-15,7.69785264324e-15,-1.09513515099e-15,-0.00194843753707,1337.77905273
39,38.9902572632,-0.00974273681641,CYCLIC_500,0.278053849936,-85.7844543457,42.8922271729,42.8922271729,2.22962218216e-15,4.31648345278e-15,-1.61915731655e-15,-0.00178715586662,0.000893577933311,0.000893577933311,-5.27553430114e-19,-2.88150831971e-19,-1.39749925287e-19,2.76129937172,0,0.00714918971062,0.00545501708984,-0.00272750854492,-0.00272750854492,2.79978730298e-15,1.79502627274e-15,3.59791268366e-16,2.81957909465e-07,-1.40978954732e-07,-1.40978954732e-07,1.44451325852e-20,6.55873496885e-21,-1.18471158009e-20,0.0705173015594,0,334.385559082,-1.02140518266e-14,-1.24344978758e-14,9.81355807901e-15,-6.11853045074e-15,7.19355367128e-15,-0.0592041015625,-1.02140518266e-14,-1.7763568394e-14,1.52917643714e-14,-7.51607593169e-15,2.5893578491e-15,-0.00194843753707,1337.54223633
40,39.9902572632,-0.00974273681641,CYCLIC_500,0.285201907158,-85.7789993286,42.8894996643,42.8894996643,-4.81330904311e-16,3.89037471422e-15,-2.00808096958e-15,-0.00178687414154,0.000893437070772,0.000893437070772,-6.18426285365e-19,-3.0245906253e-19,-1.54292974065e-19,2.83178043365,0,0.00714805722237,0.00545501708984,-0.00272750854492,-0.00272750854492,-2.71095308647e-15,-4.26108738553e-16,-3.88923653024e-16,2.81725078821e-07,-1.40862539411e-07,-1.40862539411e-07,-9.08728552515e-20,-1.43082305587e-20,-1.45430487775e-20,0.0704810619354,0,334.326385498,-1.35447209004e-14,-8.881784197e-15,1.61507613877e-14,-6.58652767507e-15,6.80624569225e-15,-0.0591735839844,-3.33066907388e-15,3.5527136788e-15,6.33720330867e-15,-4.6799722433e-16,-3.87307979037e-16,-0.00194843753707,1337.30554199
41,40.9902572632,-0.00974273681641,CYCLIC_500,0.292348861694,-85.7735366821,42.8867683411,42.8867683411,9.30318917631e-17,3.71304881008e-15,-1.73523355525e-15,-0.00178659253288,0.00089329626644,0.00089329626644,-6.37400126791e-19,-2.71590627539e-19,-1.43751119887e-19,2.90222525597,0,0.00714695453644,0.00546264648438,-0.00273132324219,-0.00273132324219,5.74362796074e-16,-1.77325904139e-16,2.72847414331e-16,2.81608663499e-07,-1.4080433175e-07,-1.4080433175e-07,-1.89738414258e-20,3.08684349906e-20,1.05418541778e-20,0.0704448223114,0,334.267242432,3.5527136788e-15,1.7763568394e-15,-7.12797272768e-15,-4.48354412492e-15,1.55434391218e-15,-0.0591430664062,1.70974345792e-14,1.06581410364e-14,-2.32787341154e-14,2.10298355015e-15,-5.25190178006e-15,-0.00194843753707,1337.06896973
42,41.9902572632,-0.00974273681641,CYCLIC_500,0.29949465394,-85.768081665,42.8840408325,42.8840408325,-9.00029211343e-16,2.97638698886e-15,-1.97247274341e-15,-0.00178631104063,0.000893155520316,0.000893155520316,-6.66029952853e-19,-2.23586241026e-19,-1.49856386103e-19,2.97263383865,0,0.00714579224586,0.00545501708984,-0.00272750854492,-0.00272750854492,-9.93061103106e-16,-7.36661821222e-16,-2.37239188167e-16,2.81492248178e-07,-1.40746124089e-07,-1.40746124089e-07,-2.86298260621e-20,4.80043865124e-20,-6.10526621658e-21,0.0704085826874,0,334.208129883,-9.99200722163e-15,8.881784197e-16,-1.63356542408e-14,1.12450755765e-14,2.74582160306e-15,-0.0591125488281,-1.35447209004e-14,-8.881784197e-16,-9.20768151312e-15,1.57286197015e-14,1.19147769088e-15,-0.00194843753707,1336.83251953
43,42.9902572632,-0.00974273681641,CYCLIC_500,0.3066393435,-85.7626266479,42.881313324,42.881313324,4.55672859213e-15,2.36231228225e-15,-1.03613333066e-15,-0.00178602978121,0.000893014890607,0.000893014890607,-5.94889970135e-19,-2.30577048114e-19,-1.27647063658e-19,3.04300618172,0,0.00714468955994,0.00545501708984,-0.00272750854492,-0.00272750854492,5.45675780347e-15,-6.14074706616e-16,9.36339412753e-16,2.81259417534e-07,-1.40629708767e-07,-1.40629708767e-07,7.11399827174e-20,-6.99080708707e-21,2.22093224449e-20,0.0703723430634,0,334.149078369,3.5527136788e-15,5.3290705182e-15,1.59916159671e-15,6.07115735384e-16,4.13529521075e-15,-0.0590515136719,1.35447209004e-14,4.4408920985e-15,1.79348158375e-14,-1.06379598412e-14,1.38947360768e-15,-0.00194843753707,1336.59631348
44,43.9902572632,-0.00974273681641,CYCLIC_500,0.313782900572,-85.7571640015,42.8785820007,42.8785820007,4.00597403201e-16,2.42966927527e-15,-1.90373972551e-15,-0.00178574875463,0.000892874377314,0.000892874377314,-6.4317089902e-19,-2.50863787942e-19,-1.41085740389e-19,3.11334228516,0,0.00714355707169,0.00546264648438,-0.00273132324219,-0.00273132324219,-4.15613118893e-15,6.73569930254e-17,-8.67606394853e-16,2.8102658689e-07,-1.40513293445e-07,-1.40513293445e-07,-4.82809288845e-20,-2.02867398283e-20,-1.34386767307e-20,0.0703361034393,0,334.090057373,6.43929354283e-15,-1.7763568394e-15,-7.32888539582e-15,-4.3169489437e-15,4.85235508153e-15,-0.0590209960938,2.88657986403e-15,-7.1054273576e-15,-8.92804699253e-15,-4.92406467909e-15,7.17059870784e-16,-0.00194843753707,1336.36022949
45,44.9902572632,-0.00974273681641,CYCLIC_500,0.320925325155,-85.7517089844,42.8758544922,42.8758544922,-3.27001436801e-17,6.41450639417e-16,-2.06178857094e-15,-0.00178546784446,0.000892733922228,0.000892733922228,-6.88740235345e-19,-2.84077308949e-19,-1.53355621416e-19,3.18364214897,0,0.00714242458344,0.00545501708984,-0.00272750854492,-0.00272750854492,-4.33297546881e-16,-1.78821863585e-15,-1.58048845429e-16,2.80910171568e-07,-1.40455085784e-07,-1.40455085784e-07,-4.55693363247e-20,-3.32135210068e-20,-1.22698810265e-20,0.0702998638153,0,334.031066895,-2.6645352591e-15,3.5527136788e-15,1.04142453372e-15,-6.83214641791e-15,3.59329137447e-15,-0.0589904785156,-9.10382880193e-15,5.3290705182e-15,8.37030992954e-15,-2.51519747421e-15,-1.25906370706e-15,-0.00194843753707,1336.12426758
46,45.9902572632,-0.00974273681641,CYCLIC_500,0.328066647053,-85.7462463379,42.8731231689,42.8731231689,4.54781886431e-15,2.21823864417e-15,-1.8075174461e-15,-0.00178518716712,0.000892593583558,0.000892593583558,-5.58443183079e-19,-3.19072022243e-19,-1.4769123156e-19,3.25390601158,0,0.00714132189751,0.00546264648438,-0.00273132324219,-0.00273132324219,4.58051900799e-15,1.57678800475e-15,2.54271124839e-16,2.80677340925e-07,-1.40338670462e-07,-1.40338670462e-07,1.30297052265e-19,-3.4994713294e-20,5.6643898553e-21,0.0702638626099,0,333.972106934,1.64313007645e-14,9.7699626167e-15,-1.13692667002e-14,-1.11590790743e-14,4.02090386121e-15,-0.0589599609375,1.90958360236e-14,6.2172489379e-15,-1.2410691234e-14,-4.32693265635e-15,4.27612486732e-16,-0.00194843753707,1335.88842773
47,46.9902572632,-0.00974273681641,CYCLIC_500,0.335206836462,-85.7407913208,42.8703956604,42.8703956604,-2.54507979735e-16,1.31743508176e-15,-1.80599615342e-15,-0.00178490660619,0.000892453303095,0.000892453303095,-6.15142801617e-19,-3.28904190493e-19,-1.44080427032e-19,3.32413363457,0,0.00714018940926,0.00545501708984,-0.00272750854492,-0.00272750854492,-4.80232684405e-15,-9.00803562411e-16,1.52129267996e-18,2.80560925603e-07,-1.40280462801e-07,-1.40280462801e-07,-5.66996185377e-20,-9.83216825027e-21,3.61080452861e-21,0.0702276229858,0,333.91317749,3.10862446895e-15,1.7763568394e-15,-7.81151029019e-15,-9.1047327449e-15,6.4307411041e-15,-0.0589294433594,-1.33226762955e-14,-7.9936057773e-15,3.55775641004e-15,2.05434632937e-15,2.40983724289e-15,-0.00194843753707,1335.65270996
48,47.9902572632,-0.00974273681641,CYCLIC_500,0.342345893383,-85.7353286743,42.8676643372,42.8676643372,2.32844775307e-15,2.99550045275e-15,-2.1911848825e-15,-0.00178462616168,0.00089231308084,0.00089231308084,-4.83419917774e-19,-2.78097404822e-19,-1.53767471331e-19,3.39432525635,0,0.00713905692101,0.00546264648438,-0.00273132324219,-0.00273132324219,2.58295573281e-15,1.678065371e-15,-3.85188729072e-16,2.80444510281e-07,-1.40222255141e-07,-1.40222255141e-07,1.31722883843e-19,5.08067856714e-20,-9.68704429895e-21,0.0701916217804,0,333.854309082,7.1054273576e-15,5.3290705182e-15,-1.18110666249e-15,-8.37965221326e-15,5.95169871572e-15,-0.0588684082031,3.99680288865e-15,3.5527136788e-15,6.63040362771e-15,7.2508053164e-16,-4.79042388378e-16,-0.00194843753707,1335.41723633
49,48.9902572632,-0.00974273681641,CYCLIC_500,0.349483847618,-85.7298660278,42.8649330139,42.8649330139,-2.30820408889e-16,2.29559604318e-15,-2.14293501054e-15,-0.00178434595,0.000892172975,0.000892172975,-5.76441515222e-19,-2.73754217285e-19,-1.6679372532e-19,3.4644806385,0,0.00713795423508,0.00546264648438,-0.00273132324219,-0.00273132324219,-2.55926816196e-15,-6.99904409577e-16,4.82498719554e-17,2.80211679637e-07,-1.40105839819e-07,-1.40105839819e-07,-9.30215974487e-20,4.34318753686e-21,-1.30262539891e-20,0.0701553821564,0,333.795471191,-2.22044604925e-16,8.881784197e-16,3.5918849292e-15,-1.61126842391e-15,5.20819554173e-15,-0.058837890625,-7.32747196253e-15,-4.4408920985e-15,4.77299159169e-15,6.76838378934e-15,-7.43503173988e-16,-0.00194843753707,1335.18188477
50,49.9902572632,-0.00974273681641,CYCLIC_500,0.356620669365,-85.7244033813,42.8622016907,42.8622016907,1.21904484551e-15,2.61535492807e-15,-2.03693836218e-15,-0.00178406597115,0.000892032985575,0.000892032985575,-6.1550201126e-19,-2.78289837203e-19,-1.7613346453e-19,3.53460025787,0,0.00713682174683,0.00546264648438,-0.00273132324219,-0.00273132324219,1.44986525439e-15,3.19758884894e-16,1.05996648364e-16,2.79978848994e-07,-1.39989424497e-07,-1.39989424497e-07,-3.90604960382e-20,-4.53561991843e-21,-9.33973921037e-21,0.0701196193695,0,333.736663818,-4.4408920985e-16,8.881784197e-16,5.06990448922e-15,-7.81408360276e-15,8.64107318291e-15,-0.0588073730469,-2.22044604925e-16,0,1.47801956002e-15,-6.20281517884e-15,3.43287764118e-15,-0.00194843753707,1334.94665527
51,50.9902572632,-0.00974273681641,CYCLIC_500,0.363756358624,-85.7189407349,42.8594703674,42.8594703674,2.00156632338e-15,2.5554241806e-15,-2.11637800474e-15,-0.00178378610872,0.000891893054359,0.000891893054359,-6.08212391639e-19,-2.50447391765e-19,-1.70785088365e-19,3.60468363762,0,0.00713568925858,0.00546264648438,-0.00273132324219,-0.00273132324219,7.8252147787e-16,-5.99307474656e-17,-7.94396425668e-17,2.79862433672e-07,-1.39931216836e-07,-1.39931216836e-07,7.289619621e-21,2.78424454386e-20,5.34837616515e-21,0.0700833797455,0,333.677886963,7.77156117238e-15,8.881784197e-16,7.2189892766e-15,2.17927654224e-15,3.84328739168e-15,-0.0587768554688,8.21565038223e-15,0,2.14908478738e-15,9.993360145e-15,-4.79778579123e-15,-0.00194843753707,1334.71154785
52,51.9902572632,-0.00974273681641,CYCLIC_500,0.370890945196,-85.7134780884,42.8567390442,42.8567390442,2.77473617783e-15,3.23392206583e-15,-1.65260841946e-15,-0.00178350647911,0.000891753239557,0.000891753239557,-6.13335857881e-19,-2.39743070409e-19,-1.64750221762e-19,3.67473101616,0,0.00713458657265,0.00546264648438,-0.00273132324219,-0.00273132324219,7.73169854456e-16,6.78497885223e-16,4.63769585283e-16,2.79629603028e-07,-1.39814801514e-07,-1.39814801514e-07,-5.12346624127e-21,1.0704321356e-20,6.03486660332e-21,0.07004737854,0,333.619171143,2.44249065418e-15,-2.6645352591e-15,-7.53043100933e-15,-1.53963252881e-14,3.0052514034e-15,-0.0587158203125,-5.3290705182e-15,-3.5527136788e-15,-1.47494202859e-14,-1.75756018304e-14,-8.38035988282e-16,-0.00194843753707,1334.47668457
53,52.9902572632,-0.00974273681641,CYCLIC_500,0.378024429083,-85.7080154419,42.8540077209,42.8540077209,-2.3909359012e-15,2.68341841606e-15,-2.32536574733e-15,-0.00178322696593,0.000891613482963,0.000891613482963,-6.57331992e-19,-2.32470777152e-19,-1.77802933111e-19,3.74474263191,0,0.00713348388672,0.00546264648438,-0.00273132324219,-0.00273132324219,-5.16567207903e-15,-5.50503649771e-16,-6.72757327872e-16,2.79513187706e-07,-1.39756593853e-07,-1.39756593853e-07,-4.39961341193e-20,7.27229325679e-21,-1.30527113489e-20,0.0700116157532,0,333.56048584,1.06581410364e-14,8.881784197e-15,-1.10322437519e-15,-7.45488525249e-15,5.12232170372e-15,-0.0586853027344,8.21565038223e-15,1.15463194561e-14,6.42720663413e-15,7.94144003563e-15,2.11707030032e-15,-0.00194843753707,1334.24194336
54,53.9902572632,-0.00974273681641,CYCLIC_500,0.385156780481,-85.7025527954,42.8512763977,42.8512763977,-5.00697774155e-16,2.07718828671e-15,-1.88860368681e-15,-0.00178294768557,0.000891473842785,0.000891473842785,-7.29583963147e-19,-2.18530985682e-19,-1.80085730266e-19,3.81471824646,0,0.00713235139847,0.00546264648438,-0.00273132324219,-0.00273132324219,1.89023812704e-15,-6.0623012935e-16,4.36762060528e-16,2.79280357063e-07,-1.39640178531e-07,-1.39640178531e-07,-7.22519711469e-20,1.393979147e-20,-2.28279715521e-21,0.0699756145477,0,333.501831055,9.7699626167e-15,6.2172489379e-15,-1.72921323549e-15,-8.00023836292e-16,5.31149369781e-15,-0.0586547851562,-8.881784197e-16,-2.6645352591e-15,-6.25988860294e-16,6.6548614162e-15,1.89171994087e-16,-0.00194843753707,1334.00732422
55,54.9902572632,-0.00974273681641,CYCLIC_500,0.392287999392,-85.6970901489,42.8485450745,42.8485450745,-1.01571972414e-15,3.60362665874e-15,-1.78187620865e-15,-0.00178266852163,0.000891334260814,0.000891334260814,-6.46178392018e-19,-1.10338061348e-19,-1.64768233564e-19,3.8846578598,0,0.00713121891022,0.00546264648438,-0.00273132324219,-0.00273132324219,-5.15021949981e-16,1.52643837203e-15,1.06727478152e-16,2.79163941741e-07,-1.3958197087e-07,-1.3958197087e-07,8.3405571129e-20,1.08192924334e-19,1.53174967018e-20,0.0699396133423,0,333.443206787,-9.7699626167e-15,-5.3290705182e-15,2.11383490379e-14,1.99891432277e-15,9.08847468863e-15,-0.0586242675781,-1.95399252334e-14,-1.15463194561e-14,2.28675622734e-14,2.79893815907e-15,3.77698099082e-15,-0.00194843753707,1333.77282715
56,55.9902572632,-0.00974273681641,CYCLIC_500,0.399418115616,-85.691619873,42.8458099365,42.8458099365,-1.49603578537e-15,2.8199665163e-15,-1.58526341063e-15,-0.00178238959052,0.000891194795258,0.000891194795258,-7.32116828957e-19,-1.01629622605e-19,-1.59117621814e-19,3.95456171036,0,0.00713011622429,0.00547027587891,-0.00273513793945,-0.00273513793945,-4.80316061233e-16,-7.83660142441e-16,1.96612798026e-16,2.78931111097e-07,-1.39465555549e-07,-1.39465555549e-07,-8.59384369387e-20,8.7084387433e-21,5.65061174957e-21,0.0699038505554,0,333.384613037,2.44249065418e-15,7.1054273576e-15,1.19417105713e-15,-8.42140156726e-15,5.1227014491e-15,-0.05859375,1.22124532709e-14,1.24344978758e-14,-1.99441779808e-14,-1.042031589e-14,-3.96577323953e-15,-0.00194843753707,1333.53845215
57,56.9902572632,-0.00974273681641,CYCLIC_500,0.406547129154,-85.6861572266,42.8430786133,42.8430786133,-4.24183181201e-17,5.65650905047e-16,-2.79116939125e-15,-0.00178211077582,0.00089105538791,0.00089105538791,-7.75842106662e-19,-1.51182234245e-19,-1.75542464177e-19,4.02442979813,0,0.00712901353836,0.00546264648438,-0.00273132324219,-0.00273132324219,1.45361746725e-15,-2.25431561125e-15,-1.20590598062e-15,2.78814695776e-07,-1.39407347888e-07,-1.39407347888e-07,-4.37252777051e-20,-4.95526116397e-20,-1.64248423629e-20,0.0698680877686,0,333.326080322,1.33226762955e-15,-3.5527136788e-15,-1.88644737121e-14,-9.977636861e-15,5.15054958954e-15,-0.0585327148438,-1.11022302463e-15,-1.06581410364e-14,-2.00586447692e-14,-1.55623529374e-15,2.78481404349e-17,-0.00194843753707,1333.30432129
58,57.9902572632,-0.00974273681641,CYCLIC_500,0.413675010204,-85.6806945801,42.84034729,42.84034729,1.30905499934e-15,1.24559455971e-15,-1.81995999779e-15,-0.00178183207754,0.00089091603877,0.00089091603877,-7.13854425866e-19,-2.27364499142e-19,-1.72000777294e-19,4.09426164627,0,0.00712788105011,0.00546264648438,-0.00273132324219,-0.00273132324219,1.35147331746e-15,6.79943654659e-16,9.71209393455e-16,2.78698280454e-07,-1.39349140227e-07,-1.39349140227e-07,6.19876807962e-20,-7.61822648975e-20,3.54168688375e-21,0.0698318481445,0,333.267547607,6.66133814775e-15,6.2172489379e-15,-7.19484104887e-15,-3.30261428387e-15,2.98779895126e-15,-0.0585327148438,5.3290705182e-15,9.7699626167e-15,1.16696326632e-14,6.67502257713e-15,-2.16275063828e-15,-0.00194843753707,1333.07019043
59,58.9902572632,-0.00974273681641,CYCLIC_500,0.420801788568,-85.6752243042,42.8376121521,42.8376121521,7.98876219145e-16,1.97139843267e-15,-1.74281518172e-15,-0.00178155372851,0.000890776864253,0.000890776864253,-7.44407899216e-19,-2.23747748041e-19,-1.6684800511e-19,4.16405820847,0,0.00712677836418,0.00547027587891,-0.00273513793945,-0.00273513793945,-5.10178780197e-16,7.25803872962e-16,7.71448160729e-17,2.78349034488e-07,-1.39174517244e-07,-1.39174517244e-07,-3.05534733506e-20,3.61675110095e-21,5.15277218409e-21,0.0697965621948,0,333.209075928,4.4408920985e-16,2.6645352591e-15,3.57730802158e-15,-1.02451054308e-14,5.74717667476e-15,-0.0584716796875,-6.2172489379e-15,-3.5527136788e-15,1.07721490704e-14,-6.94249114696e-15,2.75937772349e-15,-0.00194843753707,1332.83630371
60,59.9902572632,-0.00974273681641,CYCLIC_500,0.427927434444,-85.6697769165,42.8348884583,42.8348884583,1.1440282816e-15,2.06002024243e-15,-1.63523127385e-15,-0.00178127526306,0.000890637631528,0.000890637631528,-7.17117394888e-19,-2.24839884944e-19,-1.63416872449e-19,4.23381853104,0,0.00712564587593,0.00544738769531,-0.00272369384766,-0.00272369384766,3.45152062459e-16,8.86218097601e-17,1.07583907871e-16,2.7846544981e-07,-1.39232724905e-07,-1.39232724905e-07,2.72905043281e-20,-1.09213690251e-21,3.43113266007e-21,0.0697603225708,0,333.150604248,-7.54951656745e-15,-4.4408920985e-15,-1.19612991346e-14,1.07463359333e-14,4.46601431486e-15,-0.0584716796875,-7.9936057773e-15,-7.1054273576e-15,-1.55386071562e-14,2.09914413641e-14,-1.2811623599e-15,-0.00194843753707,1332.60241699
61,60.9902572632,-0.00974273681641,CYCLIC_500,0.435051977634,-85.6643066406,42.8321533203,42.8321533203,2.68047761031e-15,2.05778243887e-15,-1.5371002454e-15,-0.00178099714685,0.000890498573426,0.000890498573426,-6.09207328358e-19,-2.11708483192e-19,-1.521995008e-19,4.30354356766,0,0.00712454319,0.00547027587891,-0.00273513793945,-0.00273513793945,1.5364493287e-15,-2.23780355759e-18,9.81310284512e-17,2.78116203845e-07,-1.39058101922e-07,-1.39058101922e-07,1.0791006653e-19,1.31314017514e-20,1.12173716491e-20,0.0697250366211,0,333.092224121,4.4408920985e-15,3.5527136788e-15,1.59015610123e-15,-8.14491393288e-15,2.70528865786e-15,-0.0583801269531,1.1990408666e-14,7.9936057773e-15,1.35514552359e-14,-1.88912498662e-14,-1.760725657e-15,-0.00194843753707,1332.36889648
62,61.9902572632,-0.00974273681641,CYCLIC_500,0.442175418139,-85.6588439941,42.8294219971,42.8294219971,2.72825297672e-15,3.09988875347e-15,-1.56947173202e-15,-0.00178071926348,0.00089035963174,0.00089035963174,-5.71130543938e-19,-2.16068461728e-19,-1.5705866668e-19,4.37323236465,0,0.00712344050407,0.00546264648438,-0.00273132324219,-0.00273132324219,4.77753664145e-17,1.0421063146e-15,-3.23714866248e-17,2.77883373201e-07,-1.389416866e-07,-1.389416866e-07,3.80767844194e-20,-4.35997853589e-21,-4.85916587969e-21,0.0696887969971,0,333.033843994,-1.11022302463e-15,-4.4408920985e-15,-1.5524081011e-14,-6.20915998501e-15,2.44691408522e-15,-0.0583801269531,-5.55111512313e-15,-7.9936057773e-15,-1.71142371122e-14,1.93575394787e-15,-2.58374572643e-16,-0.00194843753707,1332.13537598
63,62.9902572632,-0.00974273681641,CYCLIC_500,0.449297726154,-85.6533737183,42.8266868591,42.8266868591,1.64086825495e-17,2.71695977595e-15,-1.51257405734e-15,-0.00178044149652,0.000890220748261,0.000890220748261,-5.64146496468e-19,-1.90567813071e-19,-1.47828465186e-19,4.4428858757,0,0.00712230801582,0.00547027587891,-0.00273513793945,-0.00273513793945,-2.71184429417e-15,-3.82928977518e-16,5.68976746827e-17,2.77766957879e-07,-1.3888347894e-07,-1.3888347894e-07,6.9840474705e-21,2.55006486568e-20,9.23020149392e-21,0.0696535110474,0,332.975524902,-8.881784197e-16,-5.3290705182e-15,6.90786401655e-15,-6.93344091755e-15,4.96666583059e-15,-0.0583190917969,2.22044604925e-16,-8.881784197e-16,2.24319450276e-14,-7.24280932538e-16,2.51975174537e-15,-0.00194843753707,1331.90209961
64,63.9902572632,-0.00974273681641,CYCLIC_500,0.456418931484,-85.6479034424,42.8239517212,42.8239517212,1.87229757465e-15,4.27371231565e-15,-1.53579498252e-15,-0.00178016384598,0.000890081922989,0.000890081922989,-5.25963238394e-19,-1.2633651957e-19,-1.27860583693e-19,4.51250362396,0,0.0071212053299,0.00547027587891,-0.00273513793945,-0.00273513793945,1.8558888921e-15,1.5567525397e-15,-2.32209251755e-17,2.77650542557e-07,-1.38825271279e-07,-1.38825271279e-07,3.81832580739e-20,6.4231293501e-20,1.99678814931e-20,0.0696177482605,0,332.917236328,-5.77315972805e-15,-3.5527136788e-15,-2.06518115131e-15,-9.55707814371e-15,3.28040180436e-15,-0.0582885742188,-4.88498130835e-15,1.7763568394e-15,-8.97304516786e-15,-2.62363722615e-15,-1.68626402623e-15,-0.00194843753707,1331.66894531
65,64.9902572632,-0.00974273681641,CYCLIC_500,0.463539034128,-85.6424331665,42.8212165833,42.8212165833,4.57589715287e-15,1.88478288e-15,-1.86558666827e-15,-0.00177988654468,0.000889943272341,0.000889943272341,-4.43542534432e-19,-1.64257622782e-19,-1.28560107073e-19,4.58208608627,0,0.00712010264397,0.00547027587891,-0.00273513793945,-0.00273513793945,2.70359957821e-15,-2.38892943565e-15,-3.29791685752e-16,2.77301296592e-07,-1.38650648296e-07,-1.38650648296e-07,8.24207039615e-20,-3.7921103212e-20,-6.99523379581e-22,0.0695824623108,0,332.858978271,-4.21884749358e-15,-8.881784197e-16,-2.37631906391e-15,4.52606189662e-15,7.13052594978e-15,-0.0582580566406,1.55431223448e-15,2.6645352591e-15,-3.11137912597e-16,1.40831400403e-14,3.85012414542e-15,-0.00194843753707,1331.43591309
66,65.9902572632,-0.00974273681641,CYCLIC_500,0.470658034086,-85.6369628906,42.8184814453,42.8184814453,1.16584779739e-15,2.27561722263e-15,-2.09617390322e-15,-0.00177960924339,0.000889804621693,0.000889804621693,-4.32767884549e-19,-1.54696109604e-19,-1.36591838566e-19,4.65163230896,0,0.00711899995804,0.00547027587891,-0.00273513793945,-0.00273513793945,-3.41004935548e-15,3.90834342632e-16,-2.30587234946e-16,2.77301296592e-07,-1.38650648296e-07,-1.38650648296e-07,1.07746498834e-20,9.56151317865e-21,-8.03173149302e-21,0.0695462226868,0,332.800750732,-5.3290705182e-15,-3.5527136788e-15,1.28360256918e-15,-9.71787459031e-15,5.94534318267e-16,-0.0582275390625,-1.11022302463e-15,-2.6645352591e-15,3.65992163308e-15,-1.42439364869e-14,-6.53599163152e-15,-0.00194843753707,1331.20300293
67,66.9902572632,-0.00974273681641,CYCLIC_500,0.477775931358,-85.6314926147,42.8157463074,42.8157463074,-9.1227168955e-17,2.57560005873e-15,-1.69963362074e-15,-0.00177933217492,0.00088966608746,0.00088966608746,-3.59350125113e-19,-1.19296650333e-19,-1.30684394127e-19,4.7211432457,0,0.00711789727211,0.00547027587891,-0.00273513793945,-0.00273513793945,-1.25707496634e-15,2.99982836098e-16,3.96540282474e-16,2.77068465948e-07,-1.38534232974e-07,-1.38534232974e-07,7.34177594356e-20,3.53994592705e-20,5.90744443828e-21,0.0695109367371,0,332.742584229,1.99840144433e-15,0,-8.22872814742e-15,7.99296433513e-16,4.19835001094e-15,-0.0581665039062,7.32747196253e-15,3.5527136788e-15,-9.51233071659e-15,1.05171710238e-14,3.60381569267e-15,-0.00194843753707,1330.97033691
68,67.9902572632,-0.00974273681641,CYCLIC_500,0.484892696142,-85.6260223389,42.8130111694,42.8130111694,7.23614337461e-16,2.64924276745e-15,-2.09494762285e-15,-0.00177905533928,0.000889527669642,0.000889527669642,-3.65514152253e-19,-6.64951236633e-20,-1.36307160804e-19,4.79061889648,0,0.00711676478386,0.00547027587891,-0.00273513793945,-0.00273513793945,8.14841506416e-16,7.36427087217e-17,-3.95314002105e-16,2.76835635304e-07,-1.38417817652e-07,-1.38417817652e-07,-6.16402714012e-21,5.28015266698e-20,-5.62276667618e-21,0.0694756507874,0,332.684417725,-6.43929354283e-15,-5.3290705182e-15,-7.16030868359e-15,-5.39554439501e-15,3.89229278724e-15,-0.0581665039062,-8.43769498715e-15,-5.3290705182e-15,1.06841946383e-15,-6.19484082852e-15,-3.06057223691e-16,-0.00194843753707,1330.7376709
69,68.9902572632,-0.00974273681641,CYCLIC_500,0.49200835824,-85.620552063,42.8102760315,42.8102760315,-1.04232101884e-15,1.69124186019e-15,-2.32399266226e-15,-0.00177877862006,0.000889389310032,0.000889389310032,-3.61318146118e-19,-6.1358325597e-20,-1.62257047697e-19,4.86005878448,0,0.00711566209793,0.00547027587891,-0.00273513793945,-0.00273513793945,-1.7659353563e-15,-9.58000907259e-16,-2.29045039412e-16,2.76719219983e-07,-1.38359609991e-07,-1.38359609991e-07,4.19600613532e-21,5.1367980663e-21,-2.59498868932e-20,0.0694398880005,0,332.626312256,-5.77315972805e-15,-8.881784197e-16,3.19366424751e-15,-2.71483496071e-15,1.00332885304e-15,-0.05810546875,6.66133814775e-16,4.4408920985e-15,1.03539729311e-14,2.68070943429e-15,-2.88896393421e-15,-0.00194843753707,1330.50524902
70,69.9902572632,-0.00974273681641,CYCLIC_500,0.499122917652,-85.6150741577,42.8075370789,42.8075370789,3.16046578376e-15,3.06882472175e-15,-1.71553156889e-15,-0.00177850213367,0.000889251066837,0.000889251066837,-3.52669914653e-19,-4.77404123984e-20,-1.47094518491e-19,4.92946338654,0,0.007114559412,0.00547790527344,-0.00273895263672,-0.00273895263672,4.2027868026e-15,1.37758286156e-15,6.08461093365e-16,2.76486389339e-07,-1.38243194669e-07,-1.38243194669e-07,8.64823146538e-21,1.36179131986e-20,1.51625292052e-20,0.0694046020508,0,332.568237305,-8.65973959208e-15,-5.3290705182e-15,1.71983886907e-14,-2.96691500984e-16,6.07955870307e-15,-0.0580749511719,-2.88657986403e-15,-4.4408920985e-15,1.40047244432e-14,2.41814345973e-15,5.07622985003e-15,-0.00194843753707,1330.27294922
71,70.9902572632,-0.00974273681641,CYCLIC_500,0.506236374378,-85.6096038818,42.8048019409,42.8048019409,-4.33268491852e-16,1.84065937206e-15,-1.73528291043e-15,-0.0017782257637,0.00088911288185,0.00088911288185,-3.94467002038e-19,-8.84644397343e-20,-1.44358771692e-19,4.9988322258,0,0.00711345672607,0.00547027587891,-0.00273513793945,-0.00273513793945,-3.59373427561e-15,-1.22816534969e-15,-1.97513415319e-17,2.76369974017e-07,-1.38184987009e-07,-1.38184987009e-07,-4.17970873855e-20,-4.07240273358e-20,2.73574679914e-21,0.0693688392639,0,332.510223389,-1.08801856413e-14,-6.2172489379e-15,3.54569389325e-15,-1.36352757105e-14,5.2955578714e-15,-0.0580139160156,-2.22044604925e-15,-8.881784197e-16,-1.36526947975e-14,-1.33385842095e-14,-7.84000831666e-16,-0.00194843753707,1330.04089355
72,71.9902572632,-0.00974273681641,CYCLIC_500,0.513348698616,-85.604133606,42.802066803,42.802066803,4.64672732508e-16,3.46030571945e-15,-1.88138694459e-15,-0.00177794951014,0.000888974755071,0.000888974755071,-3.74693417516e-19,-7.86806831583e-20,-1.48486854909e-19,5.06816577911,0,0.00711232423782,0.00547027587891,-0.00273513793945,-0.00273513793945,8.9794122436e-16,1.61964634739e-15,-1.46104034163e-16,2.76253558695e-07,-1.38126779348e-07,-1.38126779348e-07,1.9773584522e-20,9.78375657596e-21,-4.12808321714e-21,0.0693335533142,0,332.452209473,-6.66133814775e-16,6.2172489379e-15,3.31468887088e-15,2.80713352047e-15,9.85272059438e-16,-0.0580139160156,1.02140518266e-14,1.24344978758e-14,-2.31005022367e-16,1.6442409231e-14,-4.31028581196e-15,-0.00194843753707,1329.80883789
73,72.9902572632,-0.00974273681641,CYCLIC_500,0.52045994997,-85.5986557007,42.7993278503,42.7993278503,2.16449028513e-15,3.27606038331e-15,-1.56515534808e-15,-0.00177767348941,0.000888836744707,0.000888836744707,-3.08583741035e-19,-4.88505146299e-20,-1.30574867922e-19,5.13746356964,0,0.00711125135422,0.00547790527344,-0.00273895263672,-0.00273895263672,1.69981755262e-15,-1.84245336137e-16,3.16231596511e-16,2.76020728052e-07,-1.38010364026e-07,-1.38010364026e-07,6.6109676481e-20,2.98301685285e-20,1.79119869875e-20,0.0692977905273,0,332.394256592,-2.44249065418e-15,-3.5527136788e-15,-6.70608159116e-15,1.00291465558e-15,4.59969615156e-15,-0.0579528808594,-1.7763568394e-15,-9.7699626167e-15,-1.0020770462e-14,-1.80421886489e-15,3.61442409212e-15,-0.00194843753707,1329.57702637
74,73.9902572632,-0.00974273681641,CYCLIC_500,0.527570128441,-85.5931854248,42.7965927124,42.7965927124,3.63078859661e-16,1.47536615817e-15,-1.86902442428e-15,-0.00177739770152,0.000888698850758,0.000888698850758,-2.89765777515e-19,-1.06596167676e-19,-1.27174260468e-19,5.20672655106,0,0.00711017847061,0.00547027587891,-0.00273513793945,-0.00273513793945,-1.80141142547e-15,-1.80069422514e-15,-3.03869076199e-16,2.75787897408e-07,-1.37893948704e-07,-1.37893948704e-07,1.88179635206e-20,-5.77456530457e-20,3.40060745384e-21,0.0692629814148,0,332.336334229,-3.5527136788e-15,8.881784197e-16,-4.88849824209e-15,-3.11624744784e-16,2.40842685362e-15,-0.0579223632812,-1.11022302463e-15,4.4408920985e-15,1.81758334908e-15,-1.31453940036e-15,-2.19126929793e-15,-0.00194843753707,1329.34533691
75,74.9902572632,-0.00974273681641,CYCLIC_500,0.534679174423,-85.5877075195,42.7938537598,42.7938537598,5.54874464848e-15,1.32892449639e-15,-1.55349029819e-15,-0.00177712203003,0.000888561015017,0.000888561015017,-1.98203567389e-19,-1.29827955232e-19,-1.29573858919e-19,5.27595376968,0,0.00710904598236,0.00547790527344,-0.00273895263672,-0.00273895263672,5.18566578882e-15,-1.46441661786e-16,3.1553412609e-16,2.75671482086e-07,-1.37835741043e-07,-1.37835741043e-07,9.15622101256e-20,-2.32317875562e-20,-2.39959845043e-21,0.0692272186279,0,332.278442383,-7.54951656745e-15,-9.7699626167e-15,-9.60532926967e-15,5.2285249148e-15,3.43743780187e-15,-0.0578918457031,-3.99680288865e-15,-1.06581410364e-14,-4.71683102758e-15,5.54014965958e-15,1.02901094825e-15,-0.00194843753707,1329.11376953
76,75.9902572632,-0.00974273681641,CYCLIC_500,0.541787087917,-85.5822296143,42.7911148071,42.7911148071,5.87472055338e-16,1.38469350298e-15,-2.03459410006e-15,-0.00177684647497,0.000888423237484,0.000888423237484,-1.32053232638e-19,-1.22539686242e-19,-1.21117665833e-19,5.34514570236,0,0.00710791349411,0.00547790527344,-0.00273895263672,-0.00273895263672,-4.96127259315e-15,5.57690065892e-17,-4.81103801874e-16,2.75555066764e-07,-1.37777533382e-07,-1.37777533382e-07,6.61503347507e-20,7.28826899016e-21,8.45619308512e-21,0.0691919326782,0,332.220581055,-9.7699626167e-15,-1.15463194561e-14,-5.95837486397e-15,-8.28474684344e-15,3.44827139297e-15,-0.057861328125,-2.22044604925e-15,-1.7763568394e-15,3.64695440569e-15,-1.35132717582e-14,1.08335911001e-17,-0.00194843753707,1328.88232422
77,76.9902572632,-0.00974273681641,CYCLIC_500,0.548893928528,-85.5767593384,42.7883796692,42.7883796692,-1.27588353146e-15,1.75525523864e-15,-2.35892590408e-15,-0.00177657115273,0.000888285576366,0.000888285576366,-1.98761987004e-19,-1.57068169564e-19,-1.31085954772e-19,5.41430234909,0,0.0071068406105,0.00547027587891,-0.00273513793945,-0.00273513793945,-1.8633555868e-15,3.7056173566e-16,-3.24331804018e-16,2.75322236121e-07,-1.3766111806e-07,-1.3766111806e-07,-6.67087543656e-20,-3.45284833219e-20,-9.96828893839e-21,0.0691566467285,0,332.162750244,-1.7763568394e-15,4.4408920985e-15,-1.56196581243e-15,-4.68253064014e-15,5.50322573317e-15,-0.0578308105469,7.9936057773e-15,1.59872115546e-14,4.39640905154e-15,3.6022162033e-15,2.0549543402e-15,-0.00194843753707,1328.65100098
78,77.9902572632,-0.00974273681641,CYCLIC_500,0.55599963665,-85.5712814331,42.7856407166,42.7856407166,1.7471603681e-16,2.46594998356e-15,-2.1538510732e-15,-0.00177629606333,0.000888148031663,0.000888148031663,-2.59002579951e-19,-1.2785675152e-19,-1.4693972101e-19,5.48342370987,0,0.00710570812225,0.00547790527344,-0.00273895263672,-0.00273895263672,1.45059956827e-15,7.10694744921e-16,2.05074830877e-16,2.75089405477e-07,-1.37544702739e-07,-1.37544702739e-07,-6.02405929475e-20,2.92114180432e-20,-1.58537662384e-20,0.0691213607788,0,332.104980469,-8.21565038223e-15,-1.7763568394e-15,4.60311208985e-15,-3.4791897102e-15,7.32876724796e-15,-0.0577697753906,-6.43929354283e-15,-6.2172489379e-15,6.16507790228e-15,1.20334092994e-15,1.82554151478e-15,-0.00194843753707,1328.41992188
79,78.9902572632,-0.00974273681641,CYCLIC_500,0.563104271889,-85.5658035278,42.7829017639,42.7829017639,-1.72590636592e-15,1.62992598709e-15,-1.84177082901e-15,-0.00177602109034,0.000888010545168,0.000888010545168,-3.0370319084e-19,-1.38519329336e-19,-1.41466257203e-19,5.55251026154,0,0.00710463523865,0.00547790527344,-0.00273895263672,-0.00273895263672,-1.90062240273e-15,-8.36023996462e-16,3.12080244196e-16,2.74972990155e-07,-1.37486495078e-07,-1.37486495078e-07,-4.4700610889e-20,-1.06625778157e-20,5.47346380679e-21,0.0690865516663,0,332.047241211,1.33226762955e-15,-8.881784197e-16,3.82807302559e-15,-5.17748330497e-15,7.44515035577e-15,-0.0577392578125,9.54791801178e-15,8.881784197e-16,-7.75039064265e-16,-1.69829359477e-15,1.16383107811e-16,-0.00194843753707,1328.18896484
80,79.9902572632,-0.00974273681641,CYCLIC_500,0.570207834244,-85.5603256226,42.7801628113,42.7801628113,5.52441776959e-16,2.78302913331e-15,-1.42309829775e-15,-0.00177574623376,0.000887873116881,0.000887873116881,-3.30882104949e-19,-1.41966643313e-19,-1.30977085202e-19,5.62156105042,0,0.00710356235504,0.00547790527344,-0.00273895263672,-0.00273895263672,2.27834814288e-15,1.15310314622e-15,4.18672531257e-16,2.74856574833e-07,-1.37428287417e-07,-1.37428287417e-07,-2.71789141091e-20,-3.44731397691e-21,1.04891720018e-20,0.0690507888794,0,331.989532471,1.33226762955e-15,-4.4408920985e-15,-1.50893486366e-14,-1.52804030059e-14,4.32259891816e-15,-0.0577087402344,0,-3.5527136788e-15,-1.89174216622e-14,-1.0102919701e-14,-3.12255143761e-15,-0.00194843753707,1327.95812988
81,80.9902572632,-0.00974273681641,CYCLIC_500,0.577310264111,-85.5548477173,42.7774238586,42.7774238586,-1.86581646897e-15,1.9609001657e-15,-1.97108871805e-15,-0.00177547161002,0.000887735805009,0.000887735805009,-2.73861385238e-19,-1.61028852508e-19,-1.2971875487e-19,5.69057703018,0,0.00710242986679,0.00547790527344,-0.00273895263672,-0.00273895263672,-2.41825824593e-15,-8.22128967613e-16,-5.47990420298e-16,2.7462374419e-07,-1.37311872095e-07,-1.37311872095e-07,5.70207197117e-20,-1.90622091952e-20,1.25833033149e-21,0.0690159797668,0,331.931854248,-1.26565424807e-14,-1.68753899743e-14,-2.89101937546e-15,-1.40782349652e-14,4.69229883915e-15,-0.0576782226562,-1.39888101103e-14,-1.24344978758e-14,1.21983292612e-14,1.20216804077e-15,3.69699920995e-16,-0.00194843753707,1327.72741699
82,81.9902572632,-0.00974273681641,CYCLIC_500,0.584411621094,-85.549369812,42.774684906,42.774684906,-3.90078789243e-17,1.70579502443e-15,-1.71333157618e-15,-0.00177519710269,0.000887598551344,0.000887598551344,-2.58835836819e-19,-2.17981769259e-19,-1.19189772782e-19,5.75955724716,0,0.00710135698318,0.00547790527344,-0.00273895263672,-0.00273895263672,1.82680859005e-15,-2.55105141272e-16,2.57757141873e-16,2.74507328868e-07,-1.37253664434e-07,-1.37253664434e-07,1.50255484189e-20,-5.69529167509e-20,1.05289820883e-20,0.06898021698,0,331.874206543,-7.9936057773e-15,-3.5527136788e-15,1.63990034511e-14,7.14715574753e-16,8.84942931189e-15,-0.0576477050781,4.66293670343e-15,1.33226762955e-14,1.92900228266e-14,1.47929505399e-14,4.15713047274e-15,-0.00194843753707,1327.49682617
83,82.9902572632,-0.00974273681641,CYCLIC_500,0.591511845589,-85.5438842773,42.7719421387,42.7719421387,-6.31606948591e-16,1.9751340316e-15,-2.27980063978e-15,-0.00177492282819,0.000887461414095,0.000887461414095,-9.3617518476e-20,-1.96730032369e-19,-1.10533330903e-19,5.82850265503,0,0.00710022449493,0.00548553466797,-0.00274276733398,-0.00274276733398,-5.92599069667e-16,2.69339007172e-16,-5.66469063601e-16,2.74274498224e-07,-1.37137249112e-07,-1.37137249112e-07,1.65218318343e-19,2.12517368896e-20,8.65644187919e-21,0.0689454078674,0,331.816619873,-7.54951656745e-15,-1.68753899743e-14,-9.78982639876e-15,-6.60931740754e-15,3.23505636537e-15,-0.0575866699219,4.4408920985e-16,-1.33226762955e-14,-2.61888298499e-14,-7.32403298229e-15,-5.61437294653e-15,-0.00194843753707,1327.26647949
84,83.9902572632,-0.00974273681641,CYCLIC_500,0.5986109972,-85.5384063721,42.769203186,42.769203186,1.94558788127e-15,2.63786502386e-15,-1.40765465043e-15,-0.00177464867011,0.000887324335054,0.000887324335054,5.65494388084e-20,-1.86252885183e-19,-8.12513254342e-20,5.89741325378,0,0.00709915161133,0.00547790527344,-0.00273895263672,-0.00273895263672,2.57719482986e-15,6.62730992258e-16,8.72145989351e-16,2.74158082902e-07,-1.37079041451e-07,-1.37079041451e-07,1.50166957284e-19,1.04771471868e-20,2.92820054685e-20,0.0689105987549,0,331.759033203,-1.55431223448e-15,-1.42108547152e-14,-5.06560069496e-15,-6.80094286233e-15,4.62795728673e-15,-0.0575866699219,5.99520433298e-15,2.6645352591e-15,4.72422570379e-15,-1.91625454797e-16,1.39290092136e-15,-0.00194843753707,1327.03613281
85,84.9902572632,-0.00974273681641,CYCLIC_500,0.605709016323,-85.5329284668,42.7664642334,42.7664642334,-1.04309563047e-15,2.12119279644e-15,-1.91251019251e-15,-0.00177437474485,0.000887187372427,0.000887187372427,-4.89206912921e-20,-2.18722073289e-19,-9.92242686252e-20,5.96628856659,0,0.00709801912308,0.00547790527344,-0.00273895263672,-0.00273895263672,-2.98868351174e-15,-5.16672227415e-16,-5.04855542083e-16,2.73925252259e-07,-1.36962626129e-07,-1.36962626129e-07,-1.054701301e-19,-3.24691881064e-20,-1.7972943191e-20,0.0688753128052,0,331.701507568,-9.54791801178e-15,-6.2172489379e-15,3.1592770392e-15,-2.83013364798e-15,5.9149926753e-15,-0.0575256347656,-7.9936057773e-15,7.9936057773e-15,8.22487773416e-15,3.97080921436e-15,1.28703538857e-15,-0.00194843753707,1326.80603027
86,85.9902572632,-0.00974273681641,CYCLIC_500,0.612805962563,-85.5274429321,42.7637214661,42.7637214661,-1.5508399321e-15,2.34006313547e-15,-2.24090041924e-15,-0.00177410093602,0.000887050468009,0.000887050468009,-1.31121323205e-19,-1.92156376279e-19,-1.13339613024e-19,6.03512859344,0,0.00709694623947,0.00548553466797,-0.00274276733398,-0.00274276733398,-5.07744301628e-16,2.18870339029e-16,-3.28390226728e-16,2.73808836937e-07,-1.36904418468e-07,-1.36904418468e-07,-8.22006319133e-20,2.65656970098e-20,-1.41153443991e-20,0.0688400268555,0,331.644012451,-1.13242748512e-14,-1.24344978758e-14,1.35250896413e-15,-7.99379474506e-15,5.39873355512e-15,-0.0574951171875,-1.7763568394e-15,-6.2172489379e-15,-1.80676807506e-15,-5.16366109708e-15,-5.16259120182e-16,-0.00194843753707,1326.5760498
87,86.9902572632,-0.00974273681641,CYCLIC_500,0.619901835918,-85.5219650269,42.7609825134,42.7609825134,-3.28816150628e-15,2.94291040052e-15,-2.01998987893e-15,-0.00177382736001,0.000886913680006,0.000886913680006,-2.49821136877e-19,-1.66394046128e-19,-1.07130221813e-19,6.10393381119,0,0.00709587335587,0.00547790527344,-0.00273895263672,-0.00273895263672,-1.73732157418e-15,6.02847265048e-16,2.20910540305e-16,2.73576006293e-07,-1.36788003147e-07,-1.36788003147e-07,-1.18699813672e-19,2.57623301516e-20,6.20939121126e-21,0.0688052177429,0,331.586547852,7.9936057773e-15,4.4408920985e-15,-2.10517720005e-15,-9.43594030909e-15,4.13912528198e-15,-0.0574645996094,1.93178806285e-14,1.68753899743e-14,-3.45768616418e-15,-1.44214556403e-15,-1.25960827314e-15,-0.00194843753707,1326.34619141
88,87.9902572632,-0.00974273681641,CYCLIC_500,0.626996576786,-85.5164794922,42.7582397461,42.7582397461,-1.32664131908e-15,2.14212112438e-15,-2.11930281117e-15,-0.00177355390042,0.00088677695021,0.00088677695021,-3.11254039592e-19,-1.82911237067e-19,-1.19030795373e-19,6.17270374298,0,0.00709474086761,0.00548553466797,-0.00274276733398,-0.00274276733398,1.9615201872e-15,-8.00789276143e-16,-9.93129322346e-17,2.73459590971e-07,-1.36729795486e-07,-1.36729795486e-07,-6.14329027147e-20,-1.65171909391e-20,-1.19005735597e-20,0.0687699317932,0,331.529144287,-1.31006316906e-14,-1.59872115546e-14,2.24284054158e-15,-1.9659605589e-15,5.86483442157e-15,-0.0574035644531,-2.10942374679e-14,-2.04281036531e-14,4.34801774163e-15,7.46997975019e-15,1.72570913959e-15,-0.00194843753707,1326.11657715
89,88.9902572632,-0.00974273681641,CYCLIC_500,0.63409024477,-85.5110015869,42.7555007935,42.7555007935,1.34395688275e-15,4.30007358234e-15,-1.51197803685e-15,-0.00177328067366,0.00088664033683,0.00088664033683,-2.6279752587e-19,-1.22878881992e-19,-1.03273890045e-19,6.24143886566,0,0.00709366798401,0.00547790527344,-0.00273895263672,-0.00273895263672,2.67059820182e-15,2.15795245797e-15,6.07324774316e-16,2.73226760328e-07,-1.36613380164e-07,-1.36613380164e-07,4.84565137215e-20,6.0032355075e-20,1.57569053274e-20,0.0687351226807,0,331.471740723,1.04360964315e-14,-1.7763568394e-15,7.09753843684e-15,1.55327123098e-15,5.02984268294e-15,-0.0574035644531,2.35367281221e-14,1.42108547152e-14,4.85469789525e-15,3.51923178988e-15,-8.34991738634e-16,-0.00194843753707,1325.88696289
90,89.9902572632,-0.00974273681641,CYCLIC_500,0.64118283987,-85.5055160522,42.7527580261,42.7527580261,-3.19692539054e-15,2.84711203298e-15,-2.19734097899e-15,-0.00177300756332,0.000886503781658,0.000886503781658,-4.12108644652e-19,-7.82963802156e-20,-1.12802341445e-19,6.31013917923,0,0.0070925951004,0.00548553466797,-0.00274276733398,-0.00274276733398,-4.54088227328e-15,-1.45296154937e-15,-6.85362942142e-16,2.73110345006e-07,-1.36555172503e-07,-1.36555172503e-07,-1.49311118781e-19,4.4582501776e-20,-9.52845139964e-21,0.0687003135681,0,331.414398193,-6.2172489379e-15,-8.881784197e-16,-2.78483615899e-15,-9.92867751954e-15,2.11358009114e-15,-0.0573425292969,-1.66533453694e-14,8.881784197e-16,-9.88237459583e-15,-1.14819487505e-14,-2.9162625918e-15,-0.00194843753707,1325.65759277
91,90.9902572632,-0.00974273681641,CYCLIC_500,0.648274362087,-85.5000305176,42.7500152588,42.7500152588,-1.29785638005e-15,2.00255494979e-15,-2.34956399302e-15,-0.0017727346858,0.0008863673429,0.0008863673429,-4.84812343251e-19,-1.21563748828e-19,-1.29266775689e-19,6.37880468369,0,0.0070915222168,0.00548553466797,-0.00274276733398,-0.00274276733398,1.89906901048e-15,-8.44557083184e-16,-1.5222301403e-16,2.72877514362e-07,-1.36438757181e-07,-1.36438757181e-07,-7.27036985991e-20,-4.32673686126e-20,-1.64644342441e-20,0.0686655044556,0,331.357086182,-5.3290705182e-15,-5.3290705182e-15,-1.21034122844e-14,-1.13970341343e-14,2.42148095483e-15,-0.0573120117188,8.881784197e-16,-4.4408920985e-15,-9.31857612537e-15,-1.46835661477e-15,3.07900863693e-16,-0.00194843753707,1325.42834473
92,91.9902572632,-0.00974273681641,CYCLIC_500,0.655364751816,-85.4945449829,42.7472724915,42.7472724915,1.26784467511e-15,2.78446014254e-16,-2.31563442403e-15,-0.0017724619247,0.000886230962351,0.000886230962351,-4.24593790749e-19,-1.80114810834e-19,-1.28921504625e-19,6.44743490219,0,0.00709038972855,0.00548553466797,-0.00274276733398,-0.00274276733398,2.56570105516e-15,-1.72410893554e-15,3.39295689897e-17,2.72761099041e-07,-1.3638054952e-07,-1.3638054952e-07,6.0218552502e-20,-5.85510620061e-20,3.45271064378e-22,0.0686302185059,0,331.299804688,1.7763568394e-15,8.881784197e-16,-1.5536917213e-14,-9.62682590708e-15,6.38247253455e-16,-0.0572814941406,7.1054273576e-15,6.2172489379e-15,-3.43350492863e-15,1.77020822724e-15,-1.78323370138e-15,-0.00194843753707,1325.19921875
93,92.9902572632,-0.00974273681641,CYCLIC_500,0.662454009056,-85.4890670776,42.7445335388,42.7445335388,2.55107182754e-16,1.99922476697e-15,-1.84088256524e-15,-0.00177218928002,0.000886094640009,0.000886094640009,-4.4695688195e-19,-2.06905769966e-19,-1.32399213248e-19,6.51603031158,0,0.0070892572403,0.00547790527344,-0.00273895263672,-0.00273895263672,-1.01273749236e-15,1.72077875271e-15,4.74751858789e-16,2.72644683719e-07,-1.36322341859e-07,-1.36322341859e-07,-2.23630912011e-20,-2.67909591317e-20,-3.4777086235e-21,0.0685954093933,0,331.242553711,-4.4408920985e-15,-7.1054273576e-15,5.16630620561e-15,-7.65935600826e-15,4.27867033368e-15,-0.0572509765625,-6.2172489379e-15,-7.9936057773e-15,2.07032234186e-14,1.96746989882e-15,3.64042308022e-15,-0.00194843753707,1324.97021484
94,93.9902572632,-0.00974273681641,CYCLIC_500,0.669542253017,-85.483581543,42.7417907715,42.7417907715,-2.36224156327e-15,3.84047929217e-15,-1.8151935668e-15,-0.00177191686817,0.000885958434083,0.000885958434083,-5.18646228109e-19,-1.27918344164e-19,-1.20364050779e-19,6.58459091187,0,0.00708824396133,0.00548553466797,-0.00274276733398,-0.00274276733398,-2.61734874602e-15,1.8412545252e-15,2.56889984448e-17,2.72411853075e-07,-1.36205926538e-07,-1.36205926538e-07,-7.16893461587e-20,7.89874258017e-20,1.20351624693e-20,0.0685606002808,0,331.18536377,4.66293670343e-15,0,-1.23376992682e-14,-6.47092233541e-15,2.07797558398e-15,-0.0571899414062,9.10382880193e-15,7.1054273576e-15,-1.75040054738e-14,1.18843367284e-15,-2.2006947497e-15,-0.00194843753707,1324.74145508
95,94.9902572632,-0.00974273681641,CYCLIC_500,0.676629364491,-85.4780960083,42.7390480042,42.7390480042,2.28744524365e-15,2.67163715349e-15,-1.71702903381e-15,-0.00177164468914,0.000885822344571,0.000885822344571,-4.38943101347e-19,-7.1538694274e-20,-1.1401947279e-19,6.65311670303,0,0.00708711147308,0.00548553466797,-0.00274276733398,-0.00274276733398,4.64968680691e-15,-1.16884213868e-15,9.81645329883e-17,2.72179022431e-07,-1.36089511216e-07,-1.36089511216e-07,7.97031267621e-20,5.63796498902e-20,6.34457798904e-21,0.0685257911682,0,331.128173828,6.2172489379e-15,7.9936057773e-15,-1.5617726636e-14,-6.03033777732e-15,6.45780466703e-15,-0.0571899414062,1.55431223448e-15,7.9936057773e-15,-3.28002736782e-15,4.40584558091e-16,4.37982908305e-15,-0.00194843753707,1324.51269531
96,95.9902572632,-0.00974273681641,CYCLIC_500,0.68371540308,-85.4726028442,42.7363014221,42.7363014221,-6.31820189136e-16,1.91086430823e-15,-2.0117077165e-15,-0.00177137251012,0.00088568625506,0.00088568625506,-4.72125518363e-19,-5.80801381475e-20,-1.14126432231e-19,6.72160768509,0,0.00708603858948,0.0054931640625,-0.00274658203125,-0.00274658203125,-2.91926543278e-15,-7.60772845263e-16,-2.94678682695e-16,2.72179022431e-07,-1.36089511216e-07,-1.36089511216e-07,-3.31824170165e-20,1.34585561265e-20,-1.06959441328e-22,0.0684909820557,0,331.071044922,-1.55431223448e-15,0,-6.29801760577e-15,-8.10607460028e-15,4.1062406307e-15,-0.05712890625,-7.77156117238e-15,-7.9936057773e-15,9.31970903028e-15,-2.07573682296e-15,-2.35156403633e-15,-0.00194843753707,1324.28417969
97,96.9902572632,-0.00974273681641,CYCLIC_500,0.690800368786,-85.4671173096,42.7335586548,42.7335586548,-1.51667247258e-15,2.99259000453e-15,-2.10918859257e-15,-0.00177110068034,0.000885550340172,0.000885550340172,-5.45086795068e-19,-2.84596271887e-20,-1.21904016924e-19,6.79006385803,0,0.00708496570587,0.00548553466797,-0.00274276733398,-0.00274276733398,-8.84852283444e-16,1.0817256963e-15,-9.74808760703e-17,2.71829776466e-07,-1.35914888233e-07,-1.35914888233e-07,-7.29612767046e-20,2.96205109588e-20,-7.77758469268e-21,0.0684561729431,0,331.013946533,-3.10862446895e-15,-7.9936057773e-15,2.93105232307e-15,1.70268186071e-15,5.02054856098e-15,-0.0570983886719,-1.55431223448e-15,-7.9936057773e-15,9.22906992884e-15,9.80875646099e-15,9.14307930285e-16,-0.00194843753707,1324.05578613
98,97.9902572632,-0.00974273681641,CYCLIC_500,0.697884202003,-85.4616317749,42.7308158875,42.7308158875,-2.41237543006e-15,2.10524520091e-16,-2.17750898135e-15,-0.00177082896698,0.000885414483491,0.000885414483491,-5.76932673098e-19,-6.30892656522e-20,-1.29811445143e-19,6.85848522186,0,0.00708383321762,0.00548553466797,-0.00274276733398,-0.00274276733398,-8.95702957478e-16,-2.78206548444e-15,-6.83203887781e-17,2.71713361144e-07,-1.35856680572e-07,-1.35856680572e-07,-3.18458780304e-20,-3.46296384635e-20,-7.90742821894e-21,0.0684213638306,0,330.956878662,-1.33226762955e-14,-6.2172489379e-15,-1.57413055816e-14,5.69324504145e-15,3.21926338313e-15,-0.0570678710938,-1.02140518266e-14,1.7763568394e-15,-1.86723579046e-14,3.99056318074e-15,-1.80128517786e-15,-0.00194843753707,1323.82751465
99,98.9902572632,-0.00974273681641,CYCLIC_500,0.704966962337,-85.4561462402,42.7280731201,42.7280731201,5.73013307484e-15,2.34068367975e-15,-1.28106229586e-15,-0.00177055737004,0.000885278685018,0.000885278685018,-3.19801871203e-19,-7.64537667387e-20,-1.16713739591e-19,6.92687225342,0,0.00708276033401,0.00548553466797,-0.00274276733398,-0.00274276733398,8.1425085049e-15,2.13015915966e-15,8.96446685493e-16,2.71596945822e-07,-1.35798472911e-07,-1.35798472911e-07,2.57130801896e-19,-1.33645010865e-20,1.30977055515e-20,0.0683870315552,0,330.899841309,-1.33226762955e-15,-1.7763568394e-15,-4.80840955639e-15,4.70079416602e-15,4.19067036025e-15,-0.0570373535156,1.1990408666e-14,4.4408920985e-15,1.09328960252e-14,-9.92450875425e-16,9.71406977125e-16,-0.00194843753707,1323.59936523
100,99.9902572632,-0.00974273681641,CYCLIC_500,0.712048649788,-85.4506530762,42.7253265381,42.7253265381,1.09488636815e-16,1.25566658216e-15,-2.03852653655e-15,-0.00177028600592,0.000885143002961,0.000885143002961,-3.58274938951e-19,-1.30763006174e-19,-1.30166036933e-19,6.99522447586,0,0.00708168745041,0.0054931640625,-0.00274658203125,-0.00274658203125,-5.62064443802e-15,-1.08501709759e-15,-7.57464240686e-16,2.71364115179e-07,-1.35682057589e-07,-1.35682057589e-07,-3.84730677485e-20,-5.43092394352e-20,-1.3452297342e-20,0.0683522224426,0,330.84286499,-3.77475828373e-15,8.881784197e-16,-9.44144978195e-15,-3.20640764645e-15,2.94302357206e-15,-0.0569763183594,-2.44249065418e-15,2.6645352591e-15,-4.63304022557e-15,-7.90720181247e-15,-1.24764678819e-15,-0.00194843753707,1323.37145996
101,100.990257263,-0.00974273681641,CYCLIC_500,0.719129264355,-85.4451675415,42.7225837708,42.7225837708,3.63564504016e-16,1.73712934071e-15,-1.97860362744e-15,-0.00177001475822,0.000885007379111,0.000885007379111,-3.20401540796e-19,-1.50384390271e-19,-1.28804518749e-19,7.06354188919,0,0.0070806145668,0.00548553466797,-0.00274276733398,-0.00274276733398,2.54075867201e-16,4.81462758555e-16,5.99229091021e-17,2.71247699857e-07,-1.35623849928e-07,-1.35623849928e-07,3.78733981551e-20,-1.96213840971e-20,1.36151818466e-21,0.0683174133301,0,330.785919189,-1.1768364061e-14,-1.42108547152e-14,-1.20874367003e-14,-1.1992189566e-14,3.3815729052e-15,-0.0569458007812,-7.9936057773e-15,-1.50990331349e-14,-2.64598691839e-15,-8.78578191951e-15,4.38549333134e-16,-0.00194843753707,1323.14367676
102,101.990257263,-0.00974273681641,CYCLIC_500,0.726208806038,-85.4396743774,42.7198371887,42.7198371887,1.04966124837e-15,3.70976838879e-16,-2.09734366399e-15,-0.00176974362694,0.000884871813469,0.000884871813469,-3.51556884977e-19,-2.0115941976e-19,-1.46558761525e-19,7.13182449341,0,0.0070795416832,0.0054931640625,-0.00274658203125,-0.00274658203125,6.86096744351e-16,-1.36615250184e-15,-1.18740036544e-16,2.71131284535e-07,-1.35565642267e-07,-1.35565642267e-07,-3.11553441815e-20,-5.07750294887e-20,-1.77542427763e-20,0.0682826042175,0,330.728973389,-9.32587340685e-15,-1.06581410364e-14,4.91783379885e-15,-1.89770584992e-16,5.8561846485e-15,-0.0569458007812,2.44249065418e-15,3.5527136788e-15,1.70052704992e-14,1.1802418981e-14,2.4746117433e-15,-0.00194843753707,1322.91589355
103,102.990257263,-0.00974273681641,CYCLIC_500,0.733287215233,-85.4341812134,42.7170906067,42.7170906067,-2.65747133519e-15,3.01625694219e-15,-2.16002451567e-15,-0.00176947272848,0.000884736364242,0.000884736364242,-4.33232811752e-19,-1.79385977473e-19,-1.57366181574e-19,7.20007276535,0,0.00707840919495,0.0054931640625,-0.00274658203125,-0.00274658203125,-3.70713258356e-15,2.64528010331e-15,-6.26808516871e-17,2.70898453891e-07,-1.35449226946e-07,-1.35449226946e-07,-8.16759267746e-20,2.17734422869e-20,-1.0807420049e-20,0.0682482719421,0,330.672088623,-4.21884749358e-15,-1.06581410364e-14,1.29378103588e-14,-1.2070659929e-14,4.8397752923e-15,-0.056884765625,5.10702591328e-15,0,8.01997655993e-15,-1.1880889344e-14,-1.01640935619e-15,-0.00194843753707,1322.68835449
104,103.990257263,-0.00974273681641,CYCLIC_500,0.740364551544,-85.4286956787,42.7143478394,42.7143478394,3.12837370221e-15,1.72999018969e-15,-1.55503084267e-15,-0.00176920206286,0.00088460103143,0.00088460103143,-2.55324826704e-19,-1.74706251625e-19,-1.40656516046e-19,7.26828622818,0,0.00707733631134,0.00548553466797,-0.00274276733398,-0.00274276733398,5.7858450374e-15,-1.28626675249e-15,6.04993673006e-16,2.70665623248e-07,-1.35332811624e-07,-1.35332811624e-07,1.77907985048e-19,4.6797258479e-21,1.67096655279e-20,0.0682134628296,0,330.615234375,0,-4.4408920985e-15,4.36391526627e-15,5.3554161016e-16,3.06411341697e-15,-0.0568542480469,4.21884749358e-15,6.2172489379e-15,-8.57389509251e-15,1.26062015392e-14,-1.77566187534e-15,-0.00194843753707,1322.4609375
105,104.990257263,-0.00974273681641,CYCLIC_500,0.747440814972,-85.4232025146,42.7116012573,42.7116012573,1.09685926339e-15,2.60041389885e-15,-1.8390738091e-15,-0.00176893151365,0.000884465756826,0.000884465756826,-2.39414080323e-19,-1.46412612787e-19,-1.19705555235e-19,7.3364648819,0,0.00707626342773,0.0054931640625,-0.00274658203125,-0.00274658203125,-2.03151443881e-15,8.70423709153e-16,-2.84042966432e-16,2.70549207926e-07,-1.35274603963e-07,-1.35274603963e-07,1.5910746381e-20,2.82936388383e-20,2.09509608115e-20,0.068178653717,0,330.558441162,0,-8.881784197e-16,5.96270662934e-15,3.43073320522e-15,2.57877882449e-15,-0.0567932128906,0,3.5527136788e-15,1.59879136308e-15,2.89519159506e-15,-4.85334592479e-16,-0.00194843753707,1322.23376465
106,105.990257263,-0.00974273681641,CYCLIC_500,0.754516005516,-85.4177093506,42.7088546753,42.7088546753,-1.20423941352e-16,2.38329508168e-15,-2.23175346595e-15,-0.00176866108086,0.00088433054043,0.00088433054043,-3.08983197781e-19,-1.50156376804e-19,-1.34071782746e-19,7.40460968018,0,0.00707519054413,0.0054931640625,-0.00274658203125,-0.00274658203125,-1.21728320475e-15,-2.17118817169e-16,-3.92679656847e-16,2.70432792604e-07,-1.35216396302e-07,-1.35216396302e-07,-6.95691174588e-20,-3.74376401758e-21,-1.43662275115e-20,0.0681447982788,0,330.501647949,-1.11022302463e-14,-7.9936057773e-15,-4.2855365151e-15,-4.37089784854e-15,9.63715983973e-15,-0.0567932128906,-1.11022302463e-14,-7.1054273576e-15,-1.02482431444e-14,-7.80163105376e-15,7.05838101524e-15,-0.00194843753707,1322.0065918
107,106.990257263,-0.00974273681641,CYCLIC_500,0.761590123177,-85.4122161865,42.7061080933,42.7061080933,1.57778117487e-15,1.74618663093e-15,-1.86799151723e-15,-0.0017683908809,0.000884195440449,0.000884195440449,-2.62352293078e-19,-1.79219017852e-19,-1.35604326278e-19,7.47271966934,0,0.00707411766052,0.0054931640625,-0.00274658203125,-0.00274658203125,1.69820511622e-15,-6.37108450745e-16,3.63761948719e-16,2.7019996196e-07,-1.3509998098e-07,-1.3509998098e-07,4.6630904703e-20,-2.90626410474e-20,-1.53254353183e-21,0.0681099891663,0,330.444915771,4.88498130835e-15,2.6645352591e-15,1.40466175083e-14,-1.0468511853e-14,6.96001842916e-15,-0.0567321777344,1.59872115546e-14,1.06581410364e-14,1.83321540234e-14,-6.09761400443e-15,-2.67714141057e-15,-0.00194843753707,1321.77966309
108,107.990257263,-0.00974273681641,CYCLIC_500,0.768663167953,-85.4067230225,42.7033615112,42.7033615112,-1.29625295661e-15,1.67583261035e-15,-2.32296739422e-15,-0.00176812091377,0.000884060456883,0.000884060456883,-3.84450461975e-19,-1.35229089203e-19,-1.47256056202e-19,7.5407948494,0,0.00707304477692,0.0054931640625,-0.00274658203125,-0.00274658203125,-2.87403413148e-15,-7.03540205859e-17,-4.54975876994e-16,2.69967131317e-07,-1.34983565658e-07,-1.34983565658e-07,-1.22098168896e-19,4.39899286491e-20,-1.16517299241e-20,0.0680751800537,0,330.388183594,2.22044604925e-16,-2.6645352591e-15,5.79731493057e-15,-1.29950979499e-14,8.60277093537e-15,-0.0567321777344,-4.66293670343e-15,-5.3290705182e-15,-8.2493025777e-15,-2.52658609688e-15,1.64275250622e-15,-0.00194843753707,1321.55273438
109,108.990257263,-0.00974273681641,CYCLIC_500,0.775735080242,-85.4012298584,42.7006149292,42.7006149292,3.38649949366e-15,1.21400282481e-15,-1.70613673108e-15,-0.00176785094664,0.000883925473318,0.000883925473318,-2.77477781717e-19,-1.43043700325e-19,-1.42167282271e-19,7.60883617401,0,0.00707191228867,0.0054931640625,-0.00274658203125,-0.00274658203125,4.68275245027e-15,-4.61829785535e-16,6.1683066314e-16,2.69967131317e-07,-1.34983565658e-07,-1.34983565658e-07,1.06972680257e-19,-7.81461112251e-21,5.08877393095e-21,0.0680413246155,0,330.331512451,2.88657986403e-15,8.881784197e-16,-1.07517170012e-14,-6.33229316456e-15,4.87313576434e-15,-0.0566711425781,2.6645352591e-15,3.5527136788e-15,-1.65490319318e-14,6.6628047853e-15,-3.72963517103e-15,-0.00194843753707,1321.3260498
110,109.990257263,-0.00974273681641,CYCLIC_500,0.782805979252,-85.3957366943,42.6978683472,42.6978683472,5.23760114332e-16,1.37355106249e-15,-1.50905450971e-15,-0.00176758121233,0.000883790606167,0.000883790606167,-3.5797338315e-19,-1.62578365359e-19,-1.3894402438e-19,7.67684268951,0,0.0070708990097,0.0054931640625,-0.00274658203125,-0.00274658203125,-2.86273937933e-15,1.59548237676e-16,1.97082221369e-16,2.69734300673e-07,-1.34867150337e-07,-1.34867150337e-07,-8.04956014328e-20,-1.95346650343e-20,3.22325789083e-21,0.0680065155029,0,330.274871826,4.21884749358e-15,8.881784197e-16,4.04244621193e-16,-1.53642651175e-16,6.1825353572e-15,-0.056640625,1.33226762955e-15,0,1.11559616224e-14,6.17865051338e-15,1.30939959286e-15,-0.00194843753707,1321.0994873
111,110.990257263,-0.00974273681641,CYCLIC_500,0.789875745773,-85.3902435303,42.6951217651,42.6951217651,-1.61784812291e-15,2.64134580401e-15,-1.46258047873e-15,-0.00176731171086,0.000883655855432,0.000883655855432,-4.58360603901e-19,-1.60325145768e-19,-1.30933208278e-19,7.74481487274,0,0.00706976652145,0.0054931640625,-0.00274658203125,-0.00274658203125,-2.14160823724e-15,1.26779474152e-15,4.64740309855e-17,2.69501470029e-07,-1.34750735015e-07,-1.34750735015e-07,-1.00387220751e-19,2.25321959181e-21,8.01081610199e-21,0.0679721832275,0,330.218261719,-2.22044604925e-15,-2.6645352591e-15,2.43599966071e-14,-3.27128846438e-15,6.62449050724e-15,-0.0566101074219,-6.43929354283e-15,-3.5527136788e-15,2.39557519859e-14,-3.11764581321e-15,4.41955150044e-16,-0.00194843753707,1320.87304688
112,111.990257263,-0.00974273681641,CYCLIC_500,0.796944439411,-85.3847427368,42.6923713684,42.6923713684,2.38948696862e-15,1.82922788323e-15,-1.86951038627e-15,-0.00176704232581,0.000883521162905,0.000883521162905,-3.49565803082e-19,-1.57513338136e-19,-1.21786133993e-19,7.81275272369,0,0.00706869363785,0.00550079345703,-0.00275039672852,-0.00275039672852,4.00733509153e-15,-8.12117920778e-16,-4.06929907541e-16,2.69385054708e-07,-1.34692527354e-07,-1.34692527354e-07,1.08794800819e-19,2.81180763166e-21,9.14707428523e-21,0.0679378509521,0,330.161712646,4.88498130835e-15,-2.6645352591e-15,-1.14127340488e-14,-1.58433734554e-14,3.02604608872e-15,-0.0565490722656,7.1054273576e-15,0,-3.57727306559e-14,-1.2572084991e-14,-3.59844441852e-15,-0.00194843753707,1320.64685059
113,112.990257263,-0.00974273681641,CYCLIC_500,0.804012060165,-85.3792495728,42.6896247864,42.6896247864,4.8763340284e-15,2.97853434311e-15,-1.37390354069e-15,-0.00176677317359,0.000883386586793,0.000883386586793,-1.98790035212e-19,-1.676428243e-19,-1.18854329233e-19,7.88065576553,0,0.00706762075424,0.0054931640625,-0.00274658203125,-0.00274658203125,2.48684705978e-15,1.14930645988e-15,4.9560684558e-16,2.69152224064e-07,-1.34576112032e-07,-1.34576112032e-07,1.5077576787e-19,-1.01294861642e-20,2.93180476018e-21,0.0679030418396,0,330.105163574,-1.42108547152e-14,-1.42108547152e-14,7.48606363531e-15,-1.28216846232e-14,5.27191114673e-15,-0.0565490722656,-1.90958360236e-14,-1.15463194561e-14,1.88987976841e-14,3.02168883213e-15,2.24586505801e-15,-0.00194843753707,1320.4206543
114,113.990257263,-0.00974273681641,CYCLIC_500,0.811078608036,-85.3737487793,42.6868743896,42.6868743896,2.79610267326e-15,2.00892371111e-15,-1.92090133102e-15,-0.00176650413778,0.000883252068888,0.000883252068888,-1.45893217982e-19,-9.76673539615e-20,-1.23784886293e-19,7.94852495193,0,0.00706654787064,0.00550079345703,-0.00275039672852,-0.00275039672852,-2.08023135514e-15,-9.69610632002e-16,-5.46997790328e-16,2.69035808742e-07,-1.34517904371e-07,-1.34517904371e-07,5.28968172302e-20,6.99754703386e-20,-4.93055705955e-21,0.0678691864014,0,330.048675537,1.15463194561e-14,9.7699626167e-15,-1.19110116091e-14,-1.18920939753e-14,2.50229589187e-15,-0.0564880371094,2.57571741713e-14,2.39808173319e-14,-1.93970752444e-14,9.29590647967e-16,-2.76961525486e-15,-0.00194843753707,1320.19470215
115,114.990257263,-0.00974273681641,CYCLIC_500,0.818144083023,-85.3682556152,42.6841278076,42.6841278076,2.92463258095e-16,2.20854834819e-15,-2.50127524364e-15,-0.00176623521838,0.000883117609192,0.000883117609192,-3.61215039347e-20,-8.40343091739e-20,-1.20458309585e-19,8.0163602829,0,0.00706547498703,0.0054931640625,-0.00274658203125,-0.00274658203125,-2.50363941517e-15,1.99624637082e-16,-5.80373912622e-16,2.6891939342e-07,-1.3445969671e-07,-1.3445969671e-07,1.09771714047e-19,1.36330447876e-20,3.32657670753e-21,0.0678353309631,0,329.992218018,1.99840144433e-15,-2.6645352591e-15,5.38470814204e-15,-1.27346376876e-14,4.17983532655e-15,-0.0564575195312,-9.54791801178e-15,-1.24344978758e-14,1.72957197512e-14,-8.42543712339e-16,1.67753943467e-15,-0.00194843753707,1319.96887207
116,115.990257263,-0.00974273681641,CYCLIC_500,0.825208485126,-85.3627548218,42.6813774109,42.6813774109,2.46367925614e-15,1.95417107789e-15,-1.8878446361e-15,-0.00176596653182,0.00088298326591,0.00088298326591,2.50598243982e-21,-8.47016128992e-20,-1.21424755424e-19,8.08416080475,0,0.00706440210342,0.00550079345703,-0.00275039672852,-0.00275039672852,2.17121599805e-15,-2.54377270309e-16,6.13430607542e-16,2.68686562777e-07,-1.34343281388e-07,-1.34343281388e-07,3.86274863745e-20,-6.6730372537e-22,-9.66445839082e-22,0.0678005218506,0,329.935791016,-5.55111512313e-15,-1.7763568394e-15,1.24856553174e-14,-6.87576459129e-15,8.91970445915e-15,-0.0564270019531,-7.54951656745e-15,8.881784197e-16,7.10094717535e-15,5.85887309633e-15,4.7398691326e-15,-0.00194843753707,1319.74316406
117,116.990257263,-0.00974273681641,CYCLIC_500,0.832271814346,-85.3572616577,42.6786308289,42.6786308289,1.96286305702e-15,1.28594811259e-15,-1.9877671442e-15,-0.00176569796167,0.000882848980837,0.000882848980837,8.04792323039e-20,-9.45518323065e-20,-1.1094164147e-19,8.15192699432,0,0.00706332921982,0.0054931640625,-0.00274658203125,-0.00274658203125,-5.00816199122e-16,-6.68222965291e-16,-9.99225080977e-17,2.68570147455e-07,-1.34285073727e-07,-1.34285073727e-07,7.79732498641e-20,-9.85021940727e-21,1.0483113954e-20,0.0677661895752,0,329.879394531,-4.4408920985e-16,-3.5527136788e-15,-5.18977819996e-15,-7.63631481288e-15,3.24115121741e-15,-0.056396484375,5.10702591328e-15,-1.7763568394e-15,-1.76754335173e-14,-7.60550221595e-16,-5.67855324174e-15,-0.00194843753707,1319.51757812
118,117.990257263,-0.00974273681641,CYCLIC_500,0.839334070683,-85.3517608643,42.6758804321,42.6758804321,-2.18532133332e-15,1.89098031236e-15,-1.97447728659e-15,-0.00176542962436,0.000882714812178,0.000882714812178,4.67786339906e-20,-1.09527636798e-19,-1.04081696941e-19,8.21965885162,0,0.00706225633621,0.00550079345703,-0.00275039672852,-0.00275039672852,-4.14818439034e-15,6.0503219977e-16,1.32898576069e-17,2.68337316811e-07,-1.34168658406e-07,-1.34168658406e-07,-3.37005983134e-20,-1.49758044911e-20,6.85994452922e-21,0.0677318572998,0,329.823028564,-2.44249065418e-15,-8.881784197e-15,-1.27317075293e-14,-6.94032241174e-15,4.27095060774e-15,-0.0563659667969,-1.99840144433e-15,-5.3290705182e-15,-7.54192932938e-15,6.95992401145e-16,1.02979939034e-15,-0.00194843753707,1319.29211426
119,118.990257263,-0.00974273681641,CYCLIC_500,0.846395254135,-85.3462600708,42.6731300354,42.6731300354,2.39468670536e-15,1.85319858311e-15,-1.74288822508e-15,-0.00176516140345,0.000882580701727,0.000882580701727,8.97328307307e-20,-9.05760121183e-20,-1.05449662631e-19,8.28735637665,0,0.00706118345261,0.00550079345703,-0.00275039672852,-0.00275039672852,4.58000803868e-15,-3.778172925e-17,2.3158906151e-16,2.68220901489e-07,-1.34110450745e-07,-1.34110450745e-07,4.29541967402e-20,1.89516246793e-20,-1.36796568998e-21,0.0676975250244,0,329.766723633,1.55431223448e-15,4.4408920985e-15,-8.76694687138e-15,1.75695279689e-15,5.33000344558e-15,-0.0563049316406,3.99680288865e-15,1.33226762955e-14,3.96476065796e-15,8.69727520862e-15,1.05905283784e-15,-0.00194843753707,1319.06689453
120,119.990257263,-0.00974273681641,CYCLIC_500,0.853455364704,-85.3407592773,42.6703796387,42.6703796387,-1.6624080381e-15,2.81595257605e-15,-1.74136417623e-15,-0.00176489341538,0.000882446707692,0.000882446707692,3.52546897386e-20,-3.08523795886e-20,-8.75503332638e-20,8.35502052307,0,0.007060110569,0.00550079345703,-0.00275039672852,-0.00275039672852,-4.05709474347e-15,9.62753992938e-16,1.52404884577e-18,2.67988070846e-07,-1.33994035423e-07,-1.33994035423e-07,-5.44781409921e-20,5.97236325296e-20,1.78993293672e-20,0.0676641464233,0,329.710418701,-8.21565038223e-15,-5.3290705182e-15,-1.60857747965e-15,-4.41442480044e-15,2.6181601523e-15,-0.0563049316406,-9.7699626167e-15,-9.7699626167e-15,7.15836939173e-15,-6.17137759733e-15,-2.71184329328e-15,-0.00194843753707,1318.8416748
121,120.990257263,-0.00974273681641,CYCLIC_500,0.86051440239,-85.3352584839,42.6676292419,42.6676292419,-1.95204266938e-15,1.62298447776e-15,-1.95048446376e-15,-0.00176462554373,0.000882312771864,0.000882312771864,-8.45798638684e-20,-2.97019773439e-20,-1.04735458007e-19,8.42264938354,0,0.00705903768539,0.00550079345703,-0.00275039672852,-0.00275039672852,-2.89634631273e-16,-1.19296809829e-15,-2.0912028753e-16,2.67871655524e-07,-1.33935827762e-07,-1.33935827762e-07,-1.19834553607e-19,1.1504022447e-21,-1.71851247434e-20,0.0676288604736,0,329.654174805,-4.88498130835e-15,-1.7763568394e-15,-8.85003951972e-16,-5.76757486925e-15,5.05214865371e-15,-0.0562438964844,3.33066907388e-15,3.5527136788e-15,7.23573527678e-16,-1.35315006881e-15,2.43398850141e-15,-0.00194843753707,1318.61669922
122,121.990257263,-0.00974273681641,CYCLIC_500,0.867572367191,-85.3297576904,42.6648788452,42.6648788452,-6.39613305841e-16,1.61790606215e-15,-1.62176263274e-15,-0.00176435778849,0.000882178894244,0.000882178894244,-9.72740521985e-20,-7.43582637921e-20,-9.94152059829e-20,8.49024486542,0,0.00705796480179,0.00550079345703,-0.00275039672852,-0.00275039672852,1.31242936354e-15,-5.07841560697e-18,3.28721831027e-16,2.67755240202e-07,-1.33877620101e-07,-1.33877620101e-07,-1.26941883301e-20,-4.46562864482e-20,5.32025202432e-21,0.0675954818726,0,329.597961426,1.99840144433e-15,-2.6645352591e-15,3.9320936743e-15,-9.59848484641e-15,6.28790852562e-15,-0.0562133789062,6.88338275268e-15,-8.881784197e-16,4.81709762627e-15,-3.83090997715e-15,1.23575987191e-15,-0.00194843753707,1318.3918457
123,122.990257263,-0.00974273681641,CYCLIC_500,0.874629318714,-85.324256897,42.6621284485,42.6621284485,-1.16998767422e-15,2.42579448997e-15,-2.20092662662e-15,-0.00176409026608,0.000882045133039,0.000882045133039,-5.1281947417e-20,-7.66499515233e-20,-1.07645393776e-19,8.55780601501,0,0.00705695152283,0.00550079345703,-0.00275039672852,-0.00275039672852,-5.30374368383e-16,8.07888427812e-16,-5.79163993886e-16,2.67522409558e-07,-1.33761204779e-07,-1.33761204779e-07,4.59921047815e-20,-2.29168773121e-21,-8.23018779317e-21,0.0675611495972,0,329.541778564,-9.99200722163e-15,-1.15463194561e-14,3.07464126226e-15,-1.3303210949e-14,7.26677683731e-15,-0.0561828613281,-1.1990408666e-14,-8.881784197e-15,-8.57452412035e-16,-3.70472610257e-15,9.78868311686e-16,-0.00194843753707,1318.16711426
124,123.990257263,-0.00974273681641,CYCLIC_500,0.881685137749,-85.3187561035,42.6593780518,42.6593780518,1.82037458734e-16,1.10366522937e-15,-2.13371898767e-15,-0.0017638229765,0.00088191148825,0.00088191148825,8.06695904736e-20,-4.25005091768e-20,-9.90534788509e-20,8.62533378601,0,0.00705581903458,0.00550079345703,-0.00275039672852,-0.00275039672852,1.35202513296e-15,-1.32212926059e-15,6.72076389484e-17,2.67289578915e-07,-1.33644789457e-07,-1.33644789457e-07,1.31951537891e-19,3.41494423465e-20,8.59191492517e-21,0.0675277709961,0,329.485626221,1.04360964315e-14,1.06581410364e-14,-1.16942247495e-14,-1.35389330184e-14,7.44382657397e-15,-0.05615234375,2.04281036531e-14,2.22044604925e-14,-1.47688660117e-14,-2.35722069441e-16,1.77049736656e-16,-0.00194843753707,1317.94250488
125,124.990257263,-0.00974273681641,CYCLIC_500,0.8887398839,-85.3132553101,42.656627655,42.656627655,1.07832586818e-15,2.36783790002e-15,-1.89419701366e-15,-0.00176355568692,0.00088177784346,0.00088177784346,1.36654101678e-19,-2.90162211901e-20,-1.11326853383e-19,8.69282722473,0,0.00705474615097,0.00550079345703,-0.00275039672852,-0.00275039672852,8.96288409446e-16,1.26417267065e-15,2.39521974014e-16,2.67289578915e-07,-1.33644789457e-07,-1.33644789457e-07,5.59845112046e-20,1.34842879867e-20,-1.22733745318e-20,0.0674934387207,0,329.429504395,-4.88498130835e-15,-4.4408920985e-15,-1.96512007722e-16,-4.56525321112e-16,3.04682367457e-15,-0.0561218261719,-1.53210777398e-14,-1.50990331349e-14,1.14977127417e-14,1.30824076973e-14,-4.3970028994e-15,-0.00194843753707,1317.71801758
126,125.990257263,-0.00974273681641,CYCLIC_500,0.895793557167,-85.3077468872,42.6538734436,42.6538734436,-1.27249174932e-15,3.31840636614e-15,-2.00626786247e-15,-0.00176328874659,0.000881644373294,0.000881644373294,3.45537333332e-20,-1.76703388741e-20,-1.15479252196e-19,8.76028633118,0,0.00705367326736,0.00550842285156,-0.00275421142578,-0.00275421142578,-2.3508176175e-15,9.50568466117e-16,-1.12070848808e-16,2.66940332949e-07,-1.33470166475e-07,-1.33470166475e-07,-1.02100368345e-19,1.1345882316e-20,-4.15239881325e-21,0.0674591064453,0,329.373443604,-1.13242748512e-14,-8.881784197e-15,1.56082033272e-14,6.26843079786e-16,5.82133372107e-15,-0.0560607910156,-6.43929354283e-15,-4.4408920985e-15,1.58047153349e-14,1.0833684009e-15,2.7745100465e-15,-0.00194843753707,1317.49377441
127,126.990257263,-0.00974273681641,CYCLIC_500,0.902846157551,-85.3022460938,42.6511230469,42.6511230469,1.87230805669e-15,2.18373934393e-15,-1.67597424352e-15,-0.00176302180625,0.000881510903127,0.000881510903127,9.90909204866e-20,-8.8846887983e-21,-1.11634641109e-19,8.82771110535,0,0.00705260038376,0.00550079345703,-0.00275039672852,-0.00275039672852,3.14479980601e-15,-1.13466702221e-15,3.30293618948e-16,2.66940332949e-07,-1.33470166475e-07,-1.33470166475e-07,6.45371871534e-20,8.78565007581e-21,3.84461108694e-21,0.0674247741699,0,329.31741333,-6.66133814775e-15,-3.5527136788e-15,-2.94976539846e-15,1.49093611763e-15,5.05490112698e-15,-0.0560302734375,4.66293670343e-15,5.3290705182e-15,-1.85579687256e-14,8.64093037845e-16,-7.66432594099e-16,-0.00194843753707,1317.26965332
128,127.990257263,-0.00974273681641,CYCLIC_500,0.909897744656,-85.2967376709,42.6483688354,42.6483688354,1.44139189661e-15,2.53048414251e-15,-1.7989649958e-15,-0.00176275509875,0.000881377549376,0.000881377549376,1.07644402613e-19,-4.26314347426e-20,-1.12971943561e-19,8.89510250092,0,0.0070515871048,0.00550842285156,-0.00275421142578,-0.00275421142578,-4.30916160072e-16,3.46744798573e-16,-1.22990752276e-16,2.66707502306e-07,-1.33353751153e-07,-1.33353751153e-07,8.55348212674e-21,-3.37467459443e-20,-1.33730245203e-21,0.0673913955688,0,329.261383057,-7.32747196253e-15,-8.881784197e-15,-1.73045267506e-14,-2.4814681352e-14,3.3638809578e-15,-0.0560302734375,-6.66133814775e-16,-5.3290705182e-15,-1.43547613521e-14,-2.63056174697e-14,-1.69102016917e-15,-0.00194843753707,1317.04553223
129,128.990264893,-0.00973510742188,CYCLIC_500,0.916948199272,-85.2912368774,42.6456184387,42.6456184387,-1.64035414566e-15,2.21569028847e-15,-1.91174224878e-15,-0.00176248862408,0.000881244312041,0.000881244312041,3.04887723171e-20,-7.18550407751e-20,-1.2238103922e-19,8.96245956421,0,0.00705045461655,0.00550079345703,-0.00275039672852,-0.00275039672852,-3.08174604227e-15,-3.14793854036e-16,-1.12777252986e-16,2.66474671662e-07,-1.33237335831e-07,-1.33237335831e-07,-7.71556302962e-20,-2.92236060326e-20,-9.40909565921e-21,0.0673570632935,0,329.205413818,-2.44249065418e-15,2.6645352591e-15,-4.47747673528e-15,-9.22036790938e-15,6.10671542639e-15,-0.0559692382812,4.88498130835e-15,1.15463194561e-14,1.28270500153e-14,1.55943134427e-14,2.74283446858e-15,-0.00194843753707,1316.82165527
130,129.990264893,-0.00973510742188,CYCLIC_500,0.92399764061,-85.2857284546,42.6428642273,42.6428642273,-1.46478360481e-16,4.43713920653e-15,-1.72360896441e-15,-0.00176222226582,0.000881111132912,0.000881111132912,-1.44038575651e-20,-7.92002172065e-21,-1.20540381008e-19,9.0297832489,0,0.00704944133759,0.00550842285156,-0.00275421142578,-0.00275421142578,1.49387578518e-15,2.22144891806e-15,1.88133284367e-16,2.6635825634e-07,-1.3317912817e-07,-1.3317912817e-07,-4.48926298822e-20,6.39350190545e-20,1.84065821259e-21,0.0673236846924,0,329.149475098,2.44249065418e-15,3.5527136788e-15,-1.10110552294e-14,-8.34978080228e-15,6.61324626398e-15,-0.0559387207031,4.88498130835e-15,8.881784197e-16,-6.5335784941e-15,8.70587107103e-16,5.06530837595e-16,-0.00194843753707,1316.59790039
131,130.990264893,-0.00973510742188,CYCLIC_500,0.931046009064,-85.2802200317,42.6401100159,42.6401100159,-1.69695840614e-15,3.30763295408e-16,-2.31603066009e-15,-0.00176195602398,0.000880978011992,0.000880978011992,-3.42000982733e-20,-7.61569486471e-20,-1.35857239174e-19,9.09707260132,0,0.00704836845398,0.00550842285156,-0.00275421142578,-0.00275421142578,-1.55048004566e-15,-4.10637591112e-15,-5.92421695674e-16,2.66241841018e-07,-1.33120920509e-07,-1.33120920509e-07,-1.97962407082e-20,-6.82369269264e-20,-1.53168581662e-20,0.067289352417,0,329.093566895,-8.65973959208e-15,-7.9936057773e-15,4.69377071441e-15,-2.97960652801e-15,2.89602319613e-15,-0.055908203125,-1.11022302463e-14,-1.15463194561e-14,1.57048259438e-14,5.37017427427e-15,-3.71722306786e-15,-0.00194843753707,1316.37426758
132,131.990264893,-0.00973510742188,CYCLIC_500,0.938093304634,-85.2747192383,42.6373596191,42.6373596191,1.34133037916e-15,1.58382054956e-15,-1.58261144808e-15,-0.00176169001497,0.000880845007487,0.000880845007487,-3.0590427483e-20,-9.20060135269e-20,-1.30589939229e-19,9.16432762146,0,0.00704729557037,0.00550079345703,-0.00275039672852,-0.00275039672852,3.0382887853e-15,1.25305725415e-15,7.3341921201e-16,2.66009010375e-07,-1.33004505187e-07,-1.33004505187e-07,3.60967079034e-21,-1.58490648799e-20,5.26729994432e-21,0.0672550201416,0,329.037719727,-1.11022302463e-15,-8.881784197e-16,-2.44693570838e-14,-1.17547533136e-14,2.07080605888e-15,-0.0558471679688,7.54951656745e-15,7.1054273576e-15,-2.91631277982e-14,-8.77514678558e-15,-8.25217137242e-16,-0.00194843753707,1316.15087891
133,132.990264893,-0.00973510742188,CYCLIC_500,0.945139527321,-85.2692108154,42.6346054077,42.6346054077,-1.52863440421e-17,2.83120531009e-15,-1.51752745887e-15,-0.00176142412238,0.000880712061189,0.000880712061189,-7.87664288299e-20,-7.13609748425e-20,-1.20248817613e-19,9.231549263,0,0.00704622268677,0.00550842285156,-0.00275421142578,-0.00275421142578,-1.3566167232e-15,1.24738476053e-15,6.50839892104e-17,2.65892595053e-07,-1.32946297526e-07,-1.32946297526e-07,-4.81760013469e-20,2.06450386844e-20,1.03411216164e-20,0.0672216415405,0,328.981872559,1.55431223448e-15,0,-1.39650951995e-15,1.45368180867e-15,3.22240174607e-15,-0.0558471679688,2.6645352591e-15,8.881784197e-16,2.30728475639e-14,1.32084351223e-14,1.15159568719e-15,-0.00194843753707,1315.92749023
134,133.990264893,-0.00973510742188,CYCLIC_500,0.952184677124,-85.2637023926,42.6318511963,42.6318511963,4.12895581103e-15,2.35156330841e-15,-1.64334516458e-15,-0.00176115846261,0.000880579231307,0.000880579231307,-4.10501513703e-20,-5.23802881741e-20,-1.17328844201e-19,9.29873752594,0,0.00704514980316,0.00550842285156,-0.00275421142578,-0.00275421142578,4.14424215507e-15,-4.79642001678e-16,-1.25817705712e-16,2.65659764409e-07,-1.32829882205e-07,-1.32829882205e-07,3.77162774596e-20,1.89806866684e-20,2.91997341171e-21,0.0671882629395,0,328.926086426,8.65973959208e-15,7.1054273576e-15,7.03605763562e-15,-5.10582926748e-15,8.04426429001e-15,-0.0557861328125,7.1054273576e-15,7.1054273576e-15,8.43256715557e-15,-6.55951107615e-15,4.82186254394e-15,-0.00194843753707,1315.7043457
135,134.990264893,-0.00973510742188,CYCLIC_500,0.959228813648,-85.2581939697,42.6290969849,42.6290969849,1.02369982833e-15,9.82862528636e-16,-1.79961333293e-15,-0.00176089291926,0.000880446459632,0.000880446459632,-6.62437576923e-20,-6.45529746708e-20,-1.20357687183e-19,9.3658914566,0,0.0070441365242,0.00550842285156,-0.00275421142578,-0.00275421142578,-3.1052559827e-15,-1.36870077978e-15,-1.56268168348e-16,2.65543349087e-07,-1.32771674544e-07,-1.32771674544e-07,-2.5193606322e-20,-1.21726864968e-20,-3.0288429819e-21,0.0671539306641,0,328.870330811,-6.2172489379e-15,-4.4408920985e-15,-6.29707344196e-15,7.17191465293e-17,6.25876615193e-15,-0.0557556152344,-1.487698853e-14,-1.15463194561e-14,-1.33331310776e-14,5.17754841401e-15,-1.78549813808e-15,-0.00194843753707,1315.48132324
136,135.990264893,-0.00973510742188,CYCLIC_500,0.966271817684,-85.2526855469,42.6263427734,42.6263427734,-1.32765174997e-15,1.24335636117e-15,-2.17237368529e-15,-0.00176062749233,0.000880313746165,0.000880313746165,-1.24129987821e-19,-1.07178102161e-19,-1.28720728745e-19,9.43301200867,0,0.00704300403595,0.00550842285156,-0.00275421142578,-0.00275421142578,-2.3513515783e-15,2.60493832533e-16,-3.72760352363e-16,2.65426933765e-07,-1.32713466883e-07,-1.32713466883e-07,-5.7886230129e-20,-4.26251274904e-20,-8.36304156216e-21,0.067120552063,0,328.814575195,-3.33066907388e-15,3.5527136788e-15,-1.39742103328e-15,-5.04082287691e-15,6.32695167718e-15,-0.0557556152344,2.88657986403e-15,7.9936057773e-15,4.89965240869e-15,-5.11254202344e-15,6.81855252511e-17,-0.00194843753707,1315.25830078
137,136.990264893,-0.00973510742188,CYCLIC_500,0.973313808441,-85.2471694946,42.6235847473,42.6235847473,4.99422084469e-15,2.46915472196e-15,-1.67794303926e-15,-0.00176036229823,0.000880181149114,0.000880181149114,-4.16471479748e-20,-1.25280529814e-19,-1.18075654201e-19,9.50009918213,0,0.00704199075699,0.00551605224609,-0.00275802612305,-0.00275802612305,6.32187259466e-15,1.22579836079e-15,4.94430646035e-16,2.65194103122e-07,-1.32597051561e-07,-1.32597051561e-07,8.24828398465e-20,-1.81024276531e-20,1.06450745447e-20,0.0670871734619,0,328.758880615,-1.55431223448e-15,-5.3290705182e-15,3.38681105289e-15,-9.20173776382e-15,5.82171536236e-15,-0.0556945800781,1.7763568394e-15,-8.881784197e-15,4.78423208617e-15,-4.16091488691e-15,-5.05236314826e-16,-0.00194843753707,1315.03552246
138,137.990264893,-0.00973510742188,CYCLIC_500,0.980354726315,-85.2416610718,42.6208305359,42.6208305359,-2.82585792492e-15,8.80757001566e-16,-2.29245033652e-15,-0.00176009722054,0.00088004861027,0.00088004861027,-1.87546671189e-19,-1.34574970284e-19,-1.28439616584e-19,9.56715202332,0,0.00704091787338,0.00550842285156,-0.00275421142578,-0.00275421142578,-7.82007876961e-15,-1.58839772039e-15,-6.14507297261e-16,2.650776878e-07,-1.325388439e-07,-1.325388439e-07,-1.45899523215e-19,-9.29444046954e-21,-1.03639623834e-20,0.0670528411865,0,328.70324707,8.65973959208e-15,7.1054273576e-15,6.11879671687e-15,-5.21601877774e-15,6.72623351745e-15,-0.0556335449219,1.02140518266e-14,1.24344978758e-14,2.73198566398e-15,3.98571898608e-15,9.04518155091e-16,-0.00194843753707,1314.81298828
139,138.990264893,-0.00973510742188,CYCLIC_500,0.987394571304,-85.2361526489,42.6180763245,42.6180763245,1.34275277495e-15,-3.25826099178e-16,-2.45131219461e-15,-0.00175983237568,0.000879916187841,0.000879916187841,-1.39496572144e-19,-1.84979983467e-19,-1.61387884437e-19,9.63417053223,0,0.00703984498978,0.00550842285156,-0.00275421142578,-0.00275421142578,4.16861069987e-15,-1.20658310074e-15,-1.58861858093e-16,2.64844857156e-07,-1.32422428578e-07,-1.32422428578e-07,4.80500990455e-20,-5.0405013183e-20,-3.29482678527e-20,0.0670185089111,0,328.647613525,7.1054273576e-15,7.1054273576e-15,1.5276542832e-14,-6.15139836009e-15,5.34405475272e-15,-0.0556335449219,-1.55431223448e-15,0,9.15774611508e-15,-9.35379582356e-16,-1.38217876473e-15,-0.00194843753707,1314.5904541
140,139.990264893,-0.00973510742188,CYCLIC_500,0.994433403015,-85.2306442261,42.615322113,42.615322113,2.33904120015e-16,1.36690528169e-15,-1.74150438169e-15,-0.00175956764724,0.000879783823621,0.000879783823621,-2.1064056071e-19,-2.08390280477e-19,-1.58696261342e-19,9.70115661621,0,0.00703883171082,0.00550842285156,-0.00275421142578,-0.00275421142578,-1.10884865494e-15,1.69273138087e-15,7.09807812917e-16,2.64728441834e-07,-1.32364220917e-07,-1.32364220917e-07,-7.11439885657e-20,-2.34102970098e-20,2.69162309503e-21,0.0669860839844,0,328.592010498,6.43929354283e-15,-2.6645352591e-15,7.30519447985e-15,-8.26119587981e-16,1.89902953411e-15,-0.0556030273438,-6.66133814775e-16,-9.7699626167e-15,-7.9713483521e-15,5.32527877211e-15,-3.44502521861e-15,-0.00194843753707,1314.36804199
141,140.990264893,-0.00973510742188,CYCLIC_500,1.00147116184,-85.2251281738,42.6125640869,42.6125640869,-2.78431573665e-15,1.63165331735e-15,-2.23870852958e-15,-0.00175930303521,0.000879651517607,0.000879651517607,-2.38649796133e-19,-1.94005738871e-19,-1.70754244383e-19,9.76810836792,0,0.00703775882721,0.00551605224609,-0.00275802612305,-0.00275802612305,-3.01821985667e-15,2.64748035659e-16,-4.97204147887e-16,2.64612026513e-07,-1.32306013256e-07,-1.32306013256e-07,-2.80092354231e-20,1.43845416053e-20,-1.20579830414e-20,0.066951751709,0,328.536468506,8.65973959208e-15,8.881784197e-15,1.71301296936e-15,-2.17061044228e-15,6.18149271258e-15,-0.0555419921875,2.22044604925e-15,1.15463194561e-14,-5.59218151049e-15,-1.3444908543e-15,4.28246317847e-15,-0.00194843753707,1314.14587402
142,141.990264893,-0.00973510742188,CYCLIC_500,1.00850784779,-85.2196121216,42.6098060608,42.6098060608,-2.48082205818e-16,2.04520662301e-15,-2.23452752201e-15,-0.00175903865602,0.000879519328009,0.000879519328009,-3.46979538886e-19,-2.08112645059e-19,-1.90171105651e-19,9.83502674103,0,0.0070366859436,0.00551605224609,-0.00275802612305,-0.00275802612305,2.53623353084e-15,4.13553305661e-16,4.18100756721e-18,2.64379195869e-07,-1.32189597934e-07,-1.32189597934e-07,-1.08329742753e-19,-1.41069061875e-20,-1.94168612673e-20,0.0669183731079,0,328.480926514,3.10862446895e-15,4.4408920985e-15,1.01603810397e-14,-1.01197261052e-14,4.7086559685e-15,-0.0555419921875,-5.55111512313e-15,-4.4408920985e-15,8.44736807032e-15,-7.94911566291e-15,-1.47283674408e-15,-0.00194843753707,1313.92370605
143,142.990264893,-0.00973510742188,CYCLIC_500,1.01554346085,-85.2141036987,42.6070518494,42.6070518494,-2.20825238793e-15,3.64201200153e-15,-1.87609398956e-15,-0.00175877450965,0.000879387254827,0.000879387254827,-4.0116161465e-19,-1.8046645953e-19,-1.94562686686e-19,9.90191173553,0,0.00703561306,0.00550842285156,-0.00275421142578,-0.00275421142578,-1.96017018212e-15,1.59680537853e-15,3.58433532455e-16,2.64146365225e-07,-1.32073182613e-07,-1.32073182613e-07,-5.41820757641e-20,2.76461855291e-20,-4.39158103581e-21,0.0668849945068,0,328.425445557,7.54951656745e-15,2.6645352591e-15,-1.26346341721e-14,-2.02084399519e-14,1.27045370616e-15,-0.0554809570312,4.4408920985e-15,-1.7763568394e-15,-2.27950152118e-14,-1.00887138467e-14,-3.43820226234e-15,-0.00194843753707,1313.70178223
144,143.990264893,-0.00973510742188,CYCLIC_500,1.02257800102,-85.2085876465,42.6042938232,42.6042938232,1.28742023931e-15,3.15301360113e-15,-1.91824559156e-15,-0.0017585104797,0.000879255239852,0.000879255239852,-4.34692394561e-19,-1.36380031457e-19,-2.12065308229e-19,9.96876239777,0,0.00703454017639,0.00551605224609,-0.00275802612305,-0.00275802612305,3.49567262725e-15,-4.88998400405e-16,-4.21516020034e-17,2.64029949903e-07,-1.32014974952e-07,-1.32014974952e-07,-3.35307799108e-20,4.40864280725e-20,-1.75026215426e-20,0.0668506622314,0,328.369995117,-4.4408920985e-15,-5.3290705182e-15,5.32733650941e-15,-3.07726476814e-15,5.06414911541e-15,-0.0554504394531,-1.1990408666e-14,-7.9936057773e-15,1.79619706815e-14,1.71311751838e-14,3.79369540925e-15,-0.00194843753707,1313.47998047
145,144.990264893,-0.00973510742188,CYCLIC_500,1.02961146832,-85.2030715942,42.6015357971,42.6015357971,1.53028555597e-15,1.52374632927e-15,-1.73031609224e-15,-0.00175824656617,0.000879123283084,0.000879123283084,-4.34623657791e-19,-1.2350607291e-19,-2.09864814939e-19,10.0355806351,0,0.00703346729279,0.00551605224609,-0.00275802612305,-0.00275802612305,2.42865316661e-16,-1.62926727186e-15,1.87929499324e-16,2.63913534582e-07,-1.31956767291e-07,-1.31956767291e-07,6.87367701986e-23,1.28739585475e-20,2.20049329011e-21,0.0668182373047,0,328.314575195,-5.3290705182e-15,-3.5527136788e-15,-1.6406362341e-15,-5.33219691681e-15,7.55642586814e-15,-0.055419921875,-8.881784197e-16,1.7763568394e-15,-6.96797274351e-15,-2.25493214866e-15,2.49227675273e-15,-0.00194843753707,1313.25830078
146,145.990264893,-0.00973510742188,CYCLIC_500,1.03664398193,-85.1975631714,42.5987815857,42.5987815857,-3.25056872824e-15,2.3561183075e-15,-2.11530014539e-15,-0.00175798276905,0.000878991384525,0.000878991384525,-5.48610936271e-19,-1.10885562017e-19,-2.11250239067e-19,10.1023645401,0,0.00703251361847,0.00550842285156,-0.00275421142578,-0.00275421142578,-4.78085428421e-15,8.32371978225e-16,-3.84984053156e-16,2.6379711926e-07,-1.3189855963e-07,-1.3189855963e-07,-1.1398727848e-19,1.26205108924e-20,-1.38542412845e-21,0.0667839050293,0,328.259185791,-1.08801856413e-14,-5.3290705182e-15,-1.3598936303e-14,-7.23835342915e-15,3.03399232648e-15,-0.0553894042969,-5.55111512313e-15,-1.7763568394e-15,-1.19583000689e-14,-1.90615651234e-15,-4.52243354166e-15,-0.00194843753707,1313.03674316
147,146.990264893,-0.00973510742188,CYCLIC_500,1.04367542267,-85.1920471191,42.5960235596,42.5960235596,1.07809313264e-15,1.99718105514e-15,-2.06558741445e-15,-0.00175771920476,0.000878859602381,0.000878859602381,-5.76306465063e-19,-1.19806704116e-19,-2.12053685291e-19,10.1691150665,0,0.00703144073486,0.00551605224609,-0.00275802612305,-0.00275802612305,4.32866186088e-15,-3.5893725236e-16,4.97127309425e-17,2.63564288616e-07,-1.31782144308e-07,-1.31782144308e-07,-2.76955287914e-20,-8.92114209859e-21,-8.03446223917e-22,0.0667505264282,0,328.203857422,-4.88498130835e-15,-2.6645352591e-15,-1.73005432332e-14,-2.98459748436e-16,1.62445823568e-15,-0.0553283691406,5.99520433298e-15,2.6645352591e-15,-3.70160693021e-15,6.93989368072e-15,-1.4095340908e-15,-0.00194843753707,1312.81542969
148,147.990264893,-0.00973510742188,CYCLIC_500,1.05070579052,-85.1865310669,42.5932655334,42.5932655334,3.49631241588e-15,2.34452490799e-15,-1.36689956422e-15,-0.0017574558733,0.000878727936652,0.000878727936652,-5.49486839761e-19,-1.16154309124e-19,-2.09463657989e-19,10.2358322144,0,0.00703036785126,0.00551605224609,-0.00275802612305,-0.00275802612305,2.41821928324e-15,3.47343852854e-16,6.98687850235e-16,2.63331457973e-07,-1.31665728986e-07,-1.31665728986e-07,2.6819625302e-20,3.6523949921e-21,2.59002730201e-21,0.0667171478271,0,328.148529053,-3.33066907388e-15,-3.5527136788e-15,-6.91533040023e-15,-4.38612842738e-15,5.13378238706e-16,-0.0553283691406,1.55431223448e-15,-8.881784197e-16,1.0385212833e-14,-4.08766867894e-15,-1.11107999697e-15,-0.00194843753707,1312.59411621
149,148.990264893,-0.00973510742188,CYCLIC_500,1.05773508549,-85.1810150146,42.5905075073,42.5905075073,1.7979267526e-15,1.83217886496e-15,-2.16855470738e-15,-0.00175719254185,0.000878596270923,0.000878596270923,-4.74536256489e-19,-1.82746494435e-19,-2.13301334168e-19,10.3025159836,0,0.00702929496765,0.00551605224609,-0.00275802612305,-0.00275802612305,-1.69838566328e-15,-5.12346043033e-16,-8.01655143166e-16,2.63331457973e-07,-1.31665728986e-07,-1.31665728986e-07,7.49505832718e-20,-6.6592185311e-20,-3.83767617916e-21,0.0666837692261,0,328.093261719,-7.77156117238e-15,-1.15463194561e-14,-1.1026830285e-14,-6.68750442486e-15,3.7758084987e-15,-0.0552673339844,-4.4408920985e-15,-7.9936057773e-15,-4.11149988474e-15,-2.30137599748e-15,3.26243025999e-15,-0.00194843753707,1312.37304688
150,149.990264893,-0.00973510742188,CYCLIC_500,1.06476330757,-85.175491333,42.5877456665,42.5877456665,-1.02148768763e-15,1.40432875901e-15,-1.75344017111e-15,-0.00175692955963,0.000878464779817,0.000878464779817,-5.46204768036e-19,-1.78877183848e-19,-2.09728287123e-19,10.3691663742,0,0.00702822208405,0.00552368164062,-0.00276184082031,-0.00276184082031,-2.81941444024e-15,-4.27850105944e-16,4.15114536275e-16,2.62982212007e-07,-1.31491106004e-07,-1.31491106004e-07,-7.1668511547e-20,3.86931058694e-21,3.5730470456e-21,0.066650390625,0,328.038024902,5.10702591328e-15,8.881784197e-16,-1.22045857642e-14,8.76053137766e-15,4.5070438629e-15,-0.0552368164062,1.28785870857e-14,1.24344978758e-14,-1.1777554792e-15,1.54480358025e-14,7.31235364203e-16,-0.00194843753707,1312.15209961
151,150.990264893,-0.00973510742188,CYCLIC_500,1.07179045677,-85.1699752808,42.5849876404,42.5849876404,3.46856272897e-16,2.6813054262e-15,-2.02403900082e-15,-0.00175666657742,0.000878333288711,0.000878333288711,-6.19420501531e-19,-1.59588860713e-19,-2.18402658788e-19,10.4357833862,0,0.00702714920044,0.00551605224609,-0.00275802612305,-0.00275802612305,1.36834396053e-15,1.27697666718e-15,-2.70598829715e-16,2.62982212007e-07,-1.31491106004e-07,-1.31491106004e-07,-7.32157334957e-20,1.92883231354e-20,-8.67437166521e-21,0.0666170120239,0,327.982788086,-7.1054273576e-15,-5.3290705182e-15,-1.36626068697e-14,-9.25676533864e-15,4.08676165224e-15,-0.0552368164062,-1.22124532709e-14,-6.2172489379e-15,-1.45802110551e-15,-1.80172967163e-14,-4.20282210667e-16,-0.00194843753707,1311.93115234
152,151.990264893,-0.00973510742188,CYCLIC_500,1.0788166523,-85.1644592285,42.5822296143,42.5822296143,3.10533933562e-15,1.53595945249e-15,-1.62433027518e-15,-0.00175640382804,0.00087820191402,0.00087820191402,-6.41574989737e-19,-1.65017929397e-19,-2.18321564392e-19,10.5023670197,0,0.00702619552612,0.00551605224609,-0.00275802612305,-0.00275802612305,2.75848306273e-15,-1.1453459737e-15,3.99708725639e-16,2.62749381363e-07,-1.31374690682e-07,-1.31374690682e-07,-2.21544882059e-20,-5.42906868404e-21,8.10943961857e-23,0.0665836334229,0,327.927612305,-7.32747196253e-15,-7.9936057773e-15,-8.73542894747e-16,1.03146735703e-15,3.74869435864e-15,-0.05517578125,-2.22044604925e-16,-2.6645352591e-15,1.27890639749e-14,1.02882326957e-14,-3.380672936e-16,-0.00194843753707,1311.71044922
153,152.990264893,-0.00973510742188,CYCLIC_500,1.08584165573,-85.1589355469,42.5794677734,42.5794677734,9.61227990292e-16,1.11475229508e-15,-2.09843753921e-15,-0.00175614131149,0.000878070655745,0.000878070655745,-6.28954740368e-19,-1.64028739322e-19,-2.2400370955e-19,10.5689163208,0,0.00702500343323,0.00552368164062,-0.00276184082031,-0.00276184082031,-2.14411134533e-15,-4.2120715741e-16,-4.74107264028e-16,2.6251655072e-07,-1.3125827536e-07,-1.3125827536e-07,1.26202493693e-20,9.89190074753e-22,-5.6821451579e-21,0.0665493011475,0,327.872467041,-1.46549439251e-14,-1.24344978758e-14,-1.24089424286e-14,-6.3075349209e-15,3.68312617346e-15,-0.0551452636719,-7.32747196253e-15,-4.4408920985e-15,-1.15353995338e-14,-7.33900227793e-15,-6.55681851722e-17,-0.00194843753707,1311.48986816
154,153.990264893,-0.00973510742188,CYCLIC_500,1.09286570549,-85.1528930664,42.5764465332,42.5764465332,-6.76542139087e-16,2.1160168064e-15,-2.24703786488e-15,-0.00175588403363,0.000877942016814,0.000877942016814,-6.43588198714e-19,-1.37233764648e-19,-2.23980033928e-19,10.6354341507,0,0.00702404975891,0.00604248046875,-0.00302124023438,-0.00302124023438,-1.63777012938e-15,1.00126451132e-15,-1.48600325665e-16,2.57277861238e-07,-1.28638930619e-07,-1.28638930619e-07,-1.46334583462e-20,2.67949746735e-20,2.36756216536e-23,0.066517829895,0,327.818450928,-8.43769498715e-15,0,5.98094955181e-15,-5.06368577846e-16,6.56980030299e-15,-0.0540161132812,6.2172489379e-15,1.24344978758e-14,1.83898919804e-14,5.80116634306e-15,2.88667412953e-15,-0.00194843753707,1311.27380371
155,154.990264893,-0.00973510742188,CYCLIC_500,1.09988880157,-85.1474533081,42.5737266541,42.5737266541,7.46570641355e-16,1.40601651187e-15,-1.67935910629e-15,-0.00175562105142,0.000877810525708,0.000877810525708,-5.54100698121e-19,-1.74641853867e-19,-2.0990284485e-19,10.7019176483,0,0.00702309608459,0.00543975830078,-0.00271987915039,-0.00271987915039,1.42311278044e-15,-7.10000294537e-16,5.67678758585e-16,2.62982212007e-07,-1.31491106004e-07,-1.31491106004e-07,8.94875005933e-20,-3.74080892191e-20,1.40771890778e-20,0.0664834976196,0,327.763214111,3.33066907388e-15,8.881784197e-15,-1.71761577155e-14,-3.849091857e-15,2.58543847545e-15,-0.0552368164062,1.1768364061e-14,8.881784197e-15,-2.31571072673e-14,-3.34272327916e-15,-3.98436182754e-15,-0.00194843753707,1311.05285645
156,155.990264893,-0.00973510742188,CYCLIC_500,1.10691070557,-85.1419372559,42.5709686279,42.5709686279,3.66932091947e-16,2.01890616314e-15,-2.17632523627e-15,-0.00175535888411,0.000877679442056,0.000877679442056,-6.09107433374e-19,-2.13691525926e-19,-2.20428482269e-19,10.7683677673,0,0.0070219039917,0.00551605224609,-0.00275802612305,-0.00275802612305,-3.79638549408e-16,6.12889651274e-16,-4.96966129974e-16,2.62167304754e-07,-1.31083652377e-07,-1.31083652377e-07,-5.5006735253e-20,-3.90496720588e-20,-1.0525637419e-20,0.0664501190186,0,327.7081604,-2.59792187762e-14,-2.30926389122e-14,3.89155184517e-15,-8.52230817875e-17,3.82393839307e-15,-0.0550537109375,-2.93098878501e-14,-3.19744231092e-14,2.10677095606e-14,3.76386877522e-15,1.23849991762e-15,-0.00194843753707,1310.8326416
157,156.990264893,-0.00973510742188,CYCLIC_500,1.11393165588,-85.1364212036,42.5682106018,42.5682106018,-4.75656956837e-15,1.71768694349e-15,-2.45282082315e-15,-0.00175509683322,0.000877548416611,0.000877548416611,-8.57036003628e-19,-2.02888997875e-19,-2.46943680064e-19,10.8347854614,0,0.00702095031738,0.00551605224609,-0.00275802612305,-0.00275802612305,-5.12350166032e-15,-3.01219219651e-16,-2.76495586889e-16,2.62050889432e-07,-1.31025444716e-07,-1.31025444716e-07,-2.47928570254e-19,1.08025280511e-20,-2.6515197795e-20,0.0664176940918,0,327.653137207,-1.55431223448e-15,8.881784197e-16,2.97854932501e-15,-2.36045892784e-15,3.27540996789e-15,-0.0550231933594,2.44249065418e-14,2.39808173319e-14,-9.13002520164e-16,-2.27523584605e-15,-5.48528425186e-16,-0.00194843753707,1310.61254883
158,157.990264893,-0.00973510742188,CYCLIC_500,1.12095153332,-85.1309051514,42.5654525757,42.5654525757,9.02953268339e-17,3.86464171928e-15,-1.61146039434e-15,-0.00175483501516,0.000877417507581,0.000877417507581,-8.1331756955e-19,-9.19087064109e-20,-2.34052967676e-19,10.9011697769,0,0.00701987743378,0.00551605224609,-0.00275802612305,-0.00275802612305,4.84686489521e-15,2.14695477579e-15,8.41360428818e-16,2.61818058789e-07,-1.30909029394e-07,-1.30909029394e-07,4.3718434078e-20,1.10980291464e-19,1.2890712388e-20,0.0663843154907,0,327.598175049,4.66293670343e-15,7.1054273576e-15,-9.75775983655e-15,1.55746298528e-15,4.21183986427e-15,-0.0549621582031,6.2172489379e-15,6.2172489379e-15,-1.27363091616e-14,3.91792191312e-15,9.36429896386e-16,-0.00194843753707,1310.3927002
159,158.990264893,-0.00973510742188,CYCLIC_500,1.12797033787,-85.1253890991,42.5626945496,42.5626945496,5.78556113743e-16,3.17032785454e-16,-1.84205097502e-15,-0.00175457331352,0.00087728665676,0.00087728665676,-8.19876990638e-19,-1.43819443874e-19,-2.29177263839e-19,10.9675197601,0,0.00701880455017,0.00551605224609,-0.00275802612305,-0.00275802612305,4.88260786909e-16,-3.54760893383e-15,-2.30590580685e-16,2.61701643467e-07,-1.30850821733e-07,-1.30850821733e-07,-6.55942108851e-21,-5.19107374636e-20,4.87570383739e-21,0.0663499832153,0,327.543212891,5.10702591328e-15,6.2172489379e-15,6.19902404466e-15,-5.61262718515e-15,7.89680342425e-15,-0.0549621582031,4.4408920985e-16,-8.881784197e-16,1.59567838812e-14,-7.17009017043e-15,3.68496355998e-15,-0.00194843753707,1310.17285156
160,159.990264893,-0.00973510742188,CYCLIC_500,1.13498806953,-85.1198730469,42.5599365234,42.5599365234,-1.21538066948e-15,3.26645625392e-15,-2.31678803327e-15,-0.00175431184471,0.000877155922353,0.000877155922353,-7.81637082002e-19,-1.43248860504e-19,-2.31329540941e-19,11.0338382721,0,0.00701773166656,0.00551605224609,-0.00275802612305,-0.00275802612305,-1.79393678323e-15,2.94942346846e-15,-4.74737058253e-16,2.61468812823e-07,-1.30734406412e-07,-1.30734406412e-07,3.82399086367e-20,5.70583370425e-22,-2.15227710184e-21,0.0663185119629,0,327.488311768,1.1990408666e-14,1.24344978758e-14,-9.01779148325e-16,5.72207978998e-16,4.91783914574e-15,-0.0549011230469,6.88338275268e-15,6.2172489379e-15,-7.10080319298e-15,6.18483516415e-15,-2.97896427851e-15,-0.00194843753707,1309.95324707
161,160.990264893,-0.00973510742188,CYCLIC_500,1.14200484753,-85.1143493652,42.5571746826,42.5571746826,-3.68000846356e-15,2.24970976703e-15,-2.22761737181e-15,-0.00175405049231,0.000877025246155,0.000877025246155,-9.08509411045e-19,-9.60326350448e-20,-2.45485093265e-19,11.1001224518,0,0.00701677799225,0.00552368164062,-0.00276184082031,-0.00276184082031,-2.46462779408e-15,-1.01674648689e-15,8.91706614674e-17,2.61352397501e-07,-1.30676198751e-07,-1.30676198751e-07,-1.26872329043e-19,4.72162254593e-20,-1.41555523239e-20,0.0662841796875,0,327.433410645,-1.26565424807e-14,-1.24344978758e-14,-3.58232150371e-15,1.66940823602e-16,2.68916828746e-15,-0.0549011230469,-2.46469511467e-14,-2.48689957516e-14,-2.68054235539e-15,-4.05267155396e-16,-2.22867085828e-15,-0.00194843753707,1309.73364258
162,161.990264893,-0.00973510742188,CYCLIC_500,1.14902043343,-85.108833313,42.5544166565,42.5544166565,2.38137350141e-15,3.34798320156e-15,-2.00287532119e-15,-0.00175378937274,0.000876894686371,0.000876894686371,-7.52124751161e-19,-2.07381122553e-20,-2.45546904821e-19,11.1663742065,0,0.00701558589935,0.00551605224609,-0.00275802612305,-0.00275802612305,6.06138196497e-15,1.09827343453e-15,2.24742050622e-16,2.61119566858e-07,-1.30559783429e-07,-1.30559783429e-07,1.56384659884e-19,7.52945227895e-20,-6.18115559492e-23,0.0662517547607,0,327.378570557,1.33226762955e-14,5.3290705182e-15,-5.09190986918e-15,-6.98895969208e-15,6.51324532924e-15,-0.0548400878906,2.59792187762e-14,1.7763568394e-14,-1.50958836546e-15,-7.15590051568e-15,3.82407704178e-15,-0.00194843753707,1309.51428223
163,162.990264893,-0.00973510742188,CYCLIC_500,1.15603506565,-85.1033096313,42.5516548157,42.5516548157,4.12899934058e-15,9.41335786312e-16,-1.80153621394e-15,-0.00175352836959,0.000876764184795,0.000876764184795,-7.26122887599e-19,-7.59487846877e-20,-2.43489545078e-19,11.2325925827,0,0.00701463222504,0.00552368164062,-0.00276184082031,-0.00276184082031,1.74762583917e-15,-2.40664741525e-15,2.01339107248e-16,2.61003151536e-07,-1.30501575768e-07,-1.30501575768e-07,2.60018635625e-20,-5.52106724325e-20,2.05735974213e-21,0.0662183761597,0,327.323760986,4.4408920985e-16,-9.7699626167e-15,2.65782017248e-14,-9.6066431071e-15,9.01153900367e-15,-0.0548095703125,-1.28785870857e-14,-1.50990331349e-14,3.16701115939e-14,-2.61768341502e-15,2.49829367443e-15,-0.00194843753707,1309.29504395
164,163.990264893,-0.00973510742188,CYCLIC_500,1.1630487442,-85.0977935791,42.5488967896,42.5488967896,3.13550095672e-15,5.99400350495e-16,-2.12409880767e-15,-0.00175326748285,0.000876633741427,0.000876633741427,-6.7532715113e-19,-9.62770806483e-20,-2.52438719229e-19,11.2987775803,0,0.00701367855072,0.00551605224609,-0.00275802612305,-0.00275802612305,-9.93498383865e-16,-3.41935435817e-16,-3.22562593728e-16,2.60886736214e-07,-1.30443368107e-07,-1.30443368107e-07,5.0795736469e-20,-2.03282959605e-20,-8.94917415095e-21,0.0661849975586,0,327.268981934,7.32747196253e-15,-1.7763568394e-15,-1.28455118387e-14,-5.37789082383e-15,3.21382070716e-15,-0.0547790527344,6.88338275268e-15,7.9936057773e-15,-3.94237135635e-14,4.22875228327e-15,-5.79771829651e-15,-0.00194843753707,1309.07592773
165,164.990264893,-0.00973510742188,CYCLIC_500,1.17006123066,-85.0922698975,42.5461349487,42.5461349487,2.08758877265e-15,3.04951102225e-15,-1.90119360403e-15,-0.00175300682895,0.000876503414474,0.000876503414474,-5.88122035717e-19,-6.97091909333e-20,-2.59932400834e-19,11.3649301529,0,0.00701248645782,0.00552368164062,-0.00276184082031,-0.00276184082031,-1.04791218406e-15,2.45011067176e-15,2.22905203634e-16,2.60653905571e-07,-1.30326952785e-07,-1.30326952785e-07,8.72051154128e-20,2.6567889715e-20,-7.49368160461e-21,0.0661525726318,0,327.214233398,4.4408920985e-16,-7.1054273576e-15,5.23928873156e-15,-7.47609045763e-15,5.38213850877e-15,-0.0547485351562,-6.88338275268e-15,-5.3290705182e-15,1.80848005703e-14,-2.09819963379e-15,2.16831780161e-15,-0.00194843753707,1308.85693359
166,165.990264893,-0.00973510742188,CYCLIC_500,1.17707276344,-85.0867538452,42.5433769226,42.5433769226,1.31487891003e-15,2.34393548887e-15,-1.36427338985e-15,-0.00175274629146,0.000876373145729,0.000876373145729,-5.12380596694e-19,-7.31260692176e-20,-2.32493539159e-19,11.4310493469,0,0.00701153278351,0.00551605224609,-0.00275802612305,-0.00275802612305,-7.72709862626e-16,-7.05575533387e-16,5.36920214184e-16,2.60537490249e-07,-1.30268745124e-07,-1.30268745124e-07,7.57414390233e-20,-3.4168782843e-21,2.74388616751e-20,0.0661191940308,0,327.159545898,-4.21884749358e-15,-1.7763568394e-15,9.56036304335e-15,-2.42589516116e-15,3.72048131244e-15,-0.0546875,-4.66293670343e-15,5.3290705182e-15,4.32107431179e-15,5.05019529647e-15,-1.66165719634e-15,-0.00194843753707,1308.63818359
167,166.990264893,-0.00973510742188,CYCLIC_500,1.18408322334,-85.0812301636,42.5406150818,42.5406150818,-2.28104339841e-15,1.05158547479e-15,-2.19245746844e-15,-0.00175248587038,0.000876242935192,0.000876242935192,-5.93588206763e-19,-1.42386437474e-19,-2.54293907629e-19,11.4971351624,0,0.0070104598999,0.00552368164062,-0.00276184082031,-0.00276184082031,-3.59592230844e-15,-1.29235001408e-15,-8.28184078589e-16,2.60421074927e-07,-1.30210537463e-07,-1.30210537463e-07,-8.12076100697e-20,-6.92603682562e-20,-2.18003684698e-20,0.0660858154297,0,327.104858398,-3.77475828373e-15,-2.6645352591e-15,-9.97215676628e-15,-9.82429258049e-16,3.87268026213e-15,-0.0546875,4.4408920985e-16,-8.881784197e-16,-1.95325198096e-14,1.44346590311e-15,1.52198949691e-16,-0.00194843753707,1308.41943359
168,167.990264893,-0.00973510742188,CYCLIC_500,1.19109261036,-85.0757064819,42.537853241,42.537853241,1.92553355568e-15,3.15669538534e-15,-1.92046360027e-15,-0.00175222568214,0.00087611284107,0.00087611284107,-6.20268781712e-19,-1.23593419022e-19,-2.69192270566e-19,11.5631885529,0,0.0070093870163,0.00552368164062,-0.00276184082031,-0.00276184082031,4.20657695409e-15,2.10510991056e-15,2.71993868164e-16,2.60188244283e-07,-1.30094122142e-07,-1.30094122142e-07,-2.66805749486e-20,1.87930184514e-20,-1.48983629374e-20,0.0660533905029,0,327.050201416,4.21884749358e-15,2.6645352591e-15,-6.73119279609e-15,-8.71743060245e-15,4.33808654502e-15,-0.0546569824219,7.9936057773e-15,5.3290705182e-15,3.24096397019e-15,-7.7350013444e-15,4.65406282893e-16,-0.00194843753707,1308.20080566
169,168.990264893,-0.00973510742188,CYCLIC_500,1.1981010437,-85.0701828003,42.5350914001,42.5350914001,-3.1762715112e-16,1.71588702495e-15,-1.94703295588e-15,-0.00175196572673,0.000875982863363,0.000875982863363,-6.59874806595e-19,-1.78469641492e-19,-2.84913813922e-19,11.6292085648,0,0.00700843334198,0.00552368164062,-0.00276184082031,-0.00276184082031,-2.2431607068e-15,-1.4408083604e-15,-2.65693556038e-17,2.5995541364e-07,-1.2997770682e-07,-1.2997770682e-07,-3.96060248833e-20,-5.48762224697e-20,-1.57215433562e-20,0.0660200119019,0,326.995605469,3.5527136788e-15,5.3290705182e-15,5.91804990176e-15,3.21300562282e-15,8.63938454332e-15,-0.0545959472656,-6.66133814775e-16,2.6645352591e-15,1.26492426978e-14,1.19304362253e-14,4.3012979983e-15,-0.00194843753707,1307.98242188
170,169.990264893,-0.00973510742188,CYCLIC_500,1.20510840416,-85.0646591187,42.5323295593,42.5323295593,-2.73456126618e-15,2.93808321269e-15,-2.13576566412e-15,-0.00175170577131,0.000875852885656,0.000875852885656,-7.54089262215e-19,-1.33769241437e-19,-2.79905879933e-19,11.6951961517,0,0.00700736045837,0.00552368164062,-0.00276184082031,-0.00276184082031,-2.41693411506e-15,1.22219618775e-15,-1.88732708242e-16,2.5995541364e-07,-1.2997770682e-07,-1.2997770682e-07,-9.42144556193e-20,4.47004000549e-20,5.00793398974e-21,0.0659875869751,0,326.941040039,-1.73194791842e-14,-1.33226762955e-14,-1.30526896787e-14,2.78654475679e-15,4.8971544622e-15,-0.0545654296875,-2.0872192863e-14,-1.86517468137e-14,-1.89707395805e-14,-4.26460866031e-16,-3.74223008112e-15,-0.00194843753707,1307.76416016
171,170.990264893,-0.00973510742188,CYCLIC_500,1.21211469173,-85.059135437,42.5295677185,42.5295677185,5.20336905535e-16,2.39940571451e-15,-1.93409575432e-15,-0.00175144604873,0.000875723024365,0.000875723024365,-8.11595744637e-19,-9.453052352e-20,-2.82074581093e-19,11.7611503601,0,0.00700628757477,0.00552368164062,-0.00276184082031,-0.00276184082031,3.25489817171e-15,-5.38677498184e-16,2.01669909803e-16,2.59722582996e-07,-1.29861291498e-07,-1.29861291498e-07,-5.75064824226e-20,3.92387179173e-20,-2.16870116064e-21,0.065954208374,0,326.886474609,6.2172489379e-15,2.6645352591e-15,7.30282451393e-15,-9.09356927417e-15,5.91452075883e-15,-0.0545654296875,2.35367281221e-14,1.59872115546e-14,2.03555141926e-14,-1.1880114031e-14,1.01736629663e-15,-0.00194843753707,1307.54589844
172,171.990264893,-0.00973510742188,CYCLIC_500,1.21911990643,-85.0536117554,42.5268058777,42.5268058777,-1.17297210134e-15,3.57560884371e-15,-2.07890689588e-15,-0.00175118655898,0.000875593279488,0.000875593279488,-8.27970589425e-19,-4.76449053494e-20,-2.91332475366e-19,11.8270721436,0,0.00700521469116,0.00552368164062,-0.00276184082031,-0.00276184082031,-1.69330900688e-15,1.1762031292e-15,-1.4481114156e-16,2.59489752352e-07,-1.29744876176e-07,-1.29744876176e-07,-1.63748447879e-20,4.68856181706e-20,-9.25789427299e-21,0.0659217834473,0,326.831970215,8.881784197e-16,5.3290705182e-15,-1.40311945669e-14,-8.26527126634e-15,3.40779542066e-15,-0.0545043945312,-5.3290705182e-15,2.6645352591e-15,-2.13340190809e-14,8.28298007829e-16,-2.50672533817e-15,-0.00194843753707,1307.32788086
173,172.990264893,-0.00973510742188,CYCLIC_500,1.22612416744,-85.0480880737,42.5240440369,42.5240440369,1.37718343424e-15,1.46603765694e-15,-1.47803923368e-15,-0.00175092706922,0.000875463534612,0.000875463534612,-8.99242593884e-19,-7.52998215114e-20,-3.03586021999e-19,11.8929605484,0,0.00700426101685,0.00552368164062,-0.00276184082031,-0.00276184082031,2.55015553558e-15,-2.10957118677e-15,6.00867662196e-16,2.59489752352e-07,-1.29744876176e-07,-1.29744876176e-07,-7.12720044591e-20,-2.7654916162e-20,-1.22535466328e-20,0.0658884048462,0,326.777496338,4.21884749358e-15,-4.4408920985e-15,-1.38533925178e-14,-1.25164791507e-14,3.91631046602e-15,-0.0544738769531,3.33066907388e-15,-9.7699626167e-15,1.77802049152e-16,-4.2512078844e-15,5.08515045361e-16,-0.00194843753707,1307.10998535
174,173.990264893,-0.00973510742188,CYCLIC_500,1.23312735558,-85.0425643921,42.521282196,42.521282196,1.2733673473e-15,1.78835551108e-15,-1.79324097709e-15,-0.0017506678123,0.000875333906151,0.000875333906151,-8.60412089599e-19,-9.57665316879e-20,-2.99164647921e-19,11.9588165283,0,0.00700318813324,0.00552368164062,-0.00276184082031,-0.00276184082031,-1.03816086946e-16,3.22317854146e-16,-3.15201743413e-16,2.59256921709e-07,-1.29628460854e-07,-1.29628460854e-07,3.8830504285e-20,-2.04667101765e-20,4.42137407815e-21,0.0658559799194,0,326.723052979,-2.42028619368e-14,-2.93098878501e-14,-2.08443693129e-14,-9.43692832008e-15,1.59435412887e-15,-0.054443359375,-2.84217094304e-14,-2.48689957516e-14,-6.99097679516e-15,3.07955083066e-15,-2.32195633715e-15,-0.00194843753707,1306.89221191
175,174.990264893,-0.00973510742188,CYCLIC_500,1.24012947083,-85.0370330811,42.5185165405,42.5185165405,1.47473625517e-15,2.96431473781e-15,-1.5379891767e-15,-0.00175040878821,0.000875204394106,0.000875204394106,-8.36201211003e-19,-5.19639255203e-20,-2.84194758902e-19,12.0246400833,0,0.00700211524963,0.00553131103516,-0.00276565551758,-0.00276565551758,2.01368907877e-16,1.17595922672e-15,2.55251800394e-16,2.59024091065e-07,-1.29512045532e-07,-1.29512045532e-07,2.42108785958e-20,4.38026061677e-20,1.49698890188e-20,0.0658235549927,0,326.668670654,1.02140518266e-14,7.1054273576e-15,-1.91783784446e-15,2.30970891902e-15,5.56431539045e-15,-0.0543823242188,3.44169137634e-14,3.64153152077e-14,1.89265314685e-14,1.17466372391e-14,3.96996126159e-15,-0.00194843753707,1306.67468262
176,175.990264893,-0.00973510742188,CYCLIC_500,1.2471306324,-85.0315093994,42.5157546997,42.5157546997,-6.27545002506e-16,1.70412860622e-15,-1.91186663937e-15,-0.00175014988054,0.000875074940268,0.000875074940268,-9.12134029247e-19,-1.3583857268e-19,-2.79537552723e-19,12.0904302597,0,0.00700116157532,0.00552368164062,-0.00276184082031,-0.00276184082031,-2.10228125768e-15,-1.26018613159e-15,-3.73877462675e-16,2.58907675743e-07,-1.29453837872e-07,-1.29453837872e-07,-7.5932818244e-20,-8.38746471598e-20,4.65720617885e-21,0.0657901763916,0,326.61428833,-7.77156117238e-15,-7.9936057773e-15,1.14343091096e-14,-1.90761502367e-15,5.80400538574e-15,-0.0543823242188,-1.79856129989e-14,-1.50990331349e-14,1.3352146954e-14,-4.21732394269e-15,2.39689995282e-16,-0.00194843753707,1306.45715332
177,176.990264893,-0.00973510742188,CYCLIC_500,1.25413072109,-85.0259780884,42.5129890442,42.5129890442,-2.33941731917e-15,2.3955189781e-15,-2.24500355271e-15,-0.00174989108928,0.000874945544638,0.000874945544638,-8.88911655717e-19,-1.35008387075e-19,-2.7668592511e-19,12.1561880112,0,0.00700008869171,0.00553131103516,-0.00276565551758,-0.00276565551758,-1.71187231667e-15,6.91390371881e-16,-3.33136913337e-16,2.58791260421e-07,-1.29395630211e-07,-1.29395630211e-07,2.322237353e-20,8.30185604622e-22,2.85162761359e-21,0.0657577514648,0,326.559936523,2.6645352591e-15,-2.6645352591e-15,3.39856067042e-15,6.14660480191e-15,5.65122183111e-15,-0.0543518066406,1.04360964315e-14,5.3290705182e-15,-8.03574843914e-15,8.05421982558e-15,-1.52783554626e-16,-0.00194843753707,1306.23974609
178,177.990264893,-0.00973510742188,CYCLIC_500,1.2611297369,-85.0204544067,42.5102272034,42.5102272034,4.60850225846e-16,1.12358499542e-15,-2.15148060683e-15,-0.00174963253085,0.000874816265423,0.000874816265423,-9.41776582873e-19,-1.72816719074e-19,-2.95970848646e-19,12.221912384,0,0.00699901580811,0.00552368164062,-0.00276184082031,-0.00276184082031,2.80026754502e-15,-1.27193398267e-15,9.35229458794e-17,2.58558429778e-07,-1.29279214889e-07,-1.29279214889e-07,-5.28649271557e-20,-3.78083319989e-20,-1.92849235362e-20,0.0657243728638,0,326.505645752,6.88338275268e-15,5.3290705182e-15,-1.19720166161e-16,-1.45129483012e-14,3.96038117337e-15,-0.0542907714844,4.21884749358e-15,7.9936057773e-15,-3.51828083658e-15,-2.06595531031e-14,-1.69084065774e-15,-0.00194843753707,1306.02258301
179,178.990264893,-0.00973510742188,CYCLIC_500,1.26812779903,-85.0149230957,42.5074615479,42.5074615479,3.20670345285e-15,1.29128404297e-15,-1.31610100155e-15,-0.00174937408883,0.000874687044416,0.000874687044416,-7.92694427928e-19,-1.80960396215e-19,-2.78242500803e-19,12.2876052856,0,0.00699806213379,0.00553131103516,-0.00276565551758,-0.00276565551758,2.74585322701e-15,1.67699047543e-16,8.35379605278e-16,2.58442014456e-07,-1.29221007228e-07,-1.29221007228e-07,1.49082154946e-19,-8.14367714112e-21,1.77283478428e-20,0.0656929016113,0,326.45135498,-5.10702591328e-15,-5.3290705182e-15,-1.17636619264e-14,-1.26330168553e-14,1.01960436943e-15,-0.0542907714844,-1.1990408666e-14,-1.06581410364e-14,-1.16439417602e-14,1.87993144586e-15,-2.94077680393e-15,-0.00194843753707,1305.80541992
180,179.990264893,-0.00973510742188,CYCLIC_500,1.27512478828,-85.0093917847,42.5046958923,42.5046958923,2.67641984603e-15,8.77964070069e-16,-1.4455166195e-15,-0.00174911576323,0.000874557881616,0.000874557881616,-6.41082426301e-19,-1.46695211591e-19,-2.55879113243e-19,12.3532648087,0,0.00699698925018,0.00553131103516,-0.00276565551758,-0.00276565551758,-5.30283606817e-16,-4.13319972899e-16,-1.29415617949e-16,2.58325599134e-07,-1.29162799567e-07,-1.29162799567e-07,1.51612001627e-19,3.42651846244e-20,2.23633875603e-20,0.0656595230103,0,326.397125244,2.6645352591e-15,-8.881784197e-16,3.47591034274e-14,7.84633845857e-15,8.78091813721e-15,-0.0542297363281,7.77156117238e-15,4.4408920985e-15,4.65227653537e-14,2.04793553139e-14,7.76131376778e-15,-0.00194843753707,1305.58850098
181,180.990264893,-0.00973510742188,CYCLIC_500,1.28212070465,-85.003868103,42.5019340515,42.5019340515,1.66142249873e-15,2.82639563202e-15,-1.89275422104e-15,-0.00174885767046,0.000874428835232,0.000874428835232,-6.60304630321e-19,-8.30950972871e-20,-2.57527517798e-19,12.4188909531,0,0.00699591636658,0.00552368164062,-0.00276184082031,-0.00276184082031,-1.01499734731e-15,1.94843156196e-15,-4.47237601537e-16,2.5809276849e-07,-1.29046384245e-07,-1.29046384245e-07,-1.92222040203e-20,6.3600114304e-20,-1.64840455534e-21,0.0656261444092,0,326.342926025,-1.08801856413e-14,-7.1054273576e-15,-1.68372008586e-14,1.95952898479e-15,4.737104963e-15,-0.05419921875,-1.35447209004e-14,-6.2172489379e-15,-5.1596304286e-14,-5.88680947378e-15,-4.04381317421e-15,-0.00194843753707,1305.3717041
182,181.990264893,-0.00973510742188,CYCLIC_500,1.28911566734,-84.998336792,42.499168396,42.499168396,-3.06502101277e-15,2.44319743369e-15,-1.57262005423e-15,-0.00174859969411,0.000874299847055,0.000874299847055,-7.38917972576e-19,-7.750014052e-20,-2.46608226014e-19,12.4844856262,0,0.00699496269226,0.00553131103516,-0.00276565551758,-0.00276565551758,-4.7264435115e-15,-3.83198198337e-16,3.20134166812e-16,2.57976353168e-07,-1.28988176584e-07,-1.28988176584e-07,-7.86133422554e-20,5.59495676705e-21,1.0919291784e-20,0.0655946731567,0,326.288757324,-9.7699626167e-15,-7.1054273576e-15,-3.77894802632e-15,4.96816693179e-15,4.38426180168e-15,-0.0541687011719,1.11022302463e-15,0,1.30582528323e-14,3.008637947e-15,-3.52843161325e-16,-0.00194843753707,1305.1550293
183,182.990264893,-0.00973510742188,CYCLIC_500,1.29610955715,-84.992805481,42.4964027405,42.4964027405,-3.66370592648e-16,2.73866534595e-15,-1.66220711759e-15,-0.00174834195059,0.000874170975294,0.000874170975294,-6.81531438701e-19,-5.54462177664e-20,-2.3620757607e-19,12.5500469208,0,0.00699388980865,0.00553131103516,-0.00276565551758,-0.00276565551758,2.69865042012e-15,2.95467912261e-16,-8.95870633605e-17,2.57743522525e-07,-1.28871761262e-07,-1.28871761262e-07,5.73865338753e-20,2.20539227536e-20,1.04006499438e-20,0.0655612945557,0,326.234619141,4.66293670343e-15,3.5527136788e-15,1.29652050984e-15,-7.44119624715e-15,2.80677744899e-15,-0.0541381835938,1.44328993201e-14,1.06581410364e-14,5.07546853616e-15,-1.24093631789e-14,-1.57748435269e-15,-0.00194843753707,1304.93847656
184,183.990264893,-0.00973510742188,CYCLIC_500,1.30310237408,-84.9872741699,42.493637085,42.493637085,5.76400659738e-16,2.10107369599e-15,-2.12592180289e-15,-0.00174808432348,0.00087404216174,0.00087404216174,-6.61394786514e-19,-1.99541748518e-20,-2.33220473398e-19,12.6155757904,0,0.00699281692505,0.00553131103516,-0.00276565551758,-0.00276565551758,9.42771252386e-16,-6.37591649954e-16,-4.63714685305e-16,2.57627107203e-07,-1.28813553602e-07,-1.28813553602e-07,2.01366521874e-20,3.54920429146e-20,2.98710267271e-21,0.0655288696289,0,326.180511475,8.881784197e-16,-6.2172489379e-15,-1.02515389637e-14,-9.09960385452e-15,7.60924128408e-15,-0.0541076660156,-3.77475828373e-15,-9.7699626167e-15,-1.15480594735e-14,-1.65840760737e-15,4.80246383509e-15,-0.00194843753707,1304.7220459
185,184.990264893,-0.00973510742188,CYCLIC_500,1.31009411812,-84.9817428589,42.4908714294,42.4908714294,-1.78068544246e-15,1.47631635543e-15,-2.16652317744e-15,-0.00174782681279,0.000873913406394,0.000873913406394,-6.17628744314e-19,-2.34186592888e-20,-2.23363473573e-19,12.6810722351,0,0.00699174404144,0.00553131103516,-0.00276565551758,-0.00276565551758,-2.3570861022e-15,-6.24757340563e-16,-4.06013745456e-17,2.57510691881e-07,-1.28755345941e-07,-1.28755345941e-07,4.37660421996e-20,-3.46448443696e-21,9.85699982452e-21,0.0654964447021,0,326.126434326,6.66133814775e-16,-8.881784197e-16,-8.45753016944e-15,-1.12679796386e-14,3.1606646843e-15,-0.0540771484375,-2.22044604925e-16,5.3290705182e-15,1.79400879426e-15,-2.16837578408e-15,-4.44857659977e-15,-0.00194843753707,1304.5057373
186,185.990264893,-0.00973510742188,CYCLIC_500,1.31708490849,-84.9762115479,42.4881057739,42.4881057739,2.78908865812e-15,2.6123359918e-15,-1.50450022821e-15,-0.00174756953493,0.000873784767464,0.000873784767464,-4.88905922172e-19,-9.02535473887e-21,-2.16271865764e-19,12.7465362549,0,0.00699079036713,0.00553131103516,-0.00276565551758,-0.00276565551758,4.56977410058e-15,1.13601963637e-15,6.62022949229e-16,2.57277861238e-07,-1.28638930619e-07,-1.28638930619e-07,1.28722822142e-19,1.43933045499e-20,7.09160780927e-21,0.0654640197754,0,326.072418213,-1.15463194561e-14,-1.24344978758e-14,9.96416273402e-16,-1.2374415923e-14,5.46146336928e-15,-0.0540161132812,-1.22124532709e-14,-1.15463194561e-14,9.45394644284e-15,-1.10643628443e-15,2.30079868497e-15,-0.00194843753707,1304.28967285
187,186.990264893,-0.00973510742188,CYCLIC_500,1.32407474518,-84.9706802368,42.4853401184,42.4853401184,2.32212118101e-15,4.90639758351e-16,-1.96902161024e-15,-0.00174731237348,0.000873656186741,0.000873656186741,-6.49710950834e-19,-3.62826232084e-20,-2.38136498655e-19,12.8119678497,0,0.00698983669281,0.00553131103516,-0.00276565551758,-0.00276565551758,-4.66967477111e-16,-2.12169623345e-15,-4.64521382031e-16,2.57161445916e-07,-1.28580722958e-07,-1.28580722958e-07,-1.60805028663e-19,-2.72572684695e-20,-2.1864632891e-20,0.0654315948486,0,326.0184021,-1.55431223448e-14,-1.68753899743e-14,-3.33487472646e-15,-3.08826004989e-15,6.2996328794e-15,-0.0540161132812,-3.99680288865e-15,-4.4408920985e-15,-4.33129099986e-15,9.28615587314e-15,8.38169510122e-16,-0.00194843753707,1304.0736084
188,187.990264893,-0.00973510742188,CYCLIC_500,1.33106350899,-84.9651412964,42.4825706482,42.4825706482,1.45858143353e-15,2.91810690016e-15,-1.7389955065e-15,-0.00174705532845,0.000873527664226,0.000873527664226,-5.9322228274e-19,1.20586906686e-20,-2.11699839801e-19,12.8773670197,0,0.0069887638092,0.00553894042969,-0.00276947021484,-0.00276947021484,-8.63539747487e-16,2.42746714181e-15,2.30026103743e-16,2.57045030594e-07,-1.28522515297e-07,-1.28522515297e-07,5.64886680944e-20,4.8341313877e-20,2.64366588538e-20,0.0653991699219,0,325.964416504,-5.10702591328e-15,-9.7699626167e-15,1.05183092905e-15,-6.2750069499e-15,4.71435304593e-15,-0.0539855957031,1.04360964315e-14,7.1054273576e-15,4.38670565551e-15,-3.18674690001e-15,-1.58527983347e-15,-0.00194843753707,1303.85766602
189,188.990264893,-0.00973510742188,CYCLIC_500,1.33805119991,-84.9596099854,42.4798049927,42.4798049927,1.51629129452e-15,2.01031215693e-15,-2.09255622715e-15,-0.00174679851625,0.000873399258126,0.000873399258126,-5.89185211604e-19,9.94303666525e-20,-2.25377482064e-19,12.9427337646,0,0.0069876909256,0.00553131103516,-0.00276565551758,-0.00276565551758,5.77098609923e-17,-9.07794743229e-16,-3.53560720654e-16,2.5681219995e-07,-1.28406099975e-07,-1.28406099975e-07,4.03707113544e-21,8.73716759839e-20,-1.36776422627e-20,0.0653667449951,0,325.910491943,-1.99840144433e-15,-4.4408920985e-15,8.70038044464e-16,-3.57182946872e-15,6.5389884406e-15,-0.0539245605469,3.10862446895e-15,5.3290705182e-15,-1.81792884587e-16,2.70317748118e-15,1.82463539467e-15,-0.00194843753707,1303.64196777
190,189.990264893,-0.00973510742188,CYCLIC_500,1.34503781796,-84.9540710449,42.4770355225,42.4770355225,-8.06562315222e-16,3.09583048627e-15,-1.85085162036e-15,-0.00174654182047,0.000873270910233,0.000873270910233,-4.86894478628e-19,1.44078383718e-19,-2.21634334696e-19,13.008067131,0,0.00698661804199,0.00553894042969,-0.00276947021484,-0.00276947021484,-2.32285360974e-15,1.08551832934e-15,2.41704606796e-16,2.56695784628e-07,-1.28347892314e-07,-1.28347892314e-07,1.02290732977e-19,4.46480170654e-20,3.74314736817e-21,0.065333366394,0,325.8565979,1.22124532709e-14,9.7699626167e-15,8.00891393906e-15,-1.55683041049e-15,8.55117042938e-15,-0.0538940429688,1.42108547152e-14,1.42108547152e-14,7.13887589459e-15,2.01499905824e-15,2.01218198878e-15,-0.00194843753707,1303.4263916
191,190.990264893,-0.00973510742188,CYCLIC_500,1.35202348232,-84.9485397339,42.4742698669,42.4742698669,2.53944977449e-17,1.68447475764e-15,-2.0268288792e-15,-0.0017462852411,0.000873142620549,0.000873142620549,-4.23031095514e-19,1.58103567046e-19,-2.10714564294e-19,13.0733690262,0,0.00698566436768,0.00553131103516,-0.00276565551758,-0.00276565551758,8.31956812967e-16,-1.41135572863e-15,-1.75977258839e-16,2.56579369307e-07,-1.28289684653e-07,-1.28289684653e-07,6.38633831132e-20,1.4025183328e-20,1.09197704016e-20,0.0653018951416,0,325.802703857,1.62092561595e-14,1.95399252334e-14,-2.18440069982e-14,-2.98436789046e-15,2.40869859238e-15,-0.0538940429688,3.99680288865e-15,9.7699626167e-15,-2.98529209373e-14,-1.42753747997e-15,-6.142471837e-15,-0.00194843753707,1303.21081543
192,191.990264893,-0.00973510742188,CYCLIC_500,1.35900819302,-84.9430007935,42.4715003967,42.4715003967,3.04541486853e-15,4.78752246506e-16,-2.07165127307e-15,-0.00174602889456,0.000873014447279,0.000873014447279,-3.25434216442e-19,1.20179655944e-19,-2.08404504106e-19,13.1386384964,0,0.00698471069336,0.00553894042969,-0.00276947021484,-0.00276947021484,3.02002037078e-15,-1.20572251113e-15,-4.4822393873e-17,2.56346538663e-07,-1.28173269331e-07,-1.28173269331e-07,9.7596879072e-20,-3.79239111024e-20,2.31006018809e-21,0.0652694702148,0,325.74887085,-9.99200722163e-15,-1.33226762955e-14,-1.91455320951e-15,-1.07633802214e-14,3.98533925062e-15,-0.0538330078125,-2.62012633812e-14,-3.28626015289e-14,1.99294537887e-14,-7.77901233096e-15,1.57664065824e-15,-0.00194843753707,1302.9954834
193,192.990264893,-0.00973510742188,CYCLIC_500,1.36599171162,-84.9374694824,42.4687347412,42.4687347412,2.70636247395e-15,2.54022990507e-15,-1.66454003203e-15,-0.00174577266444,0.000872886332218,0.000872886332218,-3.21332107676e-19,9.67097049944e-20,-2.08474185994e-19,13.2038755417,0,0.00698351860046,0.00553131103516,-0.00276565551758,-0.00276565551758,-3.39052394572e-16,2.06147765857e-15,4.07111241041e-16,2.56230123341e-07,-1.28115061671e-07,-1.28115061671e-07,4.10210876646e-21,-2.34699509491e-20,-6.96818886719e-23,0.0652370452881,0,325.695068359,-5.77315972805e-15,-7.9936057773e-15,-2.14961195289e-15,-1.1825209845e-14,1.85865148344e-15,-0.0538024902344,4.21884749358e-15,5.3290705182e-15,-2.35058743381e-16,-1.0618296236e-15,-2.12668776718e-15,-0.00194843753707,1302.78027344
194,193.990264893,-0.00973510742188,CYCLIC_500,1.37297427654,-84.931930542,42.465965271,42.465965271,1.52051158324e-15,1.70706853846e-15,-1.65518101403e-15,-0.00174551666714,0.000872758333571,0.000872758333571,-2.86630664442e-19,1.03413990934e-19,-1.97865835361e-19,13.269080162,0,0.00698256492615,0.00553894042969,-0.00276947021484,-0.00276947021484,-1.18585089072e-15,-8.3316136661e-16,9.35901799467e-18,2.55997292697e-07,-1.27998646349e-07,-1.27998646349e-07,3.47014432337e-20,6.70428594005e-21,1.06083506335e-20,0.0652046203613,0,325.641296387,1.11022302463e-15,8.881784197e-16,1.90289247949e-14,-7.13576108975e-15,4.75440208716e-15,-0.0537719726562,6.88338275268e-15,8.881784197e-15,2.11785367477e-14,4.68944875527e-15,2.89575060372e-15,-0.00194843753707,1302.56518555
195,194.990264893,-0.00973510742188,CYCLIC_500,1.37995588779,-84.9263916016,42.4631958008,42.4631958008,6.10521118852e-16,2.13171335262e-15,-1.88650270306e-15,-0.00174526078627,0.000872630393133,0.000872630393133,-1.77467742401e-19,8.4363737084e-20,-1.89428179523e-19,13.3342523575,0,0.00698161125183,0.00553894042969,-0.00276947021484,-0.00276947021484,-9.09990464387e-16,4.24644814157e-16,-2.31321689026e-16,2.55880877376e-07,-1.27940438688e-07,-1.27940438688e-07,1.09162922041e-19,-1.90502538504e-20,8.43765583835e-21,0.0651721954346,0,325.587554932,-1.1990408666e-14,-1.59872115546e-14,1.25122284085e-14,-1.06101806016e-15,6.26479162668e-15,-0.0537414550781,-1.31006316906e-14,-1.68753899743e-14,-6.51669638631e-15,6.07474302959e-15,1.51038953952e-15,-0.00194843753707,1302.35021973
196,195.990264893,-0.00973510742188,CYCLIC_500,1.38693642616,-84.9208526611,42.4604263306,42.4604263306,2.85739902644e-15,2.11905154017e-15,-1.48542522201e-15,-0.0017450050218,0.000872502510902,0.000872502510902,-1.3215079633e-19,9.27285493296e-20,-1.81160798591e-19,13.399392128,0,0.00698053836823,0.00553894042969,-0.00276947021484,-0.00276947021484,2.24687790758e-15,-1.2661812455e-17,4.01077481044e-16,2.55764462054e-07,-1.27882231027e-07,-1.27882231027e-07,4.53169460715e-20,8.36481224565e-21,8.2673809314e-21,0.0651397705078,0,325.533874512,2.88657986403e-15,6.2172489379e-15,-1.23821020588e-14,-9.86513105643e-15,7.41785846452e-15,-0.0536804199219,1.487698853e-14,2.22044604925e-14,-2.48943304674e-14,-8.80411299627e-15,1.15306683783e-15,-0.00194843753707,1302.13549805
197,196.990264893,-0.00973510742188,CYCLIC_500,1.39391589165,-84.9153137207,42.4576568604,42.4576568604,-2.22992916708e-15,3.12471199366e-15,-2.25202152653e-15,-0.00174474937376,0.000872374686878,0.000872374686878,-2.27979032137e-19,1.36488523384e-19,-1.8297124482e-19,13.4644994736,0,0.00697946548462,0.00553894042969,-0.00276947021484,-0.00276947021484,-5.08732819352e-15,1.0056604535e-15,-7.66596304516e-16,2.55648046732e-07,-1.27824023366e-07,-1.27824023366e-07,-9.58282358074e-20,4.37599740544e-20,-1.81044622831e-21,0.0651073455811,0,325.480194092,-7.54951656745e-15,-7.1054273576e-15,9.40477579644e-15,2.42185089647e-16,6.50451510623e-15,-0.0536804199219,-1.04360964315e-14,-1.33226762955e-14,2.17868778552e-14,1.01073161461e-14,-9.13343358281e-16,-0.00194843753707,1301.92077637
198,197.990264893,-0.00973510742188,CYCLIC_500,1.40089440346,-84.9097747803,42.4548873901,42.4548873901,1.49161824799e-15,1.46869685732e-15,-1.91940679081e-15,-0.00174449395854,0.00087224697927,0.00087224697927,-1.80857249055e-19,1.27584544475e-19,-1.80252551754e-19,13.5295753479,0,0.0069785118103,0.00553894042969,-0.00276947021484,-0.00276947021484,3.72154741507e-15,-1.65601513634e-15,3.32614735723e-16,2.55415216088e-07,-1.27707608044e-07,-1.27707608044e-07,4.71217830822e-20,-8.90397890867e-21,2.71869306525e-21,0.0650758743286,0,325.426544189,-2.88657986403e-15,0,2.05362648536e-15,1.13320472255e-15,5.75747770713e-15,-0.0536499023438,4.66293670343e-15,7.1054273576e-15,-7.35114931107e-15,8.91019632903e-16,-7.47037399108e-16,-0.00194843753707,1301.70617676
199,198.990264893,-0.00973510742188,CYCLIC_500,1.40787184238,-84.9042358398,42.4521179199,42.4521179199,2.02974644117e-15,3.17633278662e-15,-1.71806344964e-15,-0.00174423877615,0.000872119388077,0.000872119388077,-2.03637152043e-19,1.60907450829e-19,-1.81619932198e-19,13.5946187973,0,0.0069774389267,0.00553894042969,-0.00276947021484,-0.00276947021484,5.38128193182e-16,1.7076359293e-15,2.01343341172e-16,2.55182385445e-07,-1.27591192722e-07,-1.27591192722e-07,-2.27799029881e-20,3.33229063532e-20,-1.36738044354e-21,0.0650434494019,0,325.372955322,-1.11022302463e-14,-6.2172489379e-15,-9.62581582029e-16,-3.22778294639e-15,2.99379232644e-15,-0.0535888671875,-8.21565038223e-15,-6.2172489379e-15,-3.01620806739e-15,-4.36098766894e-15,-2.76368538068e-15,-0.00194843753707,1301.49182129
200,199.990264893,-0.00973510742188,CYCLIC_500,1.41484832764,-84.8986968994,42.4493484497,42.4493484497,1.83582331024e-16,2.45026047417e-15,-2.23561549613e-15,-0.00174398359377,0.000871991796885,0.000871991796885,-2.37298074767e-19,1.4668304622e-19,-2.06667136437e-19,13.6596298218,0,0.00697648525238,0.00553894042969,-0.00276947021484,-0.00276947021484,-1.84616411014e-15,-7.26072312458e-16,-5.17552046493e-16,2.55182385445e-07,-1.27591192722e-07,-1.27591192722e-07,-3.36609227245e-20,-1.42244046086e-20,-2.50472042393e-20,0.0650110244751,0,325.319366455,4.4408920985e-16,3.5527136788e-15,7.24572986851e-15,-3.82476541487e-15,4.44013966855e-15,-0.0535888671875,1.15463194561e-14,9.7699626167e-15,8.20831145054e-15,-5.96982468478e-16,1.4463473421e-15,-0.00194843753707,1301.27746582
201,200.990264893,-0.00973510742188,CYCLIC_500,1.42182374001,-84.893157959,42.4465789795,42.4465789795,8.38409223134e-16,2.20240574302e-15,-1.66261931989e-15,-0.00174372864421,0.000871864322107,0.000871864322107,-2.76085035748e-19,1.77091737114e-19,-1.99286755958e-19,13.7246084213,0,0.00697541236877,0.00553894042969,-0.00276947021484,-0.00276947021484,6.5482689211e-16,-2.47854731149e-16,5.72996176242e-16,2.54949554801e-07,-1.274747774e-07,-1.274747774e-07,-3.87869609805e-20,3.04086908941e-20,7.38038047891e-21,0.0649785995483,0,325.265838623,-6.66133814775e-16,0,3.03111470741e-15,-1.11314446773e-14,2.74336999193e-15,-0.0535278320312,-1.11022302463e-15,-3.5527136788e-15,-4.21461516111e-15,-7.30667926243e-15,-1.69676967662e-15,-0.00194843753707,1301.06335449
202,201.990264893,-0.00973510742188,CYCLIC_500,1.4287981987,-84.8876113892,42.4438056946,42.4438056946,9.79500959271e-17,3.29393854395e-15,-1.45531776347e-15,-0.00174347392749,0.000871736963745,0.000871736963745,-2.80569375719e-19,2.34181642729e-19,-1.92534001192e-19,13.7895545959,0,0.00697445869446,0.00554656982422,-0.00277328491211,-0.00277328491211,-7.40459127207e-16,1.09153280093e-15,2.07301556418e-16,2.54716724157e-07,-1.27358362079e-07,-1.27358362079e-07,-4.48433997111e-21,5.70899056151e-20,6.75275476575e-21,0.0649461746216,0,325.212341309,-5.99520433298e-15,0,-6.19021036244e-15,1.59447525458e-15,6.13367045661e-15,-0.0534973144531,-5.3290705182e-15,0,-9.22132506985e-15,1.27259199319e-14,3.39030046468e-15,-0.00194843753707,1300.84936523
203,202.990264893,-0.00973510742188,CYCLIC_500,1.43577158451,-84.8820724487,42.4410362244,42.4410362244,8.2201553799e-16,1.30252762118e-15,-1.91582913105e-15,-0.00174321932718,0.000871609663591,0.000871609663591,-1.76830257568e-19,2.58238129356e-19,-1.82536786782e-19,13.8544692993,0,0.00697338581085,0.00553894042969,-0.00276947021484,-0.00276947021484,7.24065442062e-16,-1.99141092277e-15,-4.60511367585e-16,2.54600308836e-07,-1.27300154418e-07,-1.27300154418e-07,1.03739118152e-19,2.40564866269e-20,9.99721441044e-21,0.0649147033691,0,325.158874512,-3.33066907388e-15,-2.6645352591e-15,3.93871674402e-15,-4.49364966473e-15,6.16067594815e-15,-0.053466796875,2.6645352591e-15,-2.6645352591e-15,1.01289271065e-14,-6.08812491932e-15,2.70054915449e-17,-0.00194843753707,1300.63549805
204,203.990264893,-0.00973510742188,CYCLIC_500,1.44274389744,-84.8765335083,42.4382667542,42.4382667542,1.91970798567e-15,2.93933269217e-15,-1.92120962454e-15,-0.00174296484329,0.000871482421644,0.000871482421644,-2.21453317043e-19,2.43099974514e-19,-1.95728828991e-19,13.9193515778,0,0.00697231292725,0.00553894042969,-0.00276947021484,-0.00276947021484,1.09769244768e-15,1.63680507099e-15,-5.38049348807e-18,2.54483893514e-07,-1.27241946757e-07,-1.27241946757e-07,-4.46230594754e-20,-1.51381548422e-20,-1.31920422086e-20,0.0648822784424,0,325.105407715,-9.32587340685e-15,-8.881784197e-15,-3.2327587157e-15,-7.93188359817e-15,4.3493301133e-15,-0.053466796875,-5.99520433298e-15,-6.2172489379e-15,-7.17147545973e-15,-3.43823393343e-15,-1.81134583485e-15,-0.00194843753707,1300.42163086
205,204.990264893,-0.00973510742188,CYCLIC_500,1.44971525669,-84.8709869385,42.4354934692,42.4354934692,-1.05624459936e-15,1.45040029715e-15,-2.25200037366e-15,-0.00174271047581,0.000871355237905,0.000871355237905,-2.14002881879e-19,2.78047289107e-19,-1.91272507541e-19,13.9842023849,0,0.00697135925293,0.00554656982422,-0.00277328491211,-0.00277328491211,-2.97595258504e-15,-1.48893239502e-15,-3.30790749119e-16,2.54367478192e-07,-1.27183739096e-07,-1.27183739096e-07,7.45043516431e-21,3.49473145929e-20,4.45632144929e-21,0.0648508071899,0,325.052001953,-4.21884749358e-15,-4.4408920985e-15,1.43947247628e-14,-2.52832471142e-15,4.57871052648e-15,-0.0534057617188,5.10702591328e-15,4.4408920985e-15,1.76274834785e-14,5.40355888675e-15,2.29380413174e-16,-0.00194843753707,1300.20800781
206,205.990264893,-0.00973510742188,CYCLIC_500,1.45668554306,-84.8654403687,42.4327201843,42.4327201843,-5.58027990679e-16,2.56258696252e-15,-1.67849397463e-15,-0.00174245634116,0.000871228170581,0.000871228170581,-1.34990279575e-19,3.04464730148e-19,-1.74531491141e-19,14.0490207672,0,0.00697028636932,0.00554656982422,-0.00277328491211,-0.00277328491211,4.98216608685e-16,1.11218666537e-15,5.73506399029e-16,2.54134647548e-07,-1.27067323774e-07,-1.27067323774e-07,7.90126023038e-20,2.64174410409e-20,1.67410164001e-20,0.0648183822632,0,324.998657227,-1.13242748512e-14,-4.4408920985e-15,-5.58655074647e-15,6.22004160553e-15,1.6862532704e-15,-0.0533447265625,-7.1054273576e-15,0,-1.99812755093e-14,8.74836631694e-15,-2.89245725607e-15,-0.00194843753707,1299.99462891
207,206.990264893,-0.00973510742188,CYCLIC_500,1.46365487576,-84.8599014282,42.4299507141,42.4299507141,3.66105002655e-15,3.60035664172e-15,-1.47677539269e-15,-0.00174220232293,0.000871101161465,0.000871101161465,-1.19544956382e-19,3.79124255704e-19,-1.60142018764e-19,14.1138067245,0,0.00696933269501,0.00553894042969,-0.00276947021484,-0.00276947021484,4.21907801723e-15,1.0377696792e-15,2.01718581937e-16,2.54018232226e-07,-1.27009116113e-07,-1.27009116113e-07,1.54453231927e-20,7.46595255561e-20,1.43894723773e-20,0.0647859573364,0,324.9453125,1.11022302463e-15,-4.4408920985e-15,-2.12598440558e-14,-5.06212427323e-15,2.15823018226e-15,-0.0533447265625,1.24344978758e-14,0,-1.56732933093e-14,-1.12821658788e-14,4.71976911852e-16,-0.00194843753707,1299.78125
208,207.990264893,-0.00973510742188,CYCLIC_500,1.47062325478,-84.8543548584,42.4271774292,42.4271774292,3.51364499879e-16,3.96172842559e-15,-1.86126303858e-15,-0.00174194853753,0.000870974268764,0.000870974268764,-9.07859757407e-20,4.40073844218e-19,-1.5730903384e-19,14.1785612106,0,0.00696837902069,0.00554656982422,-0.00277328491211,-0.00277328491211,-3.30968552667e-15,3.61371783869e-16,-3.84487645889e-16,2.53785401583e-07,-1.26892700791e-07,-1.26892700791e-07,2.87589806414e-20,6.09495885144e-20,2.83298492452e-21,0.064754486084,0,324.891998291,5.99520433298e-15,8.881784197e-16,-4.39353933618e-15,-1.87493093391e-15,5.36075502967e-15,-0.0533142089844,4.88498130835e-15,5.3290705182e-15,1.68663047196e-14,3.18719333931e-15,3.20252484742e-15,-0.00194843753707,1299.56799316
209,208.990264893,-0.00973510742188,CYCLIC_500,1.4775904417,-84.8488082886,42.4244041443,42.4244041443,3.25518511074e-15,2.74066297389e-15,-1.47236480777e-15,-0.00174169475213,0.000870847376063,0.000870847376063,6.59858292064e-20,4.6759040796e-19,-1.30948500215e-19,14.2432832718,0,0.0069671869278,0.00554656982422,-0.00277328491211,-0.00277328491211,2.90382061086e-15,-1.2210654517e-15,3.88898230817e-16,2.53785401583e-07,-1.26892700791e-07,-1.26892700791e-07,1.56771804947e-19,2.75165637422e-20,2.63605336249e-20,0.0647220611572,0,324.8387146,1.11022302463e-15,-2.6645352591e-15,-3.2077123088e-15,-1.08951145706e-14,3.06942223236e-15,-0.0532836914062,-4.88498130835e-15,-3.5527136788e-15,1.18582702738e-15,-9.02018363664e-15,-2.29133279731e-15,-0.00194843753707,1299.3548584
210,209.990264893,-0.00973510742188,CYCLIC_500,1.48455679417,-84.8432617188,42.4216308594,42.4216308594,3.45744134519e-15,1.82755959725e-15,-1.89539649234e-15,-0.00174144131597,0.000870720657986,0.000870720657986,1.55205453336e-20,4.7071474022e-19,-1.30401089614e-19,14.3079738617,0,0.00696635246277,0.00554656982422,-0.00277328491211,-0.00277328491211,2.02256234446e-16,-9.13103376642e-16,-4.23031684577e-16,2.53436155617e-07,-1.26718077809e-07,-1.26718077809e-07,-5.04652838728e-20,3.12433225945e-21,5.47410600267e-22,0.0646905899048,0,324.785491943,-3.77475828373e-15,-1.7763568394e-15,-1.09320003408e-14,-1.37943098521e-14,2.80140718732e-15,-0.05322265625,-4.88498130835e-15,8.881784197e-16,-7.72428803198e-15,-2.89919528157e-15,-2.68015045045e-16,-0.00194843753707,1299.14196777
211,210.990264893,-0.00973510742188,CYCLIC_500,1.49152207375,-84.8377151489,42.4188575745,42.4188575745,-1.74386040714e-15,1.27549664916e-15,-1.91071392266e-15,-0.00174118787982,0.000870593939908,0.000870593939908,3.72583085903e-20,4.4931732907e-19,-1.22310751082e-19,14.3726320267,0,0.00696527957916,0.00554656982422,-0.00277328491211,-0.00277328491211,-5.20130175233e-15,-5.52062948091e-16,-1.53174303167e-17,2.53436155617e-07,-1.26718077809e-07,-1.26718077809e-07,2.17377632567e-20,-2.13974111503e-20,8.09033853189e-21,0.064658164978,0,324.732269287,3.10862446895e-15,1.7763568394e-15,-6.87943655852e-15,-1.04201940232e-15,3.58113856926e-15,-0.05322265625,6.88338275268e-15,3.5527136788e-15,4.05256378225e-15,1.27522904498e-14,7.79731381947e-16,-0.00194843753707,1298.92907715
212,211.990264893,-0.00973510742188,CYCLIC_500,1.49848628044,-84.8321685791,42.4160842896,42.4160842896,-1.31223982503e-15,2.56183047607e-15,-2.0190020342e-15,-0.00174093467649,0.000870467338245,0.000870467338245,3.00640732337e-21,4.53987306465e-19,-1.19414024758e-19,14.4372587204,0,0.00696420669556,0.00554656982422,-0.00277328491211,-0.00277328491211,4.31620582118e-16,1.28633382691e-15,-1.08288111542e-16,2.53203324974e-07,-1.26601662487e-07,-1.26601662487e-07,-3.42519012669e-20,4.66997739514e-21,2.89672632454e-21,0.0646266937256,0,324.679107666,-3.33066907388e-15,-6.2172489379e-15,-3.65114252371e-15,-5.22139071363e-15,3.66907123004e-15,-0.0531616210938,-6.43929354283e-15,-7.9936057773e-15,3.22829403482e-15,-4.17937131131e-15,8.79326607764e-17,-0.00194843753707,1298.71643066
213,212.990264893,-0.00973510742188,CYCLIC_500,1.50544953346,-84.8266220093,42.4133110046,42.4133110046,1.16772672822e-15,2.70920256219e-15,-1.37067149127e-15,-0.00174068158958,0.000870340794791,0.000870340794791,1.3921184753e-20,5.03503249123e-19,-9.89519246592e-20,14.5018529892,0,0.00696325302124,0.00554656982422,-0.00277328491211,-0.00277328491211,2.47996655325e-15,1.47372086119e-16,6.48330542936e-16,2.53086909652e-07,-1.26543454826e-07,-1.26543454826e-07,1.09147774296e-20,4.95159426586e-20,2.04621000987e-20,0.0645942687988,0,324.625946045,-2.44249065418e-15,-1.7763568394e-15,-4.34533037079e-15,-1.91491914759e-16,7.06824769341e-15,-0.0531616210938,8.881784197e-16,4.4408920985e-15,-6.94187847082e-16,5.02989879887e-15,3.39917646337e-15,-0.00194843753707,1298.50378418
214,213.990264893,-0.00973510742188,CYCLIC_500,1.5124117136,-84.8210754395,42.4105377197,42.4105377197,2.97175899605e-15,2.15485245309e-15,-1.98654839613e-15,-0.0017404287355,0.000870214367751,0.000870214367751,1.06234857769e-19,4.87881891556e-19,-9.26199737963e-20,14.5664157867,0,0.00696218013763,0.00554656982422,-0.00277328491211,-0.00277328491211,1.80403226783e-15,-5.54350109102e-16,-6.15876904869e-16,2.52854079008e-07,-1.26427039504e-07,-1.26427039504e-07,9.2313673016e-20,-1.56213575669e-20,6.33195086292e-21,0.0645627975464,0,324.572845459,-7.77156117238e-15,-8.881784197e-15,-1.02610698843e-14,-7.86603098198e-15,5.12180142366e-15,-0.0531005859375,-5.3290705182e-15,-7.1054273576e-15,-5.91573951351e-15,-7.67453906722e-15,-1.94644626976e-15,-0.00194843753707,1298.29138184
215,214.990264893,-0.00973510742188,CYCLIC_500,1.51937294006,-84.8155212402,42.4077606201,42.4077606201,-2.91945297448e-15,5.36886142615e-16,-2.27925867352e-15,-0.00174017599784,0.000870087998919,0.000870087998919,-2.8967307674e-20,4.19445013104e-19,-9.75901095095e-20,14.630947113,0,0.00696122646332,0.00555419921875,-0.00277709960938,-0.00277709960938,-5.89121197053e-15,-1.61796631048e-15,-2.92710277387e-16,2.52737663686e-07,-1.26368831843e-07,-1.26368831843e-07,-1.35202165443e-19,-6.84368784525e-20,-4.97013571316e-21,0.0645313262939,0,324.519775391,9.54791801178e-15,4.4408920985e-15,7.97898628559e-15,-4.64854892237e-15,6.19832679758e-15,-0.0530700683594,1.73194791842e-14,1.33226762955e-14,1.82400561699e-14,3.2174820596e-15,1.07652537392e-15,-0.00194843753707,1298.07910156
216,215.990264893,-0.00973510742188,CYCLIC_500,1.52633309364,-84.8099746704,42.4049873352,42.4049873352,-1.77703596461e-15,1.50950087623e-15,-2.46010128806e-15,-0.00173992337659,0.000869961688295,0.000869961688295,-3.21507631525e-20,3.93449178913e-19,-1.03207432465e-19,14.6954460144,0,0.00696015357971,0.00554656982422,-0.00277328491211,-0.00277328491211,1.14241700987e-15,9.72614733611e-16,-1.80842614537e-16,2.52621248364e-07,-1.26310624182e-07,-1.26310624182e-07,-3.18345547841e-21,-2.59958341913e-20,-5.61732295533e-21,0.0644989013672,0,324.466705322,1.7763568394e-15,-2.6645352591e-15,-4.01801323099e-15,-1.19898366011e-14,-7.7749088054e-17,-0.0530700683594,-7.77156117238e-15,-7.1054273576e-15,-1.19969995166e-14,-7.3412876787e-15,-6.27607588563e-15,-0.00194843753707,1297.86682129
217,216.990264893,-0.00973510742188,CYCLIC_500,1.53329229355,-84.8044204712,42.4022102356,42.4022102356,-4.30734445035e-16,1.35005217154e-15,-2.26613038745e-15,-0.00173967087176,0.000869835435878,0.000869835435878,-2.40781823465e-20,3.72938999749e-19,-1.05088216611e-19,14.7599134445,0,0.0069591999054,0.00555419921875,-0.00277709960938,-0.00277709960938,1.34630151957e-15,-1.59448704687e-16,1.93970900609e-16,2.52504833043e-07,-1.26252416521e-07,-1.26252416521e-07,8.07258080591e-21,-2.0510179164e-20,-1.88078414633e-21,0.0644674301147,0,324.413696289,-4.4408920985e-15,-3.5527136788e-15,6.04325997961e-15,2.51334421906e-15,5.01506306974e-15,-0.0530090332031,-6.2172489379e-15,-8.881784197e-16,1.00612732106e-14,1.45031808201e-14,5.09281215779e-15,-0.00194843753707,1297.65478516
218,217.990264893,-0.00973510742188,CYCLIC_500,1.54025053978,-84.7988739014,42.3994369507,42.3994369507,-2.50369301978e-15,1.60703136824e-15,-2.48548354188e-15,-0.00173941859975,0.000869709299877,0.000869709299877,-2.31713324472e-19,3.8155849315e-19,-1.34829393753e-19,14.8243484497,0,0.00695824623108,0.00554656982422,-0.00277328491211,-0.00277328491211,-2.07295857474e-15,2.56979196705e-16,-2.19353154426e-16,2.52272002399e-07,-1.26136001199e-07,-1.26136001199e-07,-2.07635142126e-19,8.61949340144e-21,-2.97411771424e-20,0.064435005188,0,324.360717773,-9.32587340685e-15,-6.2172489379e-15,1.82824194846e-15,-7.18280762898e-15,3.79895734005e-15,-0.052978515625,-4.88498130835e-15,-2.6645352591e-15,-4.21501803115e-15,-9.69615184804e-15,-1.21610572969e-15,-0.00194843753707,1297.44287109
219,218.990264893,-0.00973510742188,CYCLIC_500,1.54720771313,-84.7933197021,42.3966598511,42.3966598511,2.95998389971e-15,2.59546308391e-15,-1.75513090346e-15,-0.00173916644417,0.000869583222084,0.000869583222084,-1.7127026049e-19,3.81860498084e-19,-1.28307819813e-19,14.8887519836,0,0.00695717334747,0.00555419921875,-0.00277709960938,-0.00277709960938,5.46367691949e-15,9.8843171567e-16,7.30352638412e-16,2.52155587077e-07,-1.26077793539e-07,-1.26077793539e-07,6.04430639817e-20,3.02004934113e-22,6.52157394042e-21,0.0644035339355,0,324.307769775,-6.43929354283e-15,-2.6645352591e-15,1.56287749781e-14,-1.18121386179e-15,7.78246730391e-15,-0.0529479980469,2.88657986403e-15,3.5527136788e-15,1.38005330297e-14,6.00159376719e-15,3.98350996386e-15,-0.00194843753707,1297.2310791
220,219.990264893,-0.00973510742188,CYCLIC_500,1.55416381359,-84.7877731323,42.3938865662,42.3938865662,-7.88578058746e-16,8.56582846688e-16,-1.91339614265e-15,-0.00173891452141,0.000869457260706,0.000869457260706,-1.54124582124e-19,3.46654146713e-19,-1.14030990614e-19,14.9531240463,0,0.00695610046387,0.00554656982422,-0.00277328491211,-0.00277328491211,-3.74856195845e-15,-1.73888023723e-15,-1.58265239186e-16,2.51922756433e-07,-1.25961378217e-07,-1.25961378217e-07,1.7145678366e-20,-3.52063513716e-20,1.42768291994e-20,0.0643720626831,0,324.254852295,-2.22044604925e-15,-6.2172489379e-15,9.00651355719e-15,-1.01047436011e-14,4.28751386057e-15,-0.0529174804688,4.21884749358e-15,-3.5527136788e-15,-6.62226142093e-15,-8.92352973935e-15,-3.49495344334e-15,-0.00194843753707,1297.01940918
221,220.990264893,-0.00973510742188,CYCLIC_500,1.56111896038,-84.7822189331,42.3911094666,42.3911094666,1.19940801038e-15,3.14961258683e-15,-1.41375949481e-15,-0.00173866271507,0.000869331357535,0.000869331357535,-1.23790146644e-19,3.89027562496e-19,-1.07441429334e-19,15.0174646378,0,0.00695514678955,0.00555419921875,-0.00277709960938,-0.00277709960938,1.98798606913e-15,2.29302974014e-15,4.9963664784e-16,2.51806341112e-07,-1.25903170556e-07,-1.25903170556e-07,3.03344354802e-20,4.23734157838e-20,6.58956128013e-21,0.0643405914307,0,324.20199585,-1.13242748512e-14,-1.42108547152e-14,-2.16588151028e-16,-5.99913535994e-15,3.99270579028e-15,-0.0528564453125,-9.10382880193e-15,-7.9936057773e-15,-9.22310170822e-15,4.10560824119e-15,-2.94808070286e-16,-0.00194843753707,1296.8079834
222,221.990264893,-0.00973510742188,CYCLIC_500,1.5680731535,-84.7766647339,42.3883323669,42.3883323669,-1.24665726842e-16,2.85986713155e-15,-1.5960824235e-15,-0.00173841102514,0.000869205512572,0.000869205512572,-5.37748145204e-20,4.36605039701e-19,-9.7242764839e-20,15.0817728043,0,0.00695419311523,0.00555419921875,-0.00277709960938,-0.00277709960938,-1.32407373722e-15,-2.89745455277e-16,-1.82322928689e-16,2.5168992579e-07,-1.25844962895e-07,-1.25844962895e-07,7.00153321239e-20,4.75774772048e-20,1.01986644945e-20,0.0643081665039,0,324.149139404,-6.2172489379e-15,-8.881784197e-16,-2.34479322818e-14,-3.74328211589e-15,1.51570640669e-15,-0.0528564453125,5.10702591328e-15,1.33226762955e-14,-2.32313441307e-14,2.25585324406e-15,-2.4769993836e-15,-0.00194843753707,1296.59655762
223,222.990264893,-0.00973510742188,CYCLIC_500,1.57502627373,-84.7711105347,42.3855552673,42.3855552673,-5.06094822423e-16,3.34812977135e-15,-2.01856906057e-15,-0.00173815956805,0.000869079784025,0.000869079784025,-3.70594217362e-20,5.00984868668e-19,-9.69136380339e-20,15.1460504532,0,0.00695312023163,0.00555419921875,-0.00277709960938,-0.00277709960938,-3.81429095581e-16,4.88262639794e-16,-4.22486637073e-16,2.51457095146e-07,-1.25728547573e-07,-1.25728547573e-07,1.67153927842e-20,6.43798289665e-20,3.29126805071e-22,0.0642776489258,0,324.096313477,-1.11022302463e-14,-7.9936057773e-15,1.9017126334e-15,9.15621277369e-15,3.55772471248e-15,-0.0528259277344,-4.88498130835e-15,-7.1054273576e-15,2.53496449152e-14,1.28994948896e-14,2.04201830579e-15,-0.00194843753707,1296.38525391
224,223.990264893,-0.00973510742188,CYCLIC_500,1.58197844028,-84.7655563354,42.3827781677,42.3827781677,8.95828066891e-17,1.83995884934e-16,-2.17093434594e-15,-0.00173790822737,0.000868954113685,0.000868954113685,-9.87150315217e-20,4.22790431193e-19,-1.05791611139e-19,15.2102956772,0,0.00695216655731,0.00555419921875,-0.00277709960938,-0.00277709960938,5.95677629112e-16,-3.16413388641e-15,-1.52365285373e-16,2.51340679824e-07,-1.25670339912e-07,-1.25670339912e-07,-6.16556097855e-20,-7.81944374752e-20,-8.8779731055e-21,0.064245223999,0,324.043548584,2.6645352591e-15,-2.6645352591e-15,1.14680828344e-14,-3.51708429667e-15,3.70054178628e-15,-0.0527648925781,1.37667655054e-14,5.3290705182e-15,9.56637020102e-15,-1.26732970704e-14,1.42817073801e-16,-0.00194843753707,1296.17419434
225,224.990264893,-0.00973510742188,CYCLIC_500,1.58892953396,-84.7606277466,42.3803138733,42.3803138733,3.17828226816e-15,1.16972558039e-15,-1.43295119675e-15,-0.00173765083309,0.000868825416546,0.000868825416546,-9.46068438562e-22,3.87245220517e-19,-8.77391848984e-20,15.2745094299,0,0.00695109367371,0.00492858886719,-0.00246429443359,-0.00246429443359,3.08869946147e-15,9.85729695458e-16,7.37983149193e-16,2.57394276559e-07,-1.2869713828e-07,-1.2869713828e-07,9.77689630831e-20,-3.55452106755e-20,1.8052426241e-20,0.0642137527466,0,323.989501953,-2.6645352591e-15,-8.881784197e-16,9.7722375222e-15,-1.69824511272e-14,6.63379496565e-15,-0.0540466308594,-5.3290705182e-15,1.7763568394e-15,-1.69584531221e-15,-1.34653668305e-14,2.93325317936e-15,-0.00194843753707,1295.95800781
226,225.990264893,-0.00973510742188,CYCLIC_500,1.59587955475,-84.7559356689,42.3779678345,42.3779678345,-1.31191321938e-15,1.83723755748e-15,-1.90472793172e-15,-0.00173739134334,0.00086869567167,0.00086869567167,-5.35563209009e-20,3.92950954459e-19,-9.62279498357e-20,15.3386907578,0,0.0069500207901,0.00469207763672,-0.00234603881836,-0.00234603881836,-4.49019548754e-15,6.67511977085e-16,-4.71776734971e-16,2.59489752352e-07,-1.29744876176e-07,-1.29744876176e-07,-5.26102524623e-20,5.70573394175e-21,-8.48876493733e-21,0.0641813278198,0,323.934997559,-9.54791801178e-15,-2.6645352591e-15,-1.1279844082e-14,-9.48492957132e-15,5.65331826413e-15,-0.0545043945312,-6.88338275268e-15,-1.7763568394e-15,-2.10520816042e-14,7.49752155586e-15,-9.80476701522e-16,-0.00194843753707,1295.73999023
227,226.990264893,-0.00973510742188,CYCLIC_500,1.60282862186,-84.7512435913,42.3756217957,42.3756217957,-2.15912900333e-17,1.71639816135e-15,-1.95325847764e-15,-0.00173713197,0.000868565985002,0.000868565985002,-1.83108997857e-20,3.35381025594e-19,-9.77338612215e-20,15.4028406143,0,0.00694906711578,0.00469207763672,-0.00234603881836,-0.00234603881836,1.29032192934e-15,-1.20839396123e-16,-4.85305459178e-17,2.5937333703e-07,-1.29686668515e-07,-1.29686668515e-07,3.52454211152e-20,-5.75699288644e-20,-1.50591138572e-21,0.0641498565674,0,323.880523682,-1.64313007645e-14,-6.2172489379e-15,-8.44682060249e-16,-6.22700029883e-15,3.3994620723e-15,-0.0544738769531,-6.88338275268e-15,-3.5527136788e-15,1.04351620218e-14,3.2579292725e-15,-2.25385619183e-15,-0.00194843753707,1295.52209473
228,227.990264893,-0.00973510742188,CYCLIC_500,1.6097766161,-84.7465515137,42.3732757568,42.3732757568,1.22630842683e-15,-8.84482391435e-17,-2.35484770514e-15,-0.00173687271308,0.000868436356541,0.000868436356541,6.34789872742e-20,2.93413421469e-19,-9.8402373406e-20,15.4669589996,0,0.00694799423218,0.00469207763672,-0.00234603881836,-0.00234603881836,1.24789971686e-15,-1.8048464005e-15,-4.01589227497e-16,2.59256921709e-07,-1.29628460854e-07,-1.29628460854e-07,8.17898870598e-20,-4.19676041256e-20,-6.68512184546e-22,0.0641183853149,0,323.826080322,1.02140518266e-14,9.7699626167e-15,-8.85741552895e-15,-8.49967069384e-15,6.13284774277e-15,-0.054443359375,2.6645352591e-14,1.59872115546e-14,-8.0127334687e-15,-2.27267039501e-15,2.73338567047e-15,-0.00194843753707,1295.30432129
229,228.990264893,-0.00973510742188,CYCLIC_500,1.61672365665,-84.7418670654,42.3709335327,42.3709335327,6.9201772551e-16,1.04289841076e-15,-1.81279341416e-15,-0.00173661357258,0.000868306786288,0.000868306786288,1.07475465514e-19,2.82339265561e-19,-9.53289289101e-20,15.53104496,0,0.00694704055786,0.00468444824219,-0.00234222412109,-0.00234222412109,-5.34290701315e-16,1.1313466499e-15,5.42054290981e-16,2.59140506387e-07,-1.29570253193e-07,-1.29570253193e-07,4.39964782393e-20,-1.10741559082e-20,3.0734444959e-21,0.0640859603882,0,323.77166748,-8.21565038223e-15,-1.24344978758e-14,-1.02519578744e-14,-6.90316181903e-16,4.25098241482e-15,-0.0544128417969,-1.84297022088e-14,-2.22044604925e-14,-1.39454234548e-15,7.80935451193e-15,-1.88186532795e-15,-0.00194843753707,1295.08666992
230,229.990264893,-0.00973510742188,CYCLIC_500,1.62366962433,-84.7371749878,42.3685874939,42.3685874939,-2.0674640573e-15,2.49175956963e-15,-1.90145904877e-15,-0.0017363546649,0.00086817733245,0.00086817733245,2.90971071756e-20,2.82099110553e-19,-1.07881633812e-19,15.5950994492,0,0.00694596767426,0.00469207763672,-0.00234603881836,-0.00234603881836,-2.75948178281e-15,1.44886115887e-15,-8.86656346162e-17,2.58907675743e-07,-1.29453837872e-07,-1.29453837872e-07,-7.83783583379e-20,-2.40155007969e-22,-1.25527049024e-20,0.0640544891357,0,323.717285156,-1.33226762955e-15,3.5527136788e-15,3.38406730142e-15,-1.04732450201e-14,6.11624191661e-15,-0.0543823242188,6.88338275268e-15,1.59872115546e-14,1.36360251758e-14,-9.78292883824e-15,1.86525950179e-15,-0.00194843753707,1294.86914062
231,230.990264893,-0.00973510742188,CYCLIC_500,1.63061451912,-84.7324905396,42.3662452698,42.3662452698,-3.38769662584e-16,2.99500696342e-15,-2.28809240991e-15,-0.00173609587364,0.000868047936819,0.000868047936819,-5.04128596859e-20,2.82028816357e-19,-1.23616860535e-19,15.6591215134,0,0.00694489479065,0.00468444824219,-0.00234222412109,-0.00234222412109,1.72869439472e-15,5.03247393785e-16,-3.86633361135e-16,2.58791260421e-07,-1.29395630211e-07,-1.29395630211e-07,-7.95099668614e-20,-7.02941961957e-23,-1.57352267229e-20,0.064022064209,0,323.66293335,-2.44249065418e-15,-3.5527136788e-15,-6.21187477855e-15,-4.17204828797e-15,5.53668845797e-15,-0.0543518066406,-1.11022302463e-15,-7.1054273576e-15,-9.59594207997e-15,6.30119673218e-15,-5.79553458643e-16,-0.00194843753707,1294.6517334
232,231.990264893,-0.00973510742188,CYCLIC_500,1.63755834103,-84.7277984619,42.363899231,42.363899231,1.61219899879e-15,2.54269779512e-15,-1.36394337249e-15,-0.00173583719879,0.000867918599397,0.000867918599397,-7.83424729165e-20,3.00109682384e-19,-1.32853168065e-19,15.7231121063,0,0.00694382190704,0.00469207763672,-0.00234603881836,-0.00234603881836,1.95096866138e-15,-4.52309168295e-16,9.24149037413e-16,2.58674845099e-07,-1.2933742255e-07,-1.2933742255e-07,-2.79296132307e-20,1.80808660272e-20,-9.23630752977e-21,0.0639905929565,0,323.608612061,-7.32747196253e-15,-7.1054273576e-15,-1.28089249785e-14,-3.82603344469e-15,2.34233451388e-15,-0.0543212890625,-4.88498130835e-15,-3.5527136788e-15,-6.59705019994e-15,3.46014843271e-16,-3.19435394409e-15,-0.00194843753707,1294.43444824
233,232.990264893,-0.00973510742188,CYCLIC_500,1.64450120926,-84.7231140137,42.3615570068,42.3615570068,3.09390391976e-15,1.62052112066e-15,-1.52751469851e-15,-0.00173557864036,0.000867789320182,0.000867789320182,-9.7560794277e-20,2.80743109497e-19,-1.31302061866e-19,15.787071228,0,0.00694286823273,0.00468444824219,-0.00234222412109,-0.00234222412109,1.48170492096e-15,-9.22176674459e-16,-1.63571326021e-16,2.58558429778e-07,-1.29279214889e-07,-1.29279214889e-07,-1.92183213605e-20,-1.93665728866e-20,1.55110619886e-21,0.0639591217041,0,323.554321289,-2.22044604925e-15,-2.6645352591e-15,-8.37462842114e-15,-3.2374664388e-15,2.58777378499e-15,-0.0542907714844,5.10702591328e-15,4.4408920985e-15,4.43429655734e-15,5.88567005895e-16,2.45439271116e-16,-0.00194843753707,1294.21728516
234,233.990264893,-0.00973510742188,CYCLIC_500,1.65144300461,-84.7184295654,42.3592147827,42.3592147827,-4.83071452793e-16,1.26329101027e-15,-1.91853967081e-15,-0.00173532031476,0.000867660157382,0.000867660157382,-1.47621934989e-19,2.1194462387e-19,-1.33646958455e-19,15.8509988785,0,0.00694179534912,0.00468444824219,-0.00234222412109,-0.00234222412109,-3.57697537255e-15,-3.57230110395e-16,-3.91024972298e-16,2.58325599134e-07,-1.29162799567e-07,-1.29162799567e-07,-5.00611407123e-20,-6.87984856271e-20,-2.34489658859e-21,0.0639276504517,0,323.500091553,-9.54791801178e-15,-5.3290705182e-15,-2.41294558497e-15,-1.80447219226e-15,3.16325487797e-15,-0.0542297363281,-7.32747196253e-15,-2.6645352591e-15,5.96168283617e-15,1.43299424654e-15,5.75481092977e-16,-0.00194843753707,1294.00036621
235,234.990264893,-0.00973510742188,CYCLIC_500,1.65838372707,-84.7137374878,42.3568687439,42.3568687439,6.99710997043e-16,2.16753172898e-15,-1.96505454467e-15,-0.00173506210558,0.000867531052791,0.000867531052791,-1.43114356413e-19,2.17922813253e-19,-1.29622170376e-19,15.9148950577,0,0.00694072246552,0.00469207763672,-0.00234603881836,-0.00234603881836,1.18278244984e-15,9.04240718714e-16,-4.65148738555e-17,2.58209183812e-07,-1.29104591906e-07,-1.29104591906e-07,4.50757857644e-21,5.97818938329e-21,4.02478807889e-21,0.0638961791992,0,323.445861816,-3.77475828373e-15,-4.4408920985e-15,3.17011972267e-15,-1.61995442915e-15,3.75310540441e-15,-0.0542297363281,5.77315972805e-15,8.881784197e-16,5.58306530764e-15,1.84517763109e-16,5.89850526439e-16,-0.00194843753707,1293.78344727
236,235.990264893,-0.00973510742188,CYCLIC_500,1.66532349586,-84.7090530396,42.3545265198,42.3545265198,1.65960347893e-15,1.91381935472e-15,-1.83630139086e-15,-0.00173480401281,0.000867402006406,0.000867402006406,1.34791795002e-20,2.66445938844e-19,-1.14574620917e-19,15.978758812,0,0.0069397687912,0.00468444824219,-0.00234222412109,-0.00234222412109,9.59892481886e-16,-2.53712374261e-16,1.28753153812e-16,2.5809276849e-07,-1.29046384245e-07,-1.29046384245e-07,1.56593535913e-19,4.85231255907e-20,1.50475494593e-20,0.0638637542725,0,323.391662598,4.4408920985e-16,8.881784197e-16,-4.49199677258e-15,-1.34306197391e-14,6.76127689175e-15,-0.05419921875,4.21884749358e-15,5.3290705182e-15,-7.66211649525e-15,-1.18106653099e-14,3.00817148734e-15,-0.00194843753707,1293.56665039
237,236.990264893,-0.00973510742188,CYCLIC_500,1.67226219177,-84.7043609619,42.352180481,42.352180481,-5.89313069537e-15,2.19571212802e-15,-2.32016733739e-15,-0.00173454615287,0.000867273076437,0.000867273076437,-9.0961473437e-20,2.81490622277e-19,-1.20376307633e-19,16.042591095,0,0.00693869590759,0.00469207763672,-0.00234603881836,-0.00234603881836,-7.5527341743e-15,2.81892773296e-16,-4.83865946536e-16,2.57859937847e-07,-1.28929968923e-07,-1.28929968923e-07,-1.04440652937e-19,1.50446834329e-20,-5.8016867161e-21,0.06383228302,0,323.337493896,-9.99200722163e-15,-4.4408920985e-15,-6.18244276591e-15,2.18333298303e-15,4.40603800298e-15,-0.0541687011719,-1.04360964315e-14,-5.3290705182e-15,-1.69044599333e-15,1.56139527221e-14,-2.35523888877e-15,-0.00194843753707,1293.34997559
238,237.990264893,-0.00973510742188,CYCLIC_500,1.6791998148,-84.6996765137,42.3498382568,42.3498382568,-2.51257193015e-16,1.3609044106e-15,-1.93775016837e-15,-0.00173428840935,0.000867144204676,0.000867144204676,-1.20366702047e-19,2.80573408225e-19,-1.26302841647e-19,16.1063919067,0,0.00693762302399,0.00468444824219,-0.00234222412109,-0.00234222412109,5.64187350236e-15,-8.34807717418e-16,3.82417169026e-16,2.57743522525e-07,-1.28871761262e-07,-1.28871761262e-07,-2.94052286101e-20,-9.17214052351e-22,-5.92653401391e-21,0.0638008117676,0,323.283355713,8.43769498715e-15,4.4408920985e-15,-1.68897011253e-14,-7.94772766708e-15,4.12339418608e-15,-0.0541381835938,1.84297022088e-14,8.881784197e-15,-1.07072583594e-14,-1.01310606501e-14,-2.82643816896e-16,-0.00194843753707,1293.13342285
239,238.990264893,-0.00973510742188,CYCLIC_500,1.68613648415,-84.6949920654,42.3474960327,42.3474960327,-9.344567199e-16,1.1603015977e-16,-1.96325933775e-15,-0.00173403078225,0.000867015391123,0.000867015391123,-1.99518493252e-19,2.15162614947e-19,-1.31795419667e-19,16.1701602936,0,0.00693666934967,0.00468444824219,-0.00234222412109,-0.00234222412109,-6.83199526885e-16,-1.24487425083e-15,-2.55091693797e-17,2.57627107203e-07,-1.28813553602e-07,-1.28813553602e-07,-7.91517912053e-20,-6.54107932778e-20,-5.49257802012e-21,0.0637683868408,0,323.229278564,-7.1054273576e-15,-7.1054273576e-15,-1.29438331336e-15,5.14887452895e-16,6.32762922909e-15,-0.0540771484375,-1.55431223448e-14,-1.15463194561e-14,1.5595317812e-14,8.46261511998e-15,2.20423504301e-15,-0.00194843753707,1292.91711426
240,239.990264893,-0.00973510742188,CYCLIC_500,1.69307208061,-84.6903076172,42.3451538086,42.3451538086,8.00072706122e-16,1.64522616006e-15,-1.68800561862e-15,-0.00173377327155,0.000866886635777,0.000866886635777,-2.72629564672e-19,1.94577178503e-19,-1.36777343512e-19,16.2338981628,0,0.00693559646606,0.00468444824219,-0.00234222412109,-0.00234222412109,1.73452942602e-15,1.52919600029e-15,2.75253719129e-16,2.57510691881e-07,-1.28755345941e-07,-1.28755345941e-07,-7.31110714193e-20,-2.05854364438e-20,-4.98192384468e-21,0.0637378692627,0,323.175201416,6.43929354283e-15,8.881784197e-16,-9.42259578146e-15,1.00104222473e-15,6.59364062763e-15,-0.0540771484375,1.35447209004e-14,7.9936057773e-15,-8.1282124681e-15,4.86154771835e-16,2.66011398534e-16,-0.00194843753707,1292.70080566
241,240.990264893,-0.00973510742188,CYCLIC_500,1.70000660419,-84.6856155396,42.3428077698,42.3428077698,5.31391601186e-16,2.29400760163e-15,-2.17447126478e-15,-0.00173351587728,0.000866757938638,0.000866757938638,-2.30722722374e-19,2.29307804087e-19,-1.52840913126e-19,16.2976036072,0,0.00693452358246,0.00469207763672,-0.00234603881836,-0.00234603881836,-2.68681104936e-16,6.48781441569e-16,-4.86465646161e-16,2.57394276559e-07,-1.2869713828e-07,-1.2869713828e-07,4.19068422974e-20,3.47306255841e-20,-1.60635696148e-20,0.0637054443359,0,323.121154785,-5.99520433298e-15,-8.881784197e-16,-1.57089895541e-14,8.59037084948e-15,1.64585948924e-15,-0.0540466308594,-1.24344978758e-14,-1.7763568394e-15,-6.28639377263e-15,7.58932862475e-15,-4.94778113839e-15,-0.00194843753707,1292.48461914
242,241.990264893,-0.00973510742188,CYCLIC_500,1.7069401741,-84.6809310913,42.3404655457,42.3404655457,2.09964849689e-15,1.88806200924e-15,-1.60763147868e-15,-0.00173325871583,0.000866629357915,0.000866629357915,-2.89128880755e-19,2.06581869787e-19,-1.54917054069e-19,16.3612785339,0,0.00693356990814,0.00468444824219,-0.00234222412109,-0.00234222412109,1.5682568957e-15,-4.05945592391e-16,5.66839786099e-16,2.57161445916e-07,-1.28580722958e-07,-1.28580722958e-07,-5.84061583804e-20,-2.27259342999e-20,-2.07614094256e-21,0.0636749267578,0,323.067138672,3.5527136788e-15,4.4408920985e-15,-1.74171092604e-14,-1.57156433155e-14,3.37517603628e-15,-0.0540161132812,9.54791801178e-15,5.3290705182e-15,-1.70811970635e-15,-2.4306014165e-14,1.72931654704e-15,-0.00194843753707,1292.26855469
243,242.990264893,-0.00973510742188,CYCLIC_500,1.71387267113,-84.6762466431,42.3381233215,42.3381233215,1.8648135952e-15,2.01514132275e-15,-1.08524752198e-15,-0.0017330016708,0.0008665008354,0.0008665008354,-2.95833759615e-19,2.4897490203e-19,-1.30972458362e-19,16.4249210358,0,0.00693249702454,0.00468444824219,-0.00234222412109,-0.00234222412109,-2.3483490169e-16,1.27079313517e-16,5.22383956694e-16,2.57045030594e-07,-1.28522515297e-07,-1.28522515297e-07,-6.70487886052e-21,4.23930322427e-20,2.39445957068e-20,0.0636425018311,0,323.013183594,3.77475828373e-15,6.2172489379e-15,2.30885355802e-15,-1.85059332153e-14,3.32129300148e-15,-0.053955078125,2.22044604925e-16,1.7763568394e-15,1.97259628185e-14,-2.79028989974e-15,-5.38830347926e-17,-0.00194843753707,1292.05273438
244,243.990264893,-0.00973510742188,CYCLIC_500,1.72080421448,-84.6715621948,42.3357810974,42.3357810974,-4.24118105248e-16,1.65703850931e-15,-1.73047197939e-15,-0.0017327448586,0.0008663724293,0.0008663724293,-2.86631940756e-19,2.66203161334e-19,-1.16391699862e-19,16.48853302,0,0.00693154335022,0.00468444824219,-0.00234222412109,-0.00234222412109,-2.28893170044e-15,-3.58102813445e-16,-6.45224457402e-16,2.5681219995e-07,-1.28406099975e-07,-1.28406099975e-07,9.20181885916e-21,1.72282593043e-20,1.45807584998e-20,0.0636119842529,0,322.959228516,-9.7699626167e-15,-1.33226762955e-14,-1.68753757336e-15,-1.98333399874e-15,3.66830170061e-15,-0.053955078125,-1.35447209004e-14,-1.95399252334e-14,-3.99639113138e-15,1.65225992165e-14,3.47008699122e-16,-0.00194843753707,1291.83691406
245,244.990264893,-0.00973510742188,CYCLIC_500,1.72773468494,-84.6668777466,42.3334388733,42.3334388733,2.36266057161e-15,2.13380015725e-15,-1.78033210399e-15,-0.0017324880464,0.0008662440232,0.0008662440232,-2.20030873351e-19,2.81915638015e-19,-1.15151881332e-19,16.5521125793,0,0.00693047046661,0.00468444824219,-0.00234222412109,-0.00234222412109,2.78677867685e-15,4.76761647943e-16,-4.98601246015e-17,2.5681219995e-07,-1.28406099975e-07,-1.28406099975e-07,6.66010674052e-20,1.57124766812e-20,1.23981853021e-21,0.0635795593262,0,322.905303955,-9.32587340685e-15,-7.9936057773e-15,-2.72722096468e-16,-6.53543579251e-15,6.52100697007e-15,-0.0539245605469,4.4408920985e-16,5.3290705182e-15,1.41481547689e-15,-4.55210179377e-15,2.85270526946e-15,-0.00194843753707,1291.62121582
246,245.990264893,-0.00973510742188,CYCLIC_500,1.73466408253,-84.6621932983,42.3310966492,42.3310966492,1.80453550797e-15,1.15893315311e-15,-1.61407081919e-15,-0.00173223146703,0.000866115733515,0.000866115733515,-2.01399289213e-19,2.6855999277e-19,-9.95533572621e-20,16.6156616211,0,0.00692939758301,0.00468444824219,-0.00234222412109,-0.00234222412109,-5.58125063633e-16,-9.74867004144e-16,1.66261284802e-16,2.56579369307e-07,-1.28289684653e-07,-1.28289684653e-07,1.86315841382e-20,-1.33556452456e-20,1.559852407e-20,0.063549041748,0,322.85144043,-6.2172489379e-15,-8.881784197e-16,-3.18836683315e-15,-9.6587180475e-15,3.42827707437e-15,-0.0538635253906,3.10862446895e-15,7.1054273576e-15,-2.91564473668e-15,-3.12328225499e-15,-3.0927298957e-15,-0.00194843753707,1291.40576172
247,246.990264893,-0.00973510742188,CYCLIC_500,1.74159252644,-84.6575088501,42.328754425,42.328754425,1.4124497393e-15,3.69181988306e-15,-1.4790984458e-15,-0.00173197500408,0.000865987502038,0.000865987502038,-1.82918849713e-19,2.99137195864e-19,-9.00147119115e-20,16.6791782379,0,0.00692844390869,0.00468444824219,-0.00234222412109,-0.00234222412109,-3.92085768671e-16,2.53288672995e-15,1.34972373389e-16,2.56462953985e-07,-1.28231476992e-07,-1.28231476992e-07,1.84804394995e-20,3.05772030945e-20,9.53864535056e-21,0.0635166168213,0,322.797576904,4.21884749358e-15,5.3290705182e-15,3.27604039532e-15,-1.18358812161e-14,5.00026371008e-15,-0.0538635253906,1.04360964315e-14,6.2172489379e-15,6.46440722847e-15,-2.17716316857e-15,1.57198663571e-15,-0.00194843753707,1291.19030762
248,247.990264893,-0.00973510742188,CYCLIC_500,1.74851989746,-84.6528244019,42.3264122009,42.3264122009,-6.67717710138e-16,2.25257864115e-15,-1.83850773301e-15,-0.00173171877395,0.000865859386977,0.000865859386977,-2.31421696454e-19,3.0805090707e-19,-8.84755485114e-20,16.7426643372,0,0.00692737102509,0.00468444824219,-0.00234222412109,-0.00234222412109,-2.08016744944e-15,-1.43924124191e-15,-3.59409287216e-16,2.56230123341e-07,-1.28115061671e-07,-1.28115061671e-07,-4.8502846741e-20,8.91371120557e-21,1.53916340011e-21,0.0634860992432,0,322.743743896,8.65973959208e-15,7.9936057773e-15,1.13974674843e-15,-4.63422080421e-15,6.13701781832e-15,-0.0538330078125,4.4408920985e-15,2.6645352591e-15,-2.13629364689e-15,7.20166041186e-15,1.13675410824e-15,-0.00194843753707,1290.97497559
249,248.990264893,-0.00973510742188,CYCLIC_500,1.75544631481,-84.6481399536,42.3240699768,42.3240699768,-3.47075328852e-15,2.19938736096e-15,-2.19513229426e-15,-0.00173146254383,0.000865731271915,0.000865731271915,-3.80248814209e-19,3.40109238443e-19,-1.01430491797e-19,16.8061180115,0,0.00692641735077,0.00468444824219,-0.00234222412109,-0.00234222412109,-2.80303557838e-15,-5.319128019e-17,-3.56624561247e-16,2.56230123341e-07,-1.28115061671e-07,-1.28115061671e-07,-1.48827117755e-19,3.20583313736e-20,-1.29549432857e-20,0.0634536743164,0,322.689971924,-6.2172489379e-15,-2.6645352591e-15,1.8750120843e-14,-1.54399391734e-14,1.0034163705e-14,-0.0537719726562,-1.487698853e-14,-1.06581410364e-14,1.76103740946e-14,-1.08057183692e-14,3.89714588671e-15,-0.00194843753707,1290.7598877
250,249.990264893,-0.00973510742188,CYCLIC_500,1.76237165928,-84.6434555054,42.3217277527,42.3217277527,1.34884328347e-15,2.60774297054e-15,-2.11537995012e-15,-0.00173120654654,0.000865603273269,0.000865603273269,-4.65164033577e-19,3.70915922766e-19,-1.20034934071e-19,16.8695411682,0,0.00692534446716,0.00468444824219,-0.00234222412109,-0.00234222412109,4.81959657199e-15,4.08355609575e-16,7.97523441353e-17,2.55997292697e-07,-1.27998646349e-07,-1.27998646349e-07,-8.49152193677e-20,3.08066843221e-20,-1.86044422744e-20,0.0634231567383,0,322.636199951,-7.1054273576e-15,-1.15463194561e-14,2.95073559529e-15,-8.08475126052e-15,4.11144337507e-15,-0.0537719726562,-8.881784197e-16,-8.881784197e-15,-1.57993852477e-14,7.35518791288e-15,-5.92272032996e-15,-0.00194843753707,1290.5447998
251,250.990264893,-0.00973510742188,CYCLIC_500,1.76929593086,-84.6387710571,42.3193855286,42.3193855286,3.77561258594e-16,1.54336267927e-15,-1.90502941589e-15,-0.00173095078208,0.000865475391038,0.000865475391038,-4.41626685179e-19,3.50914049319e-19,-1.23526770399e-19,16.9329338074,0,0.00692427158356,0.00468444824219,-0.00234222412109,-0.00234222412109,-9.71282024876e-16,-1.06438029127e-15,2.1035053423e-16,2.55764462054e-07,-1.27882231027e-07,-1.27882231027e-07,2.35373483976e-20,-2.00018734464e-20,-3.49183632714e-21,0.0633926391602,0,322.582458496,2.22044604925e-15,8.881784197e-16,1.30494623244e-14,-7.88955593242e-15,7.18973211009e-15,-0.0537414550781,9.32587340685e-15,1.24344978758e-14,1.00987267291e-14,1.95195328093e-16,3.07828873502e-15,-0.00194843753707,1290.32983398
252,251.990264893,-0.00973510742188,CYCLIC_500,1.77621924877,-84.6340866089,42.3170433044,42.3170433044,-1.80364927783e-15,9.37060542194e-16,-1.3310479749e-15,-0.00173069501761,0.000865347508807,0.000865347508807,-5.45518406845e-19,3.66126618105e-19,-1.26515833586e-19,16.9962940216,0,0.00692331790924,0.00468444824219,-0.00234222412109,-0.00234222412109,-2.18121053643e-15,-6.06302137077e-16,5.73981440996e-16,2.55764462054e-07,-1.27882231027e-07,-1.27882231027e-07,-1.03891721665e-19,1.52125687855e-20,-2.98906318769e-21,0.0633602142334,0,322.528778076,-2.22044604925e-16,1.7763568394e-15,-6.61996757299e-15,-2.12932411885e-14,4.688011433e-15,-0.0536804199219,-2.44249065418e-15,8.881784197e-16,-1.96694298973e-14,-1.3403685256e-14,-2.50172067709e-15,-0.00194843753707,1290.1151123
253,252.990264893,-0.00973510742188,CYCLIC_500,1.7831414938,-84.6294021606,42.3147010803,42.3147010803,-8.03117594353e-16,2.9203493471e-15,-2.29574257988e-15,-0.00173043948598,0.000865219742991,0.000865219742991,-6.23847623061e-19,3.84466091164e-19,-1.51983546884e-19,17.0596237183,0,0.00692224502563,0.00468444824219,-0.00234222412109,-0.00234222412109,1.00053168348e-15,1.9832888049e-15,-9.64694604977e-16,2.5553163141e-07,-1.27765815705e-07,-1.27765815705e-07,-7.83292162163e-20,1.83394730597e-20,-2.54677132975e-20,0.0633296966553,0,322.475097656,-6.88338275268e-15,-1.15463194561e-14,3.88671369886e-15,-9.67927206959e-15,2.43950540567e-15,-0.0536804199219,-6.66133814775e-15,-1.33226762955e-14,1.05066812718e-14,1.16139691189e-14,-2.24850602733e-15,-0.00194843753707,1289.90039062
254,253.990264893,-0.00973510742188,CYCLIC_500,1.79006278515,-84.6247177124,42.3123588562,42.3123588562,1.09949874379e-15,6.60605501216e-16,-2.04093685813e-15,-0.00173018407077,0.000865092035383,0.000865092035383,-5.49856476403e-19,3.36286775441e-19,-1.5268718274e-19,17.12292099,0,0.00692129135132,0.00468444824219,-0.00234222412109,-0.00234222412109,1.90261633814e-15,-2.25974384588e-15,2.54805721742e-16,2.55415216088e-07,-1.27707608044e-07,-1.27707608044e-07,7.39911466575e-20,-4.81793157239e-20,-7.03635856631e-22,0.0632972717285,0,322.421447754,1.11022302463e-15,8.881784197e-16,-1.04345464671e-14,-7.76725704063e-15,4.8193905974e-15,-0.0536499023438,7.9936057773e-15,1.24344978758e-14,-1.43212601659e-14,1.91201502896e-15,2.37988519173e-15,-0.00194843753707,1289.68579102
255,254.990264893,-0.00973510742188,CYCLIC_500,1.79698300362,-84.6200332642,42.3100166321,42.3100166321,-9.46821286657e-16,2.30362869484e-15,-1.9867522763e-15,-0.00172992877197,0.000864964385983,0.000864964385983,-6.62632843246e-19,3.53448705199e-19,-1.59768033769e-19,17.1861877441,0,0.00692021846771,0.00468444824219,-0.00234222412109,-0.00234222412109,-2.04632003045e-15,1.64302319363e-15,5.41845818306e-17,2.55298800766e-07,-1.27649400383e-07,-1.27649400383e-07,-1.12776366843e-19,1.71619297589e-20,-7.08085102818e-21,0.0632667541504,0,322.367858887,-1.7763568394e-15,4.4408920985e-15,-3.69329843697e-15,-1.50461670558e-15,3.11547826251e-15,-0.0535888671875,-2.88657986403e-15,3.5527136788e-15,6.74124803009e-15,6.26264033505e-15,-1.70391233488e-15,-0.00194843753707,1289.47143555
256,255.990264893,-0.00973510742188,CYCLIC_500,1.8039021492,-84.6153488159,42.307674408,42.307674408,9.40610956893e-16,2.21447454638e-15,-1.75927493109e-15,-0.00172967358958,0.00086483679479,0.00086483679479,-5.12831103166e-19,3.73461635724e-19,-1.39622889247e-19,17.2494220734,0,0.00691914558411,0.00468444824219,-0.00234222412109,-0.00234222412109,1.88743224355e-15,-8.91541484608e-17,2.27477345209e-16,2.55182385445e-07,-1.27591192722e-07,-1.27591192722e-07,1.4980174008e-19,2.00129305247e-20,2.01451445212e-20,0.0632343292236,0,322.31427002,1.24344978758e-14,7.1054273576e-15,-1.79805367305e-14,-8.63708322098e-15,1.81106766724e-15,-0.0535888671875,1.42108547152e-14,2.6645352591e-15,-1.42872382935e-14,-7.1324665154e-15,-1.30441059527e-15,-0.00194843753707,1289.25708008
257,256.990264893,-0.00973510742188,CYCLIC_500,1.81082034111,-84.6106719971,42.3053359985,42.3053359985,-2.56261761453e-15,2.14167043006e-15,-2.10234739532e-15,-0.00172941864002,0.000864709320012,0.000864709320012,-4.54112729341e-19,3.81560767897e-19,-1.3514535211e-19,17.3126277924,0,0.00691819190979,0.00467681884766,-0.00233840942383,-0.00233840942383,-3.50322857142e-15,-7.28041163254e-17,-3.43072464225e-16,2.54949554801e-07,-1.274747774e-07,-1.274747774e-07,5.87183738252e-20,8.09913217266e-21,4.47753713758e-21,0.0632057189941,0,322.26071167,4.88498130835e-15,1.7763568394e-15,-7.7572418157e-16,-6.75274200248e-16,7.02270569646e-15,-0.0535583496094,-7.54951656745e-15,-5.3290705182e-15,1.72048125489e-14,7.96180902073e-15,5.21163802921e-15,-0.00194843753707,1289.04284668
258,257.990264893,-0.00973510742188,CYCLIC_500,1.81773757935,-84.6059875488,42.3029937744,42.3029937744,1.8032719565e-15,2.31336458418e-15,-1.79739671429e-15,-0.00172916380689,0.000864581903443,0.000864581903443,-3.57492849375e-19,4.03280000773e-19,-1.16595265053e-19,17.3757991791,0,0.00691723823547,0.00468444824219,-0.00234222412109,-0.00234222412109,4.36588957103e-15,1.71694154126e-16,3.04950681025e-16,2.54833139479e-07,-1.2741656974e-07,-1.2741656974e-07,9.66198799653e-20,2.17192328762e-20,1.85500870569e-20,0.0631713867188,0,322.207214355,8.881784197e-16,-1.7763568394e-15,-3.6585136261e-15,-9.46918884043e-16,4.57346724695e-15,-0.0534973144531,-3.99680288865e-15,-3.5527136788e-15,-2.88278944453e-15,-2.71644683794e-16,-2.44923844951e-15,-0.00194843753707,1288.82885742
259,258.990264893,-0.00973510742188,CYCLIC_500,1.82465362549,-84.6013031006,42.3006515503,42.3006515503,-6.42469387202e-16,1.57774915967e-15,-2.21756633658e-15,-0.00172890909016,0.000864454545081,0.000864454545081,-4.3669667439e-19,4.0414860504e-19,-1.25410263077e-19,17.4389419556,0,0.00691604614258,0.00468444824219,-0.00234222412109,-0.00234222412109,-2.4457413437e-15,-7.35615424513e-16,-4.20169622287e-16,2.54716724157e-07,-1.27358362079e-07,-1.27358362079e-07,-7.92038250145e-20,8.68604266666e-22,-8.81499802389e-21,0.0631427764893,0,322.153717041,-2.22044604925e-16,-2.6645352591e-15,-4.91033684258e-15,-7.7490682654e-15,6.18556679547e-15,-0.0534973144531,-1.11022302463e-15,-8.881784197e-16,-1.25182321648e-15,-6.80214938136e-15,1.61209954852e-15,-0.00194843753707,1288.61486816
260,259.990264893,-0.00973510742188,CYCLIC_500,1.83156883717,-84.5966262817,42.2983131409,42.2983131409,9.65581997721e-16,1.88796816063e-15,-1.95527875214e-15,-0.00172865448985,0.000864327244926,0.000864327244926,-4.32872888827e-19,4.57513432013e-19,-1.1378237518e-19,17.5020523071,0,0.00691521167755,0.00467681884766,-0.00233840942383,-0.00233840942383,1.60805138492e-15,3.10219000964e-16,2.62287584445e-16,2.54600308836e-07,-1.27300154418e-07,-1.27300154418e-07,3.82378556294e-21,5.33648269735e-20,1.1627887897e-20,0.0631103515625,0,322.100280762,-6.66133814775e-16,-3.5527136788e-15,1.54001543006e-15,-9.3359239557e-16,4.91439026581e-15,-0.0534362792969,-4.4408920985e-16,-8.881784197e-16,6.45035227264e-15,6.81547586983e-15,-1.27117652966e-15,-0.00194843753707,1288.40112305
261,260.990264893,-0.00973510742188,CYCLIC_500,1.83848285675,-84.5919418335,42.2959709167,42.2959709167,2.46047731278e-15,1.95231886829e-15,-1.30257364302e-15,-0.00172840012237,0.000864200061187,0.000864200061187,-3.38878668746e-19,4.07625661976e-19,-1.0399198985e-19,17.5651321411,0,0.00691401958466,0.00468444824219,-0.00234222412109,-0.00234222412109,1.49489531506e-15,6.43507076595e-17,6.52705109112e-16,2.54367478192e-07,-1.27183739096e-07,-1.27183739096e-07,9.39942200813e-20,-4.98877700374e-20,9.79038532997e-21,0.0630798339844,0,322.046844482,-6.43929354283e-15,-5.3290705182e-15,-3.2233254355e-15,-2.65802330951e-15,2.90527933395e-15,-0.0534362792969,-5.77315972805e-15,-1.7763568394e-15,-4.76334086556e-15,-1.72443091394e-15,-2.00911093186e-15,-0.00194843753707,1288.18737793
262,261.990264893,-0.00973510742188,CYCLIC_500,1.84539604187,-84.5872573853,42.2936286926,42.2936286926,-1.99374503952e-15,1.73593949765e-15,-2.11881184308e-15,-0.00172814587131,0.000864072935656,0.000864072935656,-4.32616606624e-19,3.95919531194e-19,-1.08490986427e-19,17.6281814575,0,0.00691318511963,0.00468444824219,-0.00234222412109,-0.00234222412109,-4.4542223523e-15,-2.16379370641e-16,-8.16238200053e-16,2.5425106287e-07,-1.27125531435e-07,-1.27125531435e-07,-9.37379378786e-20,-1.17061307819e-20,-4.49899657758e-21,0.0630493164062,0,321.993438721,0,-7.1054273576e-15,5.53505455788e-15,-4.92320356422e-15,5.24832497169e-15,-0.0534057617188,6.43929354283e-15,-1.7763568394e-15,8.75837999339e-15,-2.26518025471e-15,2.34304563774e-15,-0.00194843753707,1287.97375488
263,262.990264893,-0.00973510742188,CYCLIC_500,1.8523080349,-84.5825805664,42.2912902832,42.2912902832,2.80854084586e-15,2.07118209233e-15,-1.26039290689e-15,-0.00172789173666,0.000863945868332,0.000863945868332,-3.90602839116e-19,3.78165016999e-19,-8.90935477486e-20,17.691198349,0,0.00691199302673,0.00467681884766,-0.00233840942383,-0.00233840942383,4.80228588537e-15,3.35242594683e-16,8.58418936185e-16,2.54134647548e-07,-1.27067323774e-07,-1.27067323774e-07,4.20137675085e-20,-1.7754514195e-20,1.93974386787e-20,0.0630168914795,0,321.940093994,6.66133814775e-15,8.881784197e-15,-5.10436172996e-15,-3.91830916599e-16,3.11544931781e-15,-0.0533447265625,6.66133814775e-15,1.59872115546e-14,-1.06394162878e-14,4.53137264762e-15,-2.13287565388e-15,-0.00194843753707,1287.76037598
264,263.990264893,-0.00973510742188,CYCLIC_500,1.85921919346,-84.5778961182,42.2889480591,42.2889480591,1.24231688631e-15,3.47240105877e-15,-1.47634765595e-15,-0.00172763783485,0.000863818917423,0.000863818917423,-4.04244488521e-19,4.34775718468e-19,-7.06663143802e-20,17.7541847229,0,0.00691115856171,0.00468444824219,-0.00234222412109,-0.00234222412109,-1.56622395955e-15,1.40121896643e-15,-2.15954749054e-16,2.53901816905e-07,-1.26950908452e-07,-1.26950908452e-07,-1.36416494047e-20,5.66107014686e-20,1.84272333684e-20,0.0629863739014,0,321.886749268,8.881784197e-16,-8.881784197e-16,1.70548568469e-14,-1.79344800022e-14,6.35588371415e-15,-0.0533447265625,-5.77315972805e-15,-9.7699626167e-15,2.21592185768e-14,-1.75426490856e-14,3.24043439634e-15,-0.00194843753707,1287.54699707
265,264.990264893,-0.00973510742188,CYCLIC_500,1.86612915993,-84.5732192993,42.2866096497,42.2866096497,1.14059943433e-15,2.76556349923e-15,-1.39985858399e-15,-0.00172738393303,0.000863691966515,0.000863691966515,-4.36686744789e-19,4.12377269536e-19,-5.83313421559e-20,17.8171405792,0,0.00690996646881,0.00467681884766,-0.00233840942383,-0.00233840942383,-1.01717451977e-16,-7.06837559539e-16,7.64890719511e-17,2.53901816905e-07,-1.26950908452e-07,-1.26950908452e-07,-3.24422562689e-20,-2.23984489313e-20,1.23349722244e-20,0.0629558563232,0,321.833435059,1.55431223448e-15,-8.881784197e-16,-1.70640185471e-14,-1.10067358047e-14,1.51556913276e-15,-0.0533142089844,6.66133814775e-16,0,-3.4118875394e-14,6.92774419746e-15,-4.84031458139e-15,-0.00194843753707,1287.33374023
266,265.990264893,-0.00973510742188,CYCLIC_500,1.87303817272,-84.5685348511,42.2842674255,42.2842674255,-1.78295540473e-15,3.67107641511e-15,-2.17132444804e-15,-0.00172713026404,0.000863565132022,0.000863565132022,-6.16550430375e-19,4.36102989537e-19,-8.07562000803e-20,17.8800640106,0,0.00690901279449,0.00468444824219,-0.00234222412109,-0.00234222412109,-2.92355483906e-15,9.05512915878e-16,-7.71465864049e-16,2.53668986261e-07,-1.2683449313e-07,-1.2683449313e-07,-1.79863685586e-19,2.37257200009e-20,-2.24248579245e-20,0.0629234313965,0,321.780181885,6.66133814775e-16,8.881784197e-16,4.49098288738e-15,-1.22567264125e-14,8.01144360296e-15,-0.0532531738281,-8.881784197e-16,1.7763568394e-15,2.15550014345e-14,-1.24999060776e-15,6.4958744702e-15,-0.00194843753707,1287.12072754
267,266.990264893,-0.00973510742188,CYCLIC_500,1.87994623184,-84.5638580322,42.2819290161,42.2819290161,1.76295720169e-15,7.74048624669e-16,-1.89149396836e-15,-0.00172687671147,0.000863438355736,0.000863438355736,-5.16286078257e-19,4.09317556521e-19,-7.77361252937e-20,17.9429588318,0,0.00690805912018,0.00467681884766,-0.00233840942383,-0.00233840942383,3.54591260642e-15,-2.89702779044e-15,2.7983047968e-16,2.53552570939e-07,-1.2677628547e-07,-1.2677628547e-07,1.00264352118e-19,-2.67854330159e-20,3.02007478663e-21,0.062894821167,0,321.726928711,-5.99520433298e-15,-5.3290705182e-15,-6.91230024574e-15,-4.20980966857e-15,3.66673399482e-15,-0.0532531738281,-6.66133814775e-15,-6.2172489379e-15,-1.14032831331e-14,8.04691674391e-15,-4.34470960813e-15,-0.00194843753707,1286.90771484
268,267.990264893,-0.00973510742188,CYCLIC_500,1.88685321808,-84.559173584,42.279586792,42.279586792,4.17266921605e-15,8.7720010508e-16,-1.65510134e-15,-0.00172662339173,0.000863311695866,0.000863311695866,-4.0213366173e-19,4.19927008985e-19,-6.82963474134e-20,18.005821228,0,0.00690698623657,0.00468444824219,-0.00234222412109,-0.00234222412109,2.40971201436e-15,1.03151480411e-16,2.36392628367e-16,2.53319740295e-07,-1.26659870148e-07,-1.26659870148e-07,1.14152416527e-19,1.06094524639e-20,9.43977788031e-21,0.0628623962402,0,321.673706055,3.10862446895e-15,4.4408920985e-15,1.97061731443e-15,-3.96956453253e-15,7.11897985829e-15,-0.05322265625,9.10382880193e-15,9.7699626167e-15,8.88291756017e-15,2.40245136044e-16,3.45224586346e-15,-0.00194843753707,1286.69482422
269,268.990264893,-0.00973510742188,CYCLIC_500,1.89375925064,-84.5544967651,42.2772483826,42.2772483826,-1.61080072938e-15,1.67075790361e-15,-2.51429867961e-15,-0.00172637007199,0.000863185035996,0.000863185035996,-4.45560899354e-19,4.10774260354e-19,-7.82017326589e-20,18.0686531067,0,0.00690603256226,0.00467681884766,-0.00233840942383,-0.00233840942383,-5.78346994543e-15,7.9355779853e-16,-8.59197339611e-16,2.53319740295e-07,-1.26659870148e-07,-1.26659870148e-07,-4.34272376237e-20,-9.15274863114e-21,-9.90538524554e-21,0.0628318786621,0,321.620544434,-1.1990408666e-14,-9.7699626167e-15,-2.45649038826e-15,3.93560560524e-15,2.49338962167e-15,-0.0531616210938,-1.50990331349e-14,-1.42108547152e-14,-4.42710770269e-15,7.90517013777e-15,-4.62559023661e-15,-0.00194843753707,1286.48217773
270,269.990264893,-0.00973510742188,CYCLIC_500,1.90066421032,-84.5498123169,42.2749061584,42.2749061584,-6.93831371943e-17,3.01814159711e-15,-1.69235908176e-15,-0.00172611698508,0.000863058492541,0.000863058492541,-4.46536286054e-19,4.66318850413e-19,-6.81574610421e-20,18.1314525604,0,0.00690495967865,0.00468444824219,-0.00234222412109,-0.00234222412109,1.54141759218e-15,1.3473836935e-15,8.21939597846e-16,2.53086909652e-07,-1.26543454826e-07,-1.26543454826e-07,-9.75386700229e-22,5.55445900592e-20,1.00442716169e-20,0.0627994537354,0,321.567382812,4.4408920985e-15,-2.6645352591e-15,-2.31182226689e-14,-4.9044361199e-15,2.29899911716e-15,-0.0531616210938,1.64313007645e-14,7.1054273576e-15,-2.06617322806e-14,-8.84004172515e-15,-1.94390504518e-16,-0.00194843753707,1286.26953125
271,270.990264893,-0.00973510742188,CYCLIC_500,1.90756809711,-84.545135498,42.272567749,42.272567749,2.51490599561e-15,3.96167286222e-15,-1.36992054527e-15,-0.00172586401459,0.000862932007294,0.000862932007294,-5.06854951846e-19,5.07869948502e-19,-5.54718724823e-20,18.1942234039,0,0.00690388679504,0.00467681884766,-0.00233840942383,-0.00233840942383,2.58428913281e-15,9.43531265106e-16,3.22438536489e-16,2.5297049433e-07,-1.26485247165e-07,-1.26485247165e-07,-6.03186657918e-20,4.15510980885e-20,1.26855885597e-20,0.0627708435059,0,321.514251709,-2.44249065418e-15,-2.6645352591e-15,5.5335360131e-15,2.44258456895e-15,4.0724323694e-15,-0.0531311035156,-6.88338275268e-15,0,2.8651758682e-14,7.34702068886e-15,1.77343325224e-15,-0.00194843753707,1286.05700684
272,271.990264893,-0.00973510742188,CYCLIC_500,1.91447114944,-84.5404586792,42.2702293396,42.2702293396,3.69884708511e-15,-2.03089463403e-16,-2.01697666096e-15,-0.00172561127692,0.000862805638462,0.000862805638462,-4.17942269077e-19,4.33905929975e-19,-5.96055508816e-20,18.2569618225,0,0.00690305233002,0.00467681884766,-0.00233840942383,-0.00233840942383,1.1839410895e-15,-4.16476232562e-15,-6.47056115692e-16,2.52737663686e-07,-1.26368831843e-07,-1.26368831843e-07,8.8912682769e-20,-7.39640185262e-20,-4.13367839928e-21,0.0627384185791,0,321.461181641,8.881784197e-16,1.7763568394e-15,-5.3230491198e-15,-1.48489110818e-17,6.46763872823e-15,-0.0530700683594,3.33066907388e-15,4.4408920985e-15,-1.08565851329e-14,-2.45743348004e-15,2.39520635883e-15,-0.00194843753707,1285.84472656
273,272.990264893,-0.00973510742188,CYCLIC_500,1.92137300968,-84.535774231,42.2678871155,42.2678871155,1.46193097982e-15,9.17294144941e-16,-2.6810126663e-15,-0.00172535853926,0.00086267926963,0.00086267926963,-4.540444724e-19,4.07147596818e-19,-8.53221914213e-20,18.3196697235,0,0.00690186023712,0.00468444824219,-0.00234222412109,-0.00234222412109,-2.23691610529e-15,1.12038360834e-15,-6.64036005332e-16,2.52737663686e-07,-1.26368831843e-07,-1.26368831843e-07,-3.6102203323e-20,-2.67583331573e-20,-2.57166405397e-20,0.062707901001,0,321.408111572,6.66133814775e-16,4.4408920985e-15,-1.19510906936e-14,1.09010679946e-14,3.99423936991e-15,-0.0530700683594,-2.22044604925e-16,2.6645352591e-15,-6.62804157376e-15,1.09159169056e-14,-2.47339935833e-15,-0.00194843753707,1285.63244629
274,273.990264893,-0.00973510742188,CYCLIC_500,1.92827391624,-84.5310974121,42.2655487061,42.2655487061,2.98610299278e-15,2.50045548118e-15,-1.55462894539e-15,-0.00172510603443,0.000862553017214,0.000862553017214,-4.32578809156e-19,3.40154982178e-19,-7.32118980919e-20,18.3823471069,0,0.00690090656281,0.00467681884766,-0.00233840942383,-0.00233840942383,1.52417201296e-15,1.58316133624e-15,1.12638372091e-15,2.52504833043e-07,-1.26252416521e-07,-1.26252416521e-07,2.14656632444e-20,-6.69926146406e-20,1.21102933294e-20,0.0626773834229,0,321.355072021,-9.10382880193e-15,-6.2172489379e-15,-2.68930684352e-15,-1.53358046782e-15,5.09094617068e-15,-0.0530395507812,-9.7699626167e-15,-1.06581410364e-14,9.26178385004e-15,-1.24346484624e-14,1.09670680077e-15,-0.00194843753707,1285.42028809
275,274.990264893,-0.00973510742188,CYCLIC_500,1.93517386913,-84.5264205933,42.2632102966,42.2632102966,2.3130075995e-15,1.97959360713e-15,-1.73264195868e-15,-0.00172485364601,0.000862426823005,0.000862426823005,-3.95854020751e-19,3.4812186885e-19,-7.43090320054e-20,18.4449939728,0,0.00689995288849,0.00467681884766,-0.00233840942383,-0.00233840942383,-6.7309539328e-16,-5.20861874057e-16,-1.78013013295e-16,2.52388417721e-07,-1.2619420886e-07,-1.2619420886e-07,3.67247884043e-20,7.96688667223e-21,-1.09713391352e-21,0.0626468658447,0,321.302093506,-1.99840144433e-15,-8.881784197e-16,-9.9088129161e-15,-4.83450366364e-15,2.01850145014e-15,-0.052978515625,7.1054273576e-15,5.3290705182e-15,-7.21950607257e-15,-3.30092319583e-15,-3.07244472054e-15,-0.00194843753707,1285.20837402
276,275.990264893,-0.00973510742188,CYCLIC_500,1.94207274914,-84.521736145,42.2608680725,42.2608680725,-7.15188583925e-17,2.53350238559e-15,-1.95927879575e-15,-0.00172460137401,0.000862300687004,0.000862300687004,-4.18046441327e-19,3.34912834905e-19,-7.66250625957e-20,18.507610321,0,0.00689888000488,0.00468444824219,-0.00234222412109,-0.00234222412109,-2.38452645789e-15,5.53908778467e-16,-2.26636837062e-16,2.52272002399e-07,-1.26136001199e-07,-1.26136001199e-07,-2.21924205762e-20,-1.32090339444e-20,-2.31603059035e-21,0.0626163482666,0,321.24911499,-2.88657986403e-15,2.6645352591e-15,-1.01935628539e-14,-6.88681831831e-15,4.80422710622e-15,-0.052978515625,-8.881784197e-16,3.5527136788e-15,-2.8474993785e-16,-2.05231465467e-15,2.78572565608e-15,-0.00194843753707,1284.99645996
277,276.990264893,-0.00973510742188,CYCLIC_500,1.94897067547,-84.5170593262,42.2585296631,42.2585296631,-2.24162729924e-16,1.95606443757e-15,-1.69355445204e-15,-0.00172434933484,0.000862174667418,0.000862174667418,-3.36297695194e-19,3.01295684899e-19,-6.53907486882e-20,18.5701942444,0,0.00689792633057,0.00467681884766,-0.00233840942383,-0.00233840942383,-1.52643871531e-16,-5.77437948026e-16,2.65724343701e-16,2.52039171755e-07,-1.26019585878e-07,-1.26019585878e-07,8.17487461335e-20,-3.36171500067e-20,1.12343139075e-20,0.0625839233398,0,321.196166992,-5.55111512313e-15,-1.7763568394e-15,-1.46335616603e-14,1.76765278426e-15,1.98034716205e-15,-0.0529479980469,-2.6645352591e-15,-4.4408920985e-15,-4.4399988063e-15,8.65447110257e-15,-2.82387994417e-15,-0.00194843753707,1284.78466797
278,277.990264893,-0.00973510742188,CYCLIC_500,1.95586764812,-84.5123825073,42.2561912537,42.2561912537,-6.31981141939e-17,2.40756775046e-15,-2.0710240309e-15,-0.00172409741208,0.00086204870604,0.00086204870604,-3.2097967744e-19,3.15317475494e-19,-6.08996830279e-20,18.6327495575,0,0.00689697265625,0.00467681884766,-0.00233840942383,-0.00233840942383,1.6096461573e-16,4.5150331289e-16,-3.77469578858e-16,2.51922756433e-07,-1.25961378217e-07,-1.25961378217e-07,1.53180177539e-20,1.4021790595e-20,4.49106566034e-21,0.0625553131104,0,321.143249512,3.10862446895e-15,1.7763568394e-15,2.25320912483e-15,-2.5027992412e-15,6.19779208818e-15,-0.0529174804688,8.65973959208e-15,3.5527136788e-15,1.68867707851e-14,-4.27045202546e-15,4.21744492613e-15,-0.00194843753707,1284.57299805
279,278.990264893,-0.00973510742188,CYCLIC_500,1.96276342869,-84.5077056885,42.2538528442,42.2538528442,8.09098338484e-16,1.9473017995e-15,-1.40115819558e-15,-0.00172384560574,0.000861922802869,0.000861922802869,-2.23026677576e-19,2.854367714e-19,-4.61506827366e-20,18.6952724457,0,0.00689578056335,0.00467681884766,-0.00233840942383,-0.00233840942383,8.72296452677e-16,-4.60265950956e-16,6.69865835323e-16,2.51806341112e-07,-1.25903170556e-07,-1.25903170556e-07,9.79529998642e-20,-2.9880704094e-20,1.47490002913e-20,0.0625228881836,0,321.090393066,-4.4408920985e-15,-5.3290705182e-15,-3.8209468613e-15,-5.1510180517e-16,1.64311003353e-15,-0.0528564453125,-7.54951656745e-15,-7.1054273576e-15,-6.07415598613e-15,1.98769743603e-15,-4.55468205465e-15,-0.00194843753707,1284.36157227
280,279.990264893,-0.00973510742188,CYCLIC_500,1.96965837479,-84.5030288696,42.2515144348,42.2515144348,2.3503064935e-15,1.54106584356e-15,-1.52373828825e-15,-0.00172359391581,0.000861796957906,0.000861796957906,-2.59546282779e-19,2.22630614774e-19,-4.73329807103e-20,18.7577648163,0,0.00689494609833,0.00467681884766,-0.00233840942383,-0.00233840942383,1.54120815502e-15,-4.06235955947e-16,-1.2258009267e-16,2.5168992579e-07,-1.25844962895e-07,-1.25844962895e-07,-3.65196052033e-20,-6.28061566252e-20,-1.18229797369e-21,0.0624923706055,0,321.037536621,-1.11022302463e-15,2.6645352591e-15,-1.26135753051e-14,-7.19082598697e-15,1.25257577879e-15,-0.0528564453125,3.33066907388e-15,7.9936057773e-15,-8.79262844381e-15,-6.6757241818e-15,-3.90534254741e-16,-0.00194843753707,1284.15014648
281,280.990264893,-0.00973510742188,CYCLIC_500,1.976552248,-84.4983520508,42.2491760254,42.2491760254,5.09658374404e-16,1.59171938326e-15,-1.51222027881e-15,-0.0017233423423,0.000861671171151,0.000861671171151,-2.0653416473e-19,2.80225666019e-19,-1.71896605043e-20,18.8202285767,0,0.00689387321472,0.00467681884766,-0.00233840942383,-0.00233840942383,-1.8406481191e-15,5.06535397015e-17,1.15180094379e-17,2.51573510468e-07,-1.25786755234e-07,-1.25786755234e-07,5.30121180489e-20,5.75950512443e-20,3.0143320206e-20,0.062463760376,0,320.984710693,-5.99520433298e-15,-4.4408920985e-15,3.9822493406e-15,3.43527256066e-15,1.32619643157e-15,-0.0528259277344,-4.88498130835e-15,-7.1054273576e-15,1.65958246457e-14,1.06260985476e-14,7.36206527778e-17,-0.00194843753707,1283.93884277
282,281.990264893,-0.00973510742188,CYCLIC_500,1.98344504833,-84.4936752319,42.246837616,42.246837616,2.02358668854e-15,2.06086705369e-15,-1.93332591469e-15,-0.00172309100162,0.000861545500811,0.000861545500811,-2.21879683412e-19,2.65376213366e-19,-3.41569548267e-20,18.8826599121,0,0.00689280033112,0.00467681884766,-0.00233840942383,-0.00233840942383,1.51392831413e-15,4.69147670434e-16,-4.2110563588e-16,2.51340679824e-07,-1.25670339912e-07,-1.25670339912e-07,-1.5345518682e-20,-1.48494526525e-20,-1.69672943224e-20,0.0624313354492,0,320.931915283,-6.66133814775e-16,4.4408920985e-15,8.12018892204e-15,-7.23736645048e-15,3.11782069242e-15,-0.0527954101562,5.3290705182e-15,8.881784197e-15,4.13793958143e-15,-1.06726390111e-14,1.79162426086e-15,-0.00194843753707,1283.72766113
283,282.990264893,-0.00973510742188,CYCLIC_500,1.9903370142,-84.4889984131,42.2444992065,42.2444992065,-9.67547848695e-16,1.50187497904e-15,-1.89160215697e-15,-0.00172283977736,0.000861419888679,0.000861419888679,-3.17518771125e-19,2.58998120931e-19,-5.1858104563e-20,18.94506073,0,0.00689196586609,0.00467681884766,-0.00233840942383,-0.00233840942383,-2.99113453723e-15,-5.58992074646e-16,4.17237577208e-17,2.51224264503e-07,-1.25612132251e-07,-1.25612132251e-07,-9.56390877125e-20,-6.37809243536e-21,-1.77011497363e-20,0.0624008178711,0,320.879150391,8.881784197e-16,8.881784197e-16,-1.44430601156e-14,4.73065232888e-15,3.71101743317e-15,-0.0527648925781,1.55431223448e-15,-3.5527136788e-15,-2.25632490376e-14,1.19680187794e-14,5.93196740747e-16,-0.00194843753707,1283.51660156
284,283.990264893,-0.00973510742188,CYCLIC_500,1.99722778797,-84.4843215942,42.2421607971,42.2421607971,-7.81425939187e-16,1.6980189708e-15,-2.11446658887e-15,-0.00172258866951,0.000861294334754,0.000861294334754,-3.60968180864e-19,2.76782400703e-19,-6.2322944207e-20,19.0074310303,0,0.00689077377319,0.00467681884766,-0.00233840942383,-0.00233840942383,1.86121909508e-16,1.96143991759e-16,-2.22864431902e-16,2.51107849181e-07,-1.2555392459e-07,-1.2555392459e-07,-4.34494097396e-20,1.77842797723e-20,-1.0464839644e-20,0.062370300293,0,320.826416016,-6.66133814775e-16,-5.3290705182e-15,3.56899521376e-15,-1.58571977279e-14,3.7509966736e-15,-0.052734375,-1.55431223448e-15,-6.2172489379e-15,1.80120553294e-14,-2.05878500568e-14,3.99792404264e-17,-0.00194843753707,1283.30566406
285,284.990264893,-0.00973510742188,CYCLIC_500,2.00411772728,-84.4796447754,42.2398223877,42.2398223877,1.03857534816e-15,2.71624013543e-15,-2.07770787007e-15,-0.00172233767807,0.000861168839037,0.000861168839037,-3.30244191985e-19,2.82952546072e-19,-6.34694940842e-20,19.069770813,0,0.00688993930817,0.00467681884766,-0.00233840942383,-0.00233840942383,1.82000128734e-15,1.01822116463e-15,3.67587187973e-17,2.50991433859e-07,-1.25495716929e-07,-1.25495716929e-07,3.07239888791e-20,6.1701453686e-21,-1.14654987718e-21,0.0623397827148,0,320.773742676,-3.99680288865e-15,0,-1.13825801523e-14,5.87448000926e-16,6.02284197249e-15,-0.0526733398438,-3.33066907388e-15,5.3290705182e-15,-1.49515753661e-14,1.64446457288e-14,2.27184529889e-15,-0.00194843753707,1283.0949707
286,285.990264893,-0.00973510742188,CYCLIC_500,2.0110065937,-84.4749679565,42.2374839783,42.2374839783,1.98506305107e-15,1.79348177433e-15,-1.70532240651e-15,-0.00172208691947,0.000861043459736,0.000861043459736,-2.94035252475e-19,3.16674025849e-19,-4.81299264174e-20,19.1320800781,0,0.00688886642456,0.00467681884766,-0.00233840942383,-0.00233840942383,9.46487702914e-16,-9.22758361101e-16,3.72385463563e-16,2.50758603215e-07,-1.25379301608e-07,-1.25379301608e-07,3.62089395104e-20,3.37214797771e-20,1.53395676668e-20,0.0623092651367,0,320.721069336,-6.66133814775e-16,-8.881784197e-16,1.34563266596e-14,-1.59308785432e-15,5.4861648154e-15,-0.0526733398438,3.33066907388e-15,-8.881784197e-16,2.4838906812e-14,-2.18053585524e-15,-5.36677157087e-16,-0.00194843753707,1282.88427734
287,286.990264893,-0.00973510742188,CYCLIC_500,2.01789426804,-84.4702911377,42.2351455688,42.2351455688,1.21673999276e-15,1.23087812987e-15,-1.93397249034e-15,-0.00172183616087,0.000860918080434,0.000860918080434,-3.41334884236e-19,3.30698165508e-19,-4.21405894829e-20,19.1943588257,0,0.00688767433167,0.00467681884766,-0.00233840942383,-0.00233840942383,-7.68323058313e-16,-5.62603644462e-16,-2.28650083831e-16,2.50758603215e-07,-1.25379301608e-07,-1.25379301608e-07,-4.72996317607e-20,1.40241396587e-20,5.98933693451e-21,0.0622787475586,0,320.668426514,3.77475828373e-15,0,9.70434318604e-16,-6.11191324407e-15,1.2347745079e-15,-0.0526428222656,4.4408920985e-15,8.881784197e-16,-1.2485892341e-14,-4.51882538975e-15,-4.2513903075e-15,-0.00194843753707,1282.67370605
288,287.990264893,-0.00973510742188,CYCLIC_500,2.02478122711,-84.4656143188,42.2328071594,42.2328071594,1.90293975914e-15,2.43640517905e-15,-1.64956967222e-15,-0.0017215856351,0.000860792817548,0.000860792817548,-1.96083855677e-19,3.78166574425e-19,-3.06031946603e-20,19.2566070557,0,0.00688695907593,0.00467681884766,-0.00233840942383,-0.00233840942383,6.86199766388e-16,1.20552704918e-15,2.84402818123e-16,2.50525772572e-07,-1.25262886286e-07,-1.25262886286e-07,1.45251028559e-19,4.74684089174e-20,1.15373948226e-20,0.0622482299805,0,320.615814209,1.33226762955e-15,-8.881784197e-16,-1.09098157538e-14,-7.77653836444e-15,4.46790122633e-15,-0.0526123046875,-2.44249065418e-15,-8.881784197e-16,-1.18802500724e-14,-1.66462512037e-15,3.23312671843e-15,-0.00194843753707,1282.46325684
289,288.990264893,-0.00973510742188,CYCLIC_500,2.03166699409,-84.4609375,42.23046875,42.23046875,-1.80284590224e-15,2.38268296802e-15,-2.15238958878e-15,-0.00172133534215,0.000860667671077,0.000860667671077,-3.01373543274e-19,3.66860747361e-19,-2.61299174221e-20,19.3188247681,0,0.00688576698303,0.00467681884766,-0.00233840942383,-0.00233840942383,-3.70578566138e-15,-5.37222110292e-17,-5.02819916563e-16,2.50292941928e-07,-1.25146470964e-07,-1.25146470964e-07,-1.05289687597e-19,-1.13058270642e-20,4.47327723821e-21,0.0622177124023,0,320.563232422,6.66133814775e-16,-3.5527136788e-15,1.0707925689e-14,-4.72304862164e-15,4.85702394037e-15,-0.0525817871094,-6.66133814775e-16,-2.6645352591e-15,2.16177414428e-14,3.0534897428e-15,3.89122714039e-16,-0.00194843753707,1282.25292969
290,289.990264893,-0.00973510742188,CYCLIC_500,2.0385518074,-84.4562606812,42.2281303406,42.2281303406,-7.91427060682e-16,7.25661427497e-16,-1.42550715026e-15,-0.00172108504921,0.000860542524606,0.000860542524606,-3.12981129703e-19,3.28342642697e-19,-5.1539766043e-21,19.3810119629,0,0.00688481330872,0.00467681884766,-0.00233840942383,-0.00233840942383,1.01141884155e-15,-1.65702154053e-15,7.26882438519e-16,2.50292941928e-07,-1.25146470964e-07,-1.25146470964e-07,-1.16075864291e-20,-3.85181046632e-20,2.09759408178e-20,0.0621871948242,0,320.510681152,-2.6645352591e-15,0,1.37589398209e-15,4.74877893983e-15,5.57345318189e-15,-0.0525512695312,-3.33066907388e-15,3.5527136788e-15,-9.33203170695e-15,9.47182756147e-15,7.1642924152e-16,-0.00194843753707,1282.04272461
291,290.990264893,-0.00973510742188,CYCLIC_500,2.04543566704,-84.4515838623,42.2257919312,42.2257919312,-8.74984462105e-16,7.42046654513e-16,-1.94984800039e-15,-0.0017208349891,0.00086041749455,0.00086041749455,-3.35233527336e-19,3.24017392823e-19,-2.67297881561e-21,19.4431686401,0,0.0068838596344,0.00467681884766,-0.00233840942383,-0.00233840942383,-8.35574014229e-17,1.63852270161e-17,-5.24340850129e-16,2.50060111284e-07,-1.25030055642e-07,-1.25030055642e-07,-2.2252397633e-20,-4.32524987486e-21,2.48099778869e-21,0.0621566772461,0,320.4581604,-6.66133814775e-16,1.7763568394e-15,-6.4161717933e-15,-1.75225908028e-14,3.86425884219e-15,-0.0525207519531,1.99840144433e-15,1.7763568394e-15,-7.79206577539e-15,-2.22713697426e-14,-1.7091943397e-15,-0.00194843753707,1281.8326416
292,291.990264893,-0.00973510742188,CYCLIC_500,2.052318573,-84.4469070435,42.2234535217,42.2234535217,3.26027844228e-15,3.97353370245e-15,-1.5479136475e-15,-0.0017205850454,0.000860292522702,0.000860292522702,-2.78261189612e-19,3.41436672687e-19,8.05690476395e-22,19.5052947998,0,0.00688290596008,0.00467681884766,-0.00233840942383,-0.00233840942383,4.13526290438e-15,3.23148704794e-15,4.01934352891e-16,2.49943695962e-07,-1.24971847981e-07,-1.24971847981e-07,5.69723377238e-20,1.74192798647e-20,3.478669292e-21,0.062126159668,0,320.405670166,-1.7763568394e-15,-5.3290705182e-15,-5.09644498946e-15,-1.4478510615e-14,2.23334572576e-15,-0.052490234375,-1.11022302463e-15,-7.1054273576e-15,1.31972680384e-15,3.04408018779e-15,-1.63091311643e-15,-0.00194843753707,1281.62268066
293,292.990264893,-0.00973510742188,CYCLIC_500,2.05920052528,-84.442237854,42.221118927,42.221118927,-1.53938392067e-15,1.41721572838e-15,-2.33422050569e-15,-0.00172033521812,0.000860167609062,0.000860167609062,-3.22655747713e-19,3.69435993252e-19,-1.11096527809e-20,19.5673923492,0,0.00688195228577,0.00466918945312,-0.00233459472656,-0.00233459472656,-4.79966236295e-15,-2.55631797407e-15,-7.86306858185e-16,2.49827280641e-07,-1.2491364032e-07,-1.2491364032e-07,-4.43945581013e-20,2.79993205648e-20,-1.19153432573e-20,0.0620975494385,0,320.353210449,-1.7763568394e-15,-1.7763568394e-15,9.81007259137e-15,5.51646095715e-15,4.87648032687e-15,-0.0524597167969,0,3.5527136788e-15,1.49065175808e-14,1.99949715721e-14,2.64313460111e-15,-0.00194843753707,1281.4128418
294,293.990264893,-0.00973510742188,CYCLIC_500,2.06608128548,-84.4375610352,42.2187805176,42.2187805176,2.00925810384e-16,1.35112512075e-15,-1.62237522946e-15,-0.00172008550726,0.000860042753629,0.000860042753629,-2.36363100566e-19,3.26748245604e-19,1.44264479161e-20,19.6294574738,0,0.00688076019287,0.00467681884766,-0.00233840942383,-0.00233840942383,1.74030973106e-15,-6.60906076317e-17,7.11845276226e-16,2.49710865319e-07,-1.24855432659e-07,-1.24855432659e-07,8.62926471476e-20,-4.26877476477e-20,2.5536100697e-20,0.0620651245117,0,320.30078125,-1.1768364061e-14,-7.1054273576e-15,-1.6110111906e-15,-7.62890478337e-15,2.22232561536e-15,-0.0524291992188,-9.99200722163e-15,-5.3290705182e-15,-1.1421083782e-14,-1.31453657405e-14,-2.65415471151e-15,-0.00194843753707,1281.203125
295,294.990264893,-0.00973510742188,CYCLIC_500,2.072961092,-84.4328842163,42.2164421082,42.2164421082,9.51719760909e-16,1.29680572171e-16,-1.86075296391e-15,-0.00171983602922,0.000859918014612,0.000859918014612,-2.46103409157e-19,3.24760530592e-19,3.03342502935e-20,19.6914920807,0,0.00687980651855,0.00467681884766,-0.00233840942383,-0.00233840942383,7.50793950525e-16,-1.22144454858e-15,-2.38377734452e-16,2.49478034675e-07,-1.24739017338e-07,-1.24739017338e-07,-9.74030859117e-21,-1.98771501196e-21,1.59078023774e-20,0.0620346069336,0,320.248382568,2.6645352591e-15,-3.5527136788e-15,-4.50588663061e-15,-8.49650162594e-15,3.48379884164e-15,-0.0523986816406,1.44328993201e-14,3.5527136788e-15,-2.89487544001e-15,-8.67596842571e-16,1.26147322628e-15,-0.00194843753707,1280.99353027
296,295.990264893,-0.00973510742188,CYCLIC_500,2.07983994484,-84.4282150269,42.2141075134,42.2141075134,1.44824118452e-15,3.16184774449e-15,-2.1008560747e-15,-0.00171958655119,0.000859793275595,0.000859793275595,-2.27161693681e-19,3.62067423119e-19,1.05271681878e-20,19.7534980774,0,0.00687885284424,0.00466918945312,-0.00233459472656,-0.00233459472656,4.96521423615e-16,3.03216717232e-15,-2.40103110787e-16,2.49478034675e-07,-1.24739017338e-07,-1.24739017338e-07,1.89417154756e-20,3.73068925266e-20,-1.98070821057e-20,0.0620059967041,0,320.195983887,8.881784197e-16,-6.2172489379e-15,-2.95201845316e-15,-6.25770561374e-15,4.88753251865e-15,-0.0523986816406,-1.7763568394e-15,-2.6645352591e-15,1.55386817745e-15,2.2387960122e-15,1.40373367701e-15,-0.00194843753707,1280.78393555
297,296.990264893,-0.00973510742188,CYCLIC_500,2.08671784401,-84.423538208,42.211769104,42.211769104,7.35366079189e-17,2.38071092974e-15,-2.06279009476e-15,-0.00171933730599,0.000859668652993,0.000859668652993,-2.28834566304e-19,4.11613163667e-19,4.65901159747e-21,19.8154735565,0,0.00687789916992,0.00467681884766,-0.00233840942383,-0.00233840942383,-1.3747045766e-15,-7.81136814748e-16,3.80659799413e-17,2.49245204031e-07,-1.24622602016e-07,-1.24622602016e-07,-1.67287262249e-21,4.95457405477e-20,-5.86815659036e-21,0.061975479126,0,320.14364624,-4.66293670343e-15,-2.6645352591e-15,1.77184801685e-14,-2.22035414618e-15,4.98883641506e-15,-0.0523376464844,-5.55111512313e-15,3.5527136788e-15,2.06704986216e-14,4.03735146757e-15,1.01303896412e-16,-0.00194843753707,1280.57458496
298,297.990264893,-0.00973510742188,CYCLIC_500,2.09359455109,-84.4188613892,42.2094306946,42.2094306946,-4.12263111527e-16,4.52648941003e-15,-1.61295927378e-15,-0.00171908829361,0.000859544146806,0.000859544146806,-2.41700355837e-19,4.87655786906e-19,1.52169603553e-20,19.8774166107,0,0.00687670707703,0.00467681884766,-0.00233840942383,-0.00233840942383,-4.85799719446e-16,2.14577848029e-15,4.49830820977e-16,2.49012373388e-07,-1.24506186694e-07,-1.24506186694e-07,-1.28657895331e-20,7.60426232391e-20,1.05579487578e-20,0.0619430541992,0,320.091339111,1.55431223448e-15,0,2.62055958488e-15,1.92062100282e-16,2.49655920242e-15,-0.0523071289062,6.2172489379e-15,2.6645352591e-15,-1.50979205836e-14,2.41241624646e-15,-2.49227721264e-15,-0.00194843753707,1280.36535645
299,298.990264893,-0.00973510742188,CYCLIC_500,2.10047054291,-84.4141921997,42.2070960999,42.2070960999,1.34213098081e-15,1.79511393899e-15,-2.04445599961e-15,-0.00171883928124,0.000859419640619,0.000859419640619,-1.80209943875e-19,4.97366874373e-19,1.61217032866e-20,19.9393310547,0,0.00687599182129,0.00466918945312,-0.00233459472656,-0.00233459472656,1.75439409233e-15,-2.73137547104e-15,-4.31496725832e-16,2.49012373388e-07,-1.24506186694e-07,-1.24506186694e-07,6.14904119621e-20,9.71108746668e-21,9.04742931367e-22,0.0619144439697,0,320.0390625,-5.99520433298e-15,8.881784197e-16,8.73917456025e-15,-5.21641177807e-15,4.76201118265e-15,-0.0522766113281,-7.54951656745e-15,8.881784197e-16,6.11861497537e-15,-5.40847387835e-15,2.26545198023e-15,-0.00194843753707,1280.15625
300,299.990264893,-0.00973510742188,CYCLIC_500,2.10734534264,-84.4095153809,42.2047576904,42.2047576904,-3.49681154245e-16,2.41088184048e-15,-2.04010235201e-15,-0.0017185905017,0.000859295250848,0.000859295250848,-2.42609166009e-19,4.78458662943e-19,9.48926412202e-22,20.0012149811,0,0.00687479972839,0.00467681884766,-0.00233840942383,-0.00233840942383,-1.69181213505e-15,6.15767901489e-16,4.35364760567e-18,2.48779542744e-07,-1.24389771372e-07,-1.24389771372e-07,-6.2399222134e-20,-1.89082114296e-20,-1.51727768744e-20,0.0618839263916,0,319.986816406,-3.10862446895e-15,-1.7763568394e-15,-1.62475023705e-14,-9.81866298776e-16,4.72443090497e-15,-0.05224609375,2.88657986403e-15,-2.6645352591e-15,-2.49866769308e-14,4.23454547929e-15,-3.75802776836e-17,-0.00194843753707,1279.94726562
301,300.990264893,-0.00973510742188,CYCLIC_500,2.11421918869,-84.4048461914,42.2024230957,42.2024230957,-2.14008417888e-15,1.3256614401e-15,-1.92104012117e-15,-0.00171834172215,0.000859170861077,0.000859170861077,-3.1079314651e-19,4.584385269e-19,-2.05462980377e-21,20.0630683899,0,0.00687384605408,0.00466918945312,-0.00233459472656,-0.00233459472656,-1.79040302464e-15,-1.08522040039e-15,1.19062230837e-16,2.48779542744e-07,-1.24389771372e-07,-1.24389771372e-07,-6.8183980501e-20,-2.00201360433e-20,-3.00355621598e-21,0.0618534088135,0,319.934570312,-2.22044604925e-16,2.6645352591e-15,1.68261329438e-14,-1.95530875563e-15,6.36410948229e-15,-0.05224609375,2.88657986403e-15,4.4408920985e-15,3.30736353143e-14,-9.73442456854e-16,1.63967857733e-15,-0.00194843753707,1279.73828125
302,301.990264893,-0.00973510742188,CYCLIC_500,2.12109208107,-84.4001693726,42.2000846863,42.2000846863,-1.18482763521e-15,2.94325412715e-15,-2.06820666035e-15,-0.00171809317544,0.000859046587721,0.000859046587721,-2.72124944108e-19,5.19083131337e-19,-5.5555974294e-21,20.1248931885,0,0.00687289237976,0.00467681884766,-0.00233840942383,-0.00233840942383,9.55256543671e-16,1.61759268705e-15,-1.47166539182e-16,2.48546712101e-07,-1.2427335605e-07,-1.2427335605e-07,3.86682024015e-20,6.06446044377e-20,-3.50096762562e-21,0.061824798584,0,319.882385254,-2.44249065418e-15,8.881784197e-16,2.63513015299e-15,-3.21707967925e-15,3.71418101851e-15,-0.0521850585938,-2.22044604925e-15,-1.7763568394e-15,-1.41910027908e-14,-1.26177092362e-15,-2.64992846378e-15,-0.00194843753707,1279.52954102
303,302.990264893,-0.00973510742188,CYCLIC_500,2.12796401978,-84.3955001831,42.1977500916,42.1977500916,-4.64304963872e-16,2.11372127432e-15,-2.00077627325e-15,-0.00171784486156,0.00085892243078,0.00085892243078,-2.27470827798e-19,4.98326326335e-19,-6.48211928312e-22,20.1866855621,0,0.00687193870544,0.00466918945312,-0.00233459472656,-0.00233459472656,7.20522671339e-16,-8.29532852826e-16,6.74303871068e-17,2.48313881457e-07,-1.24156940728e-07,-1.24156940728e-07,4.46541163108e-20,-2.07568050023e-20,4.90738550108e-21,0.0617923736572,0,319.830230713,2.88657986403e-15,0,-2.54718326471e-15,5.00190716576e-15,3.16090170133e-15,-0.0521545410156,5.3290705182e-15,-8.881784197e-16,-5.18231341771e-15,8.21898684501e-15,-5.53279317182e-16,-0.00194843753707,1279.32092285
304,303.990264893,-0.00973510742188,CYCLIC_500,2.13483476639,-84.3908233643,42.1954116821,42.1954116821,8.99351790126e-17,3.15399130876e-15,-1.72405570481e-15,-0.00171759654768,0.000858798273839,0.000858798273839,-2.06804322807e-19,5.4912505164e-19,1.41096534935e-20,20.2484493256,0,0.00687074661255,0.00467681884766,-0.00233840942383,-0.00233840942383,5.54240142885e-16,1.04027003444e-15,2.76720568435e-16,2.48313881457e-07,-1.24156940728e-07,-1.24156940728e-07,2.06665049906e-20,5.07987253052e-20,1.47578654218e-20,0.0617637634277,0,319.778076172,-9.99200722163e-15,-3.5527136788e-15,-2.18697167775e-15,-6.03468337398e-15,5.68565577182e-15,-0.0521545410156,-1.28785870857e-14,-3.5527136788e-15,3.6021158696e-16,-1.10365905397e-14,2.5247540705e-15,-0.00194843753707,1279.11230469
305,304.990264893,-0.00973510742188,CYCLIC_500,2.14170479774,-84.3861541748,42.1930770874,42.1930770874,-2.81505113447e-15,1.60159160189e-15,-1.81030873337e-15,-0.00171734846663,0.000858674233314,0.000858674233314,-3.36218800824e-19,5.00798200499e-19,1.07519852154e-20,20.3101825714,0,0.00687003135681,0.00466918945312,-0.00233459472656,-0.00233459472656,-2.90498631349e-15,-1.55239970687e-15,-8.62530285632e-17,2.48081050813e-07,-1.24040525407e-07,-1.24040525407e-07,-1.29414478017e-19,-4.8326851141e-20,-3.35766827802e-21,0.0617332458496,0,319.725982666,-2.6645352591e-15,-1.7763568394e-15,-6.00013125893e-16,-1.06024405998e-14,4.77424863822e-15,-0.0520935058594,7.32747196253e-15,1.7763568394e-15,1.58695855186e-15,-4.5677572258e-15,-9.11407133608e-16,-0.00194843753707,1278.90393066
306,305.990264893,-0.00973510742188,CYCLIC_500,2.14857363701,-84.381477356,42.190738678,42.190738678,4.60398213827e-16,1.73947699841e-15,-2.21516862371e-15,-0.00171710050199,0.000858550250996,0.000858550250996,-3.14796532654e-19,5.34774954353e-19,9.5831289267e-21,20.3718852997,0,0.00686883926392,0.00467681884766,-0.00233840942383,-0.00233840942383,3.2754493483e-15,1.37885396519e-16,-4.04859890333e-16,2.47964635491e-07,-1.23982317746e-07,-1.23982317746e-07,2.142226817e-20,3.39767538533e-20,-1.16885628874e-21,0.0617027282715,0,319.673919678,-5.99520433298e-15,-5.3290705182e-15,-7.28883291351e-15,1.31613678042e-15,2.88498341868e-15,-0.0520629882812,-3.33066907388e-15,-3.5527136788e-15,-6.68881978762e-15,1.19185773802e-14,-1.88926521954e-15,-0.00194843753707,1278.69567871
307,306.990264893,-0.00973510742188,CYCLIC_500,2.1554415226,-84.3768081665,42.1884040833,42.1884040833,-1.13799530929e-15,1.50022188837e-15,-1.97176631463e-15,-0.00171685265377,0.000858426326886,0.000858426326886,-3.8953111031e-19,5.54000712664e-19,8.3024610836e-21,20.4335575104,0,0.0068678855896,0.00466918945312,-0.00233459472656,-0.00233459472656,-1.59839352312e-15,-2.39255110038e-16,2.43402309079e-16,2.4784822017e-07,-1.23924110085e-07,-1.23924110085e-07,-7.47345776564e-20,1.9225758312e-20,-1.2806678431e-21,0.0616722106934,0,319.621856689,-1.13242748512e-14,-6.2172489379e-15,-4.6532066242e-15,-1.31676932478e-14,5.38373592689e-15,-0.0520629882812,-5.3290705182e-15,-8.881784197e-16,2.63562628931e-15,-1.44838300282e-14,2.49875250821e-15,-0.00194843753707,1278.48742676
308,307.990264893,-0.00973510742188,CYCLIC_500,2.16230845451,-84.3721389771,42.1860694885,42.1860694885,6.43343130721e-15,1.97804046965e-15,-1.39903168959e-15,-0.00171660492197,0.000858302460983,0.000858302460983,-2.66946056766e-19,5.65197791328e-19,1.99207305826e-20,20.4952011108,0,0.00686693191528,0.00466918945312,-0.00233459472656,-0.00233459472656,7.5714266165e-15,4.77818581279e-16,5.72734625042e-16,2.47731804848e-07,-1.23865902424e-07,-1.23865902424e-07,1.22585053544e-19,1.1197078663e-20,1.1618269499e-20,0.0616436004639,0,319.569854736,8.881784197e-15,4.4408920985e-15,5.5014643811e-15,5.83857767075e-15,3.63521523711e-15,-0.052001953125,2.02060590482e-14,1.06581410364e-14,1.01546710053e-14,1.90062709185e-14,-1.74852068978e-15,-0.00194843753707,1278.27941895
309,308.990264893,-0.00973510742188,CYCLIC_500,2.16917443275,-84.3674621582,42.1837310791,42.1837310791,1.97234238637e-15,2.95068076314e-15,-1.33036691491e-15,-0.00171635730658,0.000858178653289,0.000858178653289,-2.5456741199e-19,6.1476552971e-19,4.09608110174e-20,20.5568141937,0,0.00686597824097,0.00467681884766,-0.00233840942383,-0.00233840942383,-4.46108892084e-15,9.72640293492e-16,6.86647746728e-17,2.47615389526e-07,-1.23807694763e-07,-1.23807694763e-07,1.23786447758e-20,4.95677383821e-20,2.10400804348e-20,0.0616130828857,0,319.517852783,1.33226762955e-15,-6.2172489379e-15,-4.54110746493e-15,2.00473106015e-15,5.21356493652e-15,-0.052001953125,-7.54951656745e-15,-1.06581410364e-14,-1.0042571846e-14,-3.8338466106e-15,1.57834969941e-15,-0.00194843753707,1278.07141113
310,309.990264893,-0.00973510742188,CYCLIC_500,2.1760392189,-84.3627929688,42.1813964844,42.1813964844,3.74825203538e-15,1.52744610963e-15,-1.54029487152e-15,-0.00171610992402,0.000858054962009,0.000858054962009,-2.23394690554e-19,5.90909446973e-19,4.03201208589e-20,20.618396759,0,0.00686478614807,0.00466918945312,-0.00233459472656,-0.00233459472656,1.77590964902e-15,-1.42323465351e-15,-2.09927956606e-16,2.47382558882e-07,-1.23691279441e-07,-1.23691279441e-07,3.11727214367e-20,-2.38560827365e-20,-6.40690158514e-22,0.0615825653076,0,319.465881348,2.88657986403e-15,-8.881784197e-16,1.44794392741e-14,-4.92110742899e-15,3.99153529663e-15,-0.0519714355469,1.55431223448e-15,5.3290705182e-15,1.9020546739e-14,-6.92583848914e-15,-1.22202963989e-15,-0.00194843753707,1277.86352539
311,310.990264893,-0.00973510742188,CYCLIC_500,2.18290328979,-84.3581237793,42.1790618896,42.1790618896,5.26527128855e-15,1.10952456655e-15,-1.75435310057e-15,-0.00171586265787,0.000857931328937,0.000857931328937,-1.76964989457e-19,5.53925891593e-19,1.93726474942e-20,20.6799488068,0,0.00686407089233,0.00466918945312,-0.00233459472656,-0.00233459472656,1.51701925316e-15,-4.17921543078e-16,-2.1405822905e-16,2.4726614356e-07,-1.2363307178e-07,-1.2363307178e-07,4.6429701097e-20,-3.698355538e-20,-2.09474733647e-20,0.0615520477295,0,319.413970947,-1.55431223448e-15,-7.9936057773e-15,3.83648210399e-15,-1.69184045308e-14,5.54527934405e-15,-0.0519104003906,-4.4408920985e-15,-7.1054273576e-15,-1.06429571701e-14,-1.19972971018e-14,1.55374404742e-15,-0.00194843753707,1277.65588379
312,311.990264893,-0.00973510742188,CYCLIC_500,2.18976616859,-84.3534469604,42.1767234802,42.1767234802,2.46872535732e-15,1.48037703138e-15,-1.99783623512e-15,-0.00171561550815,0.000857807754073,0.000857807754073,-9.65679065272e-20,5.38897764697e-19,2.61422726247e-20,20.7414722443,0,0.00686287879944,0.00467681884766,-0.00233840942383,-0.00233840942383,-2.79654593123e-15,3.70852464829e-16,-2.43483134551e-16,2.47149728239e-07,-1.23574864119e-07,-1.23574864119e-07,8.03970829294e-20,-1.5028126896e-20,6.7696251305e-21,0.0615234375,0,319.362060547,-1.39888101103e-14,-7.9936057773e-15,-1.03736468297e-14,-5.0539082654e-15,7.57356827975e-16,-0.0519104003906,-1.24344978758e-14,0,-1.42101289337e-14,1.18644962654e-14,-4.78792251608e-15,-0.00194843753707,1277.44824219
313,312.990264893,-0.00973510742188,CYCLIC_500,2.19662809372,-84.348777771,42.1743888855,42.1743888855,-8.67582098904e-16,9.02756399353e-16,-2.29387255612e-15,-0.00171536847483,0.000857684237417,0.000857684237417,2.69362379774e-21,4.72605145188e-19,1.44053552144e-20,20.8029651642,0,0.00686192512512,0.00466918945312,-0.00233459472656,-0.00233459472656,-3.33630745622e-15,-5.77620632027e-16,-2.96036320999e-16,2.47033312917e-07,-1.23516656458e-07,-1.23516656458e-07,9.9261530325e-20,-6.62926195096e-20,-1.17369174103e-20,0.0614929199219,0,319.310211182,1.7763568394e-15,0,-1.26227361782e-14,6.6212818538e-15,2.78159781803e-15,-0.0518493652344,1.57651669497e-14,7.9936057773e-15,-2.24908934848e-15,1.16751901192e-14,2.02424099006e-15,-0.00194843753707,1277.24084473
314,313.990264893,-0.00973510742188,CYCLIC_500,2.20348906517,-84.3441085815,42.1720542908,42.1720542908,4.14280264243e-16,2.32695456608e-15,-2.18010113916e-15,-0.00171512167435,0.000857560837176,0.000857560837176,5.9745712759e-20,4.48408949048e-19,1.26396719578e-20,20.8644275665,0,0.00686097145081,0.00466918945312,-0.00233459472656,-0.00233459472656,1.28186236315e-15,1.42419816672e-15,1.13771416962e-16,2.46800482273e-07,-1.23400241137e-07,-1.23400241137e-07,5.70520889612e-20,-2.41961961399e-20,-1.76568325657e-21,0.0614624023438,0,319.258361816,-8.65973959208e-15,-1.7763568394e-15,8.75940469149e-15,2.37839307702e-16,2.5708199441e-15,-0.0518493652344,-1.04360964315e-14,-1.7763568394e-15,2.13821408697e-14,-6.38344254609e-15,-2.10777873932e-16,-0.00194843753707,1277.03344727
315,314.990264893,-0.00973510742188,CYCLIC_500,2.21034908295,-84.3394393921,42.169719696,42.169719696,-1.15100362624e-15,2.23161572052e-15,-1.71232310404e-15,-0.00171487487387,0.000857437436935,0.000857437436935,-2.58048160543e-20,4.63179680601e-19,8.35726745374e-21,20.9258594513,0,0.00686001777649,0.00466918945312,-0.00233459472656,-0.00233459472656,-1.56528389049e-15,-9.53388455519e-17,4.67778035116e-16,2.46800482273e-07,-1.23400241137e-07,-1.23400241137e-07,-8.55505288133e-20,1.47707315538e-20,-4.28240450407e-21,0.0614318847656,0,319.206542969,-4.88498130835e-15,8.881784197e-16,-1.56687070494e-14,-1.6613536912e-14,8.11144784146e-15,-0.0518188476562,3.77475828373e-15,2.6645352591e-15,-2.44281117409e-14,-1.68513762197e-14,5.54062789736e-15,-0.00194843753707,1276.82617188
316,315.990264893,-0.00973510742188,CYCLIC_500,2.21720814705,-84.3347702026,42.1673851013,42.1673851013,3.65080183138e-16,3.90152949625e-15,-1.91875394657e-15,-0.00171462830622,0.000857314153109,0.000857314153109,-8.39128073279e-20,5.49118589292e-19,5.70414985856e-21,20.9872627258,0,0.00685906410217,0.00466918945312,-0.00233459472656,-0.00233459472656,1.51608380938e-15,1.66991377572e-15,-2.06430842531e-16,2.46567651629e-07,-1.23283825815e-07,-1.23283825815e-07,-5.81079912736e-20,8.59389086901e-20,-2.65311759518e-21,0.0614032745361,0,319.154754639,-1.1768364061e-14,-6.2172489379e-15,-1.87847289218e-14,-1.12886942793e-14,4.60621183339e-15,-0.0517883300781,-6.88338275268e-15,-7.1054273576e-15,-3.11602187238e-15,5.32484263265e-15,-3.50523600807e-15,-0.00194843753707,1276.61901855
317,316.990264893,-0.00973510742188,CYCLIC_500,2.22406625748,-84.3301010132,42.1650505066,42.1650505066,6.69256537393e-16,2.07141796078e-15,-1.59601783062e-15,-0.00171438185498,0.000857190927491,0.000857190927491,-2.19312838574e-19,5.74505020785e-19,-3.84461108694e-21,21.0486354828,0,0.00685811042786,0.00466918945312,-0.00233459472656,-0.00233459472656,3.04176354255e-16,-1.83011153547e-15,3.22736115955e-16,2.46451236308e-07,-1.23225618154e-07,-1.23225618154e-07,-1.35400031246e-19,2.53864314932e-20,-9.5487609455e-21,0.061372756958,0,319.102996826,-4.4408920985e-15,-8.881784197e-15,-1.47685242141e-14,-8.70637550562e-15,3.70289754373e-15,-0.0517578125,7.32747196253e-15,-2.6645352591e-15,4.0162047077e-15,2.5823187737e-15,-9.03314289663e-16,-0.00194843753707,1276.4119873
318,317.990264893,-0.00973510742188,CYCLIC_500,2.23092317581,-84.3254318237,42.1627159119,42.1627159119,-2.38958125729e-15,1.85953789681e-15,-2.19267839018e-15,-0.00171413563658,0.000857067818288,0.000857067818288,-3.22018384857e-19,5.63963741251e-19,-3.06659097333e-20,21.1099796295,0,0.00685691833496,0.00466918945312,-0.00233459472656,-0.00233459472656,-3.05883779468e-15,-2.11880063974e-16,-5.96660559562e-16,2.46218405664e-07,-1.23109202832e-07,-1.23109202832e-07,-1.02705546283e-19,-1.05412795336e-20,-2.68212986464e-20,0.0613441467285,0,319.051300049,4.21884749358e-15,8.881784197e-16,-1.78638118316e-14,-5.56684134858e-15,1.78422386966e-15,-0.0516967773438,8.65973959208e-15,9.7699626167e-15,-3.09528761756e-15,3.13953415703e-15,-1.91867367407e-15,-0.00194843753707,1276.2052002
319,318.990264893,-0.00973510742188,CYCLIC_500,2.23777937889,-84.3207626343,42.1603813171,42.1603813171,3.43606098952e-15,2.69673581712e-15,-1.49453999901e-15,-0.00171388941817,0.000856944709085,0.000856944709085,-2.4769989682e-19,5.55908100684e-19,-1.65013258734e-20,21.1712932587,0,0.00685620307922,0.00466918945312,-0.00233459472656,-0.00233459472656,5.8256422468e-15,8.37197920318e-16,6.9813839117e-16,2.46218405664e-07,-1.23109202832e-07,-1.23109202832e-07,7.43184880369e-20,-8.05564056702e-21,1.41645838599e-20,0.0613136291504,0,318.999603271,-1.1990408666e-14,-1.15463194561e-14,1.33088114779e-14,-9.8113800926e-15,4.90937186029e-15,-0.0516967773438,-1.62092561595e-14,-1.24344978758e-14,3.11726233095e-14,-4.24453874402e-15,3.12514799064e-15,-0.00194843753707,1275.99841309
320,319.990264893,-0.00973510742188,CYCLIC_500,2.24463438988,-84.3160705566,42.1580352783,42.1580352783,-1.6509345558e-15,1.05032187368e-15,-1.6981698105e-15,-0.00171364354901,0.000856821774505,0.000856821774505,-2.93314931642e-19,5.19971329445e-19,-1.90935027141e-20,21.2325763702,0,0.00685501098633,0.00469207763672,-0.00234603881836,-0.00234603881836,-5.08699554532e-15,-1.64641394344e-15,-2.03629811487e-16,2.45869159698e-07,-1.22934579849e-07,-1.22934579849e-07,-4.56150348224e-20,-3.59367712395e-20,-2.59217684069e-21,0.0612831115723,0,318.947967529,-2.44249065418e-15,-1.7763568394e-15,-8.75782214278e-15,2.4974206614e-15,4.89196657069e-15,-0.0516357421875,9.54791801178e-15,9.7699626167e-15,-2.20666336207e-14,1.2308800754e-14,-1.74052896039e-17,-0.00194843753707,1275.79187012
321,320.990264893,-0.00973510742188,CYCLIC_500,2.25148844719,-84.3114013672,42.1557006836,42.1557006836,-4.05826950868e-15,4.01848215431e-15,-2.37606893772e-15,-0.00171339767985,0.000856698839925,0.000856698839925,-3.59710698312e-19,6.26848867776e-19,-2.11563671655e-20,21.2938308716,0,0.00685405731201,0.00466918945312,-0.00233459472656,-0.00233459472656,-2.40733495288e-15,2.96816028062e-15,-6.77899127228e-16,2.45869159698e-07,-1.22934579849e-07,-1.22934579849e-07,-6.63957666701e-20,1.06877538331e-19,-2.06286445139e-21,0.0612545013428,0,318.896331787,2.22044604925e-16,1.7763568394e-15,-1.10567052032e-14,-1.58057507334e-15,3.25829032029e-15,-0.0516357421875,2.6645352591e-15,3.5527136788e-15,-2.29888306041e-15,-4.07799573474e-15,-1.6336762504e-15,-0.00194843753707,1275.58532715
322,321.990264893,-0.00973510742188,CYCLIC_500,2.25834155083,-84.3067321777,42.1533660889,42.1533660889,2.39694111002e-15,1.91695620889e-15,-1.67987729524e-15,-0.00171315192711,0.000856575963553,0.000856575963553,-3.18032304478e-19,5.91316574931e-19,-1.90773488623e-20,21.3550548553,0,0.0068531036377,0.00466918945312,-0.00233459472656,-0.00233459472656,6.4552106187e-15,-2.10152594541e-15,6.96191642485e-16,2.45752744377e-07,-1.22876372188e-07,-1.22876372188e-07,4.16783938338e-20,-3.55322928446e-20,2.07901830325e-21,0.0612239837646,0,318.844726562,-6.43929354283e-15,-2.6645352591e-15,1.96716869258e-14,-4.2557046235e-15,7.60027115223e-15,-0.0516052246094,-6.66133814775e-15,-4.4408920985e-15,3.0728392129e-14,-2.67512955016e-15,4.34198083194e-15,-0.00194843753707,1275.37890625
323,322.990264893,-0.00973510742188,CYCLIC_500,2.26519370079,-84.3020629883,42.1510314941,42.1510314941,3.52926865385e-17,2.49693305828e-15,-1.85452319706e-15,-0.00171290629078,0.000856453145389,0.000856453145389,-3.40796689752e-19,5.85290590018e-19,-9.510023205e-21,21.4162483215,0,0.00685214996338,0.00466918945312,-0.00233459472656,-0.00233459472656,-2.36164842348e-15,5.79976849385e-16,-1.7464590182e-16,2.45636329055e-07,-1.22818164527e-07,-1.22818164527e-07,-2.27643852737e-20,-6.02598491305e-21,9.56732565726e-21,0.0611934661865,0,318.793151855,2.6645352591e-15,1.7763568394e-15,-5.32081528216e-15,2.25501644168e-15,6.81588788519e-15,-0.0515747070312,9.10382880193e-15,4.4408920985e-15,-2.4992502208e-14,6.51072106518e-15,-7.84383267041e-16,-0.00194843753707,1275.17260742
324,323.990264893,-0.00973510742188,CYCLIC_500,2.27204465866,-84.2973937988,42.1486968994,42.1486968994,-1.05407419262e-15,2.23503571531e-15,-2.15534350059e-15,-0.00171266088728,0.000856330443639,0.000856330443639,-3.25579571877e-19,6.25539492565e-19,-1.12221461635e-20,21.4774131775,0,0.00685095787048,0.00466918945312,-0.00233459472656,-0.00233459472656,-1.08936687916e-15,-2.61897342966e-16,-3.00820303529e-16,2.45403498411e-07,-1.22701749206e-07,-1.22701749206e-07,1.5217117875e-20,4.02489025468e-20,-1.71212295849e-21,0.061164855957,0,318.741607666,8.881784197e-16,-1.06581410364e-14,-2.80183400589e-15,-5.48673463696e-15,6.17742070095e-15,-0.0515441894531,-1.7763568394e-15,-1.24344978758e-14,2.51898127626e-15,-7.74175107864e-15,-6.38467184236e-16,-0.00194843753707,1274.96643066
325,324.990264893,-0.00973510742188,CYCLIC_500,2.27889490128,-84.2927322388,42.1463661194,42.1463661194,-1.8959245661e-16,1.58088594767e-16,-1.97633794004e-15,-0.00171241548378,0.00085620774189,0.00085620774189,-2.70580158465e-19,5.68123102639e-19,-1.04554484632e-21,21.5385475159,0,0.00685024261475,0.00466156005859,-0.0023307800293,-0.0023307800293,8.64481736012e-16,-2.07694712054e-15,1.79005560547e-16,2.45403498411e-07,-1.22701749206e-07,-1.22701749206e-07,5.49994134121e-20,-5.74163899255e-20,1.01766013172e-20,0.0611343383789,0,318.690063477,-9.10382880193e-15,-5.3290705182e-15,-2.07597918556e-14,-1.09978115715e-14,1.75418088157e-15,-0.0515441894531,-9.99200722163e-15,5.3290705182e-15,-1.79579578497e-14,-5.5110769345e-15,-4.42323981938e-15,-0.00194843753707,1274.76025391
326,325.990264893,-0.00973510742188,CYCLIC_500,2.28574419022,-84.2880630493,42.1440315247,42.1440315247,1.1449217624e-15,1.92265805088e-15,-1.98879461005e-15,-0.00171217031311,0.000856085156556,0.000856085156556,-1.38121229279e-19,6.05328174402e-19,7.27667563786e-21,21.599653244,0,0.00684928894043,0.00466918945312,-0.00233459472656,-0.00233459472656,1.33451421901e-15,1.76456945611e-15,-1.24566700088e-17,2.45170667768e-07,-1.22585333884e-07,-1.22585333884e-07,1.32458929186e-19,3.72050717631e-20,8.32222048418e-21,0.0611057281494,0,318.638580322,-5.10702591328e-15,-8.881784197e-16,9.41447694419e-15,-1.32749989285e-14,3.47135441721e-15,-0.0514831542969,3.99680288865e-15,4.4408920985e-15,3.01742687997e-14,-2.27718735702e-15,1.71717353564e-15,-0.00194843753707,1274.55432129
327,326.990264893,-0.00973510742188,CYCLIC_500,2.29259228706,-84.2833938599,42.1416969299,42.1416969299,1.55861226341e-15,1.74706706543e-15,-1.5956069303e-15,-0.00171192525886,0.00085596262943,0.00085596262943,-1.11355348099e-19,5.9033318643e-19,1.38972837569e-20,21.6607284546,0,0.00684809684753,0.00466918945312,-0.00233459472656,-0.00233459472656,4.1369050101e-16,-1.75590985448e-16,3.93187679747e-16,2.45054252446e-07,-1.22527126223e-07,-1.22527126223e-07,2.67658811804e-20,-1.49949879727e-20,6.62060811906e-21,0.0610752105713,0,318.587127686,-2.44249065418e-15,1.7763568394e-15,-5.82985809522e-15,-1.94179836175e-15,4.72795603772e-15,-0.0514526367188,2.6645352591e-15,2.6645352591e-15,-1.52443350394e-14,1.13332005667e-14,1.25660162051e-15,-0.00194843753707,1274.34851074
328,327.990264893,-0.00973510742188,CYCLIC_500,2.29943943024,-84.2787246704,42.1393623352,42.1393623352,6.08719009934e-15,4.39731891713e-15,-1.82094351141e-15,-0.00171168032102,0.000855840160511,0.000855840160511,5.37635086417e-21,6.5864640138e-19,3.47684194178e-20,21.7217750549,0,0.00684714317322,0.00466918945312,-0.00233459472656,-0.00233459472656,4.52857783594e-15,2.6502518517e-15,-2.25336581104e-16,2.44937837124e-07,-1.22468918562e-07,-1.22468918562e-07,1.16731698963e-19,6.83132149509e-20,2.08711356609e-20,0.0610466003418,0,318.535675049,4.66293670343e-15,6.2172489379e-15,-5.54764612616e-15,-6.45198459777e-15,5.02517844969e-15,-0.0514526367188,7.1054273576e-15,4.4408920985e-15,2.82211969059e-16,-4.51018623602e-15,2.97222411971e-16,-0.00194843753707,1274.1427002
329,328.990264893,-0.00973510742188,CYCLIC_500,2.30628561974,-84.274055481,42.1370277405,42.1370277405,5.98419909859e-16,2.80994588161e-15,-2.07903368695e-15,-0.00171143561602,0.000855717808008,0.000855717808008,3.60857307966e-20,6.64495434266e-19,2.89878696049e-20,21.7827911377,0,0.0068461894989,0.00466918945312,-0.00233459472656,-0.00233459472656,-5.48877018949e-15,-1.58737303552e-15,-2.58090175541e-16,2.4470500648e-07,-1.2235250324e-07,-1.2235250324e-07,3.07093799324e-20,5.84903288545e-21,-5.78054981292e-21,0.0610160827637,0,318.484283447,-1.31006316906e-14,-7.1054273576e-15,-5.65953062214e-15,-3.40315497713e-15,3.15397635995e-15,-0.0513916015625,-1.7763568394e-14,-1.33226762955e-14,-1.11884495976e-16,3.04882962064e-15,-1.87120208974e-15,-0.00194843753707,1273.93713379
330,329.990264893,-0.00973510742188,CYCLIC_500,2.31313109398,-84.2693939209,42.1346969604,42.1346969604,1.62443581578e-15,1.62683643288e-15,-2.09989423239e-15,-0.00171119091101,0.000855595455505,0.000855595455505,1.0511576843e-19,6.8802395348e-19,3.4289979444e-20,21.8437786102,0,0.00684547424316,0.00466156005859,-0.0023307800293,-0.0023307800293,1.02601590592e-15,-1.18310944873e-15,-2.08605454452e-17,2.4470500648e-07,-1.2235250324e-07,-1.2235250324e-07,6.90300376336e-20,2.35285192139e-20,5.30210983909e-21,0.0609874725342,0,318.432922363,-7.9936057773e-15,-8.881784197e-16,-7.58317260105e-15,-8.70049310003e-15,3.99073506225e-15,-0.0513610839844,5.10702591328e-15,6.2172489379e-15,-1.92364197891e-15,-5.2973381229e-15,8.36758702302e-16,-0.00194843753707,1273.73168945
331,330.990264893,-0.00973510742188,CYCLIC_500,2.31997513771,-84.2647247314,42.1323623657,42.1323623657,3.13440128296e-16,1.12962367901e-15,-1.86288395736e-15,-0.00171094643883,0.000855473219417,0.000855473219417,1.00398248749e-19,6.51467106974e-19,2.58164535323e-20,21.9047355652,0,0.00684404373169,0.00466918945312,-0.00233459472656,-0.00233459472656,-1.31099568748e-15,-4.97212753874e-16,2.37010275032e-16,2.44472175837e-07,-1.22236087918e-07,-1.22236087918e-07,-4.71751968162e-21,-3.65568465062e-20,-8.47352591169e-21,0.0609569549561,0,318.381561279,-5.3290705182e-15,-1.7763568394e-15,-9.17285521086e-15,-1.47719243631e-14,3.95704418119e-15,-0.0513610839844,2.6645352591e-15,-8.881784197e-16,-1.58968260982e-15,-6.07143126312e-15,-3.36908810608e-17,-0.00194843753707,1273.52624512
332,331.990264893,-0.00973510742188,CYCLIC_500,2.32681846619,-84.260055542,42.130027771,42.130027771,2.4599644211e-15,2.1580675784e-15,-1.87927081806e-15,-0.00171070208307,0.000855351041537,0.000855351041537,2.27549079972e-19,6.28464189953e-19,2.17708347292e-20,21.9656620026,0,0.00684332847595,0.00466918945312,-0.00233459472656,-0.00233459472656,2.1465242928e-15,1.02844389939e-15,-1.63868606978e-17,2.44355760515e-07,-1.22177880257e-07,-1.22177880257e-07,1.27150831224e-19,-2.30029170205e-20,-4.04561880307e-21,0.0609264373779,0,318.33026123,-1.11022302463e-15,-2.6645352591e-15,-2.3035404446e-16,6.34218036839e-16,3.04559243939e-15,-0.0513000488281,4.21884749358e-15,-8.881784197e-16,8.9425011664e-15,1.54061424e-14,-9.11451741804e-16,-0.00194843753707,1273.32104492
333,332.990264893,-0.00973510742188,CYCLIC_500,2.33366084099,-84.2553939819,42.127696991,42.127696991,2.41171439363e-15,7.35684113591e-16,-2.06115798966e-15,-0.00171045784373,0.000855228921864,0.000855228921864,2.99495074062e-19,5.92635475643e-19,2.06012724289e-20,22.0265598297,0,0.00684237480164,0.00466156005859,-0.0023307800293,-0.0023307800293,-4.82500274654e-17,-1.42238346481e-15,-1.81887171597e-16,2.44239345193e-07,-1.22119672596e-07,-1.22119672596e-07,7.19459940898e-20,-3.58287143096e-20,-1.16956230032e-21,0.0608978271484,0,318.278961182,-8.65973959208e-15,-9.7699626167e-15,1.29862251739e-14,-9.71097712161e-15,4.48307826011e-15,-0.0513000488281,-7.54951656745e-15,-7.1054273576e-15,1.32165792183e-14,-1.03451951584e-14,1.43748582072e-15,-0.00194843753707,1273.11584473
334,333.990264893,-0.00973510742188,CYCLIC_500,2.34050226212,-84.2507247925,42.1253623962,42.1253623962,-4.40399838734e-16,4.55931793876e-15,-2.21622173299e-15,-0.0017102137208,0.000855106860399,0.000855106860399,2.50345975706e-19,6.49411879806e-19,8.40932894134e-22,22.0874290466,0,0.00684142112732,0.00466918945312,-0.00233459472656,-0.00233459472656,-2.85211423237e-15,3.82363382517e-15,-1.55063743332e-16,2.44122929871e-07,-1.22061464936e-07,-1.22061464936e-07,-4.91490983563e-20,5.6776404163e-20,-1.97603395348e-20,0.0608692169189,0,318.22769165,-1.55431223448e-15,-4.4408920985e-15,7.12312658749e-15,-1.48033528523e-14,4.69911808634e-15,-0.05126953125,7.1054273576e-15,5.3290705182e-15,-5.86309858636e-15,-5.09237573068e-15,2.16039826235e-16,-0.00194843753707,1272.9107666
335,334.990264893,-0.00973510742188,CYCLIC_500,2.34734249115,-84.246055603,42.1230278015,42.1230278015,-4.94535580513e-16,2.66889761113e-15,-2.10163682567e-15,-0.0017099698307,0.00085498491535,0.00085498491535,1.90304032929e-19,6.28799980045e-19,-2.43082152972e-20,22.148267746,0,0.00684022903442,0.00466918945312,-0.00233459472656,-0.00233459472656,-5.41357417785e-17,-1.89042032763e-15,1.14584907322e-16,2.43890099227e-07,-1.21945049614e-07,-1.21945049614e-07,-6.00419427769e-20,-2.06118997611e-20,-2.51491481914e-20,0.0608386993408,0,318.176483154,-8.881784197e-16,8.881784197e-16,-2.99224365078e-15,-2.63975938657e-15,1.64659510096e-15,-0.0512084960938,6.66133814775e-16,5.3290705182e-15,-1.01153702383e-14,1.21635934657e-14,-3.05252298539e-15,-0.00194843753707,1272.70593262
336,335.990264893,-0.00973510742188,CYCLIC_500,2.35418200493,-84.241394043,42.1206970215,42.1206970215,2.98066021052e-15,3.40946164035e-15,-2.01276641504e-15,-0.0017097259406,0.0008548629703,0.0008548629703,1.73062462802e-19,6.76316620701e-19,-3.11241334615e-20,22.2090778351,0,0.00683951377869,0.00466156005859,-0.0023307800293,-0.0023307800293,3.47519579104e-15,7.40564029218e-16,8.88704106214e-17,2.43890099227e-07,-1.21945049614e-07,-1.21945049614e-07,-1.72415701267e-20,4.75166406557e-20,-6.81591816424e-21,0.0608100891113,0,318.125274658,-1.04360964315e-14,-7.9936057773e-15,-1.57370908312e-14,-1.47725177097e-15,1.61879223377e-15,-0.0512084960938,-9.54791801178e-15,-8.881784197e-15,-1.27448471805e-14,1.1625076156e-15,-2.78028671856e-17,-0.00194843753707,1272.50109863
337,336.990264893,-0.00973510742188,CYCLIC_500,2.36102032661,-84.2367248535,42.1183624268,42.1183624268,-7.31212857445e-16,2.86912836563e-15,-2.20150228394e-15,-0.00170948228333,0.000854741141666,0.000854741141666,2.23520579123e-19,7.2199167297e-19,-2.81311924607e-20,22.2698574066,0,0.00683832168579,0.00466918945312,-0.00233459472656,-0.00233459472656,-3.71187306797e-15,-5.40333274715e-16,-1.88735868899e-16,2.43657268584e-07,-1.21828634292e-07,-1.21828634292e-07,5.04581163204e-20,4.56750522688e-20,2.99294100071e-21,0.0607795715332,0,318.07409668,-5.99520433298e-15,-4.4408920985e-15,1.94261447799e-15,-1.49673654631e-15,3.12788124685e-15,-0.0511779785156,4.4408920985e-15,3.5527136788e-15,1.76797053092e-14,-1.94847753417e-17,1.50908901307e-15,-0.00194843753707,1272.29638672
338,337.990264893,-0.00973510742188,CYCLIC_500,2.36785793304,-84.2320632935,42.1160316467,42.1160316467,-5.31733424475e-16,2.67512253567e-15,-1.93144850587e-15,-0.00170923874248,0.000854619371239,0.000854619371239,2.56261729109e-19,7.18980489971e-19,-1.8531409658e-20,22.3306083679,0,0.00683760643005,0.00466156005859,-0.0023307800293,-0.0023307800293,1.9947943297e-16,-1.94005829965e-16,2.70053778076e-16,2.43540853262e-07,-1.21770426631e-07,-1.21770426631e-07,3.27411499861e-20,-3.01118299894e-21,9.59978280278e-21,0.0607509613037,0,318.022949219,6.88338275268e-15,1.7763568394e-15,2.11202258945e-16,4.26380874357e-16,2.5263946542e-15,-0.0511474609375,1.28785870857e-14,6.2172489379e-15,-1.73141221905e-15,1.92311742067e-15,-6.01486592645e-16,-0.00194843753707,1272.09179688
339,338.990264893,-0.00973510742188,CYCLIC_500,2.37469434738,-84.227394104,42.113697052,42.113697052,-9.43059768848e-16,1.38975289364e-15,-1.80079865669e-15,-0.00170899531804,0.00085449765902,0.00085449765902,2.26700463245e-19,6.82339658783e-19,-1.85397081213e-20,22.3913288116,0,0.00683641433716,0.00466918945312,-0.00233459472656,-0.00233459472656,-4.11326344373e-16,-1.28536964203e-15,1.30649849178e-16,2.4342443794e-07,-1.2171221897e-07,-1.2171221897e-07,-2.9561265864e-20,-3.66408311877e-20,-8.29846331324e-24,0.0607204437256,0,317.971832275,5.3290705182e-15,-3.5527136788e-15,-6.38310463289e-15,-1.37086266991e-14,3.21187614409e-15,-0.0511169433594,-1.55431223448e-15,-5.3290705182e-15,-6.59430689183e-15,-1.41350075735e-14,6.85481489893e-16,-0.00194843753707,1271.8873291
340,339.990264893,-0.00973510742188,CYCLIC_500,2.38152980804,-84.2227325439,42.111366272,42.111366272,4.9405877177e-15,2.6266342868e-15,-1.33183366289e-15,-0.00170875212643,0.000854376063216,0.000854376063216,3.48632726185e-19,6.97944640759e-19,-2.72066698961e-20,22.4520206451,0,0.00683546066284,0.00466156005859,-0.0023307800293,-0.0023307800293,5.88364748655e-15,1.23688139317e-15,4.689649938e-16,2.43191607296e-07,-1.21595803648e-07,-1.21595803648e-07,1.21932262941e-19,1.56049819757e-20,-8.66696177482e-21,0.0606918334961,0,317.92074585,-3.33066907388e-15,-1.7763568394e-15,-1.89115902639e-15,-9.88401563614e-15,3.09826046498e-15,-0.0510864257812,-8.65973959208e-15,1.7763568394e-15,4.4919456065e-15,3.82461106296e-15,-1.13615679119e-16,-0.00194843753707,1271.6829834
341,340.990264893,-0.00973510742188,CYCLIC_500,2.38836431503,-84.2180633545,42.1090316772,42.1090316772,-8.04794408569e-16,1.70406215384e-15,-1.86286149527e-15,-0.00170850893483,0.000854254467413,0.000854254467413,3.37300052304e-19,6.69714181374e-19,-3.83759459201e-20,22.5126838684,0,0.00683450698853,0.00466918945312,-0.00233459472656,-0.00233459472656,-5.74538212627e-15,-9.22572132966e-16,-5.31027832382e-16,2.43191607296e-07,-1.21595803648e-07,-1.21595803648e-07,-1.13326738814e-20,-2.82304593849e-20,-1.1169276024e-20,0.0606632232666,0,317.869689941,-8.881784197e-15,-1.33226762955e-14,-1.62974357569e-15,-4.70798585108e-15,2.55934248884e-15,-0.0510559082031,-5.55111512313e-15,-1.15463194561e-14,2.61415450702e-16,5.17602978506e-15,-5.38917976132e-16,-0.00194843753707,1271.47875977
342,341.990264893,-0.00973510742188,CYCLIC_500,2.39519786835,-84.2134017944,42.1067008972,42.1067008972,-9.43902579865e-16,2.20832609965e-15,-1.75931247682e-15,-0.00170826597605,0.000854132988025,0.000854132988025,2.79681671981e-19,6.69602279347e-19,-3.77505529484e-20,22.5733165741,0,0.00683355331421,0.00466156005859,-0.0023307800293,-0.0023307800293,-1.39108171297e-16,5.04263945818e-16,1.0354901845e-16,2.42958776653e-07,-1.21479388326e-07,-1.21479388326e-07,-5.76183803225e-20,-1.11902027242e-22,6.25392971736e-22,0.0606327056885,0,317.818664551,-4.21884749358e-15,-5.3290705182e-15,-1.22734486296e-14,-1.23779526495e-14,2.89445727043e-15,-0.051025390625,4.66293670343e-15,7.9936057773e-15,-1.06437050539e-14,-7.66996679846e-15,3.35114781591e-16,-0.00194843753707,1271.2746582
343,342.990264893,-0.00973510742188,CYCLIC_500,2.40203046799,-84.208732605,42.1043663025,42.1043663025,1.11037094106e-15,2.50401460113e-15,-1.9086467098e-15,-0.00170802313369,0.000854011566844,0.000854011566844,1.65474586409e-19,6.77241382776e-19,-4.16396193387e-20,22.6339206696,0,0.00683259963989,0.00466918945312,-0.00233459472656,-0.00233459472656,2.05427352093e-15,2.95688501478e-16,-1.49334232978e-16,2.42842361331e-07,-1.21421180665e-07,-1.21421180665e-07,-1.14207085572e-19,7.63910342981e-21,-3.88906639031e-21,0.060604095459,0,317.767669678,5.3290705182e-15,0,-3.21873676686e-15,-8.68614249578e-15,3.57400185677e-15,-0.0509948730469,9.54791801178e-15,5.3290705182e-15,9.05471186271e-15,3.69181015376e-15,6.79544586335e-16,-0.00194843753707,1271.07067871
344,343.990264893,-0.00973510742188,CYCLIC_500,2.40886211395,-84.2041244507,42.1020622253,42.1020622253,1.71014689442e-15,2.28428105943e-15,-1.65376524768e-15,-0.00170777982567,0.000853889912833,0.000853889912833,3.55807313781e-20,6.64832626688e-19,-4.86473851934e-20,22.6944942474,0,0.00683164596558,0.00460815429688,-0.00230407714844,-0.00230407714844,5.99775953359e-16,-2.19733541703e-16,2.54881462122e-16,2.43308022618e-07,-1.21654011309e-07,-1.21654011309e-07,-1.29893855031e-19,-1.24087560888e-20,-7.00776585472e-21,0.0605735778809,0,317.716583252,-1.33226762955e-15,-7.1054273576e-15,-1.37449018115e-14,-2.10186986461e-14,3.95346882865e-15,-0.0510864257812,-6.66133814775e-15,-7.1054273576e-15,-1.05261650446e-14,-1.23325561503e-14,3.79466971883e-16,-0.00194843753707,1270.86633301
345,344.990264893,-0.00973510742188,CYCLIC_500,2.41569256783,-84.1994552612,42.0997276306,42.0997276306,-1.53192784698e-15,1.37297936819e-15,-2.24334018514e-15,-0.00170753733255,0.000853768666275,0.000853768666275,1.14777901587e-20,6.24222091117e-19,-5.65728862283e-20,22.7550392151,0,0.00683045387268,0.00466918945312,-0.00233459472656,-0.00233459472656,-3.2420747414e-15,-9.11301691241e-16,-5.89574937466e-16,2.42493115366e-07,-1.21246557683e-07,-1.21246557683e-07,-2.41029412194e-20,-4.06105355709e-20,-7.9255010349e-21,0.0605449676514,0,317.665649414,0,-2.6645352591e-15,-5.19491225194e-15,-2.56728528884e-15,4.60946340759e-15,-0.0509338378906,1.33226762955e-15,4.4408920985e-15,8.54998955957e-15,1.84514133573e-14,6.55994578934e-16,-0.00194843753707,1270.66259766
346,345.990264893,-0.00973510742188,CYCLIC_500,2.42252230644,-84.1947860718,42.0973930359,42.0973930359,-1.27623457367e-15,3.41211204614e-15,-1.49768033034e-15,-0.00170729495585,0.000853647477925,0.000853647477925,-3.57395322842e-20,6.3762530571e-19,-5.96981627985e-20,22.8155555725,0,0.00682973861694,0.00466918945312,-0.00233459472656,-0.00233459472656,2.55693273305e-16,2.03913267796e-15,7.45659854806e-16,2.42376700044e-07,-1.21188350022e-07,-1.21188350022e-07,-4.7217322443e-20,1.34032145932e-20,-3.12527657013e-21,0.0605163574219,0,317.614746094,-5.3290705182e-15,-1.06581410364e-14,-2.83966546193e-15,-2.56028752615e-15,4.20782692161e-15,-0.0509033203125,-5.3290705182e-15,-7.9936057773e-15,2.35524679e-15,6.99776269374e-18,-4.0163648598e-16,-0.00194843753707,1270.45898438
347,346.990264893,-0.00973510742188,CYCLIC_500,2.42935109138,-84.1901245117,42.0950622559,42.0950622559,3.21829800379e-15,4.88053131488e-16,-1.51791295895e-15,-0.00170705269556,0.000853526347782,0.000853526347782,4.47438795436e-20,5.89050720438e-19,-5.33679824171e-20,22.8760414124,0,0.00682878494263,0.00466156005859,-0.0023307800293,-0.0023307800293,4.49453257747e-15,-2.92405891465e-15,-2.02326286097e-17,2.42260284722e-07,-1.21130142361e-07,-1.21130142361e-07,8.04834118279e-20,-4.85745852721e-20,6.33018038137e-21,0.0604858398438,0,317.563873291,-6.66133814775e-16,3.5527136788e-15,-4.73634950288e-15,-1.2099370349e-14,4.02333412364e-15,-0.0508728027344,4.66293670343e-15,1.42108547152e-14,-1.89668404095e-15,-9.53908282286e-15,-1.84492797971e-16,-0.00194843753707,1270.25549316
348,347.990264893,-0.00973510742188,CYCLIC_500,2.43617868423,-84.1854629517,42.0927314758,42.0927314758,2.11805207437e-15,1.40583304982e-15,-1.90590396335e-15,-0.00170681043528,0.00085340521764,0.00085340521764,1.27091091254e-19,5.90826082677e-19,-5.54553676442e-20,22.936498642,0,0.00682759284973,0.00466156005859,-0.0023307800293,-0.0023307800293,-1.10024592942e-15,9.17779918336e-16,-3.87991004402e-16,2.42260284722e-07,-1.21130142361e-07,-1.21130142361e-07,8.23472117106e-20,1.77536223909e-21,-2.08738522707e-21,0.0604572296143,0,317.513000488,9.32587340685e-15,3.5527136788e-15,-4.77479148046e-15,-4.85205571494e-15,5.77157058175e-15,-0.0508728027344,9.99200722163e-15,0,-3.84419775771e-17,7.24731463407e-15,1.74823645811e-15,-0.00194843753707,1270.05200195
349,348.990264893,-0.00973510742188,CYCLIC_500,2.44300556183,-84.1807937622,42.0903968811,42.0903968811,-3.92748501435e-16,1.72898791149e-15,-1.7797212857e-15,-0.00170656840783,0.000853284203913,0.000853284203913,1.23548315869e-19,6.22938875493e-19,-4.39538275468e-20,22.9969272614,0,0.00682687759399,0.00466918945312,-0.00233459472656,-0.00233459472656,-2.51080057581e-15,3.23154861664e-16,1.26182677651e-16,2.42027454078e-07,-1.21013727039e-07,-1.21013727039e-07,-3.54277538558e-21,3.21127928158e-20,1.15015400974e-20,0.0604286193848,0,317.462188721,-4.4408920985e-15,-5.3290705182e-15,-1.09070875136e-14,-8.66694980122e-15,4.77735799029e-15,-0.0508117675781,-1.37667655054e-14,-8.881784197e-15,-6.13229603315e-15,-3.81489408628e-15,-9.94212591458e-16,-0.00194843753707,1269.84875488
350,349.990264893,-0.00973510742188,CYCLIC_500,2.44983124733,-84.1761322021,42.0880661011,42.0880661011,6.70972859409e-16,1.13860825509e-15,-1.75523707871e-15,-0.0017063266132,0.000853163306601,0.000853163306601,1.16839671074e-19,5.91072795757e-19,-3.27051801502e-20,23.0573272705,0,0.0068256855011,0.00466156005859,-0.0023307800293,-0.0023307800293,1.06372136084e-15,-5.90379656402e-16,2.44842069875e-17,2.41794623435e-07,-1.20897311717e-07,-1.20897311717e-07,-6.70864479413e-21,-3.18660797358e-20,1.12486473966e-20,0.0604000091553,0,317.411376953,5.55111512313e-15,6.2172489379e-15,-4.29038344938e-15,-3.42346603311e-16,4.89297000364e-15,-0.0508117675781,9.99200722163e-15,1.15463194561e-14,6.61670406423e-15,8.32460319791e-15,1.15612013353e-16,-0.00194843753707,1269.64550781
351,350.990264893,-0.00973510742188,CYCLIC_500,2.45665621758,-84.1714706421,42.085735321,42.085735321,1.16313874779e-15,3.51854791004e-15,-1.84922254759e-15,-0.00170608481858,0.00085304240929,0.00085304240929,2.11839177729e-19,6.69505938655e-19,-2.46324143596e-20,23.1176967621,0,0.00682497024536,0.00466156005859,-0.0023307800293,-0.0023307800293,4.92165888383e-16,2.37993965496e-15,-9.3985468882e-17,2.41794623435e-07,-1.20897311717e-07,-1.20897311717e-07,9.49995066545e-20,7.84331428977e-20,8.07276579063e-21,0.0603694915771,0,317.360626221,-1.50990331349e-14,-5.3290705182e-15,-7.65542533201e-15,2.30102737063e-16,3.93097889953e-15,-0.0507507324219,-2.0650148258e-14,-1.15463194561e-14,-3.36504188263e-15,5.72449340374e-16,-9.61991104112e-16,-0.00194843753707,1269.44250488
352,351.990264893,-0.00973510742188,CYCLIC_500,2.46347999573,-84.1668014526,42.0834007263,42.0834007263,5.42230006891e-16,1.31039828441e-15,-2.08752239968e-15,-0.00170584314037,0.000852921570186,0.000852921570186,1.85961869472e-19,5.88463092623e-19,-4.55816002466e-20,23.1780376434,0,0.00682377815247,0.00466918945312,-0.00233459472656,-0.00233459472656,-6.20908740901e-16,-2.20814962563e-15,-2.38299852088e-16,2.41678208113e-07,-1.20839104056e-07,-1.20839104056e-07,-2.58773082568e-20,-8.10428460315e-20,-2.0949185887e-20,0.0603408813477,0,317.309875488,-1.11022302463e-15,-2.6645352591e-15,5.73929433173e-15,-8.46828769962e-15,4.32195768775e-15,-0.0507507324219,1.39888101103e-14,2.6645352591e-15,1.33947196637e-14,-8.69839043669e-15,3.90978788219e-16,-0.00194843753707,1269.23950195
353,352.990264893,-0.00973510742188,CYCLIC_500,2.47030282021,-84.1621398926,42.0810699463,42.0810699463,1.68616497135e-15,1.82699893423e-15,-1.54529392763e-15,-0.00170560169499,0.000852800847497,0.000852800847497,2.56179291958e-19,6.5150136873e-19,-2.54648682485e-20,23.2383480072,0,0.00682282447815,0.00466156005859,-0.0023307800293,-0.0023307800293,1.14393496446e-15,5.16600649822e-16,5.42228472057e-16,2.41445377469e-07,-1.20722688735e-07,-1.20722688735e-07,7.02174224853e-20,6.30382761067e-20,2.01167319981e-20,0.0603103637695,0,317.259185791,-9.99200722163e-15,0,-1.97756520145e-15,5.47742304496e-15,4.85221534756e-15,-0.0506896972656,-8.881784197e-15,2.6645352591e-15,-7.71685953318e-15,1.39457107446e-14,5.30257659816e-16,-0.00194843753707,1269.03674316
354,353.990264893,-0.00973510742188,CYCLIC_500,2.47712469101,-84.1574783325,42.0787391663,42.0787391663,-2.39766915138e-15,2.38804784806e-15,-1.75215298543e-15,-0.00170536036603,0.000852680183016,0.000852680183016,2.03735976296e-19,6.54193739842e-19,-1.79479678295e-20,23.2986316681,0,0.00682187080383,0.00466156005859,-0.0023307800293,-0.0023307800293,-4.08383412274e-15,5.61048913833e-16,-2.06859057804e-16,2.41328962147e-07,-1.20664481074e-07,-1.20664481074e-07,-5.24433156613e-20,2.69237111187e-21,7.516900419e-21,0.0602836608887,0,317.208496094,-1.11022302463e-15,-2.6645352591e-15,-1.45390467362e-14,-3.21423324654e-15,1.91904053198e-15,-0.0506896972656,8.881784197e-15,-2.6645352591e-15,-1.25614815348e-14,-8.69165629149e-15,-2.93317481558e-15,-0.00194843753707,1268.83398438
355,354.990264893,-0.00973510742188,CYCLIC_500,2.48394584656,-84.1528167725,42.0764083862,42.0764083862,-4.25272563509e-15,8.71135742916e-16,-1.86449066719e-15,-0.00170511915348,0.000852559576742,0.000852559576742,-4.00050676353e-22,6.02247101104e-19,-2.94564363724e-20,23.3588848114,0,0.0068211555481,0.00466156005859,-0.0023307800293,-0.0023307800293,-1.85505648371e-15,-1.51691210515e-15,-1.12337681764e-16,2.41212546825e-07,-1.20606273413e-07,-1.20606273413e-07,-2.04136026973e-19,-5.19466387379e-20,-1.15084685428e-20,0.0602531433105,0,317.157836914,1.33226762955e-14,7.9936057773e-15,9.74980185613e-17,2.38510025447e-16,6.04431980312e-15,-0.0506591796875,1.44328993201e-14,1.06581410364e-14,1.46365447548e-14,3.45274327198e-15,4.12527927114e-15,-0.00194843753707,1268.63134766
356,355.990264893,-0.00973510742188,CYCLIC_500,2.49076581001,-84.148147583,42.0740737915,42.0740737915,1.57411841084e-16,2.47532433789e-15,-1.68915871832e-15,-0.00170487805735,0.000852439028677,0.000852439028677,-5.50938687138e-20,5.81861848831e-19,-5.99259880493e-21,23.4191093445,0,0.0068199634552,0.00466918945312,-0.00233459472656,-0.00233459472656,4.41013747618e-15,1.60418859498e-15,1.75331948876e-16,2.41096131504e-07,-1.20548065752e-07,-1.20548065752e-07,-5.46938180375e-20,-2.03852522733e-20,2.34638375674e-20,0.0602245330811,0,317.107208252,2.22044604925e-16,0,-4.63046177787e-15,-6.6279942855e-15,3.41705045667e-15,-0.0506286621094,-1.31006316906e-14,-7.9936057773e-15,-4.72795979643e-15,-6.86650431095e-15,-2.62726934645e-15,-0.00194843753707,1268.42883301
357,356.990264893,-0.00973510742188,CYCLIC_500,2.49758481979,-84.1434860229,42.0717430115,42.0717430115,-4.01094581762e-15,3.56590809631e-15,-2.01980226992e-15,-0.00170463707764,0.000852318538819,0.000852318538819,-1.35265422546e-19,6.49796699737e-19,-7.41850712358e-21,23.47930336,0,0.00681900978088,0.00466156005859,-0.0023307800293,-0.0023307800293,-4.16835765871e-15,1.09058375841e-15,-3.30643551606e-16,2.40979716182e-07,-1.20489858091e-07,-1.20489858091e-07,-8.01715538317e-20,6.79348509065e-20,-1.42590831864e-21,0.0601940155029,0,317.056610107,2.88657986403e-15,-3.5527136788e-15,3.46719477076e-15,-5.86906167184e-15,5.04132852911e-15,-0.0505981445312,2.6645352591e-15,-3.5527136788e-15,8.09765654862e-15,7.58932613659e-16,1.62427807243e-15,-0.00194843753707,1268.22644043
358,357.990264893,-0.00973510742188,CYCLIC_500,2.5044028759,-84.1388244629,42.0694122314,42.0694122314,-1.04718480775e-15,1.33959588068e-15,-2.03769425057e-15,-0.00170439633075,0.000852198165376,0.000852198165376,-1.71607974747e-19,5.99813516355e-19,-1.93966312891e-20,23.5394706726,0,0.00681805610657,0.00466156005859,-0.0023307800293,-0.0023307800293,2.96376100987e-15,-2.22631221563e-15,-1.78919806526e-17,2.40746885538e-07,-1.20373442769e-07,-1.20373442769e-07,-3.63425522015e-20,-4.99831833824e-20,-1.19781241655e-20,0.0601673126221,0,317.00604248,1.99840144433e-15,7.1054273576e-15,-6.19211535277e-15,1.60651942782e-15,2.76023171799e-15,-0.0505676269531,-8.881784197e-16,1.06581410364e-14,-9.65931012353e-15,7.47558109966e-15,-2.28109681112e-15,-0.00194843753707,1268.02416992
359,358.990264893,-0.00973510742188,CYCLIC_500,2.51121997833,-84.1341629028,42.0670814514,42.0670814514,-5.41980794329e-16,3.69173458916e-15,-1.83559218274e-15,-0.00170415570028,0.000852077850141,0.000852077850141,-1.4102591439e-19,6.07262366628e-19,-9.82863879823e-21,23.5996074677,0,0.00681710243225,0.00466156005859,-0.0023307800293,-0.0023307800293,5.05204013423e-16,2.35213870848e-15,2.02102067832e-16,2.40630470216e-07,-1.20315235108e-07,-1.20315235108e-07,3.05820603572e-20,7.44885027333e-21,9.56799249085e-21,0.0601367950439,0,316.955505371,-6.43929354283e-15,-4.4408920985e-15,-4.72499938981e-16,-3.92395816107e-15,4.51561660395e-15,-0.050537109375,-8.43769498715e-15,-1.15463194561e-14,5.71961541379e-15,-5.53047758888e-15,1.75538488596e-15,-0.00194843753707,1267.82202148
360,359.990264893,-0.00973510742188,CYCLIC_500,2.51803612709,-84.1295013428,42.0647506714,42.0647506714,1.69876772146e-15,1.60082492788e-15,-2.03419654796e-15,-0.00170391506981,0.000851957534906,0.000851957534906,-1.85496451131e-19,6.31333503399e-19,-3.19189142818e-20,23.6597156525,0,0.00681614875793,0.00466156005859,-0.0023307800293,-0.0023307800293,2.24074851579e-15,-2.09090966128e-15,-1.98604365218e-16,2.40630470216e-07,-1.20315235108e-07,-1.20315235108e-07,-4.44705367408e-20,2.40711367711e-20,-2.20902754836e-20,0.0601081848145,0,316.904998779,-1.11022302463e-15,-8.881784197e-16,-1.14142879572e-14,-3.94266758362e-15,2.62801318365e-15,-0.0505065917969,5.3290705182e-15,3.5527136788e-15,-1.09417880182e-14,-1.87094225576e-17,-1.88760342031e-15,-0.00194843753707,1267.61999512
361,360.990264893,-0.00973510742188,CYCLIC_500,2.52485132217,-84.1248397827,42.0624198914,42.0624198914,-1.58704815206e-15,3.81176394882e-15,-1.45908862676e-15,-0.00170367467217,0.000851837336086,0.000851837336086,-1.6368292128e-19,7.27434959628e-19,-1.88683452015e-20,23.7197952271,0,0.00681519508362,0.00466156005859,-0.0023307800293,-0.0023307800293,-3.28581587352e-15,2.21093902093e-15,5.75107921197e-16,2.40397639573e-07,-1.20198819786e-07,-1.20198819786e-07,2.18135298504e-20,9.61014562294e-20,1.30505690803e-20,0.060079574585,0,316.854492188,3.10862446895e-15,-8.881784197e-16,-1.02855509894e-15,-7.19497460876e-15,5.21477040999e-15,-0.0505065917969,4.21884749358e-15,0,1.03857328583e-14,-3.25230702514e-15,2.58675722634e-15,-0.00194843753707,1267.41796875
362,361.990264893,-0.00973510742188,CYCLIC_500,2.53166556358,-84.1201782227,42.0600891113,42.0600891113,-2.35945995835e-15,1.41785709279e-15,-2.24326332683e-15,-0.00170343450736,0.000851717253681,0.000851717253681,-2.26147021759e-19,7.05361149805e-19,-3.49596172889e-20,23.7798461914,0,0.0068142414093,0.00466156005859,-0.0023307800293,-0.0023307800293,-7.72411806291e-16,-2.39390685602e-15,-7.84174700067e-16,2.40164808929e-07,-1.20082404464e-07,-1.20082404464e-07,-6.24641004783e-20,-2.20738098234e-20,-1.60912720874e-20,0.0600509643555,0,316.804046631,-8.881784197e-16,-5.3290705182e-15,8.79670080948e-15,-8.41818405967e-15,6.75370899647e-15,-0.0504455566406,-3.99680288865e-15,-4.4408920985e-15,9.82525590841e-15,-1.22320945091e-15,1.53893858648e-15,-0.00194843753707,1267.21618652
363,362.990264893,-0.00973510742188,CYCLIC_500,2.53847885132,-84.1155166626,42.0577583313,42.0577583313,-1.14581129588e-15,1.05701923085e-15,-1.9856148798e-15,-0.00170319434255,0.000851597171277,0.000851597171277,-1.69081843512e-19,6.66768512655e-19,-4.84936031592e-20,23.8398666382,0,0.00681328773499,0.00466156005859,-0.0023307800293,-0.0023307800293,1.21364866247e-15,-3.60837861945e-16,2.57648447032e-16,2.40164808929e-07,-1.20082404464e-07,-1.20082404464e-07,5.70651782463e-20,-3.85926371503e-20,-1.35339858703e-20,0.0600204467773,0,316.753631592,-3.10862446895e-15,-5.3290705182e-15,1.27653192988e-14,1.09771846781e-14,8.46962016186e-15,-0.0504150390625,-2.22044604925e-15,0,3.96861848937e-15,1.93953687377e-14,1.71591116539e-15,-0.00194843753707,1267.01452637
364,363.990264893,-0.00973510742188,CYCLIC_500,2.54529094696,-84.1108551025,42.0554275513,42.0554275513,1.58343733664e-15,1.69243261812e-15,-1.92339490999e-15,-0.00170295429416,0.00085147714708,0.00085147714708,-1.7457072002e-19,7.14218340099e-19,-3.70299677652e-20,23.8998603821,0,0.00681209564209,0.00466156005859,-0.0023307800293,-0.0023307800293,2.72924863252e-15,6.3541338727e-16,6.22199698109e-17,2.40048393607e-07,-1.20024196804e-07,-1.20024196804e-07,-5.48887650804e-21,4.74498274439e-20,1.1463635394e-20,0.0599937438965,0,316.703216553,-6.2172489379e-15,0,-3.49005028724e-15,-3.53777290435e-15,4.36868603376e-15,-0.0504150390625,-3.10862446895e-15,5.3290705182e-15,-1.62553695861e-14,-1.45149575824e-14,-4.1009341281e-15,-0.00194843753707,1266.81286621
365,364.990264893,-0.00973510742188,CYCLIC_500,2.55210232735,-84.1061935425,42.0530967712,42.0530967712,2.41921103226e-15,4.46508930897e-15,-1.67666244952e-15,-0.0017027144786,0.000851357239299,0.000851357239299,-1.24476919002e-19,7.27976247153e-19,-2.74247773903e-20,23.9598236084,0,0.00681138038635,0.00466156005859,-0.0023307800293,-0.0023307800293,8.35773695628e-16,2.77265669085e-15,2.46732460471e-16,2.39815562963e-07,-1.19907781482e-07,-1.19907781482e-07,5.00938010179e-20,1.37579070549e-20,9.60519037486e-21,0.0599632263184,0,316.652862549,-2.6645352591e-15,-7.9936057773e-15,-7.28486257892e-15,-6.47426834386e-15,8.04221384824e-15,-0.0503540039062,3.5527136788e-15,-7.9936057773e-15,-3.79481229168e-15,-2.93649543951e-15,3.67352781448e-15,-0.00194843753707,1266.6114502
366,365.990264893,-0.00973510742188,CYCLIC_500,2.55891275406,-84.1015319824,42.0507659912,42.0507659912,2.49356408068e-17,2.19209585651e-15,-2.12351407907e-15,-0.00170247477945,0.000851237389725,0.000851237389725,-1.12534539298e-19,6.95532001289e-19,-3.57036686733e-20,24.0197582245,0,0.00681042671204,0.00466156005859,-0.0023307800293,-0.0023307800293,-2.39427539146e-15,-2.27299345247e-15,-4.4685162955e-16,2.39699147642e-07,-1.19849573821e-07,-1.19849573821e-07,1.19423797041e-20,-3.24442458644e-20,-8.27889128291e-21,0.0599346160889,0,316.602508545,-5.10702591328e-15,-1.06581410364e-14,-8.56408003206e-15,1.15267811589e-15,5.69375608025e-15,-0.0503540039062,-2.44249065418e-15,-2.6645352591e-15,-1.27921745314e-15,7.62694645974e-15,-2.34845776799e-15,-0.00194843753707,1266.41003418
367,366.990264893,-0.00973510742188,CYCLIC_500,2.5657222271,-84.0968780518,42.0484390259,42.0484390259,-2.3254949364e-15,3.49767785864e-15,-2.27626836598e-15,-0.00170223519672,0.000851117598359,0.000851117598359,-3.04401437906e-19,7.5214747601e-19,-5.02299130222e-20,24.0796642303,0,0.00680947303772,0.00465393066406,-0.00232696533203,-0.00232696533203,-2.35043057721e-15,1.30558200213e-15,-1.52754286908e-16,2.3958273232e-07,-1.1979136616e-07,-1.1979136616e-07,-1.91866898608e-19,5.66154747208e-20,-1.45262443489e-20,0.0599060058594,0,316.552185059,-1.11022302463e-14,-5.3290705182e-15,-1.15036355137e-14,-1.89648387254e-14,2.80661698919e-15,-0.0503234863281,-5.99520433298e-15,5.3290705182e-15,-2.93955548169e-15,-2.01175168413e-14,-2.88713909106e-15,-0.00194843753707,1266.20874023
368,367.990264893,-0.00973510742188,CYCLIC_500,2.57253074646,-84.0922164917,42.0461082458,42.0461082458,-3.45692020155e-15,1.57632010921e-15,-1.60424612374e-15,-0.0017019957304,0.0008509978652,0.0008509978652,-4.04865812636e-19,7.5191157767e-19,-3.85055103537e-20,24.139541626,0,0.0068085193634,0.00466156005859,-0.0023307800293,-0.0023307800293,-1.13142526515e-15,-1.92135774943e-15,6.72022242241e-16,2.39466316998e-07,-1.19733158499e-07,-1.19733158499e-07,-1.0046437473e-19,-2.35898339768e-22,1.17244026685e-20,0.0598773956299,0,316.50189209,-1.11022302463e-15,-1.7763568394e-15,-1.34900670524e-14,4.22291949859e-15,6.35160519812e-15,-0.05029296875,9.99200722163e-15,3.5527136788e-15,-1.98643153867e-15,2.3187758224e-14,3.54498820893e-15,-0.00194843753707,1266.00756836
369,368.990264893,-0.00973510742188,CYCLIC_500,2.57933807373,-84.0875549316,42.0437774658,42.0437774658,-9.95567430584e-16,6.71117730167e-16,-1.90809521029e-15,-0.0017017563805,0.000850878190249,0.000850878190249,-4.67193622992e-19,7.59183131796e-19,-6.17468581468e-20,24.199388504,0,0.00680732727051,0.00466156005859,-0.0023307800293,-0.0023307800293,2.46135277097e-15,-9.05202379042e-16,-3.03849086553e-16,2.39349901676e-07,-1.19674950838e-07,-1.19674950838e-07,-6.23278103555e-20,7.27155412567e-21,-2.32413477931e-20,0.0598468780518,0,316.451660156,8.881784197e-16,6.2172489379e-15,-2.45617063861e-14,-3.48098664428e-15,2.39227578821e-15,-0.0502319335938,1.99840144433e-15,7.9936057773e-15,-1.10716393337e-14,-7.70390614287e-15,-3.95932940991e-15,-0.00194843753707,1265.80664062
370,369.990264893,-0.00973510742188,CYCLIC_500,2.58614468575,-84.0828933716,42.0414466858,42.0414466858,-1.59928006221e-16,1.98952835069e-15,-1.74348456585e-15,-0.00170151714701,0.000850758573506,0.000850758573506,-5.14861821876e-19,7.61424506912e-19,-7.16723396807e-20,24.2592086792,0,0.00680661201477,0.00466156005859,-0.0023307800293,-0.0023307800293,8.35639424363e-16,1.31841062052e-15,1.64610644443e-16,2.39233486354e-07,-1.19616743177e-07,-1.19616743177e-07,-4.76681988847e-20,2.24137511668e-21,-9.9254815339e-21,0.0598201751709,0,316.401428223,-3.5527136788e-15,-7.1054273576e-15,-8.81423763651e-15,-7.73412550075e-15,3.29437543262e-15,-0.0502319335938,-4.4408920985e-15,-1.33226762955e-14,1.57474687496e-14,-4.25313885648e-15,9.02099644416e-16,-0.00194843753707,1265.60571289
371,370.990264893,-0.00973510742188,CYCLIC_500,2.59295034409,-84.0782318115,42.0391159058,42.0391159058,1.34589865946e-16,1.71940784974e-15,-1.99185519982e-15,-0.00170127814636,0.000850639073178,0.000850639073178,-5.02877422366e-19,8.07320258077e-19,-7.152046722e-20,24.3190002441,0,0.00680565834045,0.00466156005859,-0.0023307800293,-0.0023307800293,2.94517872166e-16,-2.70120500945e-16,-2.48370633978e-16,2.39000655711e-07,-1.19500327855e-07,-1.19500327855e-07,1.19843995098e-20,4.58957511648e-20,1.51872460728e-22,0.0597915649414,0,316.351226807,-2.88657986403e-15,8.881784197e-16,3.1550056638e-15,2.75935994242e-15,4.61247198259e-15,-0.0502014160156,6.66133814775e-16,7.9936057773e-15,1.19692433003e-14,1.04934854432e-14,1.31809654997e-15,-0.00194843753707,1265.40490723
372,371.990264893,-0.00973510742188,CYCLIC_500,2.59975504875,-84.0735778809,42.0367889404,42.0367889404,3.69124832607e-15,2.54051931406e-15,-1.48450102966e-15,-0.0017010391457,0.00085051957285,0.00085051957285,-4.7845535422e-19,8.44488449217e-19,-7.29655630592e-20,24.3787612915,0,0.00680470466614,0.00465393066406,-0.00232696533203,-0.00232696533203,3.55665846013e-15,8.21111464322e-16,5.07354170164e-16,2.39000655711e-07,-1.19500327855e-07,-1.19500327855e-07,2.44220681459e-20,3.716819114e-20,-1.44509583924e-21,0.0597610473633,0,316.301055908,5.99520433298e-15,6.2172489379e-15,-1.16294677737e-14,-4.40773668785e-15,4.54659810455e-15,-0.0501708984375,8.881784197e-15,5.3290705182e-15,-1.47844734375e-14,-7.16709663026e-15,-6.58738780394e-17,-0.00194843753707,1265.20422363
373,372.990264893,-0.00973510742188,CYCLIC_500,2.60655856133,-84.0689163208,42.0344581604,42.0344581604,6.43926993178e-16,3.40823315306e-15,-1.55969544856e-15,-0.00170080037788,0.000850400188938,0.000850400188938,-5.15941880649e-19,8.9000259547e-19,-6.68549601544e-20,24.438495636,0,0.00680351257324,0.00466156005859,-0.0023307800293,-0.0023307800293,-3.0473213329e-15,8.67713838997e-16,-7.51944189007e-17,2.38767825067e-07,-1.19383912534e-07,-1.19383912534e-07,-3.74865264288e-20,4.55141462526e-20,6.11060290478e-21,0.0597343444824,0,316.25088501,-5.99520433298e-15,-5.3290705182e-15,-6.67285903991e-15,1.04489164869e-14,3.12336149889e-15,-0.0501708984375,-1.1990408666e-14,-1.15463194561e-14,4.95660873378e-15,1.48566531747e-14,-1.42323660566e-15,-0.00194843753707,1265.00354004
374,373.990264893,-0.00973510742188,CYCLIC_500,2.61336135864,-84.0642547607,42.0321273804,42.0321273804,-1.72853400771e-15,1.93893877852e-15,-2.12094354459e-15,-0.00170056172647,0.000850280863233,0.000850280863233,-6.10207703142e-19,8.81225349678e-19,-8.28267741135e-20,24.4981994629,0,0.0068027973175,0.00466156005859,-0.0023307800293,-0.0023307800293,-2.37246100089e-15,-1.46929437454e-15,-5.6124809603e-16,2.38651409745e-07,-1.19325704873e-07,-1.19325704873e-07,-9.42658224928e-20,-8.77724579154e-21,-1.59718139591e-20,0.0597038269043,0,316.200775146,-5.3290705182e-15,0,-9.92569640032e-15,-9.18122357875e-16,2.06036637119e-15,-0.0501098632812,6.66133814775e-16,5.3290705182e-15,-3.2528373604e-15,-1.13670388448e-14,-1.0629951277e-15,-0.00194843753707,1264.80310059
375,374.990264893,-0.00973510742188,CYCLIC_500,2.62016320229,-84.0596008301,42.029800415,42.029800415,2.01816325238e-15,1.71179072067e-15,-1.91812229533e-15,-0.00170032319147,0.000850161595736,0.000850161595736,-5.98117272649e-19,8.56701014867e-19,-9.41047064503e-20,24.5578765869,0,0.00680184364319,0.00465393066406,-0.00232696533203,-0.00232696533203,3.74669726009e-15,-2.27148057842e-16,2.02821249263e-16,2.38534994423e-07,-1.19267497212e-07,-1.19267497212e-07,1.20904304934e-20,-2.45243348115e-20,-1.12779323367e-20,0.0596771240234,0,316.150695801,-1.55431223448e-15,-3.5527136788e-15,-4.47719934522e-15,1.06804742777e-15,5.22481425867e-15,-0.0500793457031,3.77475828373e-15,-3.5527136788e-15,5.4484970551e-15,1.98616978564e-15,3.16444788748e-15,-0.00194843753707,1264.6027832
376,375.990264893,-0.00973510742188,CYCLIC_500,2.62696385384,-84.05493927,42.027469635,42.027469635,-2.57537346749e-16,1.98649499335e-15,-1.79595277045e-15,-0.00170008488931,0.000850042444654,0.000850042444654,-6.63063965904e-19,8.46956617225e-19,-9.1499833922e-20,24.6175231934,0,0.00680065155029,0.00466156005859,-0.0023307800293,-0.0023307800293,-2.27570059913e-15,2.74704272679e-16,1.22169524882e-16,2.3830216378e-07,-1.1915108189e-07,-1.1915108189e-07,-6.49466932554e-20,-9.7443976422e-21,2.60487252829e-21,0.0596466064453,0,316.100616455,-1.7763568394e-15,-8.881784197e-16,-1.79179497572e-14,-9.89048182362e-15,5.36693019103e-16,-0.0500793457031,-2.22044604925e-16,2.6645352591e-15,-1.34407504119e-14,-1.09585292514e-14,-4.68812123957e-15,-0.00194843753707,1264.40246582
377,376.990264893,-0.00973510742188,CYCLIC_500,2.63376379013,-84.0502853394,42.0251426697,42.0251426697,1.25952137616e-15,2.38985295634e-15,-1.55189620038e-15,-0.00169984658714,0.000849923293572,0.000849923293572,-6.16142110114e-19,9.0171198166e-19,-7.9841830673e-20,24.6771411896,0,0.00679993629456,0.00465393066406,-0.00232696533203,-0.00232696533203,1.51705872291e-15,4.03357962985e-16,2.44056570067e-16,2.3830216378e-07,-1.1915108189e-07,-1.1915108189e-07,4.692185579e-20,5.47553644352e-20,1.1658003249e-20,0.0596179962158,0,316.050598145,6.2172489379e-15,0,3.05245997738e-15,-1.8843095474e-15,5.83696793096e-15,-0.0500183105469,7.9936057773e-15,8.881784197e-16,2.09704097346e-14,8.00617227622e-15,5.30027491186e-15,-0.00194843753707,1264.20239258
378,377.990264893,-0.00973510742188,CYCLIC_500,2.64056277275,-84.0456237793,42.0228118896,42.0228118896,-1.30596062586e-15,3.71823474283e-15,-1.9006705099e-15,-0.00169960851781,0.000849804258905,0.000849804258905,-6.69180326761e-19,9.44127401093e-19,-8.79909822312e-20,24.7367324829,0,0.00679898262024,0.00466156005859,-0.0023307800293,-0.0023307800293,-2.56548200202e-15,1.3283817865e-15,-3.48774309522e-16,2.38069333136e-07,-1.19034666568e-07,-1.19034666568e-07,-5.30382166473e-20,4.24154194337e-20,-8.14915155812e-21,0.059591293335,0,316.000579834,-8.65973959208e-15,-8.881784197e-16,-8.95347058056e-16,8.80364996042e-15,6.07584323275e-15,-0.0500183105469,-1.487698853e-14,-8.881784197e-16,-3.94780703544e-15,1.06879595078e-14,2.38875301788e-16,-0.00194843753707,1264.00231934
379,378.990264893,-0.00973510742188,CYCLIC_500,2.64736056328,-84.0409698486,42.0204849243,42.0204849243,6.9551139231e-16,9.88621882839e-16,-1.96263005513e-15,-0.00169937044848,0.000849685224239,0.000849685224239,-6.69908156843e-19,9.10768919512e-19,-8.90599499986e-20,24.7962932587,0,0.00679779052734,0.00465393066406,-0.00232696533203,-0.00232696533203,2.00147201817e-15,-2.72961285999e-15,-6.19595452299e-17,2.38069333136e-07,-1.19034666568e-07,-1.19034666568e-07,-7.27830081754e-22,-3.33584815819e-20,-1.06896776742e-21,0.0595607757568,0,315.950622559,6.66133814775e-16,-1.7763568394e-15,6.66654348285e-15,2.26688439753e-15,4.30727042761e-15,-0.0499572753906,9.32587340685e-15,-8.881784197e-16,7.56189054091e-15,-6.53676556289e-15,-1.76857280514e-15,-0.00194843753707,1263.80249023
380,379.990264893,-0.00973510742188,CYCLIC_500,2.65415763855,-84.0363082886,42.0181541443,42.0181541443,-6.25396678384e-16,9.92336195105e-16,-1.93407327568e-15,-0.00169913261198,0.000849566305988,0.000849566305988,-6.95384877039e-19,8.96806834555e-19,-1.08723928647e-19,24.8558273315,0,0.00679707527161,0.00466156005859,-0.0023307800293,-0.0023307800293,-1.32090807069e-15,3.7143122656e-18,2.85567794482e-17,2.37836502492e-07,-1.18918251246e-07,-1.18918251246e-07,-2.54767201958e-20,-1.39620849569e-20,-1.9663978648e-20,0.059534072876,0,315.900665283,-4.88498130835e-15,-1.7763568394e-15,-3.87572467721e-15,-2.55428693299e-15,5.54250799783e-15,-0.0499572753906,-5.55111512313e-15,0,-1.05422681601e-14,-4.82117133052e-15,1.23523757022e-15,-0.00194843753707,1263.60266113
381,380.990264893,-0.00973510742188,CYCLIC_500,2.66095376015,-84.0316543579,42.015827179,42.015827179,7.78128127249e-16,6.89457460893e-16,-1.43588415886e-15,-0.00169889489189,0.000849447445944,0.000849447445944,-6.7368104717e-19,8.85647011331e-19,-1.02282803473e-19,24.9153308868,0,0.00679612159729,0.00465393066406,-0.00232696533203,-0.00232696533203,1.40352480563e-15,-3.02878734211e-16,4.9818911682e-16,2.37720087171e-07,-1.18860043585e-07,-1.18860043585e-07,2.17038298685e-20,-1.11598232237e-20,6.44112517324e-21,0.0595035552979,0,315.850738525,2.22044604925e-16,-3.5527136788e-15,-1.34962518752e-14,-8.76030140822e-15,2.51800609608e-15,-0.0499267578125,5.10702591328e-15,-1.7763568394e-15,-9.62052719803e-15,-6.20601447522e-15,-3.02450190175e-15,-0.00194843753707,1263.4029541
382,381.990264893,-0.00973510742188,CYCLIC_500,2.66774892807,-84.0269927979,42.0134963989,42.0134963989,-2.58306696849e-15,1.48733620114e-15,-1.99261403216e-15,-0.00169865728822,0.000849328644108,0.000849328644108,-8.33721589291e-19,8.40245697684e-19,-1.07121688282e-19,24.9748058319,0,0.00679516792297,0.00466156005859,-0.0023307800293,-0.0023307800293,-3.36119509574e-15,7.97878740242e-16,-5.56729873293e-16,2.37603671849e-07,-1.18801835924e-07,-1.18801835924e-07,-1.60040542121e-19,-4.54013136472e-20,-4.83888480855e-21,0.0594749450684,0,315.800842285,-3.77475828373e-15,-5.3290705182e-15,1.47039099336e-14,-1.31507225192e-15,4.62519680801e-15,-0.0498962402344,-3.99680288865e-15,-1.7763568394e-15,2.82001618088e-14,7.4452291563e-15,2.10719071193e-15,-0.00194843753707,1263.20336914
383,382.990264893,-0.00973510742188,CYCLIC_500,2.6745429039,-84.0223388672,42.0111694336,42.0111694336,-3.07394840916e-16,-3.76420382969e-17,-1.99190866878e-15,-0.00169841991737,0.000849209958687,0.000849209958687,-7.76561632626e-19,7.81848743303e-19,-1.03026603028e-19,25.0342540741,0,0.00679397583008,0.00465393066406,-0.00232696533203,-0.00232696533203,2.27567212757e-15,-1.52497823943e-15,7.05363378104e-19,2.37370841205e-07,-1.18685420603e-07,-1.18685420603e-07,5.71599566655e-20,-5.83969543805e-20,4.09508525383e-21,0.0594482421875,0,315.750976562,-5.3290705182e-15,-1.7763568394e-15,-1.15177099125e-14,5.34325577897e-15,4.52810083727e-15,-0.0498657226562,-1.55431223448e-15,3.5527136788e-15,-2.6221619846e-14,6.65832803088e-15,-9.70959707333e-17,-0.00194843753707,1263.00390625
384,383.990264893,-0.00973510742188,CYCLIC_500,2.68133616447,-84.0176773071,42.0088386536,42.0088386536,4.58010545739e-15,3.10865039941e-15,-1.47372653896e-15,-0.00169818254653,0.000849091273267,0.000849091273267,-6.9298768339e-19,8.10847201113e-19,-9.13301827327e-20,25.0936717987,0,0.00679326057434,0.00466156005859,-0.0023307800293,-0.0023307800293,4.88750029831e-15,3.14629243771e-15,5.18182129818e-16,2.37370841205e-07,-1.18685420603e-07,-1.18685420603e-07,8.35739492356e-20,2.89984578096e-20,1.16964202954e-20,0.0594177246094,0,315.701141357,-8.881784197e-15,-4.4408920985e-15,4.14858834068e-16,-1.8211457976e-15,3.98130638118e-15,-0.0498352050781,-3.5527136788e-15,-2.6645352591e-15,1.19325687465e-14,-7.16440157657e-15,-5.46794456099e-16,-0.00194843753707,1262.80456543
385,384.990264893,-0.00973510742188,CYCLIC_500,2.68812847137,-84.0130233765,42.0065116882,42.0065116882,1.82009490103e-15,2.70839809265e-15,-1.48720268922e-15,-0.00169794540852,0.000848972704262,0.000848972704262,-6.87430399691e-19,8.71056789328e-19,-7.93904437058e-20,25.1530628204,0,0.00679230690002,0.00465393066406,-0.00232696533203,-0.00232696533203,-2.76001055637e-15,-4.00252306758e-16,-1.34761502614e-17,2.37138010561e-07,-1.18569005281e-07,-1.18569005281e-07,5.55728369847e-21,6.02095882148e-20,1.19397390269e-20,0.0593910217285,0,315.65133667,1.55431223448e-15,-1.7763568394e-15,-1.01292596728e-14,-5.51830014031e-15,4.29314464113e-15,-0.0498046875,1.04360964315e-14,2.6645352591e-15,-1.05441185068e-14,-3.69715434271e-15,3.11838259952e-16,-0.00194843753707,1262.60534668
386,385.990264893,-0.00973510742188,CYCLIC_500,2.6949198246,-84.0083694458,42.0041847229,42.0041847229,2.02901575945e-16,2.44104058671e-15,-1.5711138394e-15,-0.00169770827051,0.000848854135256,0.000848854135256,-7.78880922663e-19,9.03763142394e-19,-8.62490794075e-20,25.2124252319,0,0.00679135322571,0.00465393066406,-0.00232696533203,-0.00232696533203,-1.61719332508e-15,-2.67357505941e-16,-8.39111501749e-17,2.37138010561e-07,-1.18569005281e-07,-1.18569005281e-07,-9.14505229715e-20,3.27063530665e-20,-6.85863570169e-21,0.059362411499,0,315.6015625,8.881784197e-16,3.5527136788e-15,1.17714180383e-14,-7.87504583452e-16,7.06867544505e-15,-0.0497741699219,-6.66133814775e-16,5.3290705182e-15,2.19006777111e-14,4.73079555685e-15,2.77553080392e-15,-0.00194843753707,1262.40625
387,386.990264893,-0.00973510742188,CYCLIC_500,2.70170998573,-84.0037078857,42.0018539429,42.0018539429,-3.92858023457e-16,1.19811444548e-15,-2.28521526729e-15,-0.00169747136533,0.000848735682666,0.000848735682666,-8.21390865253e-19,8.89421901149e-19,-1.00754461983e-19,25.2717590332,0,0.00679016113281,0.00466156005859,-0.0023307800293,-0.0023307800293,-5.95759599402e-16,-1.24292614122e-15,-7.1410142789e-16,2.36905179918e-07,-1.18452589959e-07,-1.18452589959e-07,-4.25099425901e-20,-1.43412412448e-20,-1.45053825752e-20,0.0593338012695,0,315.55178833,-7.77156117238e-15,-5.3290705182e-15,1.15190543126e-14,-8.71357880615e-17,6.33321476949e-15,-0.0497741699219,-8.65973959208e-15,-8.881784197e-15,-2.52363725756e-16,7.00368795391e-16,-7.35460675564e-16,-0.00194843753707,1262.20715332
388,387.990264893,-0.00973510742188,CYCLIC_500,2.70849943161,-83.9990539551,41.9995269775,41.9995269775,2.66151924609e-15,1.64826089713e-15,-1.72988290768e-15,-0.00169723457657,0.000848617288284,0.000848617288284,-7.85496176827e-19,8.6720013727e-19,-9.97108224816e-20,25.3310642242,0,0.00678944587708,0.00465393066406,-0.00232696533203,-0.00232696533203,3.05437726955e-15,4.50146451644e-16,5.5533235961e-16,2.36788764596e-07,-1.18394382298e-07,-1.18394382298e-07,3.58946884258e-20,-2.22217638795e-20,1.04363950111e-21,0.05930519104,0,315.502075195,9.99200722163e-15,1.42108547152e-14,4.42937341656e-15,1.35465955961e-14,2.28211997398e-15,-0.0497131347656,1.7763568394e-14,1.95399252334e-14,-7.089680896e-15,1.36337313842e-14,-4.05109479551e-15,-0.00194843753707,1262.00830078
389,388.990264893,-0.00973510742188,CYCLIC_500,2.71528792381,-83.9944000244,41.9972000122,41.9972000122,1.8842141437e-15,1.91618145168e-15,-2.1054738022e-15,-0.00169699790422,0.000848498952109,0.000848498952109,-7.59689208003e-19,8.60420367969e-19,-1.17399589954e-19,25.3903408051,0,0.00678849220276,0.00465393066406,-0.00232696533203,-0.00232696533203,-7.77305102392e-16,2.67920554549e-16,-3.75590894522e-16,2.36672349274e-07,-1.18336174637e-07,-1.18336174637e-07,2.58069688241e-20,-6.77976930114e-21,-1.76887674726e-20,0.0592765808105,0,315.452362061,5.55111512313e-15,1.7763568394e-15,-1.23661477168e-14,-2.72516545395e-16,3.78835614369e-15,-0.0497131347656,-4.4408920985e-15,-1.24344978758e-14,-1.67955211334e-14,-1.38191121415e-14,1.50623616971e-15,-0.00194843753707,1261.80944824
390,389.990264893,-0.00973510742188,CYCLIC_500,2.72207546234,-83.9897460938,41.9948730469,41.9948730469,1.30349444311e-15,2.20961232911e-15,-1.69319158445e-15,-0.00169676134828,0.000848380674142,0.000848380674142,-7.18539389447e-19,8.45720827969e-19,-1.23504827494e-19,25.4495887756,0,0.00678753852844,0.00465393066406,-0.00232696533203,-0.00232696533203,-5.80719700588e-16,2.93430877432e-16,4.12282217745e-16,2.36555933952e-07,-1.18277966976e-07,-1.18277966976e-07,4.11498185562e-20,-1.46995399999e-20,-6.10523753991e-21,0.0592479705811,0,315.402709961,-2.88657986403e-15,-3.5527136788e-15,-4.97568397862e-15,-6.95856808376e-15,3.07278391091e-15,-0.0496520996094,-8.43769498715e-15,-5.3290705182e-15,7.39046373817e-15,-6.68605153836e-15,-7.15572232774e-16,-0.00194843753707,1261.61083984
391,390.990264893,-0.00973510742188,CYCLIC_500,2.7288620472,-83.9850845337,41.9925422668,41.9925422668,1.24338275816e-15,3.66659349985e-15,-1.75829640786e-15,-0.00169652502518,0.000848262512591,0.000848262512591,-6.76513657708e-19,8.73324180244e-19,-1.26219539753e-19,25.508808136,0,0.00678658485413,0.00466156005859,-0.0023307800293,-0.0023307800293,-6.01116849528e-17,1.45698117074e-15,-6.51048234085e-17,2.36323103309e-07,-1.18161551654e-07,-1.18161551654e-07,4.2025731739e-20,2.76033522752e-20,-2.71471225855e-21,0.0592193603516,0,315.353057861,-8.43769498715e-15,-8.881784197e-15,-1.13887612429e-15,-5.48286782568e-16,2.39958250617e-15,-0.0496520996094,-5.55111512313e-15,-5.3290705182e-15,3.83680785433e-15,6.41028130119e-15,-6.73201404747e-16,-0.00194843753707,1261.41223145
392,391.990264893,-0.00973510742188,CYCLIC_500,2.73564767838,-83.980430603,41.9902153015,41.9902153015,4.24078118675e-15,2.62079730997e-15,-1.5583601189e-15,-0.00169628870208,0.000848144351039,0.000848144351039,-6.23500421269e-19,9.07977322269e-19,-1.14903048198e-19,25.5679988861,0,0.00678563117981,0.00465393066406,-0.00232696533203,-0.00232696533203,2.99739842859e-15,-1.04579618988e-15,1.99936288959e-16,2.36323103309e-07,-1.18161551654e-07,-1.18161551654e-07,5.3013236439e-20,3.46531420252e-20,1.13164915549e-20,0.0591907501221,0,315.303436279,-5.3290705182e-15,-6.2172489379e-15,-7.92378675728e-15,-3.27696440569e-15,4.13762370432e-15,-0.0496215820312,3.10862446895e-15,2.6645352591e-15,-6.78491063299e-15,-2.72867762312e-15,1.73804119815e-15,-0.00194843753707,1261.21374512
393,392.990264893,-0.00973510742188,CYCLIC_500,2.74243235588,-83.9757766724,41.9878883362,41.9878883362,-2.1400110677e-15,9.96977803307e-16,-1.80855332687e-15,-0.00169605261181,0.000848026305903,0.000848026305903,-6.63222002638e-19,8.82589987259e-19,-1.03754984833e-19,25.6271629333,0,0.00678467750549,0.00465393066406,-0.00232696533203,-0.00232696533203,-6.38079225445e-15,-1.62381950666e-15,-2.50193207964e-16,2.36090272665e-07,-1.18045136333e-07,-1.18045136333e-07,-3.97215813687e-20,-2.53873350103e-20,1.1148063365e-20,0.0591640472412,0,315.253845215,-8.881784197e-16,1.7763568394e-15,2.04603399801e-15,-6.70578101358e-15,3.00382243235e-15,-0.0495910644531,4.4408920985e-15,7.9936057773e-15,9.96982075529e-15,-3.42881660789e-15,-1.13380127197e-15,-0.00194843753707,1261.01538086
394,393.990264893,-0.00973510742188,CYCLIC_500,2.74921607971,-83.9711227417,41.9855613708,41.9855613708,1.32659276688e-15,2.69863616036e-15,-1.49545791699e-15,-0.00169581663795,0.000847908318974,0.000847908318974,-6.73572196987e-19,8.77001539288e-19,-9.48588556581e-20,25.6862983704,0,0.00678372383118,0.00465393066406,-0.00232696533203,-0.00232696533203,3.46660383458e-15,1.70165835705e-15,3.13095409874e-16,2.35973857343e-07,-1.17986928672e-07,-1.17986928672e-07,-1.03501943498e-20,-5.58844797038e-21,8.89612917469e-21,0.0591354370117,0,315.204284668,3.33066907388e-15,2.6645352591e-15,-1.66095751006e-14,-4.81530466928e-15,-1.26388390686e-15,-0.049560546875,4.21884749358e-15,8.881784197e-16,-1.86556090987e-14,1.8904763443e-15,-4.26770633921e-15,-0.00194843753707,1260.81713867
395,394.990264893,-0.00973510742188,CYCLIC_500,2.75599884987,-83.966468811,41.9832344055,41.9832344055,-1.24390396797e-15,1.78769881074e-15,-1.87099567343e-15,-0.00169558078051,0.000847790390253,0.000847790390253,-7.31229965324e-19,9.18892734624e-19,-8.90426507964e-20,25.7454051971,0,0.00678277015686,0.00465393066406,-0.00232696533203,-0.00232696533203,-2.57049673485e-15,-9.10937349614e-16,-3.7553775644e-16,2.35857442021e-07,-1.17928721011e-07,-1.17928721011e-07,-5.76577683368e-20,4.1891195336e-20,5.81620486171e-21,0.0591068267822,0,315.154754639,0,-1.7763568394e-15,-1.08232305901e-14,-4.36463041354e-15,4.64654725117e-15,-0.0495300292969,-3.33066907388e-15,-4.4408920985e-15,5.78634451056e-15,4.5067425574e-16,5.91043115803e-15,-0.00194843753707,1260.61901855
396,395.990264893,-0.00973510742188,CYCLIC_500,2.76278066635,-83.9618148804,41.9809074402,41.9809074402,-3.17770352628e-16,3.63314340114e-15,-1.22302376706e-15,-0.00169534503948,0.00084767251974,0.00084767251974,-7.85141574838e-19,9.5675950241e-19,-6.7292548392e-20,25.8044834137,0,0.00678181648254,0.00465393066406,-0.00232696533203,-0.00232696533203,9.26133615342e-16,1.8454445904e-15,6.47971906374e-16,2.357410267e-07,-1.1787051335e-07,-1.1787051335e-07,-5.39116095142e-20,3.78667677855e-20,2.17501024044e-20,0.0590782165527,0,315.105255127,-6.66133814775e-16,0,2.78573259778e-15,-5.15382969816e-15,5.25502501553e-15,-0.0494995117188,-6.66133814775e-16,1.7763568394e-15,1.36089631879e-14,-7.89199284621e-16,6.08477764363e-16,-0.00194843753707,1260.42102051
397,396.990264893,-0.00973510742188,CYCLIC_500,2.76956176758,-83.9571609497,41.9785804749,41.9785804749,1.23329337029e-15,2.34443577101e-15,-2.08267382427e-15,-0.00169510941487,0.000847554707434,0.000847554707434,-7.68888903981e-19,9.49350620147e-19,-6.8389523978e-20,25.86353302,0,0.00678110122681,0.00465393066406,-0.00232696533203,-0.00232696533203,1.55106372292e-15,-1.28870763013e-15,-8.59650057215e-16,2.35624611378e-07,-1.17812305689e-07,-1.17812305689e-07,1.62526708576e-20,-7.40888226323e-21,-1.09697558598e-21,0.0590496063232,0,315.055786133,-3.10862446895e-15,2.6645352591e-15,-7.58333272998e-15,-2.19242712844e-14,4.97043248023e-15,-0.0494689941406,-2.44249065418e-15,2.6645352591e-15,-1.03690653278e-14,-1.67704415863e-14,-2.84592535305e-16,-0.00194843753707,1260.22314453
398,397.990264893,-0.00973510742188,CYCLIC_500,2.77634167671,-83.952507019,41.9762535095,41.9762535095,1.94814188082e-15,1.71490055582e-15,-1.73833735859e-15,-0.00169487390667,0.000847436953336,0.000847436953336,-7.95194329903e-19,9.6215144369e-19,-8.51512342317e-20,25.9225559235,0,0.00677990913391,0.00465393066406,-0.00232696533203,-0.00232696533203,7.14848510536e-16,-6.2953521519e-16,3.44336465684e-16,2.35508196056e-07,-1.17754098028e-07,-1.17754098028e-07,-2.63054259226e-20,1.28008235432e-20,-1.67617102537e-20,0.0590229034424,0,315.006347656,2.88657986403e-15,6.2172489379e-15,-2.26501904052e-15,1.10359755938e-14,5.14676986383e-15,-0.0494384765625,5.99520433298e-15,3.5527136788e-15,5.31831368946e-15,3.29602468783e-14,1.76337383602e-16,-0.00194843753707,1260.02539062
399,398.990264893,-0.00973510742188,CYCLIC_500,2.78312063217,-83.9478530884,41.9739265442,41.9739265442,2.43947949837e-15,1.67283541073e-15,-1.80592607882e-15,-0.00169463863131,0.000847319315653,0.000847319315653,-7.72875804673e-19,9.45237532405e-19,-9.45178104648e-20,25.9815483093,0,0.00677895545959,0.00465393066406,-0.00232696533203,-0.00232696533203,4.91337617547e-16,-4.20651450858e-17,-6.75887202294e-17,2.35275365412e-07,-1.17637682706e-07,-1.17637682706e-07,2.231852523e-20,-1.69139112845e-20,-9.36657623312e-21,0.0589923858643,0,314.95690918,5.10702591328e-15,5.3290705182e-15,-5.99004944928e-15,-5.35355445553e-15,5.28299499636e-15,-0.0494384765625,2.22044604925e-15,-8.881784197e-16,-3.72503040876e-15,-1.63895300493e-14,1.36225132533e-16,-0.00194843753707,1259.82763672
400,399.990264893,-0.00973510742188,CYCLIC_500,2.78989863396,-83.9431991577,41.9715995789,41.9715995789,1.9186329834e-15,2.04482166887e-15,-1.29483413341e-15,-0.00169440335594,0.000847201677971,0.000847201677971,-7.13210976284e-19,9.25525566377e-19,-7.47539340059e-20,26.0405139923,0,0.00677800178528,0.00465393066406,-0.00232696533203,-0.00232696533203,-5.20846514967e-16,3.71986258134e-16,5.11091945407e-16,2.35275365412e-07,-1.17637682706e-07,-1.17637682706e-07,5.96648283891e-20,-1.97119660287e-20,1.97638764589e-20,0.0589656829834,0,314.907531738,-1.11022302463e-15,-1.7763568394e-15,8.29965782615e-15,-1.16446550579e-15,4.19410539649e-15,-0.0493774414062,-6.2172489379e-15,-7.1054273576e-15,1.42897072754e-14,4.18908894974e-15,-1.08888959988e-15,-0.00194843753707,1259.63012695
401,400.990264893,-0.00973510742188,CYCLIC_500,2.79667592049,-83.9385452271,41.9692726135,41.9692726135,-1.29041087111e-15,1.32314742015e-15,-1.99026019377e-15,-0.00169416831341,0.000847084156703,0.000847084156703,-8.56164585008e-19,8.80358054845e-19,-9.77428923535e-20,26.0994529724,0,0.00677728652954,0.00465393066406,-0.00232696533203,-0.00232696533203,-3.20904385452e-15,-7.21674248717e-16,-6.95426060358e-16,2.35042534769e-07,-1.17521267384e-07,-1.17521267384e-07,-1.42953608724e-19,-4.51675115317e-20,-2.29889583476e-20,0.0589389801025,0,314.858154297,-6.43929354283e-15,-6.2172489379e-15,5.85228509906e-15,-8.62427792908e-15,7.6254994727e-15,-0.0493774414062,-5.3290705182e-15,-4.4408920985e-15,-2.44737272709e-15,-7.45981242329e-15,3.43139407621e-15,-0.00194843753707,1259.43261719
402,401.990264893,-0.00973510742188,CYCLIC_500,2.80345201492,-83.9338912964,41.9669456482,41.9669456482,1.81027641083e-15,1.97970356259e-15,-1.63375643398e-15,-0.00169393338729,0.000846966693643,0.000846966693643,-7.78442100117e-19,8.8793576354e-19,-6.91922559104e-20,26.1583614349,0,0.00677609443665,0.00465393066406,-0.00232696533203,-0.00232696533203,3.10068728194e-15,6.56556142442e-16,3.5650375979e-16,2.34926119447e-07,-1.17463059723e-07,-1.17463059723e-07,7.77224848915e-20,7.57770869534e-21,2.85506364431e-20,0.0589084625244,0,314.808807373,-4.88498130835e-15,8.881784197e-16,-3.0085219829e-15,2.10273853925e-15,1.75636186237e-15,-0.0493469238281,1.55431223448e-15,7.1054273576e-15,-8.86080708196e-15,1.07270164683e-14,-5.86913761033e-15,-0.00194843753707,1259.23522949
403,402.990264893,-0.00973510742188,CYCLIC_500,2.8102273941,-83.9292373657,41.9646186829,41.9646186829,-6.2986972703e-16,2.53230449241e-15,-1.93658265049e-15,-0.00169369857758,0.000846849288791,0.000846849288791,-8.43400735792e-19,8.76208308624e-19,-7.64858108997e-20,26.2172431946,0,0.00677537918091,0.00465393066406,-0.00232696533203,-0.00232696533203,-2.44014613786e-15,5.52600929818e-16,-3.02826216514e-16,2.34809704125e-07,-1.17404852062e-07,-1.17404852062e-07,-6.49586356755e-20,-1.17274549165e-20,-7.29355498931e-21,0.0588817596436,0,314.759490967,3.33066907388e-15,1.7763568394e-15,1.65240251436e-14,2.9068364452e-15,8.1767895694e-15,-0.04931640625,8.21565038223e-15,8.881784197e-16,1.95325471264e-14,8.04097905949e-16,6.42042770703e-15,-0.00194843753707,1259.03796387
404,403.990264893,-0.00973510742188,CYCLIC_500,2.81700158119,-83.9245910645,41.9622955322,41.9622955322,-2.87848654362e-15,1.70599756787e-15,-2.15301249404e-15,-0.00169346388429,0.000846731942147,0.000846731942147,-8.76778610882e-19,8.24942239197e-19,-8.31881890333e-20,26.276096344,0,0.00677418708801,0.00464630126953,-0.00232315063477,-0.00232315063477,-2.24861681659e-15,-8.26306924538e-16,-2.16429843548e-16,2.34693288803e-07,-1.17346644402e-07,-1.17346644402e-07,-3.33778750899e-20,-5.12660694266e-20,-6.70237813359e-21,0.0588531494141,0,314.710205078,1.02140518266e-14,1.06581410364e-14,1.15125958849e-14,2.69635299297e-15,5.88152967919e-15,-0.0492858886719,6.88338275268e-15,8.881784197e-15,-5.01142925869e-15,-2.10483452228e-16,-2.29525989021e-15,-0.00194843753707,1258.84082031
405,404.990264893,-0.00973510742188,CYCLIC_500,2.82377505302,-83.9199371338,41.9599685669,41.9599685669,1.179094678e-16,2.47044256938e-15,-2.04196984459e-15,-0.00169322930742,0.00084661465371,0.00084661465371,-8.14458541612e-19,8.86030910377e-19,-6.14233335921e-20,26.3349208832,0,0.00677347183228,0.00465393066406,-0.00232696533203,-0.00232696533203,2.99639601142e-15,7.64445001509e-16,1.11042649451e-16,2.34576873481e-07,-1.17288436741e-07,-1.17288436741e-07,6.23200692697e-20,6.10886711796e-20,2.17648554413e-20,0.0588245391846,0,314.660949707,-6.66133814775e-16,4.4408920985e-15,-9.10737326423e-15,-1.02589919007e-14,3.39188153439e-15,-0.0492553710938,-1.08801856413e-14,-6.2172489379e-15,-2.06199691491e-14,-1.29553448937e-14,-2.4896481448e-15,-0.00194843753707,1258.64379883
406,405.990264893,-0.00973510742188,CYCLIC_500,2.83054757118,-83.9152832031,41.9576416016,41.9576416016,1.5946712269e-15,1.81126270981e-15,-2.06943751255e-15,-0.00169299484696,0.000846497423481,0.000846497423481,-7.96214171705e-19,8.81782644037e-19,-6.92352386061e-20,26.3937168121,0,0.00677251815796,0.00465393066406,-0.00232696533203,-0.00232696533203,1.4767617591e-15,-6.59179859567e-16,-2.74676679588e-17,2.34460458159e-07,-1.1723022908e-07,-1.1723022908e-07,1.82443699075e-20,-4.24826634013e-21,-7.81190501406e-21,0.0587959289551,0,314.611724854,6.66133814775e-16,-2.6645352591e-15,-1.39316567739e-14,-4.77937625804e-16,5.63725739448e-15,-0.0492248535156,1.33226762955e-15,-7.1054273576e-15,-4.82428350969e-15,9.78105427492e-15,2.24537586009e-15,-0.00194843753707,1258.44689941
407,406.990264893,-0.00973510742188,CYCLIC_500,2.83731913567,-83.9106292725,41.9553146362,41.9553146362,3.56979149753e-15,8.79238590784e-16,-1.7867387233e-15,-0.00169276050292,0.00084638025146,0.00084638025146,-6.41150617003e-19,8.53181143256e-19,-5.51458001467e-20,26.4524860382,0,0.00677156448364,0.00465393066406,-0.00232696533203,-0.00232696533203,1.97512027062e-15,-9.32024119031e-16,2.82698789252e-16,2.34344042838e-07,-1.17172021419e-07,-1.17172021419e-07,1.55063554702e-19,-2.86015007806e-20,1.40894384594e-20,0.0587692260742,0,314.562530518,-3.10862446895e-15,-4.4408920985e-15,1.43975854578e-16,-8.4459120273e-15,4.33617585045e-15,-0.0491943359375,-3.77475828373e-15,-1.7763568394e-15,1.40756326285e-14,-7.9679744015e-15,-1.30108154403e-15,-0.00194843753707,1258.25012207
408,407.990264893,-0.00973510742188,CYCLIC_500,2.84408950806,-83.9059753418,41.9529876709,41.9529876709,1.23757374665e-15,3.0120176432e-15,-1.95676858383e-15,-0.00169252639171,0.000846263195854,0.000846263195854,-6.03474877855e-19,8.54591832037e-19,-5.07818278794e-20,26.5112266541,0,0.00677037239075,0.00465393066406,-0.00232696533203,-0.00232696533203,-2.33221775088e-15,2.13277905242e-15,-1.7002986053e-16,2.34111212194e-07,-1.17055606097e-07,-1.17055606097e-07,3.76757391472e-20,1.41068878102e-21,4.36397226728e-21,0.0587406158447,0,314.513366699,2.22044604925e-16,-2.6645352591e-15,-6.48547081449e-16,-6.98910781697e-15,4.28115963116e-15,-0.0491638183594,3.33066907388e-15,1.7763568394e-15,-7.92522936027e-16,1.45680421034e-15,-5.50162192923e-17,-0.00194843753707,1258.0534668
409,408.990264893,-0.00973510742188,CYCLIC_500,2.85085916519,-83.9013290405,41.9506645203,41.9506645203,2.32765052772e-15,1.81429937897e-15,-1.68572452911e-15,-0.00169229239691,0.000846146198455,0.000846146198455,-5.89795247613e-19,8.36012169537e-19,-4.26401173117e-20,26.569940567,0,0.00676965713501,0.00464630126953,-0.00232315063477,-0.00232315063477,1.09007678107e-15,-1.19771826423e-15,2.71044054717e-16,2.33994796872e-07,-1.16997398436e-07,-1.16997398436e-07,1.36796302427e-20,-1.85796624999e-20,8.14171056768e-21,0.0587139129639,0,314.464202881,2.22044604925e-16,-2.6645352591e-15,-1.9093881495e-14,-1.25352746927e-14,-4.42631889664e-17,-0.0491638183594,0,0,-1.84453344136e-14,-5.54616687576e-15,-4.32542282013e-15,-0.00194843753707,1257.85681152
410,409.990264893,-0.00973510742188,CYCLIC_500,2.85762786865,-83.8966751099,41.9483375549,41.9483375549,3.66252264627e-15,1.51926685509e-15,-1.57561606601e-15,-0.00169205851853,0.000846029259264,0.000846029259264,-6.04521902718e-19,7.70431293708e-19,-4.12254114743e-20,26.6286258698,0,0.00676870346069,0.00465393066406,-0.00232696533203,-0.00232696533203,1.33487211855e-15,-2.95032523884e-16,1.101084631e-16,2.3387838155e-07,-1.16939190775e-07,-1.16939190775e-07,-1.47266551056e-20,-6.55808758289e-20,1.41470583746e-21,0.0586853027344,0,314.415100098,-1.11022302463e-15,-7.1054273576e-15,9.8639601922e-15,-1.69198570865e-14,5.21744661059e-15,-0.0491027832031,-1.33226762955e-15,-4.4408920985e-15,2.89578416872e-14,-4.38458239372e-15,5.26170979955e-15,-0.00194843753707,1257.66040039
411,410.990264893,-0.00973510742188,CYCLIC_500,2.86439561844,-83.8920211792,41.9460105896,41.9460105896,5.21958490556e-16,1.23520964461e-15,-2.15690871325e-15,-0.00169182464015,0.000845912320074,0.000845912320074,-6.08857880092e-19,7.97984941638e-19,-3.94629533335e-20,26.6872825623,0,0.00676774978638,0.00465393066406,-0.00232696533203,-0.00232696533203,-3.14056415571e-15,-2.84057210482e-16,-5.8129264724e-16,2.3387838155e-07,-1.16939190775e-07,-1.16939190775e-07,-4.33597737343e-21,2.75536479293e-20,1.76245814075e-21,0.0586566925049,0,314.365997314,-1.55431223448e-14,-1.15463194561e-14,-9.83587677513e-15,8.55224894055e-16,6.1214379178e-15,-0.0491027832031,-1.44328993201e-14,-4.4408920985e-15,-1.96998369673e-14,1.77750819805e-14,9.03991307216e-16,-0.00194843753707,1257.46398926
412,411.990264893,-0.00973510742188,CYCLIC_500,2.87116265297,-83.8873748779,41.943687439,41.943687439,-1.52476828776e-15,2.25052584357e-15,-1.84673174464e-15,-0.0016915909946,0.000845795497298,0.000845795497298,-6.57862678446e-19,7.90812022338e-19,-5.35577309045e-20,26.7459106445,0,0.00676703453064,0.00464630126953,-0.00232315063477,-0.00232315063477,-2.04672677831e-15,1.01531619896e-15,3.10176968608e-16,2.33645550907e-07,-1.16822775453e-07,-1.16822775453e-07,-4.90047983544e-20,-7.17291929997e-21,-1.4094777571e-20,0.0586280822754,0,314.316925049,-5.10702591328e-15,-1.7763568394e-15,-1.28232344884e-14,-6.7815707159e-15,1.80486908014e-15,-0.049072265625,1.04360964315e-14,9.7699626167e-15,-2.98735771327e-15,-7.63679560996e-15,-4.31656883767e-15,-0.00194843753707,1257.2677002
413,412.990264893,-0.00973510742188,CYCLIC_500,2.87792849541,-83.8827209473,41.9413604736,41.9413604736,1.21817718185e-15,1.19685193791e-15,-1.5369366725e-15,-0.00169135758188,0.000845678790938,0.000845678790938,-6.68651045876e-19,7.6712343075e-19,-4.46663705392e-20,26.8045120239,0,0.00676584243774,0.00465393066406,-0.00232696533203,-0.00232696533203,2.7429454696e-15,-1.05367390565e-15,3.0979507214e-16,2.33412720263e-07,-1.16706360132e-07,-1.16706360132e-07,-1.07883674299e-20,-2.36885915871e-20,8.89136036536e-21,0.0586013793945,0,314.267883301,1.08801856413e-14,2.6645352591e-15,-2.55865513484e-15,-7.44890557046e-15,5.01218598998e-15,-0.0490417480469,1.59872115546e-14,4.4408920985e-15,1.02645793536e-14,-6.67334854555e-16,3.20731690985e-15,-0.00194843753707,1257.0715332
414,413.990264893,-0.00973510742188,CYCLIC_500,2.88469338417,-83.878074646,41.939037323,41.939037323,-1.4623016591e-15,2.15683435219e-15,-1.89501322482e-15,-0.00169112416916,0.000845562084578,0.000845562084578,-6.53700103655e-19,7.49568910895e-19,-2.46307559594e-20,26.8630847931,0,0.00676488876343,0.00464630126953,-0.00232315063477,-0.00232315063477,-2.68047884095e-15,9.59982414281e-16,-3.58076552321e-16,2.33412720263e-07,-1.16706360132e-07,-1.16706360132e-07,1.49509422207e-20,-1.75545198559e-20,2.00356145798e-20,0.058572769165,0,314.21887207,-7.54951656745e-15,-3.5527136788e-15,9.18793336016e-15,-9.79554216468e-15,2.41704589032e-15,-0.0490112304688,-1.84297022088e-14,-6.2172489379e-15,1.1746588495e-14,-2.34663659422e-15,-2.59514009966e-15,-0.00194843753707,1256.87548828
415,414.990264893,-0.00973510742188,CYCLIC_500,2.89145731926,-83.8734207153,41.9367103577,41.9367103577,-6.43595872779e-16,2.78709401796e-15,-1.75793473307e-15,-0.00169089087285,0.000845445436426,0.000845445436426,-6.32222947124e-19,7.59916651975e-19,-1.78838556775e-20,26.9216308594,0,0.00676393508911,0.00465393066406,-0.00232696533203,-0.00232696533203,8.1870578632e-16,6.30259665761e-16,1.37078491758e-16,2.33296304941e-07,-1.16648152471e-07,-1.16648152471e-07,2.14771565312e-20,1.03477410807e-20,6.74690028188e-21,0.0585460662842,0,314.169891357,-7.9936057773e-15,-8.881784197e-16,1.33339084818e-14,7.51354898094e-15,6.54374485485e-15,-0.0489807128906,-4.4408920985e-16,2.6645352591e-15,4.14597512161e-15,1.73090911456e-14,4.12669896453e-15,-0.00194843753707,1256.67956543
416,415.990264893,-0.00973510742188,CYCLIC_500,2.89822053909,-83.8687744141,41.934387207,41.934387207,-2.50644463278e-15,3.58637199541e-15,-1.65582310471e-15,-0.00169065780938,0.000845328904688,0.000845328904688,-7.56885944606e-19,8.11801443614e-19,-1.09094533127e-20,26.9801483154,0,0.00676321983337,0.00464630126953,-0.00232315063477,-0.00232315063477,-1.86284876e-15,7.99277977459e-16,1.02111628354e-16,2.33063474298e-07,-1.16531737149e-07,-1.16531737149e-07,-1.24662997482e-19,5.18847916391e-20,6.97440236482e-21,0.0585174560547,0,314.120941162,-8.881784197e-15,-1.15463194561e-14,-1.45366656207e-15,-1.09444804183e-15,3.92054922403e-15,-0.0489501953125,-8.881784197e-16,-1.06581410364e-14,-1.47875750439e-14,-8.60799702278e-15,-2.62319563082e-15,-0.00194843753707,1256.48376465
417,416.990264893,-0.00973510742188,CYCLIC_500,2.90498280525,-83.8641204834,41.9320602417,41.9320602417,-1.15257626017e-16,2.68870391488e-15,-2.09991959106e-15,-0.0016904247459,0.000845212372951,0.000845212372951,-7.93070811868e-19,7.9096325341e-19,-2.45836000002e-20,27.0386371613,0,0.00676226615906,0.00465393066406,-0.00232696533203,-0.00232696533203,2.39118700676e-15,-8.97668080533e-16,-4.44096486351e-16,2.33063474298e-07,-1.16531737149e-07,-1.16531737149e-07,-3.61848672621e-20,-2.08381902042e-20,-1.36741466875e-20,0.0584888458252,0,314.072021484,3.10862446895e-15,-8.881784197e-16,-1.16258955016e-14,-1.12914043083e-14,3.0679157214e-15,-0.0489196777344,1.1990408666e-14,1.06581410364e-14,-1.01722289395e-14,-1.01969562665e-14,-8.52633502632e-16,-0.00194843753707,1256.28808594
418,417.990264893,-0.00973510742188,CYCLIC_500,2.91174387932,-83.8594741821,41.9297370911,41.9297370911,2.82327935252e-15,2.07949548534e-15,-1.71292837857e-15,-0.00169019191526,0.000845095957629,0.000845095957629,-6.810043017e-19,8.30474481295e-19,-2.12129757231e-20,27.0970993042,0,0.00676107406616,0.00464630126953,-0.00232315063477,-0.00232315063477,2.93853697854e-15,-6.09208429542e-16,3.86991212496e-16,2.32830643654e-07,-1.16415321827e-07,-1.16415321827e-07,1.12066510168e-19,3.95112278849e-20,3.37062427709e-21,0.0584621429443,0,314.023101807,4.21884749358e-15,7.1054273576e-15,8.94960347811e-16,7.66919345552e-15,5.16592818738e-15,-0.0489196777344,1.11022302463e-15,7.9936057773e-15,1.25208558494e-14,1.89605977638e-14,2.09801246598e-15,-0.00194843753707,1256.09240723
419,418.990264893,-0.00973510742188,CYCLIC_500,2.91850423813,-83.8548202515,41.9274101257,41.9274101257,-9.01312142003e-17,1.06987934827e-15,-1.48313378283e-15,-0.00168995920103,0.000844979600515,0.000844979600515,-5.75824768065e-19,7.47680346888e-19,3.42598550044e-21,27.1555328369,0,0.00676035881042,0.00465393066406,-0.00232696533203,-0.00232696533203,-2.91341056672e-15,-1.00961613707e-15,2.29794595742e-16,2.32714228332e-07,-1.16357114166e-07,-1.16357114166e-07,1.05179533635e-19,-8.27941344067e-20,2.46389612235e-20,0.0584335327148,0,313.974243164,1.99840144433e-15,-4.4408920985e-15,-3.51593176607e-15,-1.29496872695e-14,6.1030585734e-15,-0.0488586425781,-2.22044604925e-15,-1.15463194561e-14,-4.41089211388e-15,-2.0618880725e-14,9.37130386016e-16,-0.00194843753707,1255.89697266
420,419.990264893,-0.00973510742188,CYCLIC_500,2.92526364326,-83.8501739502,41.9250869751,41.9250869751,-3.38905052198e-16,2.52265008284e-15,-1.81924010085e-15,-0.00168972660322,0.000844863301609,0.000844863301609,-4.87518474924e-19,7.82803300037e-19,1.81383340771e-20,27.2139396667,0,0.00675940513611,0.00464630126953,-0.00232315063477,-0.00232315063477,-2.48773837998e-16,1.45277073457e-15,-3.36106318028e-16,2.3259781301e-07,-1.16298906505e-07,-1.16298906505e-07,8.83062931409e-20,3.51229531481e-20,1.47123485767e-20,0.058406829834,0,313.925384521,-8.43769498715e-15,-6.2172489379e-15,-1.03022646964e-14,-9.4515958867e-15,3.24755001531e-15,-0.0488586425781,-1.04360964315e-14,-1.7763568394e-15,-6.78633293035e-15,3.49809138277e-15,-2.85550855809e-15,-0.00194843753707,1255.70153809
421,420.990264893,-0.00973510742188,CYCLIC_500,2.93202209473,-83.8455276489,41.9227638245,41.9227638245,-2.33850060453e-15,2.61964827504e-15,-1.92905892004e-15,-0.00168949412182,0.00084474706091,0.00084474706091,-4.91669341555e-19,8.31488136206e-19,5.2837147135e-21,27.2723178864,0,0.00675845146179,0.00464630126953,-0.00232315063477,-0.00232315063477,-1.99959555233e-15,9.69981921946e-17,-1.09818819191e-16,2.32481397688e-07,-1.16240698844e-07,-1.16240698844e-07,-4.1508666308e-21,4.86848361693e-20,-1.28546193636e-20,0.0583782196045,0,313.876586914,-1.08801856413e-14,-8.881784197e-16,5.53483358816e-15,-5.26234719185e-15,3.04074054864e-15,-0.0487976074219,-2.44249065418e-15,5.3290705182e-15,1.58370982846e-14,4.18924869486e-15,-2.06809466672e-16,-0.00194843753707,1255.50634766
422,421.990264893,-0.00973510742188,CYCLIC_500,2.93877959251,-83.8408737183,41.9204368591,41.9204368591,1.50609736549e-15,1.57076886703e-15,-2.3162166897e-15,-0.00168926175684,0.000844630878419,0.000844630878419,-5.62472919449e-19,8.0487091166e-19,-5.83012713335e-21,27.3306674957,0,0.00675749778748,0.00465393066406,-0.00232696533203,-0.00232696533203,3.84459797002e-15,-1.04887940801e-15,-3.87157769655e-16,2.32364982367e-07,-1.16182491183e-07,-1.16182491183e-07,-7.08035778943e-20,-2.66172245459e-20,-1.11138418468e-20,0.058349609375,0,313.827789307,6.43929354283e-15,-4.4408920985e-15,-1.25149459417e-15,3.72799587111e-15,1.35548332033e-15,-0.0487976074219,1.73194791842e-14,-3.5527136788e-15,-6.78632818233e-15,8.99034306296e-15,-1.68525722831e-15,-0.00194843753707,1255.31115723
423,422.990264893,-0.00973510742188,CYCLIC_500,2.94553613663,-83.836227417,41.9181137085,41.9181137085,-2.47303283129e-15,-2.43923260812e-16,-2.15442366251e-15,-0.00168902950827,0.000844514754135,0.000844514754135,-7.15528994854e-19,7.77952189676e-19,-2.1226894814e-20,27.3889904022,0,0.00675654411316,0.00464630126953,-0.00232315063477,-0.00232315063477,-3.97913019678e-15,-1.81469212784e-15,1.61793027187e-16,2.32248567045e-07,-1.16124283522e-07,-1.16124283522e-07,-1.53056075405e-19,-2.69187219837e-20,-1.53967676807e-20,0.0583229064941,0,313.779022217,-3.5527136788e-15,0,8.00279068494e-15,4.20393436681e-17,6.51080750224e-15,-0.0487670898438,-9.99200722163e-15,4.4408920985e-15,9.25428527911e-15,-3.68595652744e-15,5.15532418191e-15,-0.00194843753707,1255.11608887
424,423.990264893,-0.00973510742188,CYCLIC_500,2.95229172707,-83.8315811157,41.9157905579,41.9157905579,-3.03434968505e-16,8.9723992523e-16,-2.24893812663e-15,-0.00168879749253,0.000844398746267,0.000844398746267,-7.36816972595e-19,7.18009576226e-19,-3.14807436251e-20,27.4472866058,0,0.00675559043884,0.00464630126953,-0.00232315063477,-0.00232315063477,2.16959786278e-15,1.14116318604e-15,-9.45144641186e-17,2.32015736401e-07,-1.16007868201e-07,-1.16007868201e-07,-2.12879777402e-20,-5.99426134507e-20,-1.02538488111e-20,0.0582962036133,0,313.730285645,-6.66133814775e-16,0,3.87756719887e-15,-3.32492830808e-15,4.83200257387e-15,-0.0487365722656,2.88657986403e-15,0,-4.12522348608e-15,-3.36696765174e-15,-1.67880492837e-15,-0.00194843753707,1254.92114258
425,424.990264893,-0.00973510742188,CYCLIC_500,2.95904660225,-83.8269271851,41.9134635925,41.9134635925,1.47822127763e-15,2.74763496826e-15,-1.341211151e-15,-0.0016885654768,0.000844282738399,0.000844282738399,-7.3703742269e-19,7.73054995905e-19,-1.50944839063e-20,27.5055541992,0,0.00675487518311,0.00465393066406,-0.00232696533203,-0.00232696533203,1.78165624613e-15,1.85039504303e-15,9.0772697563e-16,2.32015736401e-07,-1.16007868201e-07,-1.16007868201e-07,-2.20450095594e-22,5.50454196791e-20,1.63862597188e-20,0.0582675933838,0,313.68157959,-3.33066907388e-15,-3.5527136788e-15,-5.29466848681e-16,-6.32473413665e-15,8.75275540345e-15,-0.0487060546875,-2.6645352591e-15,-3.5527136788e-15,-4.40703404755e-15,-2.99980582858e-15,3.92075282957e-15,-0.00194843753707,1254.72631836
426,425.990264893,-0.00973510742188,CYCLIC_500,2.96580028534,-83.8222808838,41.9111404419,41.9111404419,-6.37970988365e-16,1.22479558462e-15,-1.90937548901e-15,-0.00168833369389,0.000844166846946,0.000844166846946,-7.75513421922e-19,7.70651528931e-19,-2.59261385701e-20,27.5637931824,0,0.00675368309021,0.00464630126953,-0.00232315063477,-0.00232315063477,-2.11619226599e-15,-1.52283938363e-15,-5.68164338006e-16,2.31782905757e-07,-1.15891452879e-07,-1.15891452879e-07,-3.84759992313e-20,-2.40346697383e-21,-1.08316546638e-20,0.0582389831543,0,313.632873535,-3.5527136788e-15,-6.2172489379e-15,-9.86978703772e-15,-9.3101574649e-15,1.81388231802e-15,-0.0487060546875,-2.22044604925e-16,-2.6645352591e-15,-9.34032018904e-15,-2.98542332825e-15,-6.93887308543e-15,-0.00194843753707,1254.53149414
427,426.990264893,-0.00973510742188,CYCLIC_500,2.97255325317,-83.8176345825,41.9088172913,41.9088172913,-8.27605068704e-16,1.97082958221e-15,-1.9185436479e-15,-0.0016881020274,0.000844051013701,0.000844051013701,-8.65026335701e-19,7.53400157037e-19,-4.57785629365e-20,27.6220054626,0,0.00675296783447,0.00464630126953,-0.00232315063477,-0.00232315063477,-1.89634080338e-16,7.46033997593e-16,-9.16815888963e-18,2.31666490436e-07,-1.15833245218e-07,-1.15833245218e-07,-8.95129137789e-20,-1.72513718939e-20,-1.98524243664e-20,0.0582122802734,0,313.584228516,-8.43769498715e-15,-9.7699626167e-15,-2.86288226444e-15,-8.09263047928e-15,3.96894306181e-15,-0.0486450195312,-4.88498130835e-15,-3.5527136788e-15,7.00690477328e-15,1.21752698563e-15,2.15506074379e-15,-0.00194843753707,1254.33691406
428,427.990264893,-0.00973510742188,CYCLIC_500,2.97930502892,-83.8129882812,41.9064941406,41.9064941406,-1.05398281625e-15,1.01924459219e-15,-2.1303170703e-15,-0.00168787036091,0.000843935180455,0.000843935180455,-9.07263415317e-19,7.61937445124e-19,-5.9466916138e-20,27.68019104,0,0.00675177574158,0.00464630126953,-0.00232315063477,-0.00232315063477,-2.2637774755e-16,-9.51584990026e-16,-2.11773422402e-16,2.31666490436e-07,-1.15833245218e-07,-1.15833245218e-07,-4.22370796167e-20,8.53728808715e-21,-1.36883532015e-20,0.0581855773926,0,313.535583496,-5.10702591328e-15,8.881784197e-16,3.06636753046e-15,4.99638133457e-16,5.23089319245e-15,-0.0486450195312,3.33066907388e-15,1.06581410364e-14,5.9292497949e-15,8.59226861274e-15,1.26195013064e-15,-0.00194843753707,1254.14233398
429,428.990264893,-0.00973510742188,CYCLIC_500,2.9860560894,-83.80834198,41.90417099,41.90417099,-1.59806694559e-15,4.71279715228e-16,-2.4473680254e-15,-0.00168763892725,0.000843819463626,0.000843819463626,-9.07371609572e-19,7.58655062197e-19,-6.66433729679e-20,27.7383460999,0,0.00675106048584,0.00464630126953,-0.00232315063477,-0.00232315063477,-5.44084129339e-16,-5.47964876961e-16,-3.17050955097e-16,2.31433659792e-07,-1.15716829896e-07,-1.15716829896e-07,-1.0819425477e-22,-3.28238292732e-21,-7.17645682995e-21,0.0581550598145,0,313.486999512,-1.7763568394e-15,-2.6645352591e-15,1.58345465449e-14,-1.16310513994e-14,7.02299744637e-15,-0.048583984375,3.33066907388e-15,-3.5527136788e-15,1.27681790144e-14,-1.21306895329e-14,1.79210425392e-15,-0.00194843753707,1253.94799805
430,429.990264893,-0.00973510742188,CYCLIC_500,2.99280619621,-83.8036880493,41.9018440247,41.9018440247,-3.68521791471e-15,1.01646721748e-15,-1.94590476093e-15,-0.00168740761001,0.000843703805003,0.000843703805003,-9.7039289051e-19,8.01394818422e-19,-6.91566715941e-20,27.7964763641,0,0.00675010681152,0.00465393066406,-0.00232696533203,-0.00232696533203,-2.08715096912e-15,5.45187502249e-16,5.01463264465e-16,2.3131724447e-07,-1.15658622235e-07,-1.15658622235e-07,-6.30212809378e-20,4.27397562248e-20,-2.51329862616e-21,0.0581302642822,0,313.438415527,-1.33226762955e-15,-2.6645352591e-15,1.1947234404e-14,3.24195248411e-15,6.79616173192e-15,-0.048583984375,4.4408920985e-16,0,-3.88731214087e-15,1.48730038835e-14,-2.26835714442e-16,-0.00194843753707,1253.75366211
431,430.990264893,-0.00973510742188,CYCLIC_500,2.99955534935,-83.799041748,41.899520874,41.899520874,4.35004679789e-15,2.5202511507e-15,-1.59137415446e-15,-0.00168717640918,0.000843588204589,0.000843588204589,-8.2707813263e-19,8.64417747662e-19,-5.57877771203e-20,27.8545780182,0,0.00674915313721,0.00464630126953,-0.00232315063477,-0.00232315063477,8.0352647126e-15,1.50378393323e-15,3.54530606466e-16,2.31200829148e-07,-1.15600414574e-07,-1.15600414574e-07,1.4331475788e-19,6.30229292406e-20,1.33688944737e-20,0.0581016540527,0,313.389862061,-1.7763568394e-15,8.881784197e-16,-1.00320262991e-14,-1.48583078536e-16,2.01972502232e-15,-0.0485534667969,-4.4408920985e-16,3.5527136788e-15,-2.19792607031e-14,-3.39053556264e-15,-4.77643670961e-15,-0.00194843753707,1253.55944824
432,431.990264893,-0.00973510742188,CYCLIC_500,3.00630354881,-83.7943954468,41.8971977234,41.8971977234,-2.17269562564e-16,1.41815651894e-15,-1.93664039515e-15,-0.00168694544118,0.000843472720589,0.000843472720589,-8.02739488557e-19,8.04784997967e-19,-5.82112058849e-20,27.9126529694,0,0.00674819946289,0.00464630126953,-0.00232315063477,-0.00232315063477,-4.56731636045e-15,-1.10209463177e-15,-3.45266240681e-16,2.30967998505e-07,-1.15483999252e-07,-1.15483999252e-07,2.43386440731e-20,-5.96327496949e-20,-2.42342876456e-21,0.0580749511719,0,313.341339111,-6.2172489379e-15,-3.5527136788e-15,-1.26853518977e-15,-6.34920306562e-15,3.12099983207e-15,-0.0485229492188,-4.4408920985e-15,-4.4408920985e-15,8.7634911093e-15,-6.20061998708e-15,1.10127480975e-15,-0.00194843753707,1253.36535645
433,432.990264893,-0.00973510742188,CYCLIC_500,3.01305103302,-83.7897491455,41.8948745728,41.8948745728,5.09348699159e-15,2.55816954674e-15,-1.38767985991e-15,-0.00168671447318,0.00084335723659,0.00084335723659,-6.01425571815e-19,8.68049099228e-19,-3.20291716414e-20,27.9706993103,0,0.00674748420715,0.00464630126953,-0.00232315063477,-0.00232315063477,5.31075655415e-15,1.1400130278e-15,5.48960535239e-16,2.30967998505e-07,-1.15483999252e-07,-1.15483999252e-07,2.01313916742e-19,6.32641012607e-20,2.61820342435e-20,0.0580463409424,0,313.29284668,5.3290705182e-15,5.3290705182e-15,-4.22071594238e-15,9.00100360787e-15,3.11617301482e-15,-0.0484924316406,1.15463194561e-14,8.881784197e-15,-2.95218075261e-15,1.53502066735e-14,-4.82681724993e-18,-0.00194843753707,1253.17138672
434,433.990264893,-0.00973510742188,CYCLIC_500,3.01979732513,-83.7851028442,41.8925514221,41.8925514221,-9.78107689334e-16,2.76568850938e-15,-1.81199657949e-15,-0.0016864836216,0.000843241810799,0.000843241810799,-6.11792093288e-19,8.9887520571e-19,-2.56448559644e-20,28.028717041,0,0.00674629211426,0.00464630126953,-0.00232315063477,-0.00232315063477,-6.07159468092e-15,2.07518962644e-16,-4.24316719585e-16,2.30851583183e-07,-1.15425791591e-07,-1.15425791591e-07,-1.03665214734e-20,3.08261064815e-20,6.384315677e-21,0.0580177307129,0,313.244384766,-1.7763568394e-15,1.7763568394e-15,-5.57345095843e-15,-1.06748047156e-14,2.59796609274e-15,-0.0484619140625,-7.1054273576e-15,-3.5527136788e-15,-1.35273501605e-15,-1.96758083234e-14,-5.18206922075e-16,-0.00194843753707,1252.97753906
435,434.990264893,-0.00973510742188,CYCLIC_500,3.02654290199,-83.780456543,41.8902282715,41.8902282715,2.2934460618e-16,3.49946225431e-15,-1.79956979304e-15,-0.00168625300284,0.000843126501422,0.000843126501422,-5.86528187923e-19,9.39872558506e-19,-3.66758086492e-20,28.0867099762,0,0.00674557685852,0.00464630126953,-0.00232315063477,-0.00232315063477,1.20745229551e-15,7.33773744929e-16,1.24267864548e-17,2.30618752539e-07,-1.1530937627e-07,-1.1530937627e-07,2.5263905365e-20,4.09973527963e-20,-1.10309526848e-20,0.0579929351807,0,313.195953369,1.33226762955e-15,-8.881784197e-16,-3.85216359552e-15,8.13979259963e-15,2.90898424944e-15,-0.0484313964844,3.10862446895e-15,-2.6645352591e-15,1.72128736291e-15,1.88145973152e-14,3.11018156697e-16,-0.00194843753707,1252.78381348
436,435.990264893,-0.00973510742188,CYCLIC_500,3.03328728676,-83.7758102417,41.8879051208,41.8879051208,-1.69502179766e-15,1.76545913849e-15,-2.3487206493e-15,-0.00168602250051,0.000843011250254,0.000843011250254,-6.09624010898e-19,9.29665582724e-19,-4.80162222027e-20,28.1446743011,0,0.00674438476562,0.00464630126953,-0.00232315063477,-0.00232315063477,-1.92436640384e-15,-1.73400311581e-15,-5.49150856263e-16,2.30502337217e-07,-1.15251168609e-07,-1.15251168609e-07,-2.30958229742e-20,-1.02069757816e-20,-1.13404135536e-20,0.0579643249512,0,313.147521973,3.5527136788e-15,8.881784197e-16,1.46933005415e-15,1.66015328934e-15,5.52766131021e-15,-0.0484313964844,2.22044604925e-15,1.7763568394e-15,5.32149364967e-15,-6.47963931029e-15,2.61867706077e-15,-0.00194843753707,1252.59008789
437,436.990264893,-0.00973510742188,CYCLIC_500,3.04003095627,-83.7711639404,41.8855819702,41.8855819702,-2.79773110734e-15,3.68712652603e-15,-2.24104958968e-15,-0.00168579199817,0.000842895999085,0.000842895999085,-6.85739888089e-19,9.44019909619e-19,-4.65613149028e-20,28.2026100159,0,0.00674366950989,0.00464630126953,-0.00232315063477,-0.00232315063477,-1.10270930968e-15,1.92166738753e-15,1.0767105962e-16,2.30502337217e-07,-1.15251168609e-07,-1.15251168609e-07,-7.61158771909e-20,1.43543268947e-20,1.4549072999e-21,0.0579357147217,0,313.099151611,5.3290705182e-15,1.7763568394e-15,-1.09801353438e-15,8.81247307911e-15,7.13126959167e-15,-0.0483703613281,1.7763568394e-15,8.881784197e-16,-2.56734358853e-15,7.15231978978e-15,1.60360828146e-15,-0.00194843753707,1252.39660645
438,437.990264893,-0.00973510742188,CYCLIC_500,3.0467736721,-83.7665176392,41.8832588196,41.8832588196,1.51701152399e-17,2.44659450234e-15,-1.89327804805e-15,-0.00168556172866,0.000842780864332,0.000842780864332,-6.63521571266e-19,9.58449375048e-19,-4.08211725902e-20,28.2605190277,0,0.00674271583557,0.00464630126953,-0.00232315063477,-0.00232315063477,2.81290122258e-15,-1.24053202369e-15,3.47771541627e-16,2.30269506574e-07,-1.15134753287e-07,-1.15134753287e-07,2.22183168224e-20,1.4429465429e-20,5.74014231263e-21,0.0579090118408,0,313.05078125,-6.88338275268e-15,8.881784197e-16,-2.51924867398e-15,-3.81477209699e-15,4.77586657702e-15,-0.0483703613281,-1.22124532709e-14,-8.881784197e-16,-1.4212351396e-15,-1.26272451761e-14,-2.35540301464e-15,-0.00194843753707,1252.203125
439,438.990264893,-0.00973510742188,CYCLIC_500,3.05351543427,-83.7618713379,41.8809356689,41.8809356689,-4.58954763806e-16,2.61737430094e-15,-1.5716508467e-15,-0.00168533157557,0.000842665787786,0.000842665787786,-6.49957424807e-19,1.01124246028e-18,-3.04517075171e-20,28.3184013367,0,0.00674176216125,0.00464630126953,-0.00232315063477,-0.00232315063477,-4.74124879046e-16,1.70779798603e-16,3.21627201348e-16,2.30153091252e-07,-1.15076545626e-07,-1.15076545626e-07,1.35641464587e-20,5.27930852271e-20,1.03694650731e-20,0.05788230896,0,313.002441406,-4.4408920985e-15,-6.2172489379e-15,-1.62852103451e-14,-7.53252494756e-15,5.04205205406e-15,-0.04833984375,2.44249065418e-15,-7.1054273576e-15,-1.37659616711e-14,-3.71775285057e-15,2.6618547704e-16,-0.00194843753707,1252.00976562
440,439.990264893,-0.00973510742188,CYCLIC_500,3.06025648117,-83.757232666,41.878616333,41.878616333,-1.11408264771e-15,1.57710371395e-15,-2.00954643915e-15,-0.0016851015389,0.000842550769448,0.000842550769448,-7.40556061608e-19,9.85008497426e-19,-3.93781560116e-20,28.3762550354,0,0.00674104690552,0.004638671875,-0.0023193359375,-0.0023193359375,-6.55127883903e-16,-1.04027058699e-15,-4.37895592443e-16,2.3003667593e-07,-1.15018337965e-07,-1.15018337965e-07,-9.05986368005e-20,-2.62339628491e-20,-8.92644849453e-21,0.0578536987305,0,312.95413208,-2.22044604925e-15,-2.6645352591e-15,-1.18907991001e-14,-1.15678326107e-15,4.33752220932e-15,-0.0483093261719,2.22044604925e-15,3.5527136788e-15,4.39441124493e-15,6.3757416865e-15,-7.04529844744e-16,-0.00194843753707,1251.81652832
441,440.990264893,-0.00973510742188,CYCLIC_500,3.06699633598,-83.7525863647,41.8762931824,41.8762931824,-2.17593233044e-15,-5.26887792175e-16,-2.3352844378e-15,-0.00168487161864,0.000842435809318,0.000842435809318,-7.74884467388e-19,9.49363241113e-19,-4.36790492948e-20,28.4340820312,0,0.00673985481262,0.00464630126953,-0.00232315063477,-0.00232315063477,-1.06184968273e-15,-2.10399150612e-15,-3.25737998652e-16,2.29920260608e-07,-1.14960130304e-07,-1.14960130304e-07,-3.43284057801e-20,-3.56452563126e-20,-4.30089328323e-21,0.0578269958496,0,312.905853271,1.11022302463e-15,-4.4408920985e-15,-4.03646372079e-15,-1.02018397026e-14,3.9633107824e-15,-0.0482788085938,3.33066907388e-15,-1.7763568394e-15,7.85433537934e-15,-9.0450564415e-15,-3.74211426921e-16,-0.00194843753707,1251.62341309
442,441.990264893,-0.00973510742188,CYCLIC_500,3.07373523712,-83.7479400635,41.8739700317,41.8739700317,-2.49187518963e-15,2.17031861296e-15,-2.12500962286e-15,-0.00168464193121,0.000842320965603,0.000842320965603,-8.86464369174e-19,9.37043413403e-19,-5.28466629432e-20,28.4918823242,0,0.00673890113831,0.00464630126953,-0.00232315063477,-0.00232315063477,-3.15942859192e-16,2.69720640514e-15,2.10274814944e-16,2.29687429965e-07,-1.14843714982e-07,-1.14843714982e-07,-1.11579901786e-19,-1.23198277106e-20,-9.16761364836e-21,0.0578002929688,0,312.85760498,-1.99840144433e-15,-1.7763568394e-15,9.42989365024e-15,-4.32063311351e-15,4.60616096509e-15,-0.0482482910156,-3.10862446895e-15,2.6645352591e-15,1.3466357371e-14,5.88120658906e-15,6.42850182692e-16,-0.00194843753707,1251.43041992
443,442.990264893,-0.00973510742188,CYCLIC_500,3.080473423,-83.7432937622,41.8716468811,41.8716468811,-1.62984044846e-15,2.4341227826e-15,-1.83001765791e-15,-0.00168441224378,0.000842206121888,0.000842206121888,-8.88396044315e-19,9.44715208238e-19,-5.10170557505e-20,28.549654007,0,0.00673818588257,0.00464630126953,-0.00232315063477,-0.00232315063477,8.62034741166e-16,2.6380416964e-16,2.94991964944e-16,2.29687429965e-07,-1.14843714982e-07,-1.14843714982e-07,-1.93167514105e-21,7.67179483546e-21,1.82960719269e-21,0.0577716827393,0,312.809387207,6.88338275268e-15,4.4408920985e-15,-1.40833165408e-14,-3.06282476222e-15,1.81348891092e-15,-0.0482177734375,8.881784197e-15,6.2172489379e-15,-2.35132101911e-14,1.25780835129e-15,-2.79267205417e-15,-0.00194843753707,1251.23754883
444,443.990264893,-0.00973510742188,CYCLIC_500,3.08721065521,-83.7386474609,41.8693237305,41.8693237305,-1.2818661384e-15,2.30121113046e-15,-1.92608834386e-15,-0.00168418267276,0.000842091336381,0.000842091336381,-9.42059996236e-19,9.6479136315e-19,-4.6301069665e-20,28.6073989868,0,0.00673723220825,0.00464630126953,-0.00232315063477,-0.00232315063477,3.47974310065e-16,-1.3291165214e-16,-9.60706859475e-17,2.29571014643e-07,-1.14785507321e-07,-1.14785507321e-07,-5.36639519216e-20,2.00761549116e-20,4.71598608554e-21,0.0577449798584,0,312.761169434,-1.1768364061e-14,-6.2172489379e-15,1.81171993886e-15,-1.99844532063e-14,3.12975693513e-15,-0.0482177734375,-1.86517468137e-14,-1.06581410364e-14,1.58950364797e-14,-1.69216284441e-14,1.31626802421e-15,-0.00194843753707,1251.04467773
445,444.990264893,-0.00973510742188,CYCLIC_500,3.09394693375,-83.7340087891,41.8670043945,41.8670043945,1.32245384627e-15,9.93358365349e-16,-1.80805534677e-15,-0.00168395333458,0.000841976667289,0.000841976667289,-8.17447825328e-19,9.73487102571e-19,-4.27175972356e-20,28.6651172638,0,0.00673627853394,0.004638671875,-0.0023193359375,-0.0023193359375,2.60431998467e-15,-1.30785276511e-15,1.18032997091e-16,2.29338183999e-07,-1.14669092e-07,-1.14669092e-07,1.24612170909e-19,8.69573942064e-21,3.58347242938e-21,0.0577182769775,0,312.713012695,-3.33066907388e-15,-4.4408920985e-15,-1.99513129099e-14,-2.37109543819e-14,1.13129452263e-15,-0.0481567382812,8.43769498715e-15,1.7763568394e-15,-2.17630328488e-14,-3.72650117559e-15,-1.9984624125e-15,-0.00194843753707,1250.85205078
446,445.990264893,-0.00973510742188,CYCLIC_500,3.10068225861,-83.7293624878,41.8646812439,41.8646812439,8.80943845123e-16,3.17439172672e-15,-2.0628456267e-15,-0.00168372399639,0.000841861998197,0.000841861998197,-8.92276004448e-19,9.9484181032e-19,-5.24916376705e-20,28.7228069305,0,0.00673532485962,0.00464630126953,-0.00232315063477,-0.00232315063477,-4.41510001143e-16,2.18103336137e-15,-2.54790279935e-16,2.29338183999e-07,-1.14669092e-07,-1.14669092e-07,-7.48281791204e-20,2.13547077492e-20,-9.77404043493e-21,0.057689666748,0,312.664855957,-5.3290705182e-15,-3.5527136788e-15,-1.29306226489e-14,4.72472886866e-15,1.42741092299e-15,-0.0481567382812,-1.99840144433e-15,8.881784197e-16,7.02069026097e-15,2.84356832506e-14,2.96116400355e-16,-0.00194843753707,1250.65942383
447,446.990264893,-0.00973510742188,CYCLIC_500,3.10741662979,-83.7247161865,41.8623580933,41.8623580933,2.14668136448e-15,2.31052720248e-15,-1.81297596216e-15,-0.00168349489104,0.00084174744552,0.00084174744552,-8.33852886442e-19,1.0286213545e-18,-4.3396295697e-20,28.7804698944,0,0.0067343711853,0.00464630126953,-0.00232315063477,-0.00232315063477,1.26573751935e-15,-8.63864524238e-16,2.49869664539e-16,2.29105353355e-07,-1.14552676678e-07,-1.14552676678e-07,5.84231180064e-20,3.37795441806e-20,9.09534197351e-21,0.0576629638672,0,312.616729736,-3.77475828373e-15,-4.4408920985e-15,5.5483613396e-16,-5.70053363754e-15,4.67019147444e-15,-0.0481262207031,1.55431223448e-15,-8.881784197e-16,1.34854587829e-14,-1.04252625062e-14,3.24278055146e-15,-0.00194843753707,1250.46691895
448,447.990264893,-0.00973510742188,CYCLIC_500,3.11415028572,-83.7200775146,41.8600387573,41.8600387573,-1.47326291415e-15,-7.28340427273e-16,-1.83216589477e-15,-0.0016832659021,0.000841632951051,0.000841632951051,-8.26536620134e-19,9.52153067672e-19,-4.62613197591e-20,28.8381061554,0,0.00673365592957,0.004638671875,-0.0023193359375,-0.0023193359375,-3.61994427863e-15,-3.03886762975e-15,-1.91899326026e-17,2.28988938034e-07,-1.14494469017e-07,-1.14494469017e-07,7.3162663074e-21,-7.6468286828e-20,-2.86502406211e-21,0.0576362609863,0,312.568634033,-2.22044604925e-16,-1.7763568394e-15,5.27370441805e-15,1.0119770098e-14,4.9277605353e-15,-0.048095703125,3.5527136788e-15,2.6645352591e-15,4.71886828409e-15,1.58203037355e-14,2.57569060854e-16,-0.00194843753707,1250.27453613
449,448.990264893,-0.00973510742188,CYCLIC_500,3.12088274956,-83.7154312134,41.8577156067,41.8577156067,1.90990557902e-15,1.06401197752e-15,-1.69850973375e-15,-0.00168303702958,0.00084151851479,0.00084151851479,-7.67981375373e-19,8.72781647505e-19,-4.16673848192e-20,28.8957157135,0,0.00673246383667,0.00464630126953,-0.00232315063477,-0.00232315063477,3.38316849317e-15,1.79235240479e-15,1.33656161014e-16,2.28872522712e-07,-1.14436261356e-07,-1.14436261356e-07,5.85552447612e-20,-7.93714201673e-20,4.59393493992e-21,0.0576095581055,0,312.520568848,-7.32747196253e-15,-1.7763568394e-15,-7.98718929097e-16,-8.39666083998e-15,4.64745814246e-15,-0.0480651855469,-7.1054273576e-15,0,-6.07242334715e-15,-1.8516430938e-14,-2.80302392837e-16,-0.00194843753707,1250.08227539
450,449.990264893,-0.00973510742188,CYCLIC_500,3.12761449814,-83.7107849121,41.8553924561,41.8553924561,4.2837204533e-16,3.11500672986e-15,-2.13376495575e-15,-0.00168280827347,0.000841404136736,0.000841404136736,-7.45123412062e-19,8.62045443345e-19,-4.41601662965e-20,28.9532966614,0,0.00673174858093,0.00464630126953,-0.00232315063477,-0.00232315063477,-1.48153353369e-15,2.05099475234e-15,-4.35255222002e-16,2.2875610739e-07,-1.14378053695e-07,-1.14378053695e-07,2.28579633116e-20,-1.07362041603e-20,-2.49278147735e-21,0.057580947876,0,312.47253418,-9.10382880193e-15,-6.2172489379e-15,-4.32012609811e-15,-1.19174287771e-14,4.46861841177e-15,-0.0480346679688,-1.7763568394e-15,-4.4408920985e-15,-3.52140716902e-15,-3.52076793707e-15,-1.78839730687e-16,-0.00194843753707,1249.89013672
451,450.990264893,-0.00973510742188,CYCLIC_500,3.13434529305,-83.7061462402,41.8530731201,41.8530731201,-1.66244520829e-15,1.32699052164e-15,-1.76998850821e-15,-0.00168257963378,0.00084128981689,0.00084128981689,-7.62629524888e-19,8.51159878962e-19,-3.73815988913e-20,29.0108509064,0,0.00673079490662,0.004638671875,-0.0023193359375,-0.0023193359375,-2.09081725362e-15,-1.78801620821e-15,3.63776447541e-16,2.28639692068e-07,-1.14319846034e-07,-1.14319846034e-07,-1.75061128264e-20,-1.08855643831e-20,6.77856740529e-21,0.0575542449951,0,312.424530029,2.88657986403e-15,-8.881784197e-16,3.95526216946e-15,4.82798911339e-15,7.37584944198e-15,-0.0480041503906,1.1990408666e-14,5.3290705182e-15,8.27538826757e-15,1.67454178904e-14,2.90723103021e-15,-0.00194843753707,1249.69812012
452,451.990264893,-0.00973510742188,CYCLIC_500,3.14107513428,-83.701499939,41.8507499695,41.8507499695,-1.84969180385e-15,9.14979548003e-16,-1.76649203562e-15,-0.0016823511105,0.000841175555252,0.000841175555252,-8.0190303609e-19,8.55878895889e-19,-2.96858610545e-20,29.0683784485,0,0.0067298412323,0.00464630126953,-0.00232315063477,-0.00232315063477,-1.87246595554e-16,-4.12010973642e-16,3.49647259693e-18,2.28523276746e-07,-1.14261638373e-07,-1.14261638373e-07,-3.92735112018e-20,4.719016927e-21,7.69573783679e-21,0.0575275421143,0,312.376556396,-1.04360964315e-14,-7.9936057773e-15,-1.92170022867e-14,5.58362668286e-15,2.66174545021e-16,-0.0479736328125,-1.33226762955e-14,-7.1054273576e-15,-2.31722644562e-14,7.55637569467e-16,-7.10967489696e-15,-0.00194843753707,1249.50622559
453,452.990264893,-0.00973510742188,CYCLIC_500,3.14780402184,-83.6968612671,41.8484306335,41.8484306335,4.35928535109e-15,5.58158799367e-16,-1.68629170039e-15,-0.00168212270364,0.000841061351821,0.000841061351821,-6.91514495116e-19,7.97353471635e-19,-2.34930667698e-20,29.1258773804,0,0.00672888755798,0.004638671875,-0.0023193359375,-0.0023193359375,6.20897715494e-15,-3.56820748636e-16,8.02003352289e-17,2.28406861424e-07,-1.14203430712e-07,-1.14203430712e-07,1.10388540974e-19,-5.85254242538e-20,6.19279428463e-21,0.0574989318848,0,312.328582764,-5.99520433298e-15,-1.7763568394e-15,9.36147758976e-15,-2.47202863196e-15,7.0906743333e-15,-0.0479736328125,4.4408920985e-15,6.2172489379e-15,2.85784798765e-14,-8.05565531482e-15,6.82449978827e-15,-0.00194843753707,1249.31433105
454,453.990264893,-0.00973510742188,CYCLIC_500,3.15453219414,-83.6922149658,41.8461074829,41.8461074829,2.17511107244e-15,2.03688198568e-15,-1.59582478982e-15,-0.0016818944132,0.000840947206598,0.000840947206598,-6.01505892345e-19,8.55441387623e-19,-7.42596548158e-21,29.1833496094,0,0.00672817230225,0.00464630126953,-0.00232315063477,-0.00232315063477,-2.18417427865e-15,1.47872318632e-15,9.04669105627e-17,2.28290446103e-07,-1.14145223051e-07,-1.14145223051e-07,9.00086027707e-20,5.80879159878e-20,1.60671012883e-20,0.0574722290039,0,312.280639648,-6.66133814775e-15,-7.1054273576e-15,8.70971633591e-15,-2.16201305787e-15,7.44558228963e-15,-0.0479431152344,-6.66133814775e-16,-5.3290705182e-15,-6.51761253847e-16,3.1001557409e-16,3.54907956335e-16,-0.00194843753707,1249.12255859
455,454.990264893,-0.00973510742188,CYCLIC_500,3.16125917435,-83.6875762939,41.843788147,41.843788147,8.01027782092e-16,2.74550679798e-15,-1.29989100489e-15,-0.00168166635558,0.00084083317779,0.00084083317779,-6.15212061838e-19,8.88066985566e-19,1.22823396267e-22,29.2407951355,0,0.00672698020935,0.004638671875,-0.0023193359375,-0.0023193359375,-1.37408329035e-15,7.08624812293e-16,2.95933784932e-16,2.28057615459e-07,-1.14028807729e-07,-1.14028807729e-07,-1.37061694925e-20,3.26255979436e-20,7.54878887785e-21,0.057445526123,0,312.232727051,-1.11022302463e-15,-2.6645352591e-15,-1.48910969953e-15,-2.51931142059e-15,8.11610489974e-15,-0.0479125976562,5.55111512313e-15,4.4408920985e-15,-1.01988260354e-14,-3.57298362721e-16,6.70522610112e-16,-0.00194843753707,1248.9309082
456,455.990264893,-0.00973510742188,CYCLIC_500,3.1679854393,-83.6829299927,41.8414649963,41.8414649963,1.38159452044e-15,1.2056926038e-15,-1.73777623235e-15,-0.00168143829796,0.000840719148982,0.000840719148982,-5.50689379425e-19,8.82758281759e-19,5.92181185466e-21,29.2982139587,0,0.00672626495361,0.00464630126953,-0.00232315063477,-0.00232315063477,5.80566738349e-16,-1.53981419418e-15,-4.37885227457e-16,2.28057615459e-07,-1.14028807729e-07,-1.14028807729e-07,6.45226824121e-20,-5.30870380749e-21,5.79898845839e-21,0.0574188232422,0,312.184844971,8.881784197e-16,1.7763568394e-15,-2.50902995733e-14,-1.78331604621e-14,4.20332625671e-15,-0.0478820800781,1.99840144433e-15,4.4408920985e-15,-2.36011898737e-14,-1.53138490415e-14,-3.91277864303e-15,-0.00194843753707,1248.73937988
457,456.990264893,-0.00973510742188,CYCLIC_500,3.17471075058,-83.6782913208,41.8391456604,41.8391456604,-2.0871976221e-15,1.38641992156e-15,-2.24285287071e-15,-0.00168121047318,0.00084060523659,0.00084060523659,-5.05473767826e-19,8.64678616113e-19,6.02370309818e-21,29.3556060791,0,0.0067253112793,0.004638671875,-0.0023193359375,-0.0023193359375,-3.46879214255e-15,1.8072731776e-16,-5.05076638362e-16,2.27824784815e-07,-1.13912392408e-07,-1.13912392408e-07,4.52156115997e-20,-1.80796656459e-20,1.01891243515e-22,0.0573921203613,0,312.136993408,-1.7763568394e-15,-7.1054273576e-15,-4.63101107873e-15,-8.87076165138e-15,2.878445264e-15,-0.0478515625,-2.6645352591e-15,-8.881784197e-15,2.04592884945e-14,8.96239881075e-15,-1.32488099271e-15,-0.00194843753707,1248.54797363
458,457.990264893,-0.00973510742188,CYCLIC_500,3.18143510818,-83.6736526489,41.8368263245,41.8368263245,2.44697354627e-16,2.52373775669e-15,-1.91074717946e-15,-0.0016809826484,0.000840491324198,0.000840491324198,-5.28975248573e-19,8.51755621871e-19,3.51821401828e-21,29.4129695892,0,0.00672435760498,0.004638671875,-0.0023193359375,-0.0023193359375,2.33189497673e-15,1.13731783513e-15,3.32105691256e-16,2.27824784815e-07,-1.13912392408e-07,-1.13912392408e-07,-2.35014807476e-20,-1.29229942423e-20,-2.5054890799e-21,0.0573635101318,0,312.089172363,-9.54791801178e-15,-7.1054273576e-15,3.44982155591e-15,2.67506594328e-15,3.21476423528e-15,-0.0478210449219,-7.77156117238e-15,0,8.08083263464e-15,1.15458275947e-14,3.36318971275e-16,-0.00194843753707,1248.35668945
459,458.990264893,-0.00973510742188,CYCLIC_500,3.18815875053,-83.6690063477,41.8345031738,41.8345031738,2.64600808098e-15,1.23529638607e-15,-1.78590861157e-15,-0.00168075505644,0.00084037752822,0.00084037752822,-4.379717521e-19,8.14171793475e-19,7.43453455574e-21,29.4703063965,0,0.00672364234924,0.00464630126953,-0.00232315063477,-0.00232315063477,2.40131072635e-15,-1.28844137062e-15,1.24838567885e-16,2.27591954172e-07,-1.13795977086e-07,-1.13795977086e-07,9.10034964739e-20,-3.75838283952e-20,3.91632053746e-21,0.057336807251,0,312.041381836,1.33226762955e-15,-2.6645352591e-15,8.47391330203e-15,-2.41377642255e-15,4.19841328033e-15,-0.0477905273438,1.08801856413e-14,4.4408920985e-15,5.02409174612e-15,-5.08884236583e-15,9.8364904505e-16,-0.00194843753707,1248.16552734
460,459.990264893,-0.00973510742188,CYCLIC_500,3.19488120079,-83.6643676758,41.8321838379,41.8321838379,4.85487076607e-15,1.64280626634e-15,-1.33661157474e-15,-0.0016805275809,0.000840263790451,0.000840263790451,-2.8432051055e-19,8.57618652203e-19,3.28255842048e-20,29.5276165009,0,0.00672245025635,0.004638671875,-0.0023193359375,-0.0023193359375,2.2088626851e-15,4.07509880265e-16,4.4929703683e-16,2.2747553885e-07,-1.13737769425e-07,-1.13737769425e-07,1.53651241549e-19,4.34468587275e-20,2.5391049649e-20,0.0573101043701,0,311.993591309,-1.11022302463e-15,-1.7763568394e-15,-1.47513053577e-15,2.79692039424e-15,6.2968189218e-15,-0.0477905273438,-2.44249065418e-15,8.881784197e-16,-9.9490438378e-15,5.21069681679e-15,2.09840564147e-15,-0.00194843753707,1247.97436523
461,460.990264893,-0.00973510742188,CYCLIC_500,3.20160293579,-83.6597290039,41.829864502,41.829864502,2.21246853413e-15,4.00710868558e-15,-1.80354202104e-15,-0.00168030022178,0.000840150110889,0.000840150110889,-2.20026766528e-19,9.2917099112e-19,4.03782448372e-20,29.5848999023,0,0.00672173500061,0.004638671875,-0.0023193359375,-0.0023193359375,-2.64240223194e-15,2.36430241924e-15,-4.66930446303e-16,2.27359123528e-07,-1.13679561764e-07,-1.13679561764e-07,6.42937440217e-20,7.15523389171e-20,7.55266063241e-21,0.0572834014893,0,311.945861816,-2.44249065418e-15,-3.5527136788e-15,-6.93948480203e-15,3.14253909906e-15,2.51124177741e-15,-0.0477294921875,-1.33226762955e-15,-1.7763568394e-15,-5.46435426626e-15,3.45618704821e-16,-3.78557714439e-15,-0.00194843753707,1247.78344727
462,461.990264893,-0.00973510742188,CYCLIC_500,3.20832371712,-83.6550827026,41.8275413513,41.8275413513,-1.84165611808e-15,2.49846412658e-15,-2.24739481937e-15,-0.00168007297907,0.000840036489535,0.000840036489535,-3.21046987243e-19,9.76869752672e-19,3.13939114712e-20,29.642156601,0,0.00672078132629,0.00464630126953,-0.00232315063477,-0.00232315063477,-4.05412465222e-15,-1.508644559e-15,-4.43852798322e-16,2.27242708206e-07,-1.13621354103e-07,-1.13621354103e-07,-1.01020220715e-19,4.76987615524e-20,-8.98433336595e-21,0.0572566986084,0,311.898132324,6.2172489379e-15,1.7763568394e-15,5.18878637731e-15,5.25905723647e-15,7.07540318952e-15,-0.0477294921875,8.65973959208e-15,5.3290705182e-15,1.21282711793e-14,2.11651813741e-15,4.56416141212e-15,-0.00194843753707,1247.5925293
463,462.990264893,-0.00973510742188,CYCLIC_500,3.21504354477,-83.6504440308,41.8252220154,41.8252220154,-6.60717793466e-17,1.38069880295e-15,-2.0288112225e-15,-0.00167984585278,0.000839922926389,0.000839922926389,-3.06809263734e-19,9.40965015699e-19,2.95063725551e-20,29.6993865967,0,0.00671982765198,0.004638671875,-0.0023193359375,-0.0023193359375,1.77558433873e-15,-1.11776532362e-15,2.1858359687e-16,2.27126292884e-07,-1.13563146442e-07,-1.13563146442e-07,1.42377235089e-20,-3.59047369739e-20,-1.88753891614e-21,0.0572299957275,0,311.85043335,2.22044604925e-16,6.2172489379e-15,-1.00072217862e-14,5.8895040444e-15,6.79024263922e-15,-0.0476989746094,-5.99520433298e-15,4.4408920985e-15,-1.51960081636e-14,6.3044680793e-16,-2.85160550306e-16,-0.00194843753707,1247.4017334
464,463.990264893,-0.00973510742188,CYCLIC_500,3.22176241875,-83.6458053589,41.8229026794,41.8229026794,-1.63447451278e-16,6.77710100328e-16,-2.29219629115e-15,-0.0016796188429,0.00083980942145,0.00083980942145,-2.47694180872e-19,8.83440928715e-19,2.21163635807e-20,29.7565879822,0,0.00671887397766,0.004638671875,-0.0023193359375,-0.0023193359375,-9.73756719312e-17,-7.02988702624e-16,-2.63385068657e-16,2.27009877563e-07,-1.13504938781e-07,-1.13504938781e-07,5.91150828616e-20,-5.75240869833e-20,-7.39000897433e-21,0.057201385498,0,311.802764893,0,-8.881784197e-16,2.57877089679e-16,-6.60377918849e-15,4.417921637e-15,-0.0476684570312,-2.22044604925e-16,-7.1054273576e-15,1.02650988759e-14,-1.24932832329e-14,-2.37232100222e-15,-0.00194843753707,1247.21105957
465,464.990264893,-0.00973510742188,CYCLIC_500,3.22848033905,-83.641166687,41.8205833435,41.8205833435,1.17479849049e-15,4.52011671795e-15,-1.65910879845e-15,-0.00167939194944,0.000839695974719,0.000839695974719,-1.09734154877e-19,9.58347811971e-19,2.16255595186e-20,29.8137626648,0,0.00671792030334,0.004638671875,-0.0023193359375,-0.0023193359375,1.33824594177e-15,3.84240661762e-15,6.330874927e-16,2.26893462241e-07,-1.1344673112e-07,-1.1344673112e-07,1.37960025995e-19,7.49068832555e-20,-4.90804062167e-22,0.0571746826172,0,311.755126953,2.44249065418e-15,-3.5527136788e-15,-1.12912271725e-14,-1.45009247743e-14,3.06905828943e-15,-0.0476379394531,2.44249065418e-15,-2.6645352591e-15,-1.15491042622e-14,-7.89714558586e-15,-1.34886334756e-15,-0.00194843753707,1247.02050781
466,465.990264893,-0.00973510742188,CYCLIC_500,3.2351975441,-83.6365280151,41.8182640076,41.8182640076,-2.30499024737e-15,2.86621719859e-15,-2.09617127237e-15,-0.00167916517239,0.000839582586195,0.000839582586195,-2.13450428627e-19,9.81765634385e-19,3.29274106228e-21,29.8709125519,0,0.00671720504761,0.004638671875,-0.0023193359375,-0.0023193359375,-3.47978873786e-15,-1.65389951936e-15,-4.37062473915e-16,2.26777046919e-07,-1.13388523459e-07,-1.13388523459e-07,-1.0371627375e-19,2.34178224147e-20,-1.83328184563e-20,0.057149887085,0,311.707519531,-1.50990331349e-14,-1.42108547152e-14,7.19467763107e-15,-4.47268994033e-15,4.13201989316e-15,-0.047607421875,-1.75415237891e-14,-1.06581410364e-14,1.84859048036e-14,1.0028234834e-14,1.06296160372e-15,-0.00194843753707,1246.83007812
467,466.990264893,-0.00973510742188,CYCLIC_500,3.24191379547,-83.6318817139,41.8159408569,41.8159408569,-3.84708687708e-15,2.16171647391e-15,-2.1470232101e-15,-0.00167893862817,0.000839469314087,0.000839469314087,-3.88866704948e-19,9.81872043416e-19,-1.03404426659e-20,29.9280338287,0,0.00671625137329,0.00464630126953,-0.00232315063477,-0.00232315063477,-1.54209662971e-15,-7.04500724678e-16,-5.08519377306e-17,2.26544216275e-07,-1.13272108138e-07,-1.13272108138e-07,-1.75416276321e-19,1.06409030987e-22,-1.36331837281e-20,0.0571212768555,0,311.659912109,1.99840144433e-15,-1.7763568394e-15,-2.9389968039e-15,-6.32423586952e-15,5.41926372462e-15,-0.047607421875,1.70974345792e-14,1.24344978758e-14,-1.0133674435e-14,-1.85154592919e-15,1.28724383147e-15,-0.00194843753707,1246.63964844
468,467.990264893,-0.00973510742188,CYCLIC_500,3.24862909317,-83.627243042,41.813621521,41.813621521,-2.36487170355e-15,4.16141516574e-16,-2.20725316699e-15,-0.00167871208396,0.000839356041979,0.000839356041979,-4.58270376591e-19,9.13740336449e-19,-2.21155097429e-20,29.9851284027,0,0.00671529769897,0.004638671875,-0.0023193359375,-0.0023193359375,1.48221517353e-15,-1.74557495734e-15,-6.02299568912e-17,2.26544216275e-07,-1.13272108138e-07,-1.13272108138e-07,-6.94036716428e-20,-6.81317069676e-20,-1.17750670771e-20,0.0570945739746,0,311.612365723,2.22044604925e-16,5.3290705182e-15,2.22758928456e-14,1.2908463664e-14,7.93711867206e-15,-0.0475463867188,-1.7763568394e-15,7.1054273576e-15,2.52148896495e-14,1.92326995336e-14,2.51785494744e-15,-0.00194843753707,1246.44946289
469,468.990264893,-0.00973510742188,CYCLIC_500,3.25534343719,-83.6226043701,41.8113021851,41.8113021851,3.10779442588e-15,2.97072137077e-15,-1.47865383384e-15,-0.00167848577257,0.000839242886286,0.000839242886286,-4.75549765997e-19,9.64025618469e-19,-1.83969687766e-20,30.0421962738,0,0.00671434402466,0.004638671875,-0.0023193359375,-0.0023193359375,5.47266612943e-15,2.55457985419e-15,7.28599333151e-16,2.26311385632e-07,-1.13155692816e-07,-1.13155692816e-07,-1.72793894059e-20,5.02852820206e-20,3.71854096638e-21,0.0570678710938,0,311.564819336,-3.33066907388e-15,-8.881784197e-16,-6.21521664116e-15,-3.24037508377e-15,3.57364971937e-15,-0.0475463867188,-3.5527136788e-15,-6.2172489379e-15,-2.84911094868e-14,-1.61488387478e-14,-4.3634689527e-15,-0.00194843753707,1246.25927734
470,469.990264893,-0.00973510742188,CYCLIC_500,3.26205682755,-83.6179656982,41.8089828491,41.8089828491,3.5868033668e-15,3.41582824438e-15,-2.06211193735e-15,-0.00167825946119,0.000839129730593,0.000839129730593,-3.65856983074e-19,1.00513868888e-18,-2.08423228761e-20,30.099237442,0,0.00671339035034,0.004638671875,-0.0023193359375,-0.0023193359375,4.79008940916e-16,4.45106873614e-16,-5.83458103513e-16,2.26311385632e-07,-1.13155692816e-07,-1.13155692816e-07,1.09692782922e-19,4.11130704112e-20,-2.4453540995e-21,0.0570411682129,0,311.517303467,-2.44249065418e-15,-3.5527136788e-15,1.32653986571e-14,-3.48071012111e-15,4.8238465995e-15,-0.0475158691406,8.881784197e-16,-2.6645352591e-15,1.94806152982e-14,-2.40335037341e-16,1.25019688014e-15,-0.00194843753707,1246.06921387
471,470.990264893,-0.00973510742188,CYCLIC_500,3.26876950264,-83.6133270264,41.8066635132,41.8066635132,3.89358663007e-15,2.69597968636e-15,-1.45587080438e-15,-0.00167803338263,0.000839016691316,0.000839016691316,-2.50576517566e-19,1.02283861562e-18,6.41998784092e-22,30.15625,0,0.0067126750946,0.004638671875,-0.0023193359375,-0.0023193359375,3.06783263276e-16,-7.19848558018e-16,6.06241132972e-16,2.26078554988e-07,-1.13039277494e-07,-1.13039277494e-07,1.15280465508e-19,1.76999267369e-20,2.14843216602e-20,0.0570125579834,0,311.469818115,8.65973959208e-15,5.3290705182e-15,2.11314155968e-15,-3.05177791734e-15,4.45759606468e-15,-0.0474853515625,1.11022302463e-14,8.881784197e-15,-1.11522570974e-14,4.28932203769e-16,-3.66250534827e-16,-0.00194843753707,1245.87927246
472,471.990264893,-0.00973510742188,CYCLIC_500,3.27548122406,-83.6087036133,41.8043518066,41.8043518066,-3.29548220442e-16,2.02129438908e-15,-1.93795598207e-15,-0.00167780718766,0.000838903593831,0.000838903593831,-2.61386191359e-19,1.04204585607e-18,-3.52642099897e-21,30.2132377625,0,0.00671172142029,0.00462341308594,-0.00231170654297,-0.00231170654297,-4.22313485051e-15,-6.74685297283e-16,-4.8208517769e-16,2.2619497031e-07,-1.13097485155e-07,-1.13097485155e-07,-1.0809673793e-20,1.92072404522e-20,-4.16841978306e-21,0.0569877624512,0,311.422332764,-5.77315972805e-15,-3.5527136788e-15,2.10620459145e-15,8.4940691508e-16,6.33675557235e-15,-0.0474853515625,-1.44328993201e-14,-8.881784197e-15,-6.93696822744e-18,3.90118483242e-15,1.87915950767e-15,-0.00194843753707,1245.68933105
473,472.990264893,-0.00973510742188,CYCLIC_500,3.28219199181,-83.6040649414,41.8020324707,41.8020324707,4.39268209334e-15,-5.34192696956e-16,-1.4055512054e-15,-0.00167758134194,0.000838790670969,0.000838790670969,-1.16871993318e-19,9.31336994856e-19,4.5789447147e-21,30.270198822,0,0.00671076774597,0.004638671875,-0.0023193359375,-0.0023193359375,4.72223031378e-15,-2.55548708604e-15,5.32404776668e-16,2.25845724344e-07,-1.12922862172e-07,-1.12922862172e-07,1.44514198041e-19,-1.10708861214e-19,8.10536571367e-21,0.0569610595703,0,311.374908447,1.55431223448e-15,-2.6645352591e-15,-2.46334395947e-14,7.18843139836e-16,-1.01012524357e-15,-0.0474243164062,7.32747196253e-15,8.881784197e-16,-2.67396441862e-14,-1.30563775245e-16,-7.34688081592e-15,-0.00194843753707,1245.49963379
474,473.990264893,-0.00973510742188,CYCLIC_500,3.28890180588,-83.5994262695,41.7997131348,41.7997131348,-1.86705111544e-16,8.06345362291e-16,-2.0008559142e-15,-0.00167735561263,0.000838677806314,0.000838677806314,-2.08784923177e-19,8.91527031178e-19,-1.17187832525e-20,30.3271331787,0,0.00670981407166,0.004638671875,-0.0023193359375,-0.0023193359375,-4.57938720489e-15,1.34053805925e-15,-5.95304708795e-16,2.25729309022e-07,-1.12864654511e-07,-1.12864654511e-07,-9.19129298586e-20,-3.98099636784e-20,-1.62977279672e-20,0.0569343566895,0,311.327484131,6.2172489379e-15,1.7763568394e-15,-3.96649313812e-15,-9.03455785193e-15,2.04162129715e-15,-0.0474243164062,4.66293670343e-15,4.4408920985e-15,2.06669464566e-14,-9.75340099177e-15,3.05174654072e-15,-0.00194843753707,1245.30993652
475,474.990264893,-0.00973510742188,CYCLIC_500,3.29561090469,-83.5947875977,41.7973937988,41.7973937988,1.04684382405e-15,1.48176549043e-15,-2.01651500567e-15,-0.00167712999973,0.000838564999867,0.000838564999867,-1.84688163194e-19,8.72692015539e-19,-1.72720029416e-20,30.3840389252,0,0.00670909881592,0.004638671875,-0.0023193359375,-0.0023193359375,1.2335489356e-15,6.75420128143e-16,-1.56590914784e-17,2.25612893701e-07,-1.1280644685e-07,-1.1280644685e-07,2.4096759983e-20,-1.88350156389e-20,-5.55321968903e-21,0.05690574646,0,311.28012085,-1.11022302463e-15,1.7763568394e-15,-5.41323340591e-15,4.55664007719e-15,7.83635601647e-16,-0.04736328125,-7.32747196253e-15,0,-1.44674026778e-15,1.35911979291e-14,-1.2579856955e-15,-0.00194843753707,1245.1204834
476,475.990264893,-0.00973510742188,CYCLIC_500,3.30231881142,-83.5901489258,41.7950744629,41.7950744629,8.844324959e-16,2.44606403803e-15,-2.16256503053e-15,-0.00167690450326,0.000838452251628,0.000838452251628,-4.39437519376e-20,8.91792185882e-19,-8.31444631676e-21,30.4409198761,0,0.00670790672302,0.004638671875,-0.0023193359375,-0.0023193359375,-1.62411328151e-16,9.64298547591e-16,-1.46050024853e-16,2.25496478379e-07,-1.12748239189e-07,-1.12748239189e-07,1.40744411256e-19,1.91001703432e-20,8.9575566248e-21,0.0568809509277,0,311.232757568,4.88498130835e-15,4.4408920985e-15,2.49833096241e-14,-4.28411979955e-15,1.05822257879e-14,-0.04736328125,5.99520433298e-15,2.6645352591e-15,3.039654303e-14,-8.84075987674e-15,9.79859018627e-15,-0.00194843753707,1244.93103027
477,476.990264893,-0.00973510742188,CYCLIC_500,3.30902600288,-83.5855102539,41.792755127,41.792755127,-4.15210680305e-16,1.91587489193e-15,-2.16664038562e-15,-0.00167667912319,0.000838339561597,0.000838339561597,-4.87224196737e-20,8.86988056896e-19,-8.65026690322e-21,30.4977722168,0,0.00670719146729,0.004638671875,-0.0023193359375,-0.0023193359375,-1.2996431762e-15,-5.301891461e-16,-4.07535509629e-18,2.25380063057e-07,-1.12690031528e-07,-1.12690031528e-07,-4.77866773613e-21,-4.80412898547e-21,-3.35820586464e-22,0.0568523406982,0,311.185424805,-3.77475828373e-15,-7.1054273576e-15,-6.40370038458e-15,7.29350318848e-16,5.77906718729e-15,-0.0473327636719,-8.65973959208e-15,-1.15463194561e-14,-3.13870100087e-14,5.0134701184e-15,-4.80315860063e-15,-0.00194843753707,1244.74169922
478,477.990264893,-0.00973510742188,CYCLIC_500,3.31573224068,-83.580871582,41.790435791,41.790435791,-3.91905812841e-16,2.8048147686e-15,-1.86340332173e-15,-0.00167645385955,0.000838226929773,0.000838226929773,-7.2104763694e-20,8.70094060955e-19,-7.68789214177e-21,30.554599762,0,0.00670623779297,0.004638671875,-0.0023193359375,-0.0023193359375,2.33048674641e-17,8.88939876677e-16,3.03237063889e-16,2.25263647735e-07,-1.12631823868e-07,-1.12631823868e-07,-2.33823440202e-20,-1.68939959419e-20,9.62374761453e-22,0.056827545166,0,311.138122559,7.77156117238e-15,-2.6645352591e-15,-5.42726318319e-15,-7.90267499047e-15,4.11849537103e-15,-0.0473022460938,1.15463194561e-14,4.4408920985e-15,9.76437201396e-16,-8.63202530932e-15,-1.66057181626e-15,-0.00194843753707,1244.55249023
479,478.990264893,-0.00973510742188,CYCLIC_500,3.32243776321,-83.5762405396,41.7881202698,41.7881202698,1.13020140842e-15,-2.02985662163e-16,-1.72195029854e-15,-0.00167622882873,0.000838114414364,0.000838114414364,4.47080312807e-20,8.08101653758e-19,8.09395017693e-22,30.6114006042,0,0.00670552253723,0.00463104248047,-0.00231552124023,-0.00231552124023,1.52210722126e-15,-3.00780043077e-15,1.41453023193e-16,2.25030817091e-07,-1.12515408546e-07,-1.12515408546e-07,1.16812794975e-19,-6.19924071963e-20,8.49728715946e-21,0.0568008422852,0,311.09085083,3.77475828373e-15,2.6645352591e-15,4.09913960939e-15,-3.42150017552e-15,6.38035963733e-15,-0.0472717285156,-3.99680288865e-15,5.3290705182e-15,9.52640279258e-15,4.48117481495e-15,2.26186426631e-15,-0.00194843753707,1244.36340332
480,479.990264893,-0.00973510742188,CYCLIC_500,3.32914209366,-83.5716018677,41.7858009338,41.7858009338,7.51766553625e-16,2.44740202914e-15,-2.16887022633e-15,-0.00167600379791,0.000838001898956,0.000838001898956,1.23191225068e-19,8.16440119059e-19,-4.13129581216e-21,30.6681728363,0,0.00670433044434,0.004638671875,-0.0023193359375,-0.0023193359375,-3.78434854792e-16,2.6503876913e-15,-4.46919927785e-16,2.25030817091e-07,-1.12515408546e-07,-1.12515408546e-07,7.84831937871e-20,8.33846530116e-21,-4.94069082985e-21,0.0567722320557,0,311.043609619,2.44249065418e-15,-3.5527136788e-15,1.68455194633e-14,-6.08046042258e-16,7.8711645178e-15,-0.0472412109375,-1.33226762955e-15,-6.2172489379e-15,1.27463798539e-14,2.81345413326e-15,1.49080488046e-15,-0.00194843753707,1244.17443848
481,480.990264893,-0.00973510742188,CYCLIC_500,3.33584570885,-83.5669631958,41.7834815979,41.7834815979,-1.53358007077e-15,1.56261161053e-15,-1.93473515252e-15,-0.00167577888351,0.000837889441755,0.000837889441755,8.12691768642e-20,8.06542530587e-19,3.85610720109e-21,30.7249202728,0,0.0067036151886,0.004638671875,-0.0023193359375,-0.0023193359375,-2.28534662439e-15,-8.84790418606e-16,2.34135073805e-16,2.2491440177e-07,-1.12457200885e-07,-1.12457200885e-07,-4.19220482035e-20,-9.89758847252e-21,7.98740301324e-21,0.0567474365234,0,310.996368408,-5.10702591328e-15,-1.7763568394e-15,-1.35698517513e-14,-2.519712001e-15,3.72302161719e-16,-0.0472412109375,-7.54951656745e-15,1.7763568394e-15,-3.04153712146e-14,-1.91166595874e-15,-7.49886235608e-15,-0.00194843753707,1243.98547363
482,481.990264893,-0.00973510742188,CYCLIC_500,3.34254837036,-83.5623245239,41.781162262,41.781162262,7.12651173481e-16,3.05379088452e-15,-1.42576127669e-15,-0.00167555420194,0.000837777100969,0.000837777100969,8.73981231453e-20,8.30557281549e-19,8.85875620142e-21,30.7816410065,0,0.00670266151428,0.004638671875,-0.0023193359375,-0.0023193359375,2.24623124425e-15,1.49117927399e-15,5.0897387583e-16,2.24681571126e-07,-1.12340785563e-07,-1.12340785563e-07,6.1289462811e-21,2.40147509625e-20,5.00264900033e-21,0.0567207336426,0,310.949188232,9.7699626167e-15,5.3290705182e-15,-6.99159360059e-15,-8.12220014883e-15,3.73745009552e-15,-0.0471801757812,1.487698853e-14,7.1054273576e-15,6.57825815072e-15,-5.60248814783e-15,3.36514793381e-15,-0.00194843753707,1243.79675293
483,482.990264893,-0.00973510742188,CYCLIC_500,3.3492500782,-83.5576858521,41.778842926,41.778842926,-1.09162497449e-15,1.51440781088e-15,-1.94346446232e-15,-0.00167532952037,0.000837664760184,0.000837664760184,-3.49260760844e-20,7.75059745667e-19,-1.27202517895e-20,30.8383350372,0,0.00670170783997,0.004638671875,-0.0023193359375,-0.0023193359375,-1.80427614797e-15,-1.53938307364e-15,-5.17703185626e-16,2.24681571126e-07,-1.12340785563e-07,-1.12340785563e-07,-1.2232419923e-19,-5.5497535882e-20,-2.15790079909e-20,0.0566940307617,0,310.902008057,1.7763568394e-15,1.7763568394e-15,1.07331446127e-14,1.16776281149e-15,5.55569109951e-15,-0.0471801757812,-7.9936057773e-15,-3.5527136788e-15,1.77247382133e-14,9.28996296032e-15,1.81824100399e-15,-0.00194843753707,1243.60803223
484,483.990264893,-0.00973510742188,CYCLIC_500,3.35595107079,-83.5530548096,41.7765274048,41.7765274048,2.1717439105e-15,2.12611967277e-15,-2.03851928714e-15,-0.00167510507163,0.000837552535813,0.000837552535813,-4.80952147201e-20,7.81592701823e-19,-1.75994282809e-20,30.8950004578,0,0.00670099258423,0.00463104248047,-0.00231552124023,-0.00231552124023,3.263368885e-15,6.11711861887e-16,-9.50548248168e-17,2.24448740482e-07,-1.12224370241e-07,-1.12224370241e-07,-1.31691386357e-20,6.53295615567e-21,-4.87917649145e-21,0.0566654205322,0,310.854858398,-7.1054273576e-15,-1.7763568394e-15,-5.11108484222e-15,-4.21477857891e-15,3.45336656085e-15,-0.0471496582031,-8.881784197e-15,-3.5527136788e-15,-1.5844229455e-14,-5.3825413904e-15,-2.10232453866e-15,-0.00194843753707,1243.41943359
485,484.990264893,-0.00973510742188,CYCLIC_500,3.36265087128,-83.5484161377,41.7742080688,41.7742080688,2.47699334683e-15,1.98579040752e-15,-1.36084929969e-15,-0.00167488062289,0.000837440311443,0.000837440311443,2.98570195866e-21,7.69590260244e-19,2.83531331374e-21,30.9516410828,0,0.00669980049133,0.004638671875,-0.0023193359375,-0.0023193359375,3.05249436328e-16,-1.40329265243e-16,6.77669987445e-16,2.24448740482e-07,-1.12224370241e-07,-1.12224370241e-07,5.10809166787e-20,-1.20024415791e-20,2.04347415947e-20,0.056640625,0,310.807739258,3.5527136788e-15,-6.2172489379e-15,1.50079007542e-14,-3.96917161512e-15,6.52344126335e-15,-0.047119140625,1.06581410364e-14,-4.4408920985e-15,2.01189855964e-14,2.45606963788e-16,3.0700747025e-15,-0.00194843753707,1243.23095703
486,485.990264893,-0.00973510742188,CYCLIC_500,3.36934995651,-83.5437774658,41.7718887329,41.7718887329,1.29247756864e-15,2.46687199794e-15,-1.12543783574e-15,-0.00167465640698,0.000837328203488,0.000837328203488,7.62217401535e-20,7.57505460879e-19,3.88420266524e-21,31.0082550049,0,0.0066990852356,0.004638671875,-0.0023193359375,-0.0023193359375,-1.18451577819e-15,4.8108159042e-16,2.35411463948e-16,2.24215909839e-07,-1.12107954919e-07,-1.12107954919e-07,7.32360381948e-20,-1.20847993645e-20,1.0488893515e-21,0.0566139221191,0,310.760650635,2.22044604925e-15,-4.4408920985e-15,8.48811181754e-15,-4.19343708749e-15,3.27536915149e-15,-0.0470886230469,-1.33226762955e-15,1.7763568394e-15,-6.51978893669e-15,-2.24265472373e-16,-3.24807211186e-15,-0.00194843753707,1243.04260254
487,486.990264893,-0.00973510742188,CYCLIC_500,3.37604832649,-83.5391464233,41.7695732117,41.7695732117,2.44033276801e-15,2.77865144205e-15,-1.39727655791e-15,-0.00167443230748,0.000837216153741,0.000837216153741,1.84068934495e-19,8.18574186828e-19,1.84475041402e-20,31.0648422241,0,0.00669836997986,0.00463104248047,-0.00231552124023,-0.00231552124023,1.14785519937e-15,3.11779444102e-16,-2.71838722168e-16,2.24099494517e-07,-1.12049747258e-07,-1.12049747258e-07,1.07847194342e-19,6.10687259487e-20,1.45633014749e-20,0.0565872192383,0,310.713592529,-9.10382880193e-15,-4.4408920985e-15,9.41875467233e-15,3.43427128831e-15,7.96094831614e-15,-0.0470581054688,-1.13242748512e-14,0,9.30642854794e-16,7.6277083758e-15,4.68557916466e-15,-0.00194843753707,1242.85437012
488,487.990264893,-0.00973510742188,CYCLIC_500,3.38274550438,-83.5345077515,41.7672538757,41.7672538757,1.34449078482e-15,1.49824107535e-15,-1.84917470678e-15,-0.0016742083244,0.000837104162201,0.000837104162201,2.69917105349e-19,8.03659104987e-19,2.13162658631e-20,31.1214046478,0,0.00669717788696,0.004638671875,-0.0023193359375,-0.0023193359375,-1.0958419832e-15,-1.2804103667e-15,-4.51898148866e-16,2.23983079195e-07,-1.11991539598e-07,-1.11991539598e-07,8.58481708543e-20,-1.49150818408e-20,2.86876172294e-21,0.0565624237061,0,310.666534424,2.22044604925e-16,5.3290705182e-15,-1.29580476435e-14,4.98128429577e-17,2.87102013348e-15,-0.0470581054688,9.32587340685e-15,9.7699626167e-15,-2.23768023158e-14,-3.38445844535e-15,-5.08992818266e-15,-0.00194843753707,1242.6661377
489,488.990264893,-0.00973510742188,CYCLIC_500,3.38944196701,-83.529876709,41.7649383545,41.7649383545,-3.42674292565e-16,2.80911846277e-15,-2.07702450277e-15,-0.00167398434132,0.000836992170662,0.000836992170662,3.76836035023e-19,8.08832437941e-19,2.22817092304e-20,31.1779384613,0,0.00669646263123,0.00463104248047,-0.00231552124023,-0.00231552124023,-1.68716507738e-15,1.31087738742e-15,-2.27849795997e-16,2.23983079195e-07,-1.11991539598e-07,-1.11991539598e-07,1.06918929673e-19,5.17333295375e-21,9.65443367265e-22,0.0565338134766,0,310.619537354,4.4408920985e-16,-7.9936057773e-15,-1.88470673306e-15,-4.30991327628e-16,2.12499104769e-15,-0.0469970703125,2.22044604925e-16,-1.33226762955e-14,1.10733409104e-14,-4.80804170586e-16,-7.46029085794e-16,-0.00194843753707,1242.47814941
490,489.990264893,-0.00973510742188,CYCLIC_500,3.39613747597,-83.5252380371,41.7626190186,41.7626190186,2.92915376489e-15,9.70671732674e-16,-1.80467067301e-15,-0.00167376059107,0.000836880295537,0.000836880295537,5.33075537633e-19,7.7845683104e-19,2.90655450653e-20,31.2344455719,0,0.00669550895691,0.004638671875,-0.0023193359375,-0.0023193359375,3.27182805746e-15,-1.8384467301e-15,2.72353829766e-16,2.23750248551e-07,-1.11875124276e-07,-1.11875124276e-07,1.56239502611e-19,-3.03756069007e-20,6.78383583493e-21,0.0565071105957,0,310.572540283,-7.1054273576e-15,-7.1054273576e-15,-9.6948793928e-15,-8.77512771411e-15,2.54280448157e-15,-0.0469970703125,-7.54951656745e-15,8.881784197e-16,-7.81017265973e-15,-8.34413638648e-15,4.17813433881e-16,-0.00194843753707,1242.29016113
491,490.990264893,-0.00973510742188,CYCLIC_500,3.40283203125,-83.5205993652,41.7602996826,41.7602996826,1.94808225599e-15,2.55855803046e-15,-1.72511877417e-15,-0.00167353695724,0.000836768478621,0.000836768478621,6.87417439451e-19,8.57925392423e-19,3.51847743976e-20,31.290927887,0,0.00669455528259,0.004638671875,-0.0023193359375,-0.0023193359375,-9.81071508902e-16,1.58788629778e-15,7.95518988342e-17,2.2363383323e-07,-1.11816916615e-07,-1.11816916615e-07,1.54341901818e-19,7.94685613827e-20,6.11922933228e-21,0.0564823150635,0,310.52557373,-6.66133814775e-16,-4.4408920985e-15,-4.57608768896e-15,-4.10260794461e-15,5.77889391611e-15,-0.0469665527344,6.43929354283e-15,2.6645352591e-15,5.11879170384e-15,4.67251976949e-15,3.23608943454e-15,-0.00194843753707,1242.10229492
492,491.990264893,-0.00973510742188,CYCLIC_500,3.40952563286,-83.5159683228,41.7579841614,41.7579841614,5.41191458884e-16,3.95569243572e-15,-2.14984439064e-15,-0.00167331343982,0.000836656719912,0.000836656719912,6.71281423678e-19,8.95019575132e-19,1.83694171594e-20,31.3473815918,0,0.00669360160828,0.00463104248047,-0.00231552124023,-0.00231552124023,-1.40689079711e-15,1.39713440527e-15,-4.24725616468e-16,2.23517417908e-07,-1.11758708954e-07,-1.11758708954e-07,-1.61360157731e-20,3.7094182709e-20,-1.68153572382e-20,0.056453704834,0,310.478637695,1.99840144433e-15,0,-2.04648056966e-15,-1.02272973043e-14,4.61271437298e-15,-0.0469360351562,2.6645352591e-15,4.4408920985e-15,2.5296071193e-15,-6.12468935965e-15,-1.16617954313e-15,-0.00194843753707,1241.91455078
493,492.990264893,-0.00973510742188,CYCLIC_500,3.41621851921,-83.5113296509,41.7556648254,41.7556648254,3.42135653064e-15,1.51648227408e-15,-1.64938253088e-15,-0.00167309003882,0.000836545019411,0.000836545019411,7.18707462208e-19,8.48651957817e-19,2.16315801555e-20,31.4038105011,0,0.00669288635254,0.004638671875,-0.0023193359375,-0.0023193359375,2.88016507176e-15,-2.43921016164e-15,5.00461859763e-16,2.23401002586e-07,-1.11700501293e-07,-1.11700501293e-07,4.74260385292e-20,-4.63676173146e-20,3.26216299606e-21,0.0564289093018,0,310.431732178,4.66293670343e-15,6.2172489379e-15,-1.74041978314e-14,-9.37331471638e-15,3.58119431462e-15,-0.0469055175781,2.6645352591e-15,6.2172489379e-15,-1.53577172617e-14,8.53982587889e-16,-1.03152005836e-15,-0.00194843753707,1241.72692871
494,493.990264893,-0.00973510742188,CYCLIC_500,3.42291045189,-83.5066986084,41.7533493042,41.7533493042,5.37485087552e-16,1.54006444878e-15,-1.94998942843e-15,-0.00167286687065,0.000836433435325,0.000836433435325,7.24519575696e-19,8.59119191761e-19,1.56868575082e-20,31.4602127075,0,0.00669193267822,0.00463104248047,-0.00231552124023,-0.00231552124023,-2.88387144309e-15,2.35821746979e-17,-3.00606897548e-16,2.23168171942e-07,-1.11584085971e-07,-1.11584085971e-07,5.81211348827e-21,1.04672339441e-20,-5.94472264727e-21,0.0564022064209,0,310.384857178,-1.15463194561e-14,-1.33226762955e-14,-7.24287984087e-15,-2.94426479297e-15,8.12919816133e-16,-0.046875,-1.62092561595e-14,-1.95399252334e-14,1.01613179905e-14,6.42904992341e-15,-2.76827449849e-15,-0.00194843753707,1241.53942871
495,494.990264893,-0.00973510742188,CYCLIC_500,3.42960143089,-83.5020599365,41.7510299683,41.7510299683,2.10443294925e-15,2.62121616776e-15,-1.89176143556e-15,-0.00167264370248,0.000836321851239,0.000836321851239,7.27335479447e-19,9.22770807752e-19,7.02659314988e-21,31.5165882111,0,0.00669097900391,0.004638671875,-0.0023193359375,-0.0023193359375,1.5669478617e-15,1.08115171898e-15,5.8227992866e-17,2.23168171942e-07,-1.11584085971e-07,-1.11584085971e-07,2.81590375089e-21,6.36516159906e-20,-8.66026435835e-21,0.05637550354,0,310.337982178,-3.77475828373e-15,-1.7763568394e-15,-4.76449358476e-15,-2.08118729469e-14,3.58872073175e-15,-0.046875,7.77156117238e-15,1.15463194561e-14,2.47838625612e-15,-1.78676081539e-14,2.77580091562e-15,-0.00194843753707,1241.35192871
496,495.990264893,-0.00973510742188,CYCLIC_500,3.43629145622,-83.497428894,41.748714447,41.748714447,3.50030669818e-15,1.993635898e-15,-1.80255513171e-15,-0.00167242065072,0.00083621032536,0.00083621032536,8.37316880548e-19,9.3443037085e-19,1.05621496882e-20,31.5729389191,0,0.00669002532959,0.00463104248047,-0.00231552124023,-0.00231552124023,1.39587374893e-15,-6.27580269765e-16,8.92063038528e-17,2.2305175662e-07,-1.1152587831e-07,-1.1152587831e-07,1.09981401101e-19,1.16595630983e-20,3.53555653837e-21,0.0563507080078,0,310.291137695,1.33226762955e-15,8.881784197e-16,-3.91778689077e-15,-8.41387566629e-15,5.34367666832e-15,-0.0468444824219,5.10702591328e-15,2.6645352591e-15,8.46706693986e-16,1.23979972806e-14,1.75495593657e-15,-0.00194843753707,1241.16455078
497,496.990264893,-0.00973510742188,CYCLIC_500,3.4429807663,-83.4927978516,41.7463989258,41.7463989258,3.31882562098e-15,2.41837825329e-15,-1.87351964633e-15,-0.00167219771538,0.00083609885769,0.00083609885769,9.05024095227e-19,9.55557557281e-19,1.41311717257e-20,31.6292610168,0,0.00668931007385,0.00463104248047,-0.00231552124023,-0.00231552124023,-1.81481077201e-16,4.24742355295e-16,-7.09645146196e-17,2.22935341299e-07,-1.11467670649e-07,-1.11467670649e-07,6.77072146793e-20,2.11271864307e-20,3.56902203745e-21,0.0563220977783,0,310.244354248,-2.6645352591e-15,-2.6645352591e-15,4.13411426153e-15,-1.03857634044e-14,6.24659751779e-15,-0.0467834472656,-3.99680288865e-15,-3.5527136788e-15,8.0519011523e-15,-1.97188773812e-15,9.02920849476e-16,-0.00194843753707,1240.97741699
498,497.990264893,-0.00973510742188,CYCLIC_500,3.4496691227,-83.4881591797,41.7440795898,41.7440795898,2.36547089995e-15,1.79645878412e-15,-1.36912967417e-15,-0.00167197501287,0.000835987506434,0.000835987506434,1.00096315547e-18,9.51378484115e-19,4.0285841533e-20,31.6855583191,0,0.00668835639954,0.004638671875,-0.0023193359375,-0.0023193359375,-9.53354721026e-16,-6.21919469169e-16,5.04389972161e-16,2.22702510655e-07,-1.11351255327e-07,-1.11351255327e-07,9.5939060238e-20,-4.17907316657e-21,2.61546698073e-20,0.0562973022461,0,310.197570801,6.2172489379e-15,9.7699626167e-15,-5.243506638e-16,-6.75720480733e-16,8.75677616297e-16,-0.0467834472656,8.881784197e-15,1.24344978758e-14,-4.65846492533e-15,9.71004292368e-15,-5.3709199015e-15,-0.00194843753707,1240.7902832
499,498.990264893,-0.00973510742188,CYCLIC_500,3.45635652542,-83.4835281372,41.7417640686,41.7417640686,3.15406554987e-16,1.21902853599e-15,-1.87422111534e-15,-0.00167175231036,0.000835876155179,0.000835876155179,1.04611407896e-18,9.30510539642e-19,4.55380506818e-20,31.7418289185,0,0.00668740272522,0.00463104248047,-0.00231552124023,-0.00231552124023,-2.05006434497e-15,-5.77430248138e-16,-5.05091441173e-16,2.22702510655e-07,-1.11351255327e-07,-1.11351255327e-07,4.51509234908e-20,-2.08679444724e-20,5.2522091488e-21,0.0562705993652,0,310.150787354,-6.2172489379e-15,-7.1054273576e-15,-7.55713483472e-15,-9.44825055655e-15,2.74670715616e-15,-0.0467834472656,-1.24344978758e-14,-1.68753899743e-14,-7.03278417092e-15,-8.77253007582e-15,1.87102953986e-15,-0.00194843753707,1240.60314941
500,500,0,CYCLIC_500,3.46304321289,-83.4788970947,41.7394485474,41.7394485474,4.62881482818e-16,3.59043443822e-15,-1.50227684986e-15,-0.00167152984068,0.000835764920339,0.000835764920339,1.08009359223e-18,9.73816884294e-19,5.4277550148e-20,31.7980728149,0,0.00668668746948,0.00463104248047,-0.00231552124023,-0.00231552124023,1.4747492783e-16,2.37140590224e-15,3.71944265483e-16,2.22469680011e-07,-1.11234840006e-07,-1.11234840006e-07,3.39795132762e-20,4.33063446522e-20,8.73949946618e-21,0.0562438964844,0,351.021270752,-3.88578058619e-15,-4.88498130835e-15,2.83663853676e-15,-7.00917847441e-15,8.16780920698e-15,40.8704833984,2.33146835171e-15,2.22044604925e-15,1.03937733715e-14,2.43907208214e-15,5.42110205082e-15,0,1404.08508301
