variable,element,integration_point,reference,audit,absolute_error,relative_error_pct
S11_ABS,1159,1,322.496459961,276.854095459,45.642364502,14.1528265171
S11_ABS,1159,2,325.011932373,279.8956604,45.1162719727,13.8814201815
S11_ABS,1159,3,325.577270508,278.63104248,46.9462280273,14.4193812898
S11_ABS,1159,4,328.482574463,282.273132324,46.2094421387,14.0675474838
S11_ABS,1159,5,322.496459961,276.854095459,45.642364502,14.1528265171
S11_ABS,1159,6,325.011932373,279.8956604,45.1162719727,13.8814201815
S11_ABS,1159,7,325.577270508,278.63104248,46.9462280273,14.4193812898
S11_ABS,1159,8,328.482574463,282.273132324,46.2094421387,14.0675474838
S11_ABS,1160,1,364.884552002,321.303771973,43.5807800293,11.9437174827
S11_ABS,1160,2,377.992340088,331.71484375,46.2774963379,12.2429719944
S11_ABS,1160,3,407.998626709,339.941741943,68.0568847656,16.6806651568
S11_ABS,1160,4,418.305419922,350.049835205,68.2555847168,16.3171647954
S11_ABS,1160,5,364.884552002,321.303771973,43.5807800293,11.9437174827
S11_ABS,1160,6,377.992340088,331.71484375,46.2774963379,12.2429719944
S11_ABS,1160,7,407.998626709,339.941741943,68.0568847656,16.6806651568
S11_ABS,1160,8,418.305419922,350.049835205,68.2555847168,16.3171647954
S11_ABS,1161,1,377.992340088,331.71484375,46.2774963379,12.2429719944
S11_ABS,1161,2,364.884552002,321.303771973,43.5807800293,11.9437174827
S11_ABS,1161,3,418.305419922,350.049835205,68.2555847168,16.3171647954
S11_ABS,1161,4,407.998626709,339.941741943,68.0568847656,16.6806651568
S11_ABS,1161,5,377.992340088,331.71484375,46.2774963379,12.2429719944
S11_ABS,1161,6,364.884552002,321.303771973,43.5807800293,11.9437174827
S11_ABS,1161,7,418.305419922,350.049835205,68.2555847168,16.3171647954
S11_ABS,1161,8,407.998626709,339.941741943,68.0568847656,16.6806651568
S11_ABS,1162,1,325.011932373,279.8956604,45.1162719727,13.8814201815
S11_ABS,1162,2,322.496459961,276.854095459,45.642364502,14.1528265171
S11_ABS,1162,3,328.482574463,282.273132324,46.2094421387,14.0675474838
S11_ABS,1162,4,325.577270508,278.63104248,46.9462280273,14.4193812898
S11_ABS,1162,5,325.011932373,279.8956604,45.1162719727,13.8814201815
S11_ABS,1162,6,322.496459961,276.854095459,45.642364502,14.1528265171
S11_ABS,1162,7,328.482574463,282.273132324,46.2094421387,14.0675474838
S11_ABS,1162,8,325.577270508,278.63104248,46.9462280273,14.4193812898
S11_ABS,1237,1,284.541107178,227.407424927,57.133682251,20.0792366409
S11_ABS,1237,2,291.512512207,226.667907715,64.8446044922,22.2441925395
S11_ABS,1237,3,258.193756104,213.848327637,44.3454284668,17.1752520805
S11_ABS,1237,4,263.792694092,212.886306763,50.9063873291,19.2978761237
S11_ABS,1237,5,284.541107178,227.407424927,57.133682251,20.0792366409
S11_ABS,1237,6,291.512512207,226.667907715,64.8446044922,22.2441925395
S11_ABS,1237,7,258.193756104,213.848327637,44.3454284668,17.1752520805
S11_ABS,1237,8,263.792694092,212.886306763,50.9063873291,19.2978761237
S11_ABS,1238,1,352.670776367,279.013641357,73.6571350098,20.8855226873
S11_ABS,1238,2,339.165740967,279.613983154,59.5517578125,17.5583057542
S11_ABS,1238,3,345.036560059,272.842987061,72.193572998,20.9234560493
S11_ABS,1238,4,331.367431641,275.029602051,56.3378295898,17.0016194141
S11_ABS,1238,5,352.670776367,279.013641357,73.6571350098,20.8855226873
S11_ABS,1238,6,339.165740967,279.613983154,59.5517578125,17.5583057542
S11_ABS,1238,7,345.036560059,272.842987061,72.193572998,20.9234560493
S11_ABS,1238,8,331.367431641,275.029602051,56.3378295898,17.0016194141
S11_ABS,1239,1,458.502838135,365.460449219,93.042388916,20.2926527771
S11_ABS,1239,2,484.811889648,388.746124268,96.0657653809,19.815059703
S11_ABS,1239,3,519.890869141,395.903991699,123.986877441,23.8486353196
S11_ABS,1239,4,542.121765137,419.771972656,122.34979248,22.5686921922
S11_ABS,1239,5,458.502838135,365.460449219,93.042388916,20.2926527771
S11_ABS,1239,6,484.811889648,388.746124268,96.0657653809,19.815059703
S11_ABS,1239,7,519.890869141,395.903991699,123.986877441,23.8486353196
S11_ABS,1239,8,542.121765137,419.771972656,122.34979248,22.5686921922
S11_ABS,1240,1,441.216247559,336.735656738,104.48059082,23.6801322251
S11_ABS,1240,2,427.881378174,330.586364746,97.2950134277,22.7387819126
S11_ABS,1240,3,437.267883301,339.769622803,97.498260498,22.2971464911
S11_ABS,1240,4,448.271575928,331.014312744,117.257263184,26.1576395829
S11_ABS,1240,5,441.216247559,336.735656738,104.48059082,23.6801322251
S11_ABS,1240,6,427.881378174,330.586364746,97.2950134277,22.7387819126
S11_ABS,1240,7,437.267883301,339.769622803,97.498260498,22.2971464911
S11_ABS,1240,8,448.271575928,331.014312744,117.257263184,26.1576395829
S11_ABS,1241,1,427.881378174,330.586364746,97.2950134277,22.7387819126
S11_ABS,1241,2,441.216247559,336.735656738,104.48059082,23.6801322251
S11_ABS,1241,3,448.271575928,331.014312744,117.257263184,26.1576395829
S11_ABS,1241,4,437.267883301,339.769622803,97.498260498,22.2971464911
S11_ABS,1241,5,427.881378174,330.586364746,97.2950134277,22.7387819126
S11_ABS,1241,6,441.216247559,336.735656738,104.48059082,23.6801322251
S11_ABS,1241,7,448.271575928,331.014312744,117.257263184,26.1576395829
S11_ABS,1241,8,437.267883301,339.769622803,97.498260498,22.2971464911
S11_ABS,1242,1,484.811889648,388.746124268,96.0657653809,19.815059703
S11_ABS,1242,2,458.502838135,365.460449219,93.042388916,20.2926527771
S11_ABS,1242,3,542.121765137,419.771972656,122.34979248,22.5686921922
S11_ABS,1242,4,519.890869141,395.903991699,123.986877441,23.8486353196
S11_ABS,1242,5,484.811889648,388.746124268,96.0657653809,19.815059703
S11_ABS,1242,6,458.502838135,365.460449219,93.042388916,20.2926527771
S11_ABS,1242,7,542.121765137,419.771972656,122.34979248,22.5686921922
S11_ABS,1242,8,519.890869141,395.903991699,123.986877441,23.8486353196
S11_ABS,1243,1,339.165740967,279.613983154,59.5517578125,17.5583057542
S11_ABS,1243,2,352.670776367,279.013641357,73.6571350098,20.8855226873
S11_ABS,1243,3,331.367431641,275.029602051,56.3378295898,17.0016194141
S11_ABS,1243,4,345.036560059,272.842987061,72.193572998,20.9234560493
S11_ABS,1243,5,339.165740967,279.613983154,59.5517578125,17.5583057542
S11_ABS,1243,6,352.670776367,279.013641357,73.6571350098,20.8855226873
S11_ABS,1243,7,331.367431641,275.029602051,56.3378295898,17.0016194141
S11_ABS,1243,8,345.036560059,272.842987061,72.193572998,20.9234560493
S11_ABS,1244,1,291.512512207,226.667907715,64.8446044922,22.2441925395
S11_ABS,1244,2,284.541107178,227.407424927,57.133682251,20.0792366409
S11_ABS,1244,3,263.792694092,212.886306763,50.9063873291,19.2978761237
S11_ABS,1244,4,258.193756104,213.848327637,44.3454284668,17.1752520805
S11_ABS,1244,5,291.512512207,226.667907715,64.8446044922,22.2441925395
S11_ABS,1244,6,284.541107178,227.407424927,57.133682251,20.0792366409
S11_ABS,1244,7,263.792694092,212.886306763,50.9063873291,19.2978761237
S11_ABS,1244,8,258.193756104,213.848327637,44.3454284668,17.1752520805
S11_ABS,1316,1,195.394821167,162.042404175,33.3524169922,17.0692430807
S11_ABS,1316,2,194.577911377,156.277694702,38.3002166748,19.6837433416
S11_ABS,1316,3,166.885528564,149.007247925,17.8782806396,10.7129005094
S11_ABS,1316,4,164.453231812,142.57862854,21.8746032715,13.3014128275
S11_ABS,1316,5,195.394821167,162.042404175,33.3524169922,17.0692430807
S11_ABS,1316,6,194.577911377,156.277694702,38.3002166748,19.6837433416
S11_ABS,1316,7,166.885528564,149.007247925,17.8782806396,10.7129005094
S11_ABS,1316,8,164.453231812,142.57862854,21.8746032715,13.3014128275
S11_ABS,1317,1,199.869445801,160.50970459,39.3597412109,19.6927254455
S11_ABS,1317,2,194.010101318,150.666366577,43.3437347412,22.3409680458
S11_ABS,1317,3,162.46661377,141.43977356,21.02684021,12.9422530095
S11_ABS,1317,4,154.516082764,131.187515259,23.3285675049,15.0978248268
S11_ABS,1317,5,199.869445801,160.50970459,39.3597412109,19.6927254455
S11_ABS,1317,6,194.010101318,150.666366577,43.3437347412,22.3409680458
S11_ABS,1317,7,162.46661377,141.43977356,21.02684021,12.9422530095
S11_ABS,1317,8,154.516082764,131.187515259,23.3285675049,15.0978248268
S11_ABS,1318,1,218.864501953,188.012557983,30.8519439697,14.0963672475
S11_ABS,1318,2,207.074737549,145.290588379,61.7841491699,29.8366425095
S11_ABS,1318,3,125.173072815,107.467529297,17.7055435181,14.1448501023
S11_ABS,1318,4,95.0869827271,66.7382888794,28.3486938477,29.8134329586
S11_ABS,1318,5,218.864501953,188.012557983,30.8519439697,14.0963672475
S11_ABS,1318,6,207.074737549,145.290588379,61.7841491699,29.8366425095
S11_ABS,1318,7,125.173072815,107.467529297,17.7055435181,14.1448501023
S11_ABS,1318,8,95.0869827271,66.7382888794,28.3486938477,29.8134329586
S11_ABS,1319,1,207.074737549,145.290588379,61.7841491699,29.8366425095
S11_ABS,1319,2,218.864501953,188.012557983,30.8519439697,14.0963672475
S11_ABS,1319,3,95.0869827271,66.7382888794,28.3486938477,29.8134329586
S11_ABS,1319,4,125.173072815,107.467529297,17.7055435181,14.1448501023
S11_ABS,1319,5,207.074737549,145.290588379,61.7841491699,29.8366425095
S11_ABS,1319,6,218.864501953,188.012557983,30.8519439697,14.0963672475
S11_ABS,1319,7,95.0869827271,66.7382888794,28.3486938477,29.8134329586
S11_ABS,1319,8,125.173072815,107.467529297,17.7055435181,14.1448501023
S11_ABS,1320,1,194.010101318,150.666366577,43.3437347412,22.3409680458
S11_ABS,1320,2,199.869445801,160.50970459,39.3597412109,19.6927254455
S11_ABS,1320,3,154.516082764,131.187515259,23.3285675049,15.0978248268
S11_ABS,1320,4,162.46661377,141.43977356,21.02684021,12.9422530095
S11_ABS,1320,5,194.010101318,150.666366577,43.3437347412,22.3409680458
S11_ABS,1320,6,199.869445801,160.50970459,39.3597412109,19.6927254455
S11_ABS,1320,7,154.516082764,131.187515259,23.3285675049,15.0978248268
S11_ABS,1320,8,162.46661377,141.43977356,21.02684021,12.9422530095
S11_ABS,1321,1,194.577911377,156.277694702,38.3002166748,19.6837433416
S11_ABS,1321,2,195.394821167,162.042404175,33.3524169922,17.0692430807
S11_ABS,1321,3,164.453231812,142.57862854,21.8746032715,13.3014128275
S11_ABS,1321,4,166.885528564,149.007247925,17.8782806396,10.7129005094
S11_ABS,1321,5,194.577911377,156.277694702,38.3002166748,19.6837433416
S11_ABS,1321,6,195.394821167,162.042404175,33.3524169922,17.0692430807
S11_ABS,1321,7,164.453231812,142.57862854,21.8746032715,13.3014128275
S11_ABS,1321,8,166.885528564,149.007247925,17.8782806396,10.7129005094
S11_ABS,1392,1,111.095146179,104.177902222,6.91724395752,6.22641420028
S11_ABS,1392,2,105.028121948,96.7113189697,8.31680297852,7.91864390626
S11_ABS,1392,3,89.9570617676,80.0346832275,9.92237854004,11.0301274242
S11_ABS,1392,4,85.5858840942,72.9686279297,12.6172561646,14.7422163106
S11_ABS,1392,5,111.095146179,104.177902222,6.91724395752,6.22641420028
S11_ABS,1392,6,105.028121948,96.7113189697,8.31680297852,7.91864390626
S11_ABS,1392,7,89.9570617676,80.0346832275,9.92237854004,11.0301274242
S11_ABS,1392,8,85.5858840942,72.9686279297,12.6172561646,14.7422163106
S11_ABS,1393,1,105.963745117,96.7669525146,9.19679260254,8.67918795468
S11_ABS,1393,2,72.6464691162,62.698009491,9.94845962524,13.6943470843
S11_ABS,1393,3,65.2308273315,52.1357460022,13.0950813293,20.0749888742
S11_ABS,1393,4,25.14960289,11.3291540146,13.8204488754,54.9529506922
S11_ABS,1393,5,105.963745117,96.7669525146,9.19679260254,8.67918795468
S11_ABS,1393,6,72.6464691162,62.698009491,9.94845962524,13.6943470843
S11_ABS,1393,7,65.2308273315,52.1357460022,13.0950813293,20.0749888742
S11_ABS,1393,8,25.14960289,11.3291540146,13.8204488754,54.9529506922
S11_ABS,1394,1,72.6464691162,62.698009491,9.94845962524,13.6943470843
S11_ABS,1394,2,105.963745117,96.7669525146,9.19679260254,8.67918795468
S11_ABS,1394,3,25.14960289,11.3291540146,13.8204488754,54.9529506922
S11_ABS,1394,4,65.2308273315,52.1357460022,13.0950813293,20.0749888742
S11_ABS,1394,5,72.6464691162,62.698009491,9.94845962524,13.6943470843
S11_ABS,1394,6,105.963745117,96.7669525146,9.19679260254,8.67918795468
S11_ABS,1394,7,25.14960289,11.3291540146,13.8204488754,54.9529506922
S11_ABS,1394,8,65.2308273315,52.1357460022,13.0950813293,20.0749888742
S11_ABS,1395,1,105.028121948,96.7113189697,8.31680297852,7.91864390626
S11_ABS,1395,2,111.095146179,104.177902222,6.91724395752,6.22641420028
S11_ABS,1395,3,85.5858840942,72.9686279297,12.6172561646,14.7422163106
S11_ABS,1395,4,89.9570617676,80.0346832275,9.92237854004,11.0301274242
S11_ABS,1395,5,105.028121948,96.7113189697,8.31680297852,7.91864390626
S11_ABS,1395,6,111.095146179,104.177902222,6.91724395752,6.22641420028
S11_ABS,1395,7,85.5858840942,72.9686279297,12.6172561646,14.7422163106
S11_ABS,1395,8,89.9570617676,80.0346832275,9.92237854004,11.0301274242
S11_ABS,1465,1,68.0567626953,56.4254264832,11.6313362122,17.0906398593
S11_ABS,1465,2,65.0687408447,52.6449584961,12.4237823486,19.0933191381
S11_ABS,1465,3,49.7667579651,39.5699577332,10.1968002319,20.489179221
S11_ABS,1465,4,45.9408988953,34.9549255371,10.9859733582,23.9132747124
S11_ABS,1465,5,68.0567626953,56.4254264832,11.6313362122,17.0906398593
S11_ABS,1465,6,65.0687408447,52.6449584961,12.4237823486,19.0933191381
S11_ABS,1465,7,49.7667579651,39.5699577332,10.1968002319,20.489179221
S11_ABS,1465,8,45.9408988953,34.9549255371,10.9859733582,23.9132747124
S11_ABS,1466,1,32.5278129578,17.9180488586,14.6097640991,44.9146830686
S11_ABS,1466,2,41.4913787842,30.106004715,11.3853740692,27.4403367708
S11_ABS,1466,3,17.4551582336,7.57127475739,9.88388347626,56.6244278279
S11_ABS,1466,4,25.798412323,19.0484161377,6.7499961853,26.1643860126
S11_ABS,1466,5,32.5278129578,17.9180488586,14.6097640991,44.9146830686
S11_ABS,1466,6,41.4913787842,30.106004715,11.3853740692,27.4403367708
S11_ABS,1466,7,17.4551582336,7.57127475739,9.88388347626,56.6244278279
S11_ABS,1466,8,25.798412323,19.0484161377,6.7499961853,26.1643860126
S11_ABS,1467,1,41.4913787842,30.106004715,11.3853740692,27.4403367708
S11_ABS,1467,2,32.5278129578,17.9180488586,14.6097640991,44.9146830686
S11_ABS,1467,3,25.798412323,19.0484161377,6.7499961853,26.1643860126
S11_ABS,1467,4,17.4551582336,7.57127475739,9.88388347626,56.6244278279
S11_ABS,1467,5,41.4913787842,30.106004715,11.3853740692,27.4403367708
S11_ABS,1467,6,32.5278129578,17.9180488586,14.6097640991,44.9146830686
S11_ABS,1467,7,25.798412323,19.0484161377,6.7499961853,26.1643860126
S11_ABS,1467,8,17.4551582336,7.57127475739,9.88388347626,56.6244278279
S11_ABS,1468,1,65.0687408447,52.6449584961,12.4237823486,19.0933191381
S11_ABS,1468,2,68.0567626953,56.4254264832,11.6313362122,17.0906398593
S11_ABS,1468,3,45.9408988953,34.9549255371,10.9859733582,23.9132747124
S11_ABS,1468,4,49.7667579651,39.5699577332,10.1968002319,20.489179221
S11_ABS,1468,5,65.0687408447,52.6449584961,12.4237823486,19.0933191381
S11_ABS,1468,6,68.0567626953,56.4254264832,11.6313362122,17.0906398593
S11_ABS,1468,7,45.9408988953,34.9549255371,10.9859733582,23.9132747124
S11_ABS,1468,8,49.7667579651,39.5699577332,10.1968002319,20.489179221
S11_ABS,1537,1,35.8745384216,27.4570007324,8.41753768921,23.4638215836
S11_ABS,1537,2,41.0573959351,33.2912101746,7.7661857605,18.9154367529
S11_ABS,1537,3,24.2145709991,17.6519508362,6.56262016296,27.1019468534
S11_ABS,1537,4,30.2700214386,24.4453716278,5.82464981079,19.2423048745
S11_ABS,1537,5,35.8745384216,27.4570007324,8.41753768921,23.4638215836
S11_ABS,1537,6,41.0573959351,33.2912101746,7.7661857605,18.9154367529
S11_ABS,1537,7,24.2145709991,17.6519508362,6.56262016296,27.1019468534
S11_ABS,1537,8,30.2700214386,24.4453716278,5.82464981079,19.2423048745
S11_ABS,1538,1,0.022757358849,0.285407453775,0.262650094926,1154.13258924
S11_ABS,1538,2,9.46129608154,8.69746589661,0.763830184937,8.07320876922
S11_ABS,1538,3,2.13959765434,3.02624511719,0.886647462845,41.439915633
S11_ABS,1538,4,7.25666761398,5.38436746597,1.87230014801,25.801101106
S11_ABS,1538,5,0.022757358849,0.285407453775,0.262650094926,1154.13258924
S11_ABS,1538,6,9.46129608154,8.69746589661,0.763830184937,8.07320876922
S11_ABS,1538,7,2.13959765434,3.02624511719,0.886647462845,41.439915633
S11_ABS,1538,8,7.25666761398,5.38436746597,1.87230014801,25.801101106
S11_ABS,1539,1,9.46129608154,8.69746589661,0.763830184937,8.07320876922
S11_ABS,1539,2,0.022757358849,0.285407453775,0.262650094926,1154.13258924
S11_ABS,1539,3,7.25666761398,5.38436746597,1.87230014801,25.801101106
S11_ABS,1539,4,2.13959765434,3.02624511719,0.886647462845,41.439915633
S11_ABS,1539,5,9.46129608154,8.69746589661,0.763830184937,8.07320876922
S11_ABS,1539,6,0.022757358849,0.285407453775,0.262650094926,1154.13258924
S11_ABS,1539,7,7.25666761398,5.38436746597,1.87230014801,25.801101106
S11_ABS,1539,8,2.13959765434,3.02624511719,0.886647462845,41.439915633
S11_ABS,1540,1,41.0573959351,33.2912101746,7.7661857605,18.9154367529
S11_ABS,1540,2,35.8745384216,27.4570007324,8.41753768921,23.4638215836
S11_ABS,1540,3,30.2700214386,24.4453716278,5.82464981079,19.2423048745
S11_ABS,1540,4,24.2145709991,17.6519508362,6.56262016296,27.1019468534
S11_ABS,1540,5,41.0573959351,33.2912101746,7.7661857605,18.9154367529
S11_ABS,1540,6,35.8745384216,27.4570007324,8.41753768921,23.4638215836
S11_ABS,1540,7,30.2700214386,24.4453716278,5.82464981079,19.2423048745
S11_ABS,1540,8,24.2145709991,17.6519508362,6.56262016296,27.1019468534
S11_ABS,1609,1,24.2145709991,17.6519508362,6.56262016296,27.1019468534
S11_ABS,1609,2,30.2700214386,24.4453716278,5.82464981079,19.2423048745
S11_ABS,1609,3,35.8745384216,27.4570007324,8.41753768921,23.4638215836
S11_ABS,1609,4,41.0573959351,33.2912101746,7.7661857605,18.9154367529
S11_ABS,1609,5,24.2145709991,17.6519508362,6.56262016296,27.1019468534
S11_ABS,1609,6,30.2700214386,24.4453716278,5.82464981079,19.2423048745
S11_ABS,1609,7,35.8745384216,27.4570007324,8.41753768921,23.4638215836
S11_ABS,1609,8,41.0573959351,33.2912101746,7.7661857605,18.9154367529
S11_ABS,1610,1,2.13959765434,3.02624511719,0.886647462845,41.439915633
S11_ABS,1610,2,7.25666761398,5.38436746597,1.87230014801,25.801101106
S11_ABS,1610,3,0.022757358849,0.285407453775,0.262650094926,1154.13258924
S11_ABS,1610,4,9.46129608154,8.69746589661,0.763830184937,8.07320876922
S11_ABS,1610,5,2.13959765434,3.02624511719,0.886647462845,41.439915633
S11_ABS,1610,6,7.25666761398,5.38436746597,1.87230014801,25.801101106
S11_ABS,1610,7,0.022757358849,0.285407453775,0.262650094926,1154.13258924
S11_ABS,1610,8,9.46129608154,8.69746589661,0.763830184937,8.07320876922
S11_ABS,1611,1,7.25666761398,5.38436746597,1.87230014801,25.801101106
S11_ABS,1611,2,2.13959765434,3.02624511719,0.886647462845,41.439915633
S11_ABS,1611,3,9.46129608154,8.69746589661,0.763830184937,8.07320876922
S11_ABS,1611,4,0.022757358849,0.285407453775,0.262650094926,1154.13258924
S11_ABS,1611,5,7.25666761398,5.38436746597,1.87230014801,25.801101106
S11_ABS,1611,6,2.13959765434,3.02624511719,0.886647462845,41.439915633
S11_ABS,1611,7,9.46129608154,8.69746589661,0.763830184937,8.07320876922
S11_ABS,1611,8,0.022757358849,0.285407453775,0.262650094926,1154.13258924
S11_ABS,1612,1,30.2700214386,24.4453716278,5.82464981079,19.2423048745
S11_ABS,1612,2,24.2145709991,17.6519508362,6.56262016296,27.1019468534
S11_ABS,1612,3,41.0573959351,33.2912101746,7.7661857605,18.9154367529
S11_ABS,1612,4,35.8745384216,27.4570007324,8.41753768921,23.4638215836
S11_ABS,1612,5,30.2700214386,24.4453716278,5.82464981079,19.2423048745
S11_ABS,1612,6,24.2145709991,17.6519508362,6.56262016296,27.1019468534
S11_ABS,1612,7,41.0573959351,33.2912101746,7.7661857605,18.9154367529
S11_ABS,1612,8,35.8745384216,27.4570007324,8.41753768921,23.4638215836
S11_ABS,1681,1,49.7667579651,39.5699577332,10.1968002319,20.489179221
S11_ABS,1681,2,45.9408988953,34.9549255371,10.9859733582,23.9132747124
S11_ABS,1681,3,68.0567626953,56.4254264832,11.6313362122,17.0906398593
S11_ABS,1681,4,65.0687408447,52.6449584961,12.4237823486,19.0933191381
S11_ABS,1681,5,49.7667579651,39.5699577332,10.1968002319,20.489179221
S11_ABS,1681,6,45.9408988953,34.9549255371,10.9859733582,23.9132747124
S11_ABS,1681,7,68.0567626953,56.4254264832,11.6313362122,17.0906398593
S11_ABS,1681,8,65.0687408447,52.6449584961,12.4237823486,19.0933191381
S11_ABS,1682,1,17.4551582336,7.57127475739,9.88388347626,56.6244278279
S11_ABS,1682,2,25.798412323,19.0484161377,6.7499961853,26.1643860126
S11_ABS,1682,3,32.5278129578,17.9180488586,14.6097640991,44.9146830686
S11_ABS,1682,4,41.4913787842,30.106004715,11.3853740692,27.4403367708
S11_ABS,1682,5,17.4551582336,7.57127475739,9.88388347626,56.6244278279
S11_ABS,1682,6,25.798412323,19.0484161377,6.7499961853,26.1643860126
S11_ABS,1682,7,32.5278129578,17.9180488586,14.6097640991,44.9146830686
S11_ABS,1682,8,41.4913787842,30.106004715,11.3853740692,27.4403367708
S11_ABS,1683,1,25.798412323,19.0484161377,6.7499961853,26.1643860126
S11_ABS,1683,2,17.4551582336,7.57127475739,9.88388347626,56.6244278279
S11_ABS,1683,3,41.4913787842,30.106004715,11.3853740692,27.4403367708
S11_ABS,1683,4,32.5278129578,17.9180488586,14.6097640991,44.9146830686
S11_ABS,1683,5,25.798412323,19.0484161377,6.7499961853,26.1643860126
S11_ABS,1683,6,17.4551582336,7.57127475739,9.88388347626,56.6244278279
S11_ABS,1683,7,41.4913787842,30.106004715,11.3853740692,27.4403367708
S11_ABS,1683,8,32.5278129578,17.9180488586,14.6097640991,44.9146830686
S11_ABS,1684,1,45.9408988953,34.9549255371,10.9859733582,23.9132747124
S11_ABS,1684,2,49.7667579651,39.5699577332,10.1968002319,20.489179221
S11_ABS,1684,3,65.0687408447,52.6449584961,12.4237823486,19.0933191381
S11_ABS,1684,4,68.0567626953,56.4254264832,11.6313362122,17.0906398593
S11_ABS,1684,5,45.9408988953,34.9549255371,10.9859733582,23.9132747124
S11_ABS,1684,6,49.7667579651,39.5699577332,10.1968002319,20.489179221
S11_ABS,1684,7,65.0687408447,52.6449584961,12.4237823486,19.0933191381
S11_ABS,1684,8,68.0567626953,56.4254264832,11.6313362122,17.0906398593
S11_ABS,1754,1,89.9570617676,80.0346832275,9.92237854004,11.0301274242
S11_ABS,1754,2,85.5858840942,72.9686279297,12.6172561646,14.7422163106
S11_ABS,1754,3,111.095146179,104.177902222,6.91724395752,6.22641420028
S11_ABS,1754,4,105.028121948,96.7113189697,8.31680297852,7.91864390626
S11_ABS,1754,5,89.9570617676,80.0346832275,9.92237854004,11.0301274242
S11_ABS,1754,6,85.5858840942,72.9686279297,12.6172561646,14.7422163106
S11_ABS,1754,7,111.095146179,104.177902222,6.91724395752,6.22641420028
S11_ABS,1754,8,105.028121948,96.7113189697,8.31680297852,7.91864390626
S11_ABS,1755,1,65.2308273315,52.1357460022,13.0950813293,20.0749888742
S11_ABS,1755,2,25.14960289,11.3291540146,13.8204488754,54.9529506922
S11_ABS,1755,3,105.963745117,96.7669525146,9.19679260254,8.67918795468
S11_ABS,1755,4,72.6464691162,62.698009491,9.94845962524,13.6943470843
S11_ABS,1755,5,65.2308273315,52.1357460022,13.0950813293,20.0749888742
S11_ABS,1755,6,25.14960289,11.3291540146,13.8204488754,54.9529506922
S11_ABS,1755,7,105.963745117,96.7669525146,9.19679260254,8.67918795468
S11_ABS,1755,8,72.6464691162,62.698009491,9.94845962524,13.6943470843
S11_ABS,1756,1,25.14960289,11.3291540146,13.8204488754,54.9529506922
S11_ABS,1756,2,65.2308273315,52.1357460022,13.0950813293,20.0749888742
S11_ABS,1756,3,72.6464691162,62.698009491,9.94845962524,13.6943470843
S11_ABS,1756,4,105.963745117,96.7669525146,9.19679260254,8.67918795468
S11_ABS,1756,5,25.14960289,11.3291540146,13.8204488754,54.9529506922
S11_ABS,1756,6,65.2308273315,52.1357460022,13.0950813293,20.0749888742
S11_ABS,1756,7,72.6464691162,62.698009491,9.94845962524,13.6943470843
S11_ABS,1756,8,105.963745117,96.7669525146,9.19679260254,8.67918795468
S11_ABS,1757,1,85.5858840942,72.9686279297,12.6172561646,14.7422163106
S11_ABS,1757,2,89.9570617676,80.0346832275,9.92237854004,11.0301274242
S11_ABS,1757,3,105.028121948,96.7113189697,8.31680297852,7.91864390626
S11_ABS,1757,4,111.095146179,104.177902222,6.91724395752,6.22641420028
S11_ABS,1757,5,85.5858840942,72.9686279297,12.6172561646,14.7422163106
S11_ABS,1757,6,89.9570617676,80.0346832275,9.92237854004,11.0301274242
S11_ABS,1757,7,105.028121948,96.7113189697,8.31680297852,7.91864390626
S11_ABS,1757,8,111.095146179,104.177902222,6.91724395752,6.22641420028
S11_ABS,1828,1,166.885528564,149.007247925,17.8782806396,10.7129005094
S11_ABS,1828,2,164.453231812,142.57862854,21.8746032715,13.3014128275
S11_ABS,1828,3,195.394821167,162.042404175,33.3524169922,17.0692430807
S11_ABS,1828,4,194.577911377,156.277694702,38.3002166748,19.6837433416
S11_ABS,1828,5,166.885528564,149.007247925,17.8782806396,10.7129005094
S11_ABS,1828,6,164.453231812,142.57862854,21.8746032715,13.3014128275
S11_ABS,1828,7,195.394821167,162.042404175,33.3524169922,17.0692430807
S11_ABS,1828,8,194.577911377,156.277694702,38.3002166748,19.6837433416
S11_ABS,1829,1,162.46661377,141.43977356,21.02684021,12.9422530095
S11_ABS,1829,2,154.516082764,131.187515259,23.3285675049,15.0978248268
S11_ABS,1829,3,199.869445801,160.50970459,39.3597412109,19.6927254455
S11_ABS,1829,4,194.010101318,150.666366577,43.3437347412,22.3409680458
S11_ABS,1829,5,162.46661377,141.43977356,21.02684021,12.9422530095
S11_ABS,1829,6,154.516082764,131.187515259,23.3285675049,15.0978248268
S11_ABS,1829,7,199.869445801,160.50970459,39.3597412109,19.6927254455
S11_ABS,1829,8,194.010101318,150.666366577,43.3437347412,22.3409680458
S11_ABS,1830,1,125.173072815,107.467529297,17.7055435181,14.1448501023
S11_ABS,1830,2,95.0869827271,66.7382888794,28.3486938477,29.8134329586
S11_ABS,1830,3,218.864501953,188.012557983,30.8519439697,14.0963672475
S11_ABS,1830,4,207.074737549,145.290588379,61.7841491699,29.8366425095
S11_ABS,1830,5,125.173072815,107.467529297,17.7055435181,14.1448501023
S11_ABS,1830,6,95.0869827271,66.7382888794,28.3486938477,29.8134329586
S11_ABS,1830,7,218.864501953,188.012557983,30.8519439697,14.0963672475
S11_ABS,1830,8,207.074737549,145.290588379,61.7841491699,29.8366425095
S11_ABS,1831,1,95.0869827271,66.7382888794,28.3486938477,29.8134329586
S11_ABS,1831,2,125.173072815,107.467529297,17.7055435181,14.1448501023
S11_ABS,1831,3,207.074737549,145.290588379,61.7841491699,29.8366425095
S11_ABS,1831,4,218.864501953,188.012557983,30.8519439697,14.0963672475
S11_ABS,1831,5,95.0869827271,66.7382888794,28.3486938477,29.8134329586
S11_ABS,1831,6,125.173072815,107.467529297,17.7055435181,14.1448501023
S11_ABS,1831,7,207.074737549,145.290588379,61.7841491699,29.8366425095
S11_ABS,1831,8,218.864501953,188.012557983,30.8519439697,14.0963672475
S11_ABS,1832,1,154.516082764,131.187515259,23.3285675049,15.0978248268
S11_ABS,1832,2,162.46661377,141.43977356,21.02684021,12.9422530095
S11_ABS,1832,3,194.010101318,150.666366577,43.3437347412,22.3409680458
S11_ABS,1832,4,199.869445801,160.50970459,39.3597412109,19.6927254455
S11_ABS,1832,5,154.516082764,131.187515259,23.3285675049,15.0978248268
S11_ABS,1832,6,162.46661377,141.43977356,21.02684021,12.9422530095
S11_ABS,1832,7,194.010101318,150.666366577,43.3437347412,22.3409680458
S11_ABS,1832,8,199.869445801,160.50970459,39.3597412109,19.6927254455
S11_ABS,1833,1,164.453231812,142.57862854,21.8746032715,13.3014128275
S11_ABS,1833,2,166.885528564,149.007247925,17.8782806396,10.7129005094
S11_ABS,1833,3,194.577911377,156.277694702,38.3002166748,19.6837433416
S11_ABS,1833,4,195.394821167,162.042404175,33.3524169922,17.0692430807
S11_ABS,1833,5,164.453231812,142.57862854,21.8746032715,13.3014128275
S11_ABS,1833,6,166.885528564,149.007247925,17.8782806396,10.7129005094
S11_ABS,1833,7,194.577911377,156.277694702,38.3002166748,19.6837433416
S11_ABS,1833,8,195.394821167,162.042404175,33.3524169922,17.0692430807
S11_ABS,1905,1,258.193756104,213.848327637,44.3454284668,17.1752520805
S11_ABS,1905,2,263.792694092,212.886306763,50.9063873291,19.2978761237
S11_ABS,1905,3,284.541107178,227.407424927,57.133682251,20.0792366409
S11_ABS,1905,4,291.512512207,226.667907715,64.8446044922,22.2441925395
S11_ABS,1905,5,258.193756104,213.848327637,44.3454284668,17.1752520805
S11_ABS,1905,6,263.792694092,212.886306763,50.9063873291,19.2978761237
S11_ABS,1905,7,284.541107178,227.407424927,57.133682251,20.0792366409
S11_ABS,1905,8,291.512512207,226.667907715,64.8446044922,22.2441925395
S11_ABS,1906,1,345.036560059,272.842987061,72.193572998,20.9234560493
S11_ABS,1906,2,331.367431641,275.029602051,56.3378295898,17.0016194141
S11_ABS,1906,3,352.670776367,279.013641357,73.6571350098,20.8855226873
S11_ABS,1906,4,339.165740967,279.613983154,59.5517578125,17.5583057542
S11_ABS,1906,5,345.036560059,272.842987061,72.193572998,20.9234560493
S11_ABS,1906,6,331.367431641,275.029602051,56.3378295898,17.0016194141
S11_ABS,1906,7,352.670776367,279.013641357,73.6571350098,20.8855226873
S11_ABS,1906,8,339.165740967,279.613983154,59.5517578125,17.5583057542
S11_ABS,1907,1,519.890869141,395.903991699,123.986877441,23.8486353196
S11_ABS,1907,2,542.121765137,419.771972656,122.34979248,22.5686921922
S11_ABS,1907,3,458.502838135,365.460449219,93.042388916,20.2926527771
S11_ABS,1907,4,484.811889648,388.746124268,96.0657653809,19.815059703
S11_ABS,1907,5,519.890869141,395.903991699,123.986877441,23.8486353196
S11_ABS,1907,6,542.121765137,419.771972656,122.34979248,22.5686921922
S11_ABS,1907,7,458.502838135,365.460449219,93.042388916,20.2926527771
S11_ABS,1907,8,484.811889648,388.746124268,96.0657653809,19.815059703
S11_ABS,1908,1,437.267883301,339.769622803,97.498260498,22.2971464911
S11_ABS,1908,2,448.271575928,331.014312744,117.257263184,26.1576395829
S11_ABS,1908,3,441.216247559,336.735656738,104.48059082,23.6801322251
S11_ABS,1908,4,427.881378174,330.586364746,97.2950134277,22.7387819126
S11_ABS,1908,5,437.267883301,339.769622803,97.498260498,22.2971464911
S11_ABS,1908,6,448.271575928,331.014312744,117.257263184,26.1576395829
S11_ABS,1908,7,441.216247559,336.735656738,104.48059082,23.6801322251
S11_ABS,1908,8,427.881378174,330.586364746,97.2950134277,22.7387819126
S11_ABS,1909,1,448.271575928,331.014312744,117.257263184,26.1576395829
S11_ABS,1909,2,437.267883301,339.769622803,97.498260498,22.2971464911
S11_ABS,1909,3,427.881378174,330.586364746,97.2950134277,22.7387819126
S11_ABS,1909,4,441.216247559,336.735656738,104.48059082,23.6801322251
S11_ABS,1909,5,448.271575928,331.014312744,117.257263184,26.1576395829
S11_ABS,1909,6,437.267883301,339.769622803,97.498260498,22.2971464911
S11_ABS,1909,7,427.881378174,330.586364746,97.2950134277,22.7387819126
S11_ABS,1909,8,441.216247559,336.735656738,104.48059082,23.6801322251
S11_ABS,1910,1,542.121765137,419.771972656,122.34979248,22.5686921922
S11_ABS,1910,2,519.890869141,395.903991699,123.986877441,23.8486353196
S11_ABS,1910,3,484.811889648,388.746124268,96.0657653809,19.815059703
S11_ABS,1910,4,458.502838135,365.460449219,93.042388916,20.2926527771
S11_ABS,1910,5,542.121765137,419.771972656,122.34979248,22.5686921922
S11_ABS,1910,6,519.890869141,395.903991699,123.986877441,23.8486353196
S11_ABS,1910,7,484.811889648,388.746124268,96.0657653809,19.815059703
S11_ABS,1910,8,458.502838135,365.460449219,93.042388916,20.2926527771
S11_ABS,1911,1,331.367431641,275.029602051,56.3378295898,17.0016194141
S11_ABS,1911,2,345.036560059,272.842987061,72.193572998,20.9234560493
S11_ABS,1911,3,339.165740967,279.613983154,59.5517578125,17.5583057542
S11_ABS,1911,4,352.670776367,279.013641357,73.6571350098,20.8855226873
S11_ABS,1911,5,331.367431641,275.029602051,56.3378295898,17.0016194141
S11_ABS,1911,6,345.036560059,272.842987061,72.193572998,20.9234560493
S11_ABS,1911,7,339.165740967,279.613983154,59.5517578125,17.5583057542
S11_ABS,1911,8,352.670776367,279.013641357,73.6571350098,20.8855226873
S11_ABS,1912,1,263.792694092,212.886306763,50.9063873291,19.2978761237
S11_ABS,1912,2,258.193756104,213.848327637,44.3454284668,17.1752520805
S11_ABS,1912,3,291.512512207,226.667907715,64.8446044922,22.2441925395
S11_ABS,1912,4,284.541107178,227.407424927,57.133682251,20.0792366409
S11_ABS,1912,5,263.792694092,212.886306763,50.9063873291,19.2978761237
S11_ABS,1912,6,258.193756104,213.848327637,44.3454284668,17.1752520805
S11_ABS,1912,7,291.512512207,226.667907715,64.8446044922,22.2441925395
S11_ABS,1912,8,284.541107178,227.407424927,57.133682251,20.0792366409
S11_ABS,1987,1,325.577270508,278.63104248,46.9462280273,14.4193812898
S11_ABS,1987,2,328.482574463,282.273132324,46.2094421387,14.0675474838
S11_ABS,1987,3,322.496459961,276.854095459,45.642364502,14.1528265171
S11_ABS,1987,4,325.011932373,279.8956604,45.1162719727,13.8814201815
S11_ABS,1987,5,325.577270508,278.63104248,46.9462280273,14.4193812898
S11_ABS,1987,6,328.482574463,282.273132324,46.2094421387,14.0675474838
S11_ABS,1987,7,322.496459961,276.854095459,45.642364502,14.1528265171
S11_ABS,1987,8,325.011932373,279.8956604,45.1162719727,13.8814201815
S11_ABS,1988,1,407.998626709,339.941741943,68.0568847656,16.6806651568
S11_ABS,1988,2,418.305419922,350.049835205,68.2555847168,16.3171647954
S11_ABS,1988,3,364.884552002,321.303771973,43.5807800293,11.9437174827
S11_ABS,1988,4,377.992340088,331.71484375,46.2774963379,12.2429719944
S11_ABS,1988,5,407.998626709,339.941741943,68.0568847656,16.6806651568
S11_ABS,1988,6,418.305419922,350.049835205,68.2555847168,16.3171647954
S11_ABS,1988,7,364.884552002,321.303771973,43.5807800293,11.9437174827
S11_ABS,1988,8,377.992340088,331.71484375,46.2774963379,12.2429719944
S11_ABS,1989,1,418.305419922,350.049835205,68.2555847168,16.3171647954
S11_ABS,1989,2,407.998626709,339.941741943,68.0568847656,16.6806651568
S11_ABS,1989,3,377.992340088,331.71484375,46.2774963379,12.2429719944
S11_ABS,1989,4,364.884552002,321.303771973,43.5807800293,11.9437174827
S11_ABS,1989,5,418.305419922,350.049835205,68.2555847168,16.3171647954
S11_ABS,1989,6,407.998626709,339.941741943,68.0568847656,16.6806651568
S11_ABS,1989,7,377.992340088,331.71484375,46.2774963379,12.2429719944
S11_ABS,1989,8,364.884552002,321.303771973,43.5807800293,11.9437174827
S11_ABS,1990,1,328.482574463,282.273132324,46.2094421387,14.0675474838
S11_ABS,1990,2,325.577270508,278.63104248,46.9462280273,14.4193812898
S11_ABS,1990,3,325.011932373,279.8956604,45.1162719727,13.8814201815
S11_ABS,1990,4,322.496459961,276.854095459,45.642364502,14.1528265171
S11_ABS,1990,5,328.482574463,282.273132324,46.2094421387,14.0675474838
S11_ABS,1990,6,325.577270508,278.63104248,46.9462280273,14.4193812898
S11_ABS,1990,7,325.011932373,279.8956604,45.1162719727,13.8814201815
S11_ABS,1990,8,322.496459961,276.854095459,45.642364502,14.1528265171
MISES,1159,1,292.941089595,259.241192695,33.6998969001,11.5039842812
MISES,1159,2,296.676866521,263.886963365,32.789903156,11.0523963464
MISES,1159,3,298.980119866,264.612672376,34.3674474906,11.4948938766
MISES,1159,4,303.344001784,270.426803935,32.9171978491,10.8514418138
MISES,1159,5,292.941089595,259.241192695,33.6998969001,11.5039842812
MISES,1159,6,296.676866521,263.886963365,32.789903156,11.0523963464
MISES,1159,7,298.980119866,264.612672376,34.3674474906,11.4948938766
MISES,1159,8,303.344001784,270.426803935,32.9171978491,10.8514418138
MISES,1160,1,324.314548802,288.664074091,35.6504747106,10.9925610313
MISES,1160,2,337.378225323,295.892653484,41.4855718392,12.2964580181
MISES,1160,3,393.114279898,321.114864561,71.9994153367,18.315136086
MISES,1160,4,399.198999157,325.0616984,74.1373007569,18.5715146865
MISES,1160,5,324.314548802,288.664074091,35.6504747106,10.9925610313
MISES,1160,6,337.378225323,295.892653484,41.4855718392,12.2964580181
MISES,1160,7,393.114279898,321.114864561,71.9994153367,18.315136086
MISES,1160,8,399.198999157,325.0616984,74.1373007569,18.5715146865
MISES,1161,1,337.378225323,295.892653484,41.4855718392,12.2964580181
MISES,1161,2,324.314548802,288.664074091,35.6504747106,10.9925610313
MISES,1161,3,399.198999157,325.0616984,74.1373007569,18.5715146865
MISES,1161,4,393.114279898,321.114864561,71.9994153367,18.315136086
MISES,1161,5,337.378225323,295.892653484,41.4855718392,12.2964580181
MISES,1161,6,324.314548802,288.664074091,35.6504747106,10.9925610313
MISES,1161,7,399.198999157,325.0616984,74.1373007569,18.5715146865
MISES,1161,8,393.114279898,321.114864561,71.9994153367,18.315136086
MISES,1162,1,296.676866521,263.886963365,32.789903156,11.0523963464
MISES,1162,2,292.941089595,259.241192695,33.6998969001,11.5039842812
MISES,1162,3,303.344001784,270.426803935,32.9171978491,10.8514418138
MISES,1162,4,298.980119866,264.612672376,34.3674474906,11.4948938766
MISES,1162,5,296.676866521,263.886963365,32.789903156,11.0523963464
MISES,1162,6,292.941089595,259.241192695,33.6998969001,11.5039842812
MISES,1162,7,303.344001784,270.426803935,32.9171978491,10.8514418138
MISES,1162,8,298.980119866,264.612672376,34.3674474906,11.4948938766
MISES,1237,1,309.976431678,251.068178859,58.9082528189,19.0041070219
MISES,1237,2,325.242237732,256.172639112,69.0695986206,21.2363557397
MISES,1237,3,271.011305061,234.005756231,37.0055488305,13.6546144532
MISES,1237,4,283.952843355,239.283212585,44.6696307699,15.7313553343
MISES,1237,5,309.976431678,251.068178859,58.9082528189,19.0041070219
MISES,1237,6,325.242237732,256.172639112,69.0695986206,21.2363557397
MISES,1237,7,271.011305061,234.005756231,37.0055488305,13.6546144532
MISES,1237,8,283.952843355,239.283212585,44.6696307699,15.7313553343
MISES,1238,1,339.68980775,264.594996378,75.0948113728,22.1068779985
MISES,1238,2,326.127979825,269.631942576,56.4960372495,17.3232720724
MISES,1238,3,321.324342957,250.451043078,70.8732998781,22.0566232941
MISES,1238,4,305.896678143,256.398941887,49.4977362555,16.1811944334
MISES,1238,5,339.68980775,264.594996378,75.0948113728,22.1068779985
MISES,1238,6,326.127979825,269.631942576,56.4960372495,17.3232720724
MISES,1238,7,321.324342957,250.451043078,70.8732998781,22.0566232941
MISES,1238,8,305.896678143,256.398941887,49.4977362555,16.1811944334
MISES,1239,1,393.792620816,308.801562292,84.9910585237,21.5826945532
MISES,1239,2,394.722513556,309.42943495,85.2930786067,21.6083642755
MISES,1239,3,498.122226452,364.709985561,133.412240891,26.7830331205
MISES,1239,4,489.839470108,365.055542986,124.783927123,25.4744533133
MISES,1239,5,393.792620816,308.801562292,84.9910585237,21.5826945532
MISES,1239,6,394.722513556,309.42943495,85.2930786067,21.6083642755
MISES,1239,7,498.122226452,364.709985561,133.412240891,26.7830331205
MISES,1239,8,489.839470108,365.055542986,124.783927123,25.4744533133
MISES,1240,1,451.34084365,342.140188216,109.200655434,24.1947204581
MISES,1240,2,430.031872649,330.799320233,99.232552416,23.0756273494
MISES,1240,3,443.150615232,344.361548425,98.7890668072,22.2924358924
MISES,1240,4,460.246038477,331.147887307,129.09815117,28.0498125736
MISES,1240,5,451.34084365,342.140188216,109.200655434,24.1947204581
MISES,1240,6,430.031872649,330.799320233,99.232552416,23.0756273494
MISES,1240,7,443.150615232,344.361548425,98.7890668072,22.2924358924
MISES,1240,8,460.246038477,331.147887307,129.09815117,28.0498125736
MISES,1241,1,430.031872649,330.799320233,99.232552416,23.0756273494
MISES,1241,2,451.34084365,342.140188216,109.200655434,24.1947204581
MISES,1241,3,460.246038477,331.147887307,129.09815117,28.0498125736
MISES,1241,4,443.150615232,344.361548425,98.7890668072,22.2924358924
MISES,1241,5,430.031872649,330.799320233,99.232552416,23.0756273494
MISES,1241,6,451.34084365,342.140188216,109.200655434,24.1947204581
MISES,1241,7,460.246038477,331.147887307,129.09815117,28.0498125736
MISES,1241,8,443.150615232,344.361548425,98.7890668072,22.2924358924
MISES,1242,1,394.722513556,309.42943495,85.2930786067,21.6083642755
MISES,1242,2,393.792620816,308.801562292,84.9910585237,21.5826945532
MISES,1242,3,489.839470108,365.055542986,124.783927123,25.4744533133
MISES,1242,4,498.122226452,364.709985561,133.412240891,26.7830331205
MISES,1242,5,394.722513556,309.42943495,85.2930786067,21.6083642755
MISES,1242,6,393.792620816,308.801562292,84.9910585237,21.5826945532
MISES,1242,7,489.839470108,365.055542986,124.783927123,25.4744533133
MISES,1242,8,498.122226452,364.709985561,133.412240891,26.7830331205
MISES,1243,1,326.127979825,269.631942576,56.4960372495,17.3232720724
MISES,1243,2,339.68980775,264.594996378,75.0948113728,22.1068779985
MISES,1243,3,305.896678143,256.398941887,49.4977362555,16.1811944334
MISES,1243,4,321.324342957,250.451043078,70.8732998781,22.0566232941
MISES,1243,5,326.127979825,269.631942576,56.4960372495,17.3232720724
MISES,1243,6,339.68980775,264.594996378,75.0948113728,22.1068779985
MISES,1243,7,305.896678143,256.398941887,49.4977362555,16.1811944334
MISES,1243,8,321.324342957,250.451043078,70.8732998781,22.0566232941
MISES,1244,1,325.242237732,256.172639112,69.0695986206,21.2363557397
MISES,1244,2,309.976431678,251.068178859,58.9082528189,19.0041070219
MISES,1244,3,283.952843355,239.283212585,44.6696307699,15.7313553343
MISES,1244,4,271.011305061,234.005756231,37.0055488305,13.6546144532
MISES,1244,5,325.242237732,256.172639112,69.0695986206,21.2363557397
MISES,1244,6,309.976431678,251.068178859,58.9082528189,19.0041070219
MISES,1244,7,283.952843355,239.283212585,44.6696307699,15.7313553343
MISES,1244,8,271.011305061,234.005756231,37.0055488305,13.6546144532
MISES,1316,1,254.650389571,209.068450431,45.58193914,17.8998112733
MISES,1316,2,263.225146718,211.069095581,52.1560511369,19.814235755
MISES,1316,3,212.901360911,198.229468443,14.6718924677,6.8914037961
MISES,1316,4,218.769034885,201.558197312,17.2108375724,7.86712689093
MISES,1316,5,254.650389571,209.068450431,45.58193914,17.8998112733
MISES,1316,6,263.225146718,211.069095581,52.1560511369,19.814235755
MISES,1316,7,212.901360911,198.229468443,14.6718924677,6.8914037961
MISES,1316,8,218.769034885,201.558197312,17.2108375724,7.86712689093
MISES,1317,1,252.799749452,208.482439085,44.3173103666,17.5305990068
MISES,1317,2,267.045478659,214.129149255,52.9163294043,19.8154747536
MISES,1317,3,196.625049257,190.788467609,5.83658164826,2.9683815314
MISES,1317,4,207.861326723,203.259221649,4.60210507315,2.21402660404
MISES,1317,5,252.799749452,208.482439085,44.3173103666,17.5305990068
MISES,1317,6,267.045478659,214.129149255,52.9163294043,19.8154747536
MISES,1317,7,196.625049257,190.788467609,5.83658164826,2.9683815314
MISES,1317,8,207.861326723,203.259221649,4.60210507315,2.21402660404
MISES,1318,1,264.476591249,227.947278238,36.5293130106,13.8119267335
MISES,1318,2,376.278797921,244.418095985,131.860701936,35.0433515426
MISES,1318,3,144.516913355,151.676576347,7.15966299215,4.95420420069
MISES,1318,4,241.032428851,234.429613057,6.60281579394,2.73938897991
MISES,1318,5,264.476591249,227.947278238,36.5293130106,13.8119267335
MISES,1318,6,376.278797921,244.418095985,131.860701936,35.0433515426
MISES,1318,7,144.516913355,151.676576347,7.15966299215,4.95420420069
MISES,1318,8,241.032428851,234.429613057,6.60281579394,2.73938897991
MISES,1319,1,376.278797921,244.418095985,131.860701936,35.0433515426
MISES,1319,2,264.476591249,227.947278238,36.5293130106,13.8119267335
MISES,1319,3,241.032428851,234.429613057,6.60281579394,2.73938897991
MISES,1319,4,144.516913355,151.676576347,7.15966299215,4.95420420069
MISES,1319,5,376.278797921,244.418095985,131.860701936,35.0433515426
MISES,1319,6,264.476591249,227.947278238,36.5293130106,13.8119267335
MISES,1319,7,241.032428851,234.429613057,6.60281579394,2.73938897991
MISES,1319,8,144.516913355,151.676576347,7.15966299215,4.95420420069
MISES,1320,1,267.045478659,214.129149255,52.9163294043,19.8154747536
MISES,1320,2,252.799749452,208.482439085,44.3173103666,17.5305990068
MISES,1320,3,207.861326723,203.259221649,4.60210507315,2.21402660404
MISES,1320,4,196.625049257,190.788467609,5.83658164826,2.9683815314
MISES,1320,5,267.045478659,214.129149255,52.9163294043,19.8154747536
MISES,1320,6,252.799749452,208.482439085,44.3173103666,17.5305990068
MISES,1320,7,207.861326723,203.259221649,4.60210507315,2.21402660404
MISES,1320,8,196.625049257,190.788467609,5.83658164826,2.9683815314
MISES,1321,1,263.225146718,211.069095581,52.1560511369,19.814235755
MISES,1321,2,254.650389571,209.068450431,45.58193914,17.8998112733
MISES,1321,3,218.769034885,201.558197312,17.2108375724,7.86712689093
MISES,1321,4,212.901360911,198.229468443,14.6718924677,6.8914037961
MISES,1321,5,263.225146718,211.069095581,52.1560511369,19.814235755
MISES,1321,6,254.650389571,209.068450431,45.58193914,17.8998112733
MISES,1321,7,218.769034885,201.558197312,17.2108375724,7.86712689093
MISES,1321,8,212.901360911,198.229468443,14.6718924677,6.8914037961
MISES,1392,1,188.541367027,171.513639084,17.0277279433,9.03129547207
MISES,1392,2,193.308154972,176.598335898,16.7098190733,8.64413561638
MISES,1392,3,170.708333677,155.905242936,14.8030907414,8.67156888157
MISES,1392,4,181.794371474,167.999700658,13.7946708152,7.58806265746
MISES,1392,5,188.541367027,171.513639084,17.0277279433,9.03129547207
MISES,1392,6,193.308154972,176.598335898,16.7098190733,8.64413561638
MISES,1392,7,170.708333677,155.905242936,14.8030907414,8.67156888157
MISES,1392,8,181.794371474,167.999700658,13.7946708152,7.58806265746
MISES,1393,1,151.960594887,143.273444172,8.68715071536,5.71671275821
MISES,1393,2,168.784301004,150.409782471,18.374518533,10.8863907506
MISES,1393,3,76.7401771307,72.6869929436,4.05318418706,5.28169772159
MISES,1393,4,110.632214221,102.726115249,7.90609897236,7.14629010006
MISES,1393,5,151.960594887,143.273444172,8.68715071536,5.71671275821
MISES,1393,6,168.784301004,150.409782471,18.374518533,10.8863907506
MISES,1393,7,76.7401771307,72.6869929436,4.05318418706,5.28169772159
MISES,1393,8,110.632214221,102.726115249,7.90609897236,7.14629010006
MISES,1394,1,168.784301004,150.409782471,18.374518533,10.8863907506
MISES,1394,2,151.960594887,143.273444172,8.68715071536,5.71671275821
MISES,1394,3,110.632214221,102.726115249,7.90609897236,7.14629010006
MISES,1394,4,76.7401771307,72.6869929436,4.05318418706,5.28169772159
MISES,1394,5,168.784301004,150.409782471,18.374518533,10.8863907506
MISES,1394,6,151.960594887,143.273444172,8.68715071536,5.71671275821
MISES,1394,7,110.632214221,102.726115249,7.90609897236,7.14629010006
MISES,1394,8,76.7401771307,72.6869929436,4.05318418706,5.28169772159
MISES,1395,1,193.308154972,176.598335898,16.7098190733,8.64413561638
MISES,1395,2,188.541367027,171.513639084,17.0277279433,9.03129547207
MISES,1395,3,181.794371474,167.999700658,13.7946708152,7.58806265746
MISES,1395,4,170.708333677,155.905242936,14.8030907414,8.67156888157
MISES,1395,5,193.308154972,176.598335898,16.7098190733,8.64413561638
MISES,1395,6,188.541367027,171.513639084,17.0277279433,9.03129547207
MISES,1395,7,181.794371474,167.999700658,13.7946708152,7.58806265746
MISES,1395,8,170.708333677,155.905242936,14.8030907414,8.67156888157
MISES,1465,1,130.213267966,114.828262448,15.385005518,11.8152364643
MISES,1465,2,142.316654688,124.768865572,17.5477891158,12.330102302
MISES,1465,3,119.864292164,105.401718196,14.4625739678,12.0657901588
MISES,1465,4,134.485423506,117.656432826,16.8289906807,12.5136168976
MISES,1465,5,130.213267966,114.828262448,15.385005518,11.8152364643
MISES,1465,6,142.316654688,124.768865572,17.5477891158,12.330102302
MISES,1465,7,119.864292164,105.401718196,14.4625739678,12.0657901588
MISES,1465,8,134.485423506,117.656432826,16.8289906807,12.5136168976
MISES,1466,1,125.233127077,108.051823194,17.1813038832,13.719456093
MISES,1466,2,151.577239235,141.720388883,9.85685035253,6.50285649895
MISES,1466,3,125.096665111,113.679721589,11.4169435222,9.12649710691
MISES,1466,4,153.993483613,148.398847246,5.59463636712,3.63303448683
MISES,1466,5,125.233127077,108.051823194,17.1813038832,13.719456093
MISES,1466,6,151.577239235,141.720388883,9.85685035253,6.50285649895
MISES,1466,7,125.096665111,113.679721589,11.4169435222,9.12649710691
MISES,1466,8,153.993483613,148.398847246,5.59463636712,3.63303448683
MISES,1467,1,151.577239235,141.720388883,9.85685035253,6.50285649895
MISES,1467,2,125.233127077,108.051823194,17.1813038832,13.719456093
MISES,1467,3,153.993483613,148.398847246,5.59463636712,3.63303448683
MISES,1467,4,125.096665111,113.679721589,11.4169435222,9.12649710691
MISES,1467,5,151.577239235,141.720388883,9.85685035253,6.50285649895
MISES,1467,6,125.233127077,108.051823194,17.1813038832,13.719456093
MISES,1467,7,153.993483613,148.398847246,5.59463636712,3.63303448683
MISES,1467,8,125.096665111,113.679721589,11.4169435222,9.12649710691
MISES,1468,1,142.316654688,124.768865572,17.5477891158,12.330102302
MISES,1468,2,130.213267966,114.828262448,15.385005518,11.8152364643
MISES,1468,3,134.485423506,117.656432826,16.8289906807,12.5136168976
MISES,1468,4,119.864292164,105.401718196,14.4625739678,12.0657901588
MISES,1468,5,142.316654688,124.768865572,17.5477891158,12.330102302
MISES,1468,6,130.213267966,114.828262448,15.385005518,11.8152364643
MISES,1468,7,134.485423506,117.656432826,16.8289906807,12.5136168976
MISES,1468,8,119.864292164,105.401718196,14.4625739678,12.0657901588
MISES,1537,1,76.7156012198,67.6296382679,9.08596295187,11.8436964677
MISES,1537,2,101.432733981,93.8397417816,7.59299219984,7.48574143849
MISES,1537,3,71.1614955088,64.6204808394,6.54101466945,9.19178921506
MISES,1537,4,102.395141647,96.4458853666,5.94925628043,5.81009624552
MISES,1537,5,76.7156012198,67.6296382679,9.08596295187,11.8436964677
MISES,1537,6,101.432733981,93.8397417816,7.59299219984,7.48574143849
MISES,1537,7,71.1614955088,64.6204808394,6.54101466945,9.19178921506
MISES,1537,8,102.395141647,96.4458853666,5.94925628043,5.81009624552
MISES,1538,1,120.081259643,118.440205212,1.64105443178,1.36661993441
MISES,1538,2,155.214720223,150.092905124,5.12181509888,3.29982561674
MISES,1538,3,120.576499804,116.009223134,4.56727666941,3.78786635608
MISES,1538,4,155.759237341,148.795514977,6.96372236415,4.47082464131
MISES,1538,5,120.081259643,118.440205212,1.64105443178,1.36661993441
MISES,1538,6,155.214720223,150.092905124,5.12181509888,3.29982561674
MISES,1538,7,120.576499804,116.009223134,4.56727666941,3.78786635608
MISES,1538,8,155.759237341,148.795514977,6.96372236415,4.47082464131
MISES,1539,1,155.214720223,150.092905124,5.12181509888,3.29982561674
MISES,1539,2,120.081259643,118.440205212,1.64105443178,1.36661993441
MISES,1539,3,155.759237341,148.795514977,6.96372236415,4.47082464131
MISES,1539,4,120.576499804,116.009223134,4.56727666941,3.78786635608
MISES,1539,5,155.214720223,150.092905124,5.12181509888,3.29982561674
MISES,1539,6,120.081259643,118.440205212,1.64105443178,1.36661993441
MISES,1539,7,155.759237341,148.795514977,6.96372236415,4.47082464131
MISES,1539,8,120.576499804,116.009223134,4.56727666941,3.78786635608
MISES,1540,1,101.432733981,93.8397417816,7.59299219984,7.48574143849
MISES,1540,2,76.7156012198,67.6296382679,9.08596295187,11.8436964677
MISES,1540,3,102.395141647,96.4458853666,5.94925628043,5.81009624552
MISES,1540,4,71.1614955088,64.6204808394,6.54101466945,9.19178921506
MISES,1540,5,101.432733981,93.8397417816,7.59299219984,7.48574143849
MISES,1540,6,76.7156012198,67.6296382679,9.08596295187,11.8436964677
MISES,1540,7,102.395141647,96.4458853666,5.94925628043,5.81009624552
MISES,1540,8,71.1614955088,64.6204808394,6.54101466945,9.19178921506
MISES,1609,1,71.1614955088,64.6204808394,6.54101466945,9.19178921506
MISES,1609,2,102.395141647,96.4458853666,5.94925628043,5.81009624552
MISES,1609,3,76.7156012198,67.6296382679,9.08596295187,11.8436964677
MISES,1609,4,101.432733981,93.8397417816,7.59299219984,7.48574143849
MISES,1609,5,71.1614955088,64.6204808394,6.54101466945,9.19178921506
MISES,1609,6,102.395141647,96.4458853666,5.94925628043,5.81009624552
MISES,1609,7,76.7156012198,67.6296382679,9.08596295187,11.8436964677
MISES,1609,8,101.432733981,93.8397417816,7.59299219984,7.48574143849
MISES,1610,1,120.576499804,116.009223134,4.56727666941,3.78786635608
MISES,1610,2,155.759237341,148.795514977,6.96372236415,4.47082464131
MISES,1610,3,120.081259643,118.440205212,1.64105443178,1.36661993441
MISES,1610,4,155.214720223,150.092905124,5.12181509888,3.29982561674
MISES,1610,5,120.576499804,116.009223134,4.56727666941,3.78786635608
MISES,1610,6,155.759237341,148.795514977,6.96372236415,4.47082464131
MISES,1610,7,120.081259643,118.440205212,1.64105443178,1.36661993441
MISES,1610,8,155.214720223,150.092905124,5.12181509888,3.29982561674
MISES,1611,1,155.759237341,148.795514977,6.96372236415,4.47082464131
MISES,1611,2,120.576499804,116.009223134,4.56727666941,3.78786635608
MISES,1611,3,155.214720223,150.092905124,5.12181509888,3.29982561674
MISES,1611,4,120.081259643,118.440205212,1.64105443178,1.36661993441
MISES,1611,5,155.759237341,148.795514977,6.96372236415,4.47082464131
MISES,1611,6,120.576499804,116.009223134,4.56727666941,3.78786635608
MISES,1611,7,155.214720223,150.092905124,5.12181509888,3.29982561674
MISES,1611,8,120.081259643,118.440205212,1.64105443178,1.36661993441
MISES,1612,1,102.395141647,96.4458853666,5.94925628043,5.81009624552
MISES,1612,2,71.1614955088,64.6204808394,6.54101466945,9.19178921506
MISES,1612,3,101.432733981,93.8397417816,7.59299219984,7.48574143849
MISES,1612,4,76.7156012198,67.6296382679,9.08596295187,11.8436964677
MISES,1612,5,102.395141647,96.4458853666,5.94925628043,5.81009624552
MISES,1612,6,71.1614955088,64.6204808394,6.54101466945,9.19178921506
MISES,1612,7,101.432733981,93.8397417816,7.59299219984,7.48574143849
MISES,1612,8,76.7156012198,67.6296382679,9.08596295187,11.8436964677
MISES,1681,1,119.864292164,105.401718196,14.4625739678,12.0657901588
MISES,1681,2,134.485423506,117.656432826,16.8289906807,12.5136168976
MISES,1681,3,130.213267966,114.828262448,15.385005518,11.8152364643
MISES,1681,4,142.316654688,124.768865572,17.5477891158,12.330102302
MISES,1681,5,119.864292164,105.401718196,14.4625739678,12.0657901588
MISES,1681,6,134.485423506,117.656432826,16.8289906807,12.5136168976
MISES,1681,7,130.213267966,114.828262448,15.385005518,11.8152364643
MISES,1681,8,142.316654688,124.768865572,17.5477891158,12.330102302
MISES,1682,1,125.096665111,113.679721589,11.4169435222,9.12649710691
MISES,1682,2,153.993483613,148.398847246,5.59463636712,3.63303448683
MISES,1682,3,125.233127077,108.051823194,17.1813038832,13.719456093
MISES,1682,4,151.577239235,141.720388883,9.85685035253,6.50285649895
MISES,1682,5,125.096665111,113.679721589,11.4169435222,9.12649710691
MISES,1682,6,153.993483613,148.398847246,5.59463636712,3.63303448683
MISES,1682,7,125.233127077,108.051823194,17.1813038832,13.719456093
MISES,1682,8,151.577239235,141.720388883,9.85685035253,6.50285649895
MISES,1683,1,153.993483613,148.398847246,5.59463636712,3.63303448683
MISES,1683,2,125.096665111,113.679721589,11.4169435222,9.12649710691
MISES,1683,3,151.577239235,141.720388883,9.85685035253,6.50285649895
MISES,1683,4,125.233127077,108.051823194,17.1813038832,13.719456093
MISES,1683,5,153.993483613,148.398847246,5.59463636712,3.63303448683
MISES,1683,6,125.096665111,113.679721589,11.4169435222,9.12649710691
MISES,1683,7,151.577239235,141.720388883,9.85685035253,6.50285649895
MISES,1683,8,125.233127077,108.051823194,17.1813038832,13.719456093
MISES,1684,1,134.485423506,117.656432826,16.8289906807,12.5136168976
MISES,1684,2,119.864292164,105.401718196,14.4625739678,12.0657901588
MISES,1684,3,142.316654688,124.768865572,17.5477891158,12.330102302
MISES,1684,4,130.213267966,114.828262448,15.385005518,11.8152364643
MISES,1684,5,134.485423506,117.656432826,16.8289906807,12.5136168976
MISES,1684,6,119.864292164,105.401718196,14.4625739678,12.0657901588
MISES,1684,7,142.316654688,124.768865572,17.5477891158,12.330102302
MISES,1684,8,130.213267966,114.828262448,15.385005518,11.8152364643
MISES,1754,1,170.708333677,155.905242936,14.8030907414,8.67156888157
MISES,1754,2,181.794371474,167.999700658,13.7946708152,7.58806265746
MISES,1754,3,188.541367027,171.513639084,17.0277279433,9.03129547207
MISES,1754,4,193.308154972,176.598335898,16.7098190733,8.64413561638
MISES,1754,5,170.708333677,155.905242936,14.8030907414,8.67156888157
MISES,1754,6,181.794371474,167.999700658,13.7946708152,7.58806265746
MISES,1754,7,188.541367027,171.513639084,17.0277279433,9.03129547207
MISES,1754,8,193.308154972,176.598335898,16.7098190733,8.64413561638
MISES,1755,1,76.7401771307,72.6869929436,4.05318418706,5.28169772159
MISES,1755,2,110.632214221,102.726115249,7.90609897236,7.14629010006
MISES,1755,3,151.960594887,143.273444172,8.68715071536,5.71671275821
MISES,1755,4,168.784301004,150.409782471,18.374518533,10.8863907506
MISES,1755,5,76.7401771307,72.6869929436,4.05318418706,5.28169772159
MISES,1755,6,110.632214221,102.726115249,7.90609897236,7.14629010006
MISES,1755,7,151.960594887,143.273444172,8.68715071536,5.71671275821
MISES,1755,8,168.784301004,150.409782471,18.374518533,10.8863907506
MISES,1756,1,110.632214221,102.726115249,7.90609897236,7.14629010006
MISES,1756,2,76.7401771307,72.6869929436,4.05318418706,5.28169772159
MISES,1756,3,168.784301004,150.409782471,18.374518533,10.8863907506
MISES,1756,4,151.960594887,143.273444172,8.68715071536,5.71671275821
MISES,1756,5,110.632214221,102.726115249,7.90609897236,7.14629010006
MISES,1756,6,76.7401771307,72.6869929436,4.05318418706,5.28169772159
MISES,1756,7,168.784301004,150.409782471,18.374518533,10.8863907506
MISES,1756,8,151.960594887,143.273444172,8.68715071536,5.71671275821
MISES,1757,1,181.794371474,167.999700658,13.7946708152,7.58806265746
MISES,1757,2,170.708333677,155.905242936,14.8030907414,8.67156888157
MISES,1757,3,193.308154972,176.598335898,16.7098190733,8.64413561638
MISES,1757,4,188.541367027,171.513639084,17.0277279433,9.03129547207
MISES,1757,5,181.794371474,167.999700658,13.7946708152,7.58806265746
MISES,1757,6,170.708333677,155.905242936,14.8030907414,8.67156888157
MISES,1757,7,193.308154972,176.598335898,16.7098190733,8.64413561638
MISES,1757,8,188.541367027,171.513639084,17.0277279433,9.03129547207
MISES,1828,1,212.901360911,198.229468443,14.6718924677,6.8914037961
MISES,1828,2,218.769034885,201.558197312,17.2108375724,7.86712689093
MISES,1828,3,254.650389571,209.068450431,45.58193914,17.8998112733
MISES,1828,4,263.225146718,211.069095581,52.1560511369,19.814235755
MISES,1828,5,212.901360911,198.229468443,14.6718924677,6.8914037961
MISES,1828,6,218.769034885,201.558197312,17.2108375724,7.86712689093
MISES,1828,7,254.650389571,209.068450431,45.58193914,17.8998112733
MISES,1828,8,263.225146718,211.069095581,52.1560511369,19.814235755
MISES,1829,1,196.625049257,190.788467609,5.83658164826,2.9683815314
MISES,1829,2,207.861326723,203.259221649,4.60210507315,2.21402660404
MISES,1829,3,252.799749452,208.482439085,44.3173103666,17.5305990068
MISES,1829,4,267.045478659,214.129149255,52.9163294043,19.8154747536
MISES,1829,5,196.625049257,190.788467609,5.83658164826,2.9683815314
MISES,1829,6,207.861326723,203.259221649,4.60210507315,2.21402660404
MISES,1829,7,252.799749452,208.482439085,44.3173103666,17.5305990068
MISES,1829,8,267.045478659,214.129149255,52.9163294043,19.8154747536
MISES,1830,1,144.516913355,151.676576347,7.15966299215,4.95420420069
MISES,1830,2,241.032428851,234.429613057,6.60281579394,2.73938897991
MISES,1830,3,264.476591249,227.947278238,36.5293130106,13.8119267335
MISES,1830,4,376.278797921,244.418095985,131.860701936,35.0433515426
MISES,1830,5,144.516913355,151.676576347,7.15966299215,4.95420420069
MISES,1830,6,241.032428851,234.429613057,6.60281579394,2.73938897991
MISES,1830,7,264.476591249,227.947278238,36.5293130106,13.8119267335
MISES,1830,8,376.278797921,244.418095985,131.860701936,35.0433515426
MISES,1831,1,241.032428851,234.429613057,6.60281579394,2.73938897991
MISES,1831,2,144.516913355,151.676576347,7.15966299215,4.95420420069
MISES,1831,3,376.278797921,244.418095985,131.860701936,35.0433515426
MISES,1831,4,264.476591249,227.947278238,36.5293130106,13.8119267335
MISES,1831,5,241.032428851,234.429613057,6.60281579394,2.73938897991
MISES,1831,6,144.516913355,151.676576347,7.15966299215,4.95420420069
MISES,1831,7,376.278797921,244.418095985,131.860701936,35.0433515426
MISES,1831,8,264.476591249,227.947278238,36.5293130106,13.8119267335
MISES,1832,1,207.861326723,203.259221649,4.60210507315,2.21402660404
MISES,1832,2,196.625049257,190.788467609,5.83658164826,2.9683815314
MISES,1832,3,267.045478659,214.129149255,52.9163294043,19.8154747536
MISES,1832,4,252.799749452,208.482439085,44.3173103666,17.5305990068
MISES,1832,5,207.861326723,203.259221649,4.60210507315,2.21402660404
MISES,1832,6,196.625049257,190.788467609,5.83658164826,2.9683815314
MISES,1832,7,267.045478659,214.129149255,52.9163294043,19.8154747536
MISES,1832,8,252.799749452,208.482439085,44.3173103666,17.5305990068
MISES,1833,1,218.769034885,201.558197312,17.2108375724,7.86712689093
MISES,1833,2,212.901360911,198.229468443,14.6718924677,6.8914037961
MISES,1833,3,263.225146718,211.069095581,52.1560511369,19.814235755
MISES,1833,4,254.650389571,209.068450431,45.58193914,17.8998112733
MISES,1833,5,218.769034885,201.558197312,17.2108375724,7.86712689093
MISES,1833,6,212.901360911,198.229468443,14.6718924677,6.8914037961
MISES,1833,7,263.225146718,211.069095581,52.1560511369,19.814235755
MISES,1833,8,254.650389571,209.068450431,45.58193914,17.8998112733
MISES,1905,1,271.011305061,234.005756231,37.0055488305,13.6546144532
MISES,1905,2,283.952843355,239.283212585,44.6696307699,15.7313553343
MISES,1905,3,309.976431678,251.068178859,58.9082528189,19.0041070219
MISES,1905,4,325.242237732,256.172639112,69.0695986206,21.2363557397
MISES,1905,5,271.011305061,234.005756231,37.0055488305,13.6546144532
MISES,1905,6,283.952843355,239.283212585,44.6696307699,15.7313553343
MISES,1905,7,309.976431678,251.068178859,58.9082528189,19.0041070219
MISES,1905,8,325.242237732,256.172639112,69.0695986206,21.2363557397
MISES,1906,1,321.324342957,250.451043078,70.8732998781,22.0566232941
MISES,1906,2,305.896678143,256.398941887,49.4977362555,16.1811944334
MISES,1906,3,339.68980775,264.594996378,75.0948113728,22.1068779985
MISES,1906,4,326.127979825,269.631942576,56.4960372495,17.3232720724
MISES,1906,5,321.324342957,250.451043078,70.8732998781,22.0566232941
MISES,1906,6,305.896678143,256.398941887,49.4977362555,16.1811944334
MISES,1906,7,339.68980775,264.594996378,75.0948113728,22.1068779985
MISES,1906,8,326.127979825,269.631942576,56.4960372495,17.3232720724
MISES,1907,1,498.122226452,364.709985561,133.412240891,26.7830331205
MISES,1907,2,489.839470108,365.055542986,124.783927123,25.4744533133
MISES,1907,3,393.792620816,308.801562292,84.9910585237,21.5826945532
MISES,1907,4,394.722513556,309.42943495,85.2930786067,21.6083642755
MISES,1907,5,498.122226452,364.709985561,133.412240891,26.7830331205
MISES,1907,6,489.839470108,365.055542986,124.783927123,25.4744533133
MISES,1907,7,393.792620816,308.801562292,84.9910585237,21.5826945532
MISES,1907,8,394.722513556,309.42943495,85.2930786067,21.6083642755
MISES,1908,1,443.150615232,344.361548425,98.7890668072,22.2924358924
MISES,1908,2,460.246038477,331.147887307,129.09815117,28.0498125736
MISES,1908,3,451.34084365,342.140188216,109.200655434,24.1947204581
MISES,1908,4,430.031872649,330.799320233,99.232552416,23.0756273494
MISES,1908,5,443.150615232,344.361548425,98.7890668072,22.2924358924
MISES,1908,6,460.246038477,331.147887307,129.09815117,28.0498125736
MISES,1908,7,451.34084365,342.140188216,109.200655434,24.1947204581
MISES,1908,8,430.031872649,330.799320233,99.232552416,23.0756273494
MISES,1909,1,460.246038477,331.147887307,129.09815117,28.0498125736
MISES,1909,2,443.150615232,344.361548425,98.7890668072,22.2924358924
MISES,1909,3,430.031872649,330.799320233,99.232552416,23.0756273494
MISES,1909,4,451.34084365,342.140188216,109.200655434,24.1947204581
MISES,1909,5,460.246038477,331.147887307,129.09815117,28.0498125736
MISES,1909,6,443.150615232,344.361548425,98.7890668072,22.2924358924
MISES,1909,7,430.031872649,330.799320233,99.232552416,23.0756273494
MISES,1909,8,451.34084365,342.140188216,109.200655434,24.1947204581
MISES,1910,1,489.839470108,365.055542986,124.783927123,25.4744533133
MISES,1910,2,498.122226452,364.709985561,133.412240891,26.7830331205
MISES,1910,3,394.722513556,309.42943495,85.2930786067,21.6083642755
MISES,1910,4,393.792620816,308.801562292,84.9910585237,21.5826945532
MISES,1910,5,489.839470108,365.055542986,124.783927123,25.4744533133
MISES,1910,6,498.122226452,364.709985561,133.412240891,26.7830331205
MISES,1910,7,394.722513556,309.42943495,85.2930786067,21.6083642755
MISES,1910,8,393.792620816,308.801562292,84.9910585237,21.5826945532
MISES,1911,1,305.896678143,256.398941887,49.4977362555,16.1811944334
MISES,1911,2,321.324342957,250.451043078,70.8732998781,22.0566232941
MISES,1911,3,326.127979825,269.631942576,56.4960372495,17.3232720724
MISES,1911,4,339.68980775,264.594996378,75.0948113728,22.1068779985
MISES,1911,5,305.896678143,256.398941887,49.4977362555,16.1811944334
MISES,1911,6,321.324342957,250.451043078,70.8732998781,22.0566232941
MISES,1911,7,326.127979825,269.631942576,56.4960372495,17.3232720724
MISES,1911,8,339.68980775,264.594996378,75.0948113728,22.1068779985
MISES,1912,1,283.952843355,239.283212585,44.6696307699,15.7313553343
MISES,1912,2,271.011305061,234.005756231,37.0055488305,13.6546144532
MISES,1912,3,325.242237732,256.172639112,69.0695986206,21.2363557397
MISES,1912,4,309.976431678,251.068178859,58.9082528189,19.0041070219
MISES,1912,5,283.952843355,239.283212585,44.6696307699,15.7313553343
MISES,1912,6,271.011305061,234.005756231,37.0055488305,13.6546144532
MISES,1912,7,325.242237732,256.172639112,69.0695986206,21.2363557397
MISES,1912,8,309.976431678,251.068178859,58.9082528189,19.0041070219
MISES,1987,1,298.980119866,264.612672376,34.3674474906,11.4948938766
MISES,1987,2,303.344001784,270.426803935,32.9171978491,10.8514418138
MISES,1987,3,292.941089595,259.241192695,33.6998969001,11.5039842812
MISES,1987,4,296.676866521,263.886963365,32.789903156,11.0523963464
MISES,1987,5,298.980119866,264.612672376,34.3674474906,11.4948938766
MISES,1987,6,303.344001784,270.426803935,32.9171978491,10.8514418138
MISES,1987,7,292.941089595,259.241192695,33.6998969001,11.5039842812
MISES,1987,8,296.676866521,263.886963365,32.789903156,11.0523963464
MISES,1988,1,393.114279898,321.114864561,71.9994153367,18.315136086
MISES,1988,2,399.198999157,325.0616984,74.1373007569,18.5715146865
MISES,1988,3,324.314548802,288.664074091,35.6504747106,10.9925610313
MISES,1988,4,337.378225323,295.892653484,41.4855718392,12.2964580181
MISES,1988,5,393.114279898,321.114864561,71.9994153367,18.315136086
MISES,1988,6,399.198999157,325.0616984,74.1373007569,18.5715146865
MISES,1988,7,324.314548802,288.664074091,35.6504747106,10.9925610313
MISES,1988,8,337.378225323,295.892653484,41.4855718392,12.2964580181
MISES,1989,1,399.198999157,325.0616984,74.1373007569,18.5715146865
MISES,1989,2,393.114279898,321.114864561,71.9994153367,18.315136086
MISES,1989,3,337.378225323,295.892653484,41.4855718392,12.2964580181
MISES,1989,4,324.314548802,288.664074091,35.6504747106,10.9925610313
MISES,1989,5,399.198999157,325.0616984,74.1373007569,18.5715146865
MISES,1989,6,393.114279898,321.114864561,71.9994153367,18.315136086
MISES,1989,7,337.378225323,295.892653484,41.4855718392,12.2964580181
MISES,1989,8,324.314548802,288.664074091,35.6504747106,10.9925610313
MISES,1990,1,303.344001784,270.426803935,32.9171978491,10.8514418138
MISES,1990,2,298.980119866,264.612672376,34.3674474906,11.4948938766
MISES,1990,3,296.676866521,263.886963365,32.789903156,11.0523963464
MISES,1990,4,292.941089595,259.241192695,33.6998969001,11.5039842812
MISES,1990,5,303.344001784,270.426803935,32.9171978491,10.8514418138
MISES,1990,6,298.980119866,264.612672376,34.3674474906,11.4948938766
MISES,1990,7,296.676866521,263.886963365,32.789903156,11.0523963464
MISES,1990,8,292.941089595,259.241192695,33.6998969001,11.5039842812
SDV1,1159,1,2.01991033554,2.02043485641,0.000524520874023,0.025967532558
SDV1,1159,2,2.03273248672,2.03325462341,0.000522136688232,0.0256864438209
SDV1,1159,3,2.04301309586,2.04355573654,0.000542640686035,0.0265608031165
SDV1,1159,4,2.05319666862,2.05373883247,0.000542163848877,0.0264058410556
SDV1,1159,5,2.01991033554,2.02043485641,0.000524520874023,0.025967532558
SDV1,1159,6,2.03273248672,2.03325462341,0.000522136688232,0.0256864438209
SDV1,1159,7,2.04301309586,2.04355573654,0.000542640686035,0.0265608031165
SDV1,1159,8,2.05319666862,2.05373883247,0.000542163848877,0.0264058410556
SDV1,1160,1,2.10001850128,2.10055065155,0.000532150268555,0.0253402657277
SDV1,1160,2,2.1329433918,2.13350296021,0.000559568405151,0.0262345642788
SDV1,1160,3,2.30108046532,2.30191659927,0.000836133956909,0.0363365805547
SDV1,1160,4,2.31331467628,2.31415557861,0.000840902328491,0.0363505379148
SDV1,1160,5,2.10001850128,2.10055065155,0.000532150268555,0.0253402657277
SDV1,1160,6,2.1329433918,2.13350296021,0.000559568405151,0.0262345642788
SDV1,1160,7,2.30108046532,2.30191659927,0.000836133956909,0.0363365805547
SDV1,1160,8,2.31331467628,2.31415557861,0.000840902328491,0.0363505379148
SDV1,1161,1,2.1329433918,2.13350296021,0.000559568405151,0.0262345642788
SDV1,1161,2,2.10001850128,2.10055065155,0.000532150268555,0.0253402657277
SDV1,1161,3,2.31331467628,2.31415557861,0.000840902328491,0.0363505379148
SDV1,1161,4,2.30108046532,2.30191659927,0.000836133956909,0.0363365805547
SDV1,1161,5,2.1329433918,2.13350296021,0.000559568405151,0.0262345642788
SDV1,1161,6,2.10001850128,2.10055065155,0.000532150268555,0.0253402657277
SDV1,1161,7,2.31331467628,2.31415557861,0.000840902328491,0.0363505379148
SDV1,1161,8,2.30108046532,2.30191659927,0.000836133956909,0.0363365805547
SDV1,1162,1,2.03273248672,2.03325462341,0.000522136688232,0.0256864438209
SDV1,1162,2,2.01991033554,2.02043485641,0.000524520874023,0.025967532558
SDV1,1162,3,2.05319666862,2.05373883247,0.000542163848877,0.0264058410556
SDV1,1162,4,2.04301309586,2.04355573654,0.000542640686035,0.0265608031165
SDV1,1162,5,2.03273248672,2.03325462341,0.000522136688232,0.0256864438209
SDV1,1162,6,2.01991033554,2.02043485641,0.000524520874023,0.025967532558
SDV1,1162,7,2.05319666862,2.05373883247,0.000542163848877,0.0264058410556
SDV1,1162,8,2.04301309586,2.04355573654,0.000542640686035,0.0265608031165
SDV1,1237,1,2.19056415558,2.19134020805,0.000776052474976,0.035427059874
SDV1,1237,2,2.23120379448,2.23206186295,0.000858068466187,0.0384576464198
SDV1,1237,3,2.13559961319,2.13622760773,0.000627994537354,0.0294060053895
SDV1,1237,4,2.16175603867,2.16245722771,0.000701189041138,0.0324360856913
SDV1,1237,5,2.19056415558,2.19134020805,0.000776052474976,0.035427059874
SDV1,1237,6,2.23120379448,2.23206186295,0.000858068466187,0.0384576464198
SDV1,1237,7,2.13559961319,2.13622760773,0.000627994537354,0.0294060053895
SDV1,1237,8,2.16175603867,2.16245722771,0.000701189041138,0.0324360856913
SDV1,1238,1,2.22990894318,2.23075938225,0.000850439071655,0.0381378385094
SDV1,1238,2,2.19277524948,2.19352483749,0.000749588012695,0.0341844433383
SDV1,1238,3,2.23148107529,2.23233699799,0.000855922698975,0.0383567088448
SDV1,1238,4,2.19207954407,2.19282746315,0.000747919082642,0.0341191579779
SDV1,1238,5,2.22990894318,2.23075938225,0.000850439071655,0.0381378385094
SDV1,1238,6,2.19277524948,2.19352483749,0.000749588012695,0.0341844433383
SDV1,1238,7,2.23148107529,2.23233699799,0.000855922698975,0.0383567088448
SDV1,1238,8,2.19207954407,2.19282746315,0.000747919082642,0.0341191579779
SDV1,1239,1,2.31720352173,2.31809878349,0.000895261764526,0.0386354394912
SDV1,1239,2,2.32075858116,2.32166910172,0.000910520553589,0.0392337471454
SDV1,1239,3,2.54075884819,2.54203295708,0.00127410888672,0.0501467853837
SDV1,1239,4,2.54507756233,2.54632925987,0.00125169754028,0.0491811156881
SDV1,1239,5,2.31720352173,2.31809878349,0.000895261764526,0.0386354394912
SDV1,1239,6,2.32075858116,2.32166910172,0.000910520553589,0.0392337471454
SDV1,1239,7,2.54075884819,2.54203295708,0.00127410888672,0.0501467853837
SDV1,1239,8,2.54507756233,2.54632925987,0.00125169754028,0.0491811156881
SDV1,1240,1,2.43864059448,2.43979859352,0.0011579990387,0.0474854327167
SDV1,1240,2,2.41250252724,2.41359043121,0.00108790397644,0.0450944181056
SDV1,1240,3,2.50374817848,2.50494599342,0.00119781494141,0.0478408712066
SDV1,1240,4,2.47190022469,2.47320628166,0.00130605697632,0.05283615266
SDV1,1240,5,2.43864059448,2.43979859352,0.0011579990387,0.0474854327167
SDV1,1240,6,2.41250252724,2.41359043121,0.00108790397644,0.0450944181056
SDV1,1240,7,2.50374817848,2.50494599342,0.00119781494141,0.0478408712066
SDV1,1240,8,2.47190022469,2.47320628166,0.00130605697632,0.05283615266
SDV1,1241,1,2.41250252724,2.41359043121,0.00108790397644,0.0450944181056
SDV1,1241,2,2.43864059448,2.43979859352,0.0011579990387,0.0474854327167
SDV1,1241,3,2.47190022469,2.47320628166,0.00130605697632,0.05283615266
SDV1,1241,4,2.50374817848,2.50494599342,0.00119781494141,0.0478408712066
SDV1,1241,5,2.41250252724,2.41359043121,0.00108790397644,0.0450944181056
SDV1,1241,6,2.43864059448,2.43979859352,0.0011579990387,0.0474854327167
SDV1,1241,7,2.47190022469,2.47320628166,0.00130605697632,0.05283615266
SDV1,1241,8,2.50374817848,2.50494599342,0.00119781494141,0.0478408712066
SDV1,1242,1,2.32075858116,2.32166910172,0.000910520553589,0.0392337471454
SDV1,1242,2,2.31720352173,2.31809878349,0.000895261764526,0.0386354394912
SDV1,1242,3,2.54507756233,2.54632925987,0.00125169754028,0.0491811156881
SDV1,1242,4,2.54075884819,2.54203295708,0.00127410888672,0.0501467853837
SDV1,1242,5,2.32075858116,2.32166910172,0.000910520553589,0.0392337471454
SDV1,1242,6,2.31720352173,2.31809878349,0.000895261764526,0.0386354394912
SDV1,1242,7,2.54507756233,2.54632925987,0.00125169754028,0.0491811156881
SDV1,1242,8,2.54075884819,2.54203295708,0.00127410888672,0.0501467853837
SDV1,1243,1,2.19277524948,2.19352483749,0.000749588012695,0.0341844433383
SDV1,1243,2,2.22990894318,2.23075938225,0.000850439071655,0.0381378385094
SDV1,1243,3,2.19207954407,2.19282746315,0.000747919082642,0.0341191579779
SDV1,1243,4,2.23148107529,2.23233699799,0.000855922698975,0.0383567088448
SDV1,1243,5,2.19277524948,2.19352483749,0.000749588012695,0.0341844433383
SDV1,1243,6,2.22990894318,2.23075938225,0.000850439071655,0.0381378385094
SDV1,1243,7,2.19207954407,2.19282746315,0.000747919082642,0.0341191579779
SDV1,1243,8,2.23148107529,2.23233699799,0.000855922698975,0.0383567088448
SDV1,1244,1,2.23120379448,2.23206186295,0.000858068466187,0.0384576464198
SDV1,1244,2,2.19056415558,2.19134020805,0.000776052474976,0.035427059874
SDV1,1244,3,2.16175603867,2.16245722771,0.000701189041138,0.0324360856913
SDV1,1244,4,2.13559961319,2.13622760773,0.000627994537354,0.0294060053895
SDV1,1244,5,2.23120379448,2.23206186295,0.000858068466187,0.0384576464198
SDV1,1244,6,2.19056415558,2.19134020805,0.000776052474976,0.035427059874
SDV1,1244,7,2.16175603867,2.16245722771,0.000701189041138,0.0324360856913
SDV1,1244,8,2.13559961319,2.13622760773,0.000627994537354,0.0294060053895
SDV1,1316,1,1.9337271452,1.93418824673,0.000461101531982,0.0238452220691
SDV1,1316,2,1.99649870396,1.99703168869,0.000532984733582,0.0266959719295
SDV1,1316,3,1.76822495461,1.76848995686,0.000265002250671,0.0149869081975
SDV1,1316,4,1.8320068121,1.83233118057,0.000324368476868,0.0177056370493
SDV1,1316,5,1.9337271452,1.93418824673,0.000461101531982,0.0238452220691
SDV1,1316,6,1.99649870396,1.99703168869,0.000532984733582,0.0266959719295
SDV1,1316,7,1.76822495461,1.76848995686,0.000265002250671,0.0149869081975
SDV1,1316,8,1.8320068121,1.83233118057,0.000324368476868,0.0177056370493
SDV1,1317,1,2.01948642731,2.02001547813,0.000529050827026,0.0261972955041
SDV1,1317,2,2.10848402977,2.10910964012,0.000625610351562,0.0296710974676
SDV1,1317,3,1.58963060379,1.58987247944,0.000241875648499,0.0152158399519
SDV1,1317,4,1.74460625648,1.74491238594,0.000306129455566,0.0175471946423
SDV1,1317,5,2.01948642731,2.02001547813,0.000529050827026,0.0261972955041
SDV1,1317,6,2.10848402977,2.10910964012,0.000625610351562,0.0296710974676
SDV1,1317,7,1.58963060379,1.58987247944,0.000241875648499,0.0152158399519
SDV1,1317,8,1.74460625648,1.74491238594,0.000306129455566,0.0175471946423
SDV1,1318,1,2.055154562,2.05571365356,0.000559091567993,0.0272043562237
SDV1,1318,2,2.37979197502,2.38095259666,0.00116062164307,0.0487698780082
SDV1,1318,3,0.776228487492,0.776283442974,5.49554824829e-05,0.00707980747531
SDV1,1318,4,1.91635894775,1.91676902771,0.000410079956055,0.0213989115419
SDV1,1318,5,2.055154562,2.05571365356,0.000559091567993,0.0272043562237
SDV1,1318,6,2.37979197502,2.38095259666,0.00116062164307,0.0487698780082
SDV1,1318,7,0.776228487492,0.776283442974,5.49554824829e-05,0.00707980747531
SDV1,1318,8,1.91635894775,1.91676902771,0.000410079956055,0.0213989115419
SDV1,1319,1,2.37979197502,2.38095259666,0.00116062164307,0.0487698780082
SDV1,1319,2,2.055154562,2.05571365356,0.000559091567993,0.0272043562237
SDV1,1319,3,1.91635894775,1.91676902771,0.000410079956055,0.0213989115419
SDV1,1319,4,0.776228487492,0.776283442974,5.49554824829e-05,0.00707980747531
SDV1,1319,5,2.37979197502,2.38095259666,0.00116062164307,0.0487698780082
SDV1,1319,6,2.055154562,2.05571365356,0.000559091567993,0.0272043562237
SDV1,1319,7,1.91635894775,1.91676902771,0.000410079956055,0.0213989115419
SDV1,1319,8,0.776228487492,0.776283442974,5.49554824829e-05,0.00707980747531
SDV1,1320,1,2.10848402977,2.10910964012,0.000625610351562,0.0296710974676
SDV1,1320,2,2.01948642731,2.02001547813,0.000529050827026,0.0261972955041
SDV1,1320,3,1.74460625648,1.74491238594,0.000306129455566,0.0175471946423
SDV1,1320,4,1.58963060379,1.58987247944,0.000241875648499,0.0152158399519
SDV1,1320,5,2.10848402977,2.10910964012,0.000625610351562,0.0296710974676
SDV1,1320,6,2.01948642731,2.02001547813,0.000529050827026,0.0261972955041
SDV1,1320,7,1.74460625648,1.74491238594,0.000306129455566,0.0175471946423
SDV1,1320,8,1.58963060379,1.58987247944,0.000241875648499,0.0152158399519
SDV1,1321,1,1.99649870396,1.99703168869,0.000532984733582,0.0266959719295
SDV1,1321,2,1.9337271452,1.93418824673,0.000461101531982,0.0238452220691
SDV1,1321,3,1.8320068121,1.83233118057,0.000324368476868,0.0177056370493
SDV1,1321,4,1.76822495461,1.76848995686,0.000265002250671,0.0149869081975
SDV1,1321,5,1.99649870396,1.99703168869,0.000532984733582,0.0266959719295
SDV1,1321,6,1.9337271452,1.93418824673,0.000461101531982,0.0238452220691
SDV1,1321,7,1.8320068121,1.83233118057,0.000324368476868,0.0177056370493
SDV1,1321,8,1.76822495461,1.76848995686,0.000265002250671,0.0149869081975
SDV1,1392,1,1.43797528744,1.43806016445,8.48770141602e-05,0.00590253635801
SDV1,1392,2,1.58064174652,1.58076775074,0.000126004219055,0.00797171271305
SDV1,1392,3,1.14751696587,1.14753890038,2.19345092773e-05,0.00191147581516
SDV1,1392,4,1.33268749714,1.33276546001,7.79628753662e-05,0.00585004928264
SDV1,1392,5,1.43797528744,1.43806016445,8.48770141602e-05,0.00590253635801
SDV1,1392,6,1.58064174652,1.58076775074,0.000126004219055,0.00797171271305
SDV1,1392,7,1.14751696587,1.14753890038,2.19345092773e-05,0.00191147581516
SDV1,1392,8,1.33268749714,1.33276546001,7.79628753662e-05,0.00585004928264
SDV1,1393,1,0.978547275066,0.978583335876,3.60608100891e-05,0.00368513724456
SDV1,1393,2,1.31578552723,1.3158633709,7.78436660767e-05,0.00591613636613
SDV1,1393,3,0.225017651916,0.225017651916,0,0
SDV1,1393,4,0.591358482838,0.591358482838,0,0
SDV1,1393,5,0.978547275066,0.978583335876,3.60608100891e-05,0.00368513724456
SDV1,1393,6,1.31578552723,1.3158633709,7.78436660767e-05,0.00591613636613
SDV1,1393,7,0.225017651916,0.225017651916,0,0
SDV1,1393,8,0.591358482838,0.591358482838,0,0
SDV1,1394,1,1.31578552723,1.3158633709,7.78436660767e-05,0.00591613636613
SDV1,1394,2,0.978547275066,0.978583335876,3.60608100891e-05,0.00368513724456
SDV1,1394,3,0.591358482838,0.591358482838,0,0
SDV1,1394,4,0.225017651916,0.225017651916,0,0
SDV1,1394,5,1.31578552723,1.3158633709,7.78436660767e-05,0.00591613636613
SDV1,1394,6,0.978547275066,0.978583335876,3.60608100891e-05,0.00368513724456
SDV1,1394,7,0.591358482838,0.591358482838,0,0
SDV1,1394,8,0.225017651916,0.225017651916,0,0
SDV1,1395,1,1.58064174652,1.58076775074,0.000126004219055,0.00797171271305
SDV1,1395,2,1.43797528744,1.43806016445,8.48770141602e-05,0.00590253635801
SDV1,1395,3,1.33268749714,1.33276546001,7.79628753662e-05,0.00585004928264
SDV1,1395,4,1.14751696587,1.14753890038,2.19345092773e-05,0.00191147581516
SDV1,1395,5,1.58064174652,1.58076775074,0.000126004219055,0.00797171271305
SDV1,1395,6,1.43797528744,1.43806016445,8.48770141602e-05,0.00590253635801
SDV1,1395,7,1.33268749714,1.33276546001,7.79628753662e-05,0.00585004928264
SDV1,1395,8,1.14751696587,1.14753890038,2.19345092773e-05,0.00191147581516
SDV1,1465,1,0.532669425011,0.532669425011,0,0
SDV1,1465,2,0.648469209671,0.648469209671,0,0
SDV1,1465,3,0.419907063246,0.419907063246,0,0
SDV1,1465,4,0.558864057064,0.558864057064,0,0
SDV1,1465,5,0.532669425011,0.532669425011,0,0
SDV1,1465,6,0.648469209671,0.648469209671,0,0
SDV1,1465,7,0.419907063246,0.419907063246,0,0
SDV1,1465,8,0.558864057064,0.558864057064,0,0
SDV1,1466,1,0.540363669395,0.540363669395,0,0
SDV1,1466,2,0.752894759178,0.752894759178,0,0
SDV1,1466,3,0.483171254396,0.483171254396,0,0
SDV1,1466,4,0.722413122654,0.722413122654,0,0
SDV1,1466,5,0.540363669395,0.540363669395,0,0
SDV1,1466,6,0.752894759178,0.752894759178,0,0
SDV1,1466,7,0.483171254396,0.483171254396,0,0
SDV1,1466,8,0.722413122654,0.722413122654,0,0
SDV1,1467,1,0.752894759178,0.752894759178,0,0
SDV1,1467,2,0.540363669395,0.540363669395,0,0
SDV1,1467,3,0.722413122654,0.722413122654,0,0
SDV1,1467,4,0.483171254396,0.483171254396,0,0
SDV1,1467,5,0.752894759178,0.752894759178,0,0
SDV1,1467,6,0.540363669395,0.540363669395,0,0
SDV1,1467,7,0.722413122654,0.722413122654,0,0
SDV1,1467,8,0.483171254396,0.483171254396,0,0
SDV1,1468,1,0.648469209671,0.648469209671,0,0
SDV1,1468,2,0.532669425011,0.532669425011,0,0
SDV1,1468,3,0.558864057064,0.558864057064,0,0
SDV1,1468,4,0.419907063246,0.419907063246,0,0
SDV1,1468,5,0.648469209671,0.648469209671,0,0
SDV1,1468,6,0.532669425011,0.532669425011,0,0
SDV1,1468,7,0.558864057064,0.558864057064,0,0
SDV1,1468,8,0.419907063246,0.419907063246,0,0
SDV1,1537,1,0.0932616591454,0.0932616591454,0,0
SDV1,1537,2,0.152862951159,0.152862951159,0,0
SDV1,1537,3,0.0867993235588,0.0867993235588,0,0
SDV1,1537,4,0.157165512443,0.157165512443,0,0
SDV1,1537,5,0.0932616591454,0.0932616591454,0,0
SDV1,1537,6,0.152862951159,0.152862951159,0,0
SDV1,1537,7,0.0867993235588,0.0867993235588,0,0
SDV1,1537,8,0.157165512443,0.157165512443,0,0
SDV1,1538,1,0.316802412271,0.316802412271,0,0
SDV1,1538,2,0.588786900043,0.588786900043,0,0
SDV1,1538,3,0.327999144793,0.327999144793,0,0
SDV1,1538,4,0.602460026741,0.602460026741,0,0
SDV1,1538,5,0.316802412271,0.316802412271,0,0
SDV1,1538,6,0.588786900043,0.588786900043,0,0
SDV1,1538,7,0.327999144793,0.327999144793,0,0
SDV1,1538,8,0.602460026741,0.602460026741,0,0
SDV1,1539,1,0.588786900043,0.588786900043,0,0
SDV1,1539,2,0.316802412271,0.316802412271,0,0
SDV1,1539,3,0.602460026741,0.602460026741,0,0
SDV1,1539,4,0.327999144793,0.327999144793,0,0
SDV1,1539,5,0.588786900043,0.588786900043,0,0
SDV1,1539,6,0.316802412271,0.316802412271,0,0
SDV1,1539,7,0.602460026741,0.602460026741,0,0
SDV1,1539,8,0.327999144793,0.327999144793,0,0
SDV1,1540,1,0.152862951159,0.152862951159,0,0
SDV1,1540,2,0.0932616591454,0.0932616591454,0,0
SDV1,1540,3,0.157165512443,0.157165512443,0,0
SDV1,1540,4,0.0867993235588,0.0867993235588,0,0
SDV1,1540,5,0.152862951159,0.152862951159,0,0
SDV1,1540,6,0.0932616591454,0.0932616591454,0,0
SDV1,1540,7,0.157165512443,0.157165512443,0,0
SDV1,1540,8,0.0867993235588,0.0867993235588,0,0
SDV1,1609,1,0.0867993235588,0.0867993235588,0,0
SDV1,1609,2,0.157165512443,0.157165512443,0,0
SDV1,1609,3,0.0932616591454,0.0932616591454,0,0
SDV1,1609,4,0.152862951159,0.152862951159,0,0
SDV1,1609,5,0.0867993235588,0.0867993235588,0,0
SDV1,1609,6,0.157165512443,0.157165512443,0,0
SDV1,1609,7,0.0932616591454,0.0932616591454,0,0
SDV1,1609,8,0.152862951159,0.152862951159,0,0
SDV1,1610,1,0.327999144793,0.327999144793,0,0
SDV1,1610,2,0.602460026741,0.602460026741,0,0
SDV1,1610,3,0.316802412271,0.316802412271,0,0
SDV1,1610,4,0.588786900043,0.588786900043,0,0
SDV1,1610,5,0.327999144793,0.327999144793,0,0
SDV1,1610,6,0.602460026741,0.602460026741,0,0
SDV1,1610,7,0.316802412271,0.316802412271,0,0
SDV1,1610,8,0.588786900043,0.588786900043,0,0
SDV1,1611,1,0.602460026741,0.602460026741,0,0
SDV1,1611,2,0.327999144793,0.327999144793,0,0
SDV1,1611,3,0.588786900043,0.588786900043,0,0
SDV1,1611,4,0.316802412271,0.316802412271,0,0
SDV1,1611,5,0.602460026741,0.602460026741,0,0
SDV1,1611,6,0.327999144793,0.327999144793,0,0
SDV1,1611,7,0.588786900043,0.588786900043,0,0
SDV1,1611,8,0.316802412271,0.316802412271,0,0
SDV1,1612,1,0.157165512443,0.157165512443,0,0
SDV1,1612,2,0.0867993235588,0.0867993235588,0,0
SDV1,1612,3,0.152862951159,0.152862951159,0,0
SDV1,1612,4,0.0932616591454,0.0932616591454,0,0
SDV1,1612,5,0.157165512443,0.157165512443,0,0
SDV1,1612,6,0.0867993235588,0.0867993235588,0,0
SDV1,1612,7,0.152862951159,0.152862951159,0,0
SDV1,1612,8,0.0932616591454,0.0932616591454,0,0
SDV1,1681,1,0.419907063246,0.419907063246,0,0
SDV1,1681,2,0.558864057064,0.558864057064,0,0
SDV1,1681,3,0.532669425011,0.532669425011,0,0
SDV1,1681,4,0.648469209671,0.648469209671,0,0
SDV1,1681,5,0.419907063246,0.419907063246,0,0
SDV1,1681,6,0.558864057064,0.558864057064,0,0
SDV1,1681,7,0.532669425011,0.532669425011,0,0
SDV1,1681,8,0.648469209671,0.648469209671,0,0
SDV1,1682,1,0.483171254396,0.483171254396,0,0
SDV1,1682,2,0.722413122654,0.722413122654,0,0
SDV1,1682,3,0.540363669395,0.540363669395,0,0
SDV1,1682,4,0.752894759178,0.752894759178,0,0
SDV1,1682,5,0.483171254396,0.483171254396,0,0
SDV1,1682,6,0.722413122654,0.722413122654,0,0
SDV1,1682,7,0.540363669395,0.540363669395,0,0
SDV1,1682,8,0.752894759178,0.752894759178,0,0
SDV1,1683,1,0.722413122654,0.722413122654,0,0
SDV1,1683,2,0.483171254396,0.483171254396,0,0
SDV1,1683,3,0.752894759178,0.752894759178,0,0
SDV1,1683,4,0.540363669395,0.540363669395,0,0
SDV1,1683,5,0.722413122654,0.722413122654,0,0
SDV1,1683,6,0.483171254396,0.483171254396,0,0
SDV1,1683,7,0.752894759178,0.752894759178,0,0
SDV1,1683,8,0.540363669395,0.540363669395,0,0
SDV1,1684,1,0.558864057064,0.558864057064,0,0
SDV1,1684,2,0.419907063246,0.419907063246,0,0
SDV1,1684,3,0.648469209671,0.648469209671,0,0
SDV1,1684,4,0.532669425011,0.532669425011,0,0
SDV1,1684,5,0.558864057064,0.558864057064,0,0
SDV1,1684,6,0.419907063246,0.419907063246,0,0
SDV1,1684,7,0.648469209671,0.648469209671,0,0
SDV1,1684,8,0.532669425011,0.532669425011,0,0
SDV1,1754,1,1.14751696587,1.14753890038,2.19345092773e-05,0.00191147581516
SDV1,1754,2,1.33268749714,1.33276546001,7.79628753662e-05,0.00585004928264
SDV1,1754,3,1.43797528744,1.43806016445,8.48770141602e-05,0.00590253635801
SDV1,1754,4,1.58064174652,1.58076775074,0.000126004219055,0.00797171271305
SDV1,1754,5,1.14751696587,1.14753890038,2.19345092773e-05,0.00191147581516
SDV1,1754,6,1.33268749714,1.33276546001,7.79628753662e-05,0.00585004928264
SDV1,1754,7,1.43797528744,1.43806016445,8.48770141602e-05,0.00590253635801
SDV1,1754,8,1.58064174652,1.58076775074,0.000126004219055,0.00797171271305
SDV1,1755,1,0.225017651916,0.225017651916,0,0
SDV1,1755,2,0.591358482838,0.591358482838,0,0
SDV1,1755,3,0.978547275066,0.978583335876,3.60608100891e-05,0.00368513724456
SDV1,1755,4,1.31578552723,1.3158633709,7.78436660767e-05,0.00591613636613
SDV1,1755,5,0.225017651916,0.225017651916,0,0
SDV1,1755,6,0.591358482838,0.591358482838,0,0
SDV1,1755,7,0.978547275066,0.978583335876,3.60608100891e-05,0.00368513724456
SDV1,1755,8,1.31578552723,1.3158633709,7.78436660767e-05,0.00591613636613
SDV1,1756,1,0.591358482838,0.591358482838,0,0
SDV1,1756,2,0.225017651916,0.225017651916,0,0
SDV1,1756,3,1.31578552723,1.3158633709,7.78436660767e-05,0.00591613636613
SDV1,1756,4,0.978547275066,0.978583335876,3.60608100891e-05,0.00368513724456
SDV1,1756,5,0.591358482838,0.591358482838,0,0
SDV1,1756,6,0.225017651916,0.225017651916,0,0
SDV1,1756,7,1.31578552723,1.3158633709,7.78436660767e-05,0.00591613636613
SDV1,1756,8,0.978547275066,0.978583335876,3.60608100891e-05,0.00368513724456
SDV1,1757,1,1.33268749714,1.33276546001,7.79628753662e-05,0.00585004928264
SDV1,1757,2,1.14751696587,1.14753890038,2.19345092773e-05,0.00191147581516
SDV1,1757,3,1.58064174652,1.58076775074,0.000126004219055,0.00797171271305
SDV1,1757,4,1.43797528744,1.43806016445,8.48770141602e-05,0.00590253635801
SDV1,1757,5,1.33268749714,1.33276546001,7.79628753662e-05,0.00585004928264
SDV1,1757,6,1.14751696587,1.14753890038,2.19345092773e-05,0.00191147581516
SDV1,1757,7,1.58064174652,1.58076775074,0.000126004219055,0.00797171271305
SDV1,1757,8,1.43797528744,1.43806016445,8.48770141602e-05,0.00590253635801
SDV1,1828,1,1.76822495461,1.76848995686,0.000265002250671,0.0149869081975
SDV1,1828,2,1.8320068121,1.83233118057,0.000324368476868,0.0177056370493
SDV1,1828,3,1.9337271452,1.93418824673,0.000461101531982,0.0238452220691
SDV1,1828,4,1.99649870396,1.99703168869,0.000532984733582,0.0266959719295
SDV1,1828,5,1.76822495461,1.76848995686,0.000265002250671,0.0149869081975
SDV1,1828,6,1.8320068121,1.83233118057,0.000324368476868,0.0177056370493
SDV1,1828,7,1.9337271452,1.93418824673,0.000461101531982,0.0238452220691
SDV1,1828,8,1.99649870396,1.99703168869,0.000532984733582,0.0266959719295
SDV1,1829,1,1.58963060379,1.58987247944,0.000241875648499,0.0152158399519
SDV1,1829,2,1.74460625648,1.74491238594,0.000306129455566,0.0175471946423
SDV1,1829,3,2.01948642731,2.02001547813,0.000529050827026,0.0261972955041
SDV1,1829,4,2.10848402977,2.10910964012,0.000625610351562,0.0296710974676
SDV1,1829,5,1.58963060379,1.58987247944,0.000241875648499,0.0152158399519
SDV1,1829,6,1.74460625648,1.74491238594,0.000306129455566,0.0175471946423
SDV1,1829,7,2.01948642731,2.02001547813,0.000529050827026,0.0261972955041
SDV1,1829,8,2.10848402977,2.10910964012,0.000625610351562,0.0296710974676
SDV1,1830,1,0.776228487492,0.776283442974,5.49554824829e-05,0.00707980747531
SDV1,1830,2,1.91635894775,1.91676902771,0.000410079956055,0.0213989115419
SDV1,1830,3,2.055154562,2.05571365356,0.000559091567993,0.0272043562237
SDV1,1830,4,2.37979197502,2.38095259666,0.00116062164307,0.0487698780082
SDV1,1830,5,0.776228487492,0.776283442974,5.49554824829e-05,0.00707980747531
SDV1,1830,6,1.91635894775,1.91676902771,0.000410079956055,0.0213989115419
SDV1,1830,7,2.055154562,2.05571365356,0.000559091567993,0.0272043562237
SDV1,1830,8,2.37979197502,2.38095259666,0.00116062164307,0.0487698780082
SDV1,1831,1,1.91635894775,1.91676902771,0.000410079956055,0.0213989115419
SDV1,1831,2,0.776228487492,0.776283442974,5.49554824829e-05,0.00707980747531
SDV1,1831,3,2.37979197502,2.38095259666,0.00116062164307,0.0487698780082
SDV1,1831,4,2.055154562,2.05571365356,0.000559091567993,0.0272043562237
SDV1,1831,5,1.91635894775,1.91676902771,0.000410079956055,0.0213989115419
SDV1,1831,6,0.776228487492,0.776283442974,5.49554824829e-05,0.00707980747531
SDV1,1831,7,2.37979197502,2.38095259666,0.00116062164307,0.0487698780082
SDV1,1831,8,2.055154562,2.05571365356,0.000559091567993,0.0272043562237
SDV1,1832,1,1.74460625648,1.74491238594,0.000306129455566,0.0175471946423
SDV1,1832,2,1.58963060379,1.58987247944,0.000241875648499,0.0152158399519
SDV1,1832,3,2.10848402977,2.10910964012,0.000625610351562,0.0296710974676
SDV1,1832,4,2.01948642731,2.02001547813,0.000529050827026,0.0261972955041
SDV1,1832,5,1.74460625648,1.74491238594,0.000306129455566,0.0175471946423
SDV1,1832,6,1.58963060379,1.58987247944,0.000241875648499,0.0152158399519
SDV1,1832,7,2.10848402977,2.10910964012,0.000625610351562,0.0296710974676
SDV1,1832,8,2.01948642731,2.02001547813,0.000529050827026,0.0261972955041
SDV1,1833,1,1.8320068121,1.83233118057,0.000324368476868,0.0177056370493
SDV1,1833,2,1.76822495461,1.76848995686,0.000265002250671,0.0149869081975
SDV1,1833,3,1.99649870396,1.99703168869,0.000532984733582,0.0266959719295
SDV1,1833,4,1.9337271452,1.93418824673,0.000461101531982,0.0238452220691
SDV1,1833,5,1.8320068121,1.83233118057,0.000324368476868,0.0177056370493
SDV1,1833,6,1.76822495461,1.76848995686,0.000265002250671,0.0149869081975
SDV1,1833,7,1.99649870396,1.99703168869,0.000532984733582,0.0266959719295
SDV1,1833,8,1.9337271452,1.93418824673,0.000461101531982,0.0238452220691
SDV1,1905,1,2.13559961319,2.13622760773,0.000627994537354,0.0294060053895
SDV1,1905,2,2.16175603867,2.16245722771,0.000701189041138,0.0324360856913
SDV1,1905,3,2.19056415558,2.19134020805,0.000776052474976,0.035427059874
SDV1,1905,4,2.23120379448,2.23206186295,0.000858068466187,0.0384576464198
SDV1,1905,5,2.13559961319,2.13622760773,0.000627994537354,0.0294060053895
SDV1,1905,6,2.16175603867,2.16245722771,0.000701189041138,0.0324360856913
SDV1,1905,7,2.19056415558,2.19134020805,0.000776052474976,0.035427059874
SDV1,1905,8,2.23120379448,2.23206186295,0.000858068466187,0.0384576464198
SDV1,1906,1,2.23148107529,2.23233699799,0.000855922698975,0.0383567088448
SDV1,1906,2,2.19207954407,2.19282746315,0.000747919082642,0.0341191579779
SDV1,1906,3,2.22990894318,2.23075938225,0.000850439071655,0.0381378385094
SDV1,1906,4,2.19277524948,2.19352483749,0.000749588012695,0.0341844433383
SDV1,1906,5,2.23148107529,2.23233699799,0.000855922698975,0.0383567088448
SDV1,1906,6,2.19207954407,2.19282746315,0.000747919082642,0.0341191579779
SDV1,1906,7,2.22990894318,2.23075938225,0.000850439071655,0.0381378385094
SDV1,1906,8,2.19277524948,2.19352483749,0.000749588012695,0.0341844433383
SDV1,1907,1,2.54075884819,2.54203295708,0.00127410888672,0.0501467853837
SDV1,1907,2,2.54507756233,2.54632925987,0.00125169754028,0.0491811156881
SDV1,1907,3,2.31720352173,2.31809878349,0.000895261764526,0.0386354394912
SDV1,1907,4,2.32075858116,2.32166910172,0.000910520553589,0.0392337471454
SDV1,1907,5,2.54075884819,2.54203295708,0.00127410888672,0.0501467853837
SDV1,1907,6,2.54507756233,2.54632925987,0.00125169754028,0.0491811156881
SDV1,1907,7,2.31720352173,2.31809878349,0.000895261764526,0.0386354394912
SDV1,1907,8,2.32075858116,2.32166910172,0.000910520553589,0.0392337471454
SDV1,1908,1,2.50374817848,2.50494599342,0.00119781494141,0.0478408712066
SDV1,1908,2,2.47190022469,2.47320628166,0.00130605697632,0.05283615266
SDV1,1908,3,2.43864059448,2.43979859352,0.0011579990387,0.0474854327167
SDV1,1908,4,2.41250252724,2.41359043121,0.00108790397644,0.0450944181056
SDV1,1908,5,2.50374817848,2.50494599342,0.00119781494141,0.0478408712066
SDV1,1908,6,2.47190022469,2.47320628166,0.00130605697632,0.05283615266
SDV1,1908,7,2.43864059448,2.43979859352,0.0011579990387,0.0474854327167
SDV1,1908,8,2.41250252724,2.41359043121,0.00108790397644,0.0450944181056
SDV1,1909,1,2.47190022469,2.47320628166,0.00130605697632,0.05283615266
SDV1,1909,2,2.50374817848,2.50494599342,0.00119781494141,0.0478408712066
SDV1,1909,3,2.41250252724,2.41359043121,0.00108790397644,0.0450944181056
SDV1,1909,4,2.43864059448,2.43979859352,0.0011579990387,0.0474854327167
SDV1,1909,5,2.47190022469,2.47320628166,0.00130605697632,0.05283615266
SDV1,1909,6,2.50374817848,2.50494599342,0.00119781494141,0.0478408712066
SDV1,1909,7,2.41250252724,2.41359043121,0.00108790397644,0.0450944181056
SDV1,1909,8,2.43864059448,2.43979859352,0.0011579990387,0.0474854327167
SDV1,1910,1,2.54507756233,2.54632925987,0.00125169754028,0.0491811156881
SDV1,1910,2,2.54075884819,2.54203295708,0.00127410888672,0.0501467853837
SDV1,1910,3,2.32075858116,2.32166910172,0.000910520553589,0.0392337471454
SDV1,1910,4,2.31720352173,2.31809878349,0.000895261764526,0.0386354394912
SDV1,1910,5,2.54507756233,2.54632925987,0.00125169754028,0.0491811156881
SDV1,1910,6,2.54075884819,2.54203295708,0.00127410888672,0.0501467853837
SDV1,1910,7,2.32075858116,2.32166910172,0.000910520553589,0.0392337471454
SDV1,1910,8,2.31720352173,2.31809878349,0.000895261764526,0.0386354394912
SDV1,1911,1,2.19207954407,2.19282746315,0.000747919082642,0.0341191579779
SDV1,1911,2,2.23148107529,2.23233699799,0.000855922698975,0.0383567088448
SDV1,1911,3,2.19277524948,2.19352483749,0.000749588012695,0.0341844433383
SDV1,1911,4,2.22990894318,2.23075938225,0.000850439071655,0.0381378385094
SDV1,1911,5,2.19207954407,2.19282746315,0.000747919082642,0.0341191579779
SDV1,1911,6,2.23148107529,2.23233699799,0.000855922698975,0.0383567088448
SDV1,1911,7,2.19277524948,2.19352483749,0.000749588012695,0.0341844433383
SDV1,1911,8,2.22990894318,2.23075938225,0.000850439071655,0.0381378385094
SDV1,1912,1,2.16175603867,2.16245722771,0.000701189041138,0.0324360856913
SDV1,1912,2,2.13559961319,2.13622760773,0.000627994537354,0.0294060053895
SDV1,1912,3,2.23120379448,2.23206186295,0.000858068466187,0.0384576464198
SDV1,1912,4,2.19056415558,2.19134020805,0.000776052474976,0.035427059874
SDV1,1912,5,2.16175603867,2.16245722771,0.000701189041138,0.0324360856913
SDV1,1912,6,2.13559961319,2.13622760773,0.000627994537354,0.0294060053895
SDV1,1912,7,2.23120379448,2.23206186295,0.000858068466187,0.0384576464198
SDV1,1912,8,2.19056415558,2.19134020805,0.000776052474976,0.035427059874
SDV1,1987,1,2.04301309586,2.04355573654,0.000542640686035,0.0265608031165
SDV1,1987,2,2.05319666862,2.05373883247,0.000542163848877,0.0264058410556
SDV1,1987,3,2.01991033554,2.02043485641,0.000524520874023,0.025967532558
SDV1,1987,4,2.03273248672,2.03325462341,0.000522136688232,0.0256864438209
SDV1,1987,5,2.04301309586,2.04355573654,0.000542640686035,0.0265608031165
SDV1,1987,6,2.05319666862,2.05373883247,0.000542163848877,0.0264058410556
SDV1,1987,7,2.01991033554,2.02043485641,0.000524520874023,0.025967532558
SDV1,1987,8,2.03273248672,2.03325462341,0.000522136688232,0.0256864438209
SDV1,1988,1,2.30108046532,2.30191659927,0.000836133956909,0.0363365805547
SDV1,1988,2,2.31331467628,2.31415557861,0.000840902328491,0.0363505379148
SDV1,1988,3,2.10001850128,2.10055065155,0.000532150268555,0.0253402657277
SDV1,1988,4,2.1329433918,2.13350296021,0.000559568405151,0.0262345642788
SDV1,1988,5,2.30108046532,2.30191659927,0.000836133956909,0.0363365805547
SDV1,1988,6,2.31331467628,2.31415557861,0.000840902328491,0.0363505379148
SDV1,1988,7,2.10001850128,2.10055065155,0.000532150268555,0.0253402657277
SDV1,1988,8,2.1329433918,2.13350296021,0.000559568405151,0.0262345642788
SDV1,1989,1,2.31331467628,2.31415557861,0.000840902328491,0.0363505379148
SDV1,1989,2,2.30108046532,2.30191659927,0.000836133956909,0.0363365805547
SDV1,1989,3,2.1329433918,2.13350296021,0.000559568405151,0.0262345642788
SDV1,1989,4,2.10001850128,2.10055065155,0.000532150268555,0.0253402657277
SDV1,1989,5,2.31331467628,2.31415557861,0.000840902328491,0.0363505379148
SDV1,1989,6,2.30108046532,2.30191659927,0.000836133956909,0.0363365805547
SDV1,1989,7,2.1329433918,2.13350296021,0.000559568405151,0.0262345642788
SDV1,1989,8,2.10001850128,2.10055065155,0.000532150268555,0.0253402657277
SDV1,1990,1,2.05319666862,2.05373883247,0.000542163848877,0.0264058410556
SDV1,1990,2,2.04301309586,2.04355573654,0.000542640686035,0.0265608031165
SDV1,1990,3,2.03273248672,2.03325462341,0.000522136688232,0.0256864438209
SDV1,1990,4,2.01991033554,2.02043485641,0.000524520874023,0.025967532558
SDV1,1990,5,2.05319666862,2.05373883247,0.000542163848877,0.0264058410556
SDV1,1990,6,2.04301309586,2.04355573654,0.000542640686035,0.0265608031165
SDV1,1990,7,2.03273248672,2.03325462341,0.000522136688232,0.0256864438209
SDV1,1990,8,2.01991033554,2.02043485641,0.000524520874023,0.025967532558
SDV8,1159,1,12.3542346954,17.1655464172,4.8113117218,38.9446359116
SDV8,1159,2,15.8693037033,20.655921936,4.78661823273,30.1627489285
SDV8,1159,3,14.5351638794,19.4910259247,4.95586204529,34.0956736808
SDV8,1159,4,18.5854034424,23.5324115753,4.94700813293,26.6177064613
SDV8,1159,5,12.3542346954,17.1655464172,4.8113117218,38.9446359116
SDV8,1159,6,15.8693037033,20.655921936,4.78661823273,30.1627489285
SDV8,1159,7,14.5351638794,19.4910259247,4.95586204529,34.0956736808
SDV8,1159,8,18.5854034424,23.5324115753,4.94700813293,26.6177064613
SDV8,1160,1,32.9051551819,37.7617721558,4.85661697388,14.7594410269
SDV8,1160,2,40.4265480042,45.6150588989,5.18851089478,12.8344148856
SDV8,1160,3,49.2201309204,56.8361930847,7.61606216431,15.4734699439
SDV8,1160,4,56.5189704895,64.3150405884,7.79607009888,13.7937227649
SDV8,1160,5,32.9051551819,37.7617721558,4.85661697388,14.7594410269
SDV8,1160,6,40.4265480042,45.6150588989,5.18851089478,12.8344148856
SDV8,1160,7,49.2201309204,56.8361930847,7.61606216431,15.4734699439
SDV8,1160,8,56.5189704895,64.3150405884,7.79607009888,13.7937227649
SDV8,1161,1,40.4265480042,45.6150588989,5.18851089478,12.8344148856
SDV8,1161,2,32.9051551819,37.7617721558,4.85661697388,14.7594410269
SDV8,1161,3,56.5189704895,64.3150405884,7.79607009888,13.7937227649
SDV8,1161,4,49.2201309204,56.8361930847,7.61606216431,15.4734699439
SDV8,1161,5,40.4265480042,45.6150588989,5.18851089478,12.8344148856
SDV8,1161,6,32.9051551819,37.7617721558,4.85661697388,14.7594410269
SDV8,1161,7,56.5189704895,64.3150405884,7.79607009888,13.7937227649
SDV8,1161,8,49.2201309204,56.8361930847,7.61606216431,15.4734699439
SDV8,1162,1,15.8693037033,20.655921936,4.78661823273,30.1627489285
SDV8,1162,2,12.3542346954,17.1655464172,4.8113117218,38.9446359116
SDV8,1162,3,18.5854034424,23.5324115753,4.94700813293,26.6177064613
SDV8,1162,4,14.5351638794,19.4910259247,4.95586204529,34.0956736808
SDV8,1162,5,15.8693037033,20.655921936,4.78661823273,30.1627489285
SDV8,1162,6,12.3542346954,17.1655464172,4.8113117218,38.9446359116
SDV8,1162,7,18.5854034424,23.5324115753,4.94700813293,26.6177064613
SDV8,1162,8,14.5351638794,19.4910259247,4.95586204529,34.0956736808
SDV8,1237,1,4.6059384346,11.6805505753,7.07461214066,153.597627087
SDV8,1237,2,4.32417726517,12.1180057526,7.7938284874,180.238413216
SDV8,1237,3,-5.27645301819,0.412037879229,5.68849089742,107.808993614
SDV8,1237,4,-5.73048877716,0.604787826538,6.3352766037,110.553861111
SDV8,1237,5,4.6059384346,11.6805505753,7.07461214066,153.597627087
SDV8,1237,6,4.32417726517,12.1180057526,7.7938284874,180.238413216
SDV8,1237,7,-5.27645301819,0.412037879229,5.68849089742,107.808993614
SDV8,1237,8,-5.73048877716,0.604787826538,6.3352766037,110.553861111
SDV8,1238,1,9.68145370483,17.458568573,7.77711486816,80.330032093
SDV8,1238,2,12.7766208649,19.5971260071,6.82050514221,53.3826996539
SDV8,1238,3,1.65625882149,9.59122371674,7.93496489525,479.089668372
SDV8,1238,4,5.67448091507,12.5862884521,6.91180753708,121.805106767
SDV8,1238,5,9.68145370483,17.458568573,7.77711486816,80.330032093
SDV8,1238,6,12.7766208649,19.5971260071,6.82050514221,53.3826996539
SDV8,1238,7,1.65625882149,9.59122371674,7.93496489525,479.089668372
SDV8,1238,8,5.67448091507,12.5862884521,6.91180753708,121.805106767
SDV8,1239,1,30.9897937775,38.730796814,7.7410030365,24.9792015142
SDV8,1239,2,43.8065948486,52.2389144897,8.43231964111,19.2489730604
SDV8,1239,3,61.558013916,72.5291976929,10.9711837769,17.8225109599
SDV8,1239,4,76.2002487183,87.6689224243,11.4686737061,15.0507037693
SDV8,1239,5,30.9897937775,38.730796814,7.7410030365,24.9792015142
SDV8,1239,6,43.8065948486,52.2389144897,8.43231964111,19.2489730604
SDV8,1239,7,61.558013916,72.5291976929,10.9711837769,17.8225109599
SDV8,1239,8,76.2002487183,87.6689224243,11.4686737061,15.0507037693
SDV8,1240,1,66.9048843384,77.6459960938,10.7411117554,16.0543013587
SDV8,1240,2,59.0165061951,69.159828186,10.143321991,17.1872627591
SDV8,1240,3,69.8467025757,81.0020980835,11.1553955078,15.9712557593
SDV8,1240,4,58.8950958252,71.0768966675,12.1818008423,20.6838968026
SDV8,1240,5,66.9048843384,77.6459960938,10.7411117554,16.0543013587
SDV8,1240,6,59.0165061951,69.159828186,10.143321991,17.1872627591
SDV8,1240,7,69.8467025757,81.0020980835,11.1553955078,15.9712557593
SDV8,1240,8,58.8950958252,71.0768966675,12.1818008423,20.6838968026
SDV8,1241,1,59.0165061951,69.159828186,10.143321991,17.1872627591
SDV8,1241,2,66.9048843384,77.6459960938,10.7411117554,16.0543013587
SDV8,1241,3,58.8950958252,71.0768966675,12.1818008423,20.6838968026
SDV8,1241,4,69.8467025757,81.0020980835,11.1553955078,15.9712557593
SDV8,1241,5,59.0165061951,69.159828186,10.143321991,17.1872627591
SDV8,1241,6,66.9048843384,77.6459960938,10.7411117554,16.0543013587
SDV8,1241,7,58.8950958252,71.0768966675,12.1818008423,20.6838968026
SDV8,1241,8,69.8467025757,81.0020980835,11.1553955078,15.9712557593
SDV8,1242,1,43.8065948486,52.2389144897,8.43231964111,19.2489730604
SDV8,1242,2,30.9897937775,38.730796814,7.7410030365,24.9792015142
SDV8,1242,3,76.2002487183,87.6689224243,11.4686737061,15.0507037693
SDV8,1242,4,61.558013916,72.5291976929,10.9711837769,17.8225109599
SDV8,1242,5,43.8065948486,52.2389144897,8.43231964111,19.2489730604
SDV8,1242,6,30.9897937775,38.730796814,7.7410030365,24.9792015142
SDV8,1242,7,76.2002487183,87.6689224243,11.4686737061,15.0507037693
SDV8,1242,8,61.558013916,72.5291976929,10.9711837769,17.8225109599
SDV8,1243,1,12.7766208649,19.5971260071,6.82050514221,53.3826996539
SDV8,1243,2,9.68145370483,17.458568573,7.77711486816,80.330032093
SDV8,1243,3,5.67448091507,12.5862884521,6.91180753708,121.805106767
SDV8,1243,4,1.65625882149,9.59122371674,7.93496489525,479.089668372
SDV8,1243,5,12.7766208649,19.5971260071,6.82050514221,53.3826996539
SDV8,1243,6,9.68145370483,17.458568573,7.77711486816,80.330032093
SDV8,1243,7,5.67448091507,12.5862884521,6.91180753708,121.805106767
SDV8,1243,8,1.65625882149,9.59122371674,7.93496489525,479.089668372
SDV8,1244,1,4.32417726517,12.1180057526,7.7938284874,180.238413216
SDV8,1244,2,4.6059384346,11.6805505753,7.07461214066,153.597627087
SDV8,1244,3,-5.73048877716,0.604787826538,6.3352766037,110.553861111
SDV8,1244,4,-5.27645301819,0.412037879229,5.68849089742,107.808993614
SDV8,1244,5,4.32417726517,12.1180057526,7.7938284874,180.238413216
SDV8,1244,6,4.6059384346,11.6805505753,7.07461214066,153.597627087
SDV8,1244,7,-5.73048877716,0.604787826538,6.3352766037,110.553861111
SDV8,1244,8,-5.27645301819,0.412037879229,5.68849089742,107.808993614
SDV8,1316,1,-16.0420341492,-12.1607170105,3.88131713867,24.1946694701
SDV8,1316,2,-16.8241500854,-12.4945325851,4.32961750031,25.7345392089
SDV8,1316,3,-18.8690910339,-16.7338409424,2.13525009155,11.316125868
SDV8,1316,4,-19.8629074097,-17.3661270142,2.49678039551,12.5700651169
SDV8,1316,5,-16.0420341492,-12.1607170105,3.88131713867,24.1946694701
SDV8,1316,6,-16.8241500854,-12.4945325851,4.32961750031,25.7345392089
SDV8,1316,7,-18.8690910339,-16.7338409424,2.13525009155,11.316125868
SDV8,1316,8,-19.8629074097,-17.3661270142,2.49678039551,12.5700651169
SDV8,1317,1,-15.1729669571,-10.7661190033,4.4068479538,29.0440753365
SDV8,1317,2,-13.3461294174,-8.56740188599,4.77872753143,35.8060931523
SDV8,1317,3,-19.5769805908,-17.642490387,1.93449020386,9.88145334712
SDV8,1317,4,-18.0814170837,-15.9047021866,2.17671489716,12.0384087546
SDV8,1317,5,-15.1729669571,-10.7661190033,4.4068479538,29.0440753365
SDV8,1317,6,-13.3461294174,-8.56740188599,4.77872753143,35.8060931523
SDV8,1317,7,-19.5769805908,-17.642490387,1.93449020386,9.88145334712
SDV8,1317,8,-18.0814170837,-15.9047021866,2.17671489716,12.0384087546
SDV8,1318,1,-5.31764221191,-1.14059901237,4.17704319954,78.5506627388
SDV8,1318,2,-3.68525767326,1.86146259308,5.54672026634,150.511056705
SDV8,1318,3,-13.997341156,-13.7152690887,0.282072067261,2.01518319884
SDV8,1318,4,-12.7218990326,-12.2976665497,0.42423248291,3.33466318058
SDV8,1318,5,-5.31764221191,-1.14059901237,4.17704319954,78.5506627388
SDV8,1318,6,-3.68525767326,1.86146259308,5.54672026634,150.511056705
SDV8,1318,7,-13.997341156,-13.7152690887,0.282072067261,2.01518319884
SDV8,1318,8,-12.7218990326,-12.2976665497,0.42423248291,3.33466318058
SDV8,1319,1,-3.68525767326,1.86146259308,5.54672026634,150.511056705
SDV8,1319,2,-5.31764221191,-1.14059901237,4.17704319954,78.5506627388
SDV8,1319,3,-12.7218990326,-12.2976665497,0.42423248291,3.33466318058
SDV8,1319,4,-13.997341156,-13.7152690887,0.282072067261,2.01518319884
SDV8,1319,5,-3.68525767326,1.86146259308,5.54672026634,150.511056705
SDV8,1319,6,-5.31764221191,-1.14059901237,4.17704319954,78.5506627388
SDV8,1319,7,-12.7218990326,-12.2976665497,0.42423248291,3.33466318058
SDV8,1319,8,-13.997341156,-13.7152690887,0.282072067261,2.01518319884
SDV8,1320,1,-13.3461294174,-8.56740188599,4.77872753143,35.8060931523
SDV8,1320,2,-15.1729669571,-10.7661190033,4.4068479538,29.0440753365
SDV8,1320,3,-18.0814170837,-15.9047021866,2.17671489716,12.0384087546
SDV8,1320,4,-19.5769805908,-17.642490387,1.93449020386,9.88145334712
SDV8,1320,5,-13.3461294174,-8.56740188599,4.77872753143,35.8060931523
SDV8,1320,6,-15.1729669571,-10.7661190033,4.4068479538,29.0440753365
SDV8,1320,7,-18.0814170837,-15.9047021866,2.17671489716,12.0384087546
SDV8,1320,8,-19.5769805908,-17.642490387,1.93449020386,9.88145334712
SDV8,1321,1,-16.8241500854,-12.4945325851,4.32961750031,25.7345392089
SDV8,1321,2,-16.0420341492,-12.1607170105,3.88131713867,24.1946694701
SDV8,1321,3,-19.8629074097,-17.3661270142,2.49678039551,12.5700651169
SDV8,1321,4,-18.8690910339,-16.7338409424,2.13525009155,11.316125868
SDV8,1321,5,-16.8241500854,-12.4945325851,4.32961750031,25.7345392089
SDV8,1321,6,-16.0420341492,-12.1607170105,3.88131713867,24.1946694701
SDV8,1321,7,-19.8629074097,-17.3661270142,2.49678039551,12.5700651169
SDV8,1321,8,-18.8690910339,-16.7338409424,2.13525009155,11.316125868
SDV8,1392,1,-20.9561672211,-20.2650985718,0.691068649292,3.29768627059
SDV8,1392,2,-20.5961360931,-19.6652584076,0.930877685547,4.51967146331
SDV8,1392,3,-19.3926067352,-19.2389144897,0.153692245483,0.79253009965
SDV8,1392,4,-19.2506732941,-18.7783546448,0.472318649292,2.45351755794
SDV8,1392,5,-20.9561672211,-20.2650985718,0.691068649292,3.29768627059
SDV8,1392,6,-20.5961360931,-19.6652584076,0.930877685547,4.51967146331
SDV8,1392,7,-19.3926067352,-19.2389144897,0.153692245483,0.79253009965
SDV8,1392,8,-19.2506732941,-18.7783546448,0.472318649292,2.45351755794
SDV8,1393,1,-16.8830127716,-16.6066913605,0.276321411133,1.63668306641
SDV8,1393,2,-12.1880950928,-11.8544015884,0.333693504333,2.73786429949
SDV8,1393,3,-8.03629016876,-8.03629016876,0,0
SDV8,1393,4,-3.33061671257,-3.33061671257,0,0
SDV8,1393,5,-16.8830127716,-16.6066913605,0.276321411133,1.63668306641
SDV8,1393,6,-12.1880950928,-11.8544015884,0.333693504333,2.73786429949
SDV8,1393,7,-8.03629016876,-8.03629016876,0,0
SDV8,1393,8,-3.33061671257,-3.33061671257,0,0
SDV8,1394,1,-12.1880950928,-11.8544015884,0.333693504333,2.73786429949
SDV8,1394,2,-16.8830127716,-16.6066913605,0.276321411133,1.63668306641
SDV8,1394,3,-3.33061671257,-3.33061671257,0,0
SDV8,1394,4,-8.03629016876,-8.03629016876,0,0
SDV8,1394,5,-12.1880950928,-11.8544015884,0.333693504333,2.73786429949
SDV8,1394,6,-16.8830127716,-16.6066913605,0.276321411133,1.63668306641
SDV8,1394,7,-3.33061671257,-3.33061671257,0,0
SDV8,1394,8,-8.03629016876,-8.03629016876,0,0
SDV8,1395,1,-20.5961360931,-19.6652584076,0.930877685547,4.51967146331
SDV8,1395,2,-20.9561672211,-20.2650985718,0.691068649292,3.29768627059
SDV8,1395,3,-19.2506732941,-18.7783546448,0.472318649292,2.45351755794
SDV8,1395,4,-19.3926067352,-19.2389144897,0.153692245483,0.79253009965
SDV8,1395,5,-20.5961360931,-19.6652584076,0.930877685547,4.51967146331
SDV8,1395,6,-20.9561672211,-20.2650985718,0.691068649292,3.29768627059
SDV8,1395,7,-19.2506732941,-18.7783546448,0.472318649292,2.45351755794
SDV8,1395,8,-19.3926067352,-19.2389144897,0.153692245483,0.79253009965
SDV8,1465,1,-13.0818166733,-13.0818166733,0,0
SDV8,1465,2,-13.709939003,-13.709939003,0,0
SDV8,1465,3,-9.3492898941,-9.3492898941,0,0
SDV8,1465,4,-9.87504482269,-9.87504482269,0,0
SDV8,1465,5,-13.0818166733,-13.0818166733,0,0
SDV8,1465,6,-13.709939003,-13.709939003,0,0
SDV8,1465,7,-9.3492898941,-9.3492898941,0,0
SDV8,1465,8,-9.87504482269,-9.87504482269,0,0
SDV8,1466,1,-14.4524946213,-14.4524946213,0,0
SDV8,1466,2,-13.0864620209,-13.0864620209,0,0
SDV8,1466,3,-7.34169626236,-7.34169626236,0,0
SDV8,1466,4,-5.57307863235,-5.57307863235,0,0
SDV8,1466,5,-14.4524946213,-14.4524946213,0,0
SDV8,1466,6,-13.0864620209,-13.0864620209,0,0
SDV8,1466,7,-7.34169626236,-7.34169626236,0,0
SDV8,1466,8,-5.57307863235,-5.57307863235,0,0
SDV8,1467,1,-13.0864620209,-13.0864620209,0,0
SDV8,1467,2,-14.4524946213,-14.4524946213,0,0
SDV8,1467,3,-5.57307863235,-5.57307863235,0,0
SDV8,1467,4,-7.34169626236,-7.34169626236,0,0
SDV8,1467,5,-13.0864620209,-13.0864620209,0,0
SDV8,1467,6,-14.4524946213,-14.4524946213,0,0
SDV8,1467,7,-5.57307863235,-5.57307863235,0,0
SDV8,1467,8,-7.34169626236,-7.34169626236,0,0
SDV8,1468,1,-13.709939003,-13.709939003,0,0
SDV8,1468,2,-13.0818166733,-13.0818166733,0,0
SDV8,1468,3,-9.87504482269,-9.87504482269,0,0
SDV8,1468,4,-9.3492898941,-9.3492898941,0,0
SDV8,1468,5,-13.709939003,-13.709939003,0,0
SDV8,1468,6,-13.0818166733,-13.0818166733,0,0
SDV8,1468,7,-9.87504482269,-9.87504482269,0,0
SDV8,1468,8,-9.3492898941,-9.3492898941,0,0
SDV8,1537,1,-6.37986850739,-6.37986850739,0,0
SDV8,1537,2,-5.33861207962,-5.33861207962,0,0
SDV8,1537,3,-3.44084572792,-3.44084572792,0,0
SDV8,1537,4,-2.28007602692,-2.28007602692,0,0
SDV8,1537,5,-6.37986850739,-6.37986850739,0,0
SDV8,1537,6,-5.33861207962,-5.33861207962,0,0
SDV8,1537,7,-3.44084572792,-3.44084572792,0,0
SDV8,1537,8,-2.28007602692,-2.28007602692,0,0
SDV8,1538,1,-3.05341815948,-3.05341815948,0,0
SDV8,1538,2,-4.07766723633,-4.07766723633,0,0
SDV8,1538,3,-4.68074321747,-4.68074321747,0,0
SDV8,1538,4,-5.62321472168,-5.62321472168,0,0
SDV8,1538,5,-3.05341815948,-3.05341815948,0,0
SDV8,1538,6,-4.07766723633,-4.07766723633,0,0
SDV8,1538,7,-4.68074321747,-4.68074321747,0,0
SDV8,1538,8,-5.62321472168,-5.62321472168,0,0
SDV8,1539,1,-4.07766723633,-4.07766723633,0,0
SDV8,1539,2,-3.05341815948,-3.05341815948,0,0
SDV8,1539,3,-5.62321472168,-5.62321472168,0,0
SDV8,1539,4,-4.68074321747,-4.68074321747,0,0
SDV8,1539,5,-4.07766723633,-4.07766723633,0,0
SDV8,1539,6,-3.05341815948,-3.05341815948,0,0
SDV8,1539,7,-5.62321472168,-5.62321472168,0,0
SDV8,1539,8,-4.68074321747,-4.68074321747,0,0
SDV8,1540,1,-5.33861207962,-5.33861207962,0,0
SDV8,1540,2,-6.37986850739,-6.37986850739,0,0
SDV8,1540,3,-2.28007602692,-2.28007602692,0,0
SDV8,1540,4,-3.44084572792,-3.44084572792,0,0
SDV8,1540,5,-5.33861207962,-5.33861207962,0,0
SDV8,1540,6,-6.37986850739,-6.37986850739,0,0
SDV8,1540,7,-2.28007602692,-2.28007602692,0,0
SDV8,1540,8,-3.44084572792,-3.44084572792,0,0
SDV8,1609,1,-3.44084572792,-3.44084572792,0,0
SDV8,1609,2,-2.28007602692,-2.28007602692,0,0
SDV8,1609,3,-6.37986850739,-6.37986850739,0,0
SDV8,1609,4,-5.33861207962,-5.33861207962,0,0
SDV8,1609,5,-3.44084572792,-3.44084572792,0,0
SDV8,1609,6,-2.28007602692,-2.28007602692,0,0
SDV8,1609,7,-6.37986850739,-6.37986850739,0,0
SDV8,1609,8,-5.33861207962,-5.33861207962,0,0
SDV8,1610,1,-4.68074321747,-4.68074321747,0,0
SDV8,1610,2,-5.62321472168,-5.62321472168,0,0
SDV8,1610,3,-3.05341815948,-3.05341815948,0,0
SDV8,1610,4,-4.07766723633,-4.07766723633,0,0
SDV8,1610,5,-4.68074321747,-4.68074321747,0,0
SDV8,1610,6,-5.62321472168,-5.62321472168,0,0
SDV8,1610,7,-3.05341815948,-3.05341815948,0,0
SDV8,1610,8,-4.07766723633,-4.07766723633,0,0
SDV8,1611,1,-5.62321472168,-5.62321472168,0,0
SDV8,1611,2,-4.68074321747,-4.68074321747,0,0
SDV8,1611,3,-4.07766723633,-4.07766723633,0,0
SDV8,1611,4,-3.05341815948,-3.05341815948,0,0
SDV8,1611,5,-5.62321472168,-5.62321472168,0,0
SDV8,1611,6,-4.68074321747,-4.68074321747,0,0
SDV8,1611,7,-4.07766723633,-4.07766723633,0,0
SDV8,1611,8,-3.05341815948,-3.05341815948,0,0
SDV8,1612,1,-2.28007602692,-2.28007602692,0,0
SDV8,1612,2,-3.44084572792,-3.44084572792,0,0
SDV8,1612,3,-5.33861207962,-5.33861207962,0,0
SDV8,1612,4,-6.37986850739,-6.37986850739,0,0
SDV8,1612,5,-2.28007602692,-2.28007602692,0,0
SDV8,1612,6,-3.44084572792,-3.44084572792,0,0
SDV8,1612,7,-5.33861207962,-5.33861207962,0,0
SDV8,1612,8,-6.37986850739,-6.37986850739,0,0
SDV8,1681,1,-9.3492898941,-9.3492898941,0,0
SDV8,1681,2,-9.87504482269,-9.87504482269,0,0
SDV8,1681,3,-13.0818166733,-13.0818166733,0,0
SDV8,1681,4,-13.709939003,-13.709939003,0,0
SDV8,1681,5,-9.3492898941,-9.3492898941,0,0
SDV8,1681,6,-9.87504482269,-9.87504482269,0,0
SDV8,1681,7,-13.0818166733,-13.0818166733,0,0
SDV8,1681,8,-13.709939003,-13.709939003,0,0
SDV8,1682,1,-7.34169626236,-7.34169626236,0,0
SDV8,1682,2,-5.57307863235,-5.57307863235,0,0
SDV8,1682,3,-14.4524946213,-14.4524946213,0,0
SDV8,1682,4,-13.0864620209,-13.0864620209,0,0
SDV8,1682,5,-7.34169626236,-7.34169626236,0,0
SDV8,1682,6,-5.57307863235,-5.57307863235,0,0
SDV8,1682,7,-14.4524946213,-14.4524946213,0,0
SDV8,1682,8,-13.0864620209,-13.0864620209,0,0
SDV8,1683,1,-5.57307863235,-5.57307863235,0,0
SDV8,1683,2,-7.34169626236,-7.34169626236,0,0
SDV8,1683,3,-13.0864620209,-13.0864620209,0,0
SDV8,1683,4,-14.4524946213,-14.4524946213,0,0
SDV8,1683,5,-5.57307863235,-5.57307863235,0,0
SDV8,1683,6,-7.34169626236,-7.34169626236,0,0
SDV8,1683,7,-13.0864620209,-13.0864620209,0,0
SDV8,1683,8,-14.4524946213,-14.4524946213,0,0
SDV8,1684,1,-9.87504482269,-9.87504482269,0,0
SDV8,1684,2,-9.3492898941,-9.3492898941,0,0
SDV8,1684,3,-13.709939003,-13.709939003,0,0
SDV8,1684,4,-13.0818166733,-13.0818166733,0,0
SDV8,1684,5,-9.87504482269,-9.87504482269,0,0
SDV8,1684,6,-9.3492898941,-9.3492898941,0,0
SDV8,1684,7,-13.709939003,-13.709939003,0,0
SDV8,1684,8,-13.0818166733,-13.0818166733,0,0
SDV8,1754,1,-19.3926067352,-19.2389144897,0.153692245483,0.79253009965
SDV8,1754,2,-19.2506732941,-18.7783546448,0.472318649292,2.45351755794
SDV8,1754,3,-20.9561672211,-20.2650985718,0.691068649292,3.29768627059
SDV8,1754,4,-20.5961360931,-19.6652584076,0.930877685547,4.51967146331
SDV8,1754,5,-19.3926067352,-19.2389144897,0.153692245483,0.79253009965
SDV8,1754,6,-19.2506732941,-18.7783546448,0.472318649292,2.45351755794
SDV8,1754,7,-20.9561672211,-20.2650985718,0.691068649292,3.29768627059
SDV8,1754,8,-20.5961360931,-19.6652584076,0.930877685547,4.51967146331
SDV8,1755,1,-8.03629016876,-8.03629016876,0,0
SDV8,1755,2,-3.33061671257,-3.33061671257,0,0
SDV8,1755,3,-16.8830127716,-16.6066913605,0.276321411133,1.63668306641
SDV8,1755,4,-12.1880950928,-11.8544015884,0.333693504333,2.73786429949
SDV8,1755,5,-8.03629016876,-8.03629016876,0,0
SDV8,1755,6,-3.33061671257,-3.33061671257,0,0
SDV8,1755,7,-16.8830127716,-16.6066913605,0.276321411133,1.63668306641
SDV8,1755,8,-12.1880950928,-11.8544015884,0.333693504333,2.73786429949
SDV8,1756,1,-3.33061671257,-3.33061671257,0,0
SDV8,1756,2,-8.03629016876,-8.03629016876,0,0
SDV8,1756,3,-12.1880950928,-11.8544015884,0.333693504333,2.73786429949
SDV8,1756,4,-16.8830127716,-16.6066913605,0.276321411133,1.63668306641
SDV8,1756,5,-3.33061671257,-3.33061671257,0,0
SDV8,1756,6,-8.03629016876,-8.03629016876,0,0
SDV8,1756,7,-12.1880950928,-11.8544015884,0.333693504333,2.73786429949
SDV8,1756,8,-16.8830127716,-16.6066913605,0.276321411133,1.63668306641
SDV8,1757,1,-19.2506732941,-18.7783546448,0.472318649292,2.45351755794
SDV8,1757,2,-19.3926067352,-19.2389144897,0.153692245483,0.79253009965
SDV8,1757,3,-20.5961360931,-19.6652584076,0.930877685547,4.51967146331
SDV8,1757,4,-20.9561672211,-20.2650985718,0.691068649292,3.29768627059
SDV8,1757,5,-19.2506732941,-18.7783546448,0.472318649292,2.45351755794
SDV8,1757,6,-19.3926067352,-19.2389144897,0.153692245483,0.79253009965
SDV8,1757,7,-20.5961360931,-19.6652584076,0.930877685547,4.51967146331
SDV8,1757,8,-20.9561672211,-20.2650985718,0.691068649292,3.29768627059
SDV8,1828,1,-18.8690910339,-16.7338409424,2.13525009155,11.316125868
SDV8,1828,2,-19.8629074097,-17.3661270142,2.49678039551,12.5700651169
SDV8,1828,3,-16.0420341492,-12.1607170105,3.88131713867,24.1946694701
SDV8,1828,4,-16.8241500854,-12.4945325851,4.32961750031,25.7345392089
SDV8,1828,5,-18.8690910339,-16.7338409424,2.13525009155,11.316125868
SDV8,1828,6,-19.8629074097,-17.3661270142,2.49678039551,12.5700651169
SDV8,1828,7,-16.0420341492,-12.1607170105,3.88131713867,24.1946694701
SDV8,1828,8,-16.8241500854,-12.4945325851,4.32961750031,25.7345392089
SDV8,1829,1,-19.5769805908,-17.642490387,1.93449020386,9.88145334712
SDV8,1829,2,-18.0814170837,-15.9047021866,2.17671489716,12.0384087546
SDV8,1829,3,-15.1729669571,-10.7661190033,4.4068479538,29.0440753365
SDV8,1829,4,-13.3461294174,-8.56740188599,4.77872753143,35.8060931523
SDV8,1829,5,-19.5769805908,-17.642490387,1.93449020386,9.88145334712
SDV8,1829,6,-18.0814170837,-15.9047021866,2.17671489716,12.0384087546
SDV8,1829,7,-15.1729669571,-10.7661190033,4.4068479538,29.0440753365
SDV8,1829,8,-13.3461294174,-8.56740188599,4.77872753143,35.8060931523
SDV8,1830,1,-13.997341156,-13.7152690887,0.282072067261,2.01518319884
SDV8,1830,2,-12.7218990326,-12.2976665497,0.42423248291,3.33466318058
SDV8,1830,3,-5.31764221191,-1.14059901237,4.17704319954,78.5506627388
SDV8,1830,4,-3.68525767326,1.86146259308,5.54672026634,150.511056705
SDV8,1830,5,-13.997341156,-13.7152690887,0.282072067261,2.01518319884
SDV8,1830,6,-12.7218990326,-12.2976665497,0.42423248291,3.33466318058
SDV8,1830,7,-5.31764221191,-1.14059901237,4.17704319954,78.5506627388
SDV8,1830,8,-3.68525767326,1.86146259308,5.54672026634,150.511056705
SDV8,1831,1,-12.7218990326,-12.2976665497,0.42423248291,3.33466318058
SDV8,1831,2,-13.997341156,-13.7152690887,0.282072067261,2.01518319884
SDV8,1831,3,-3.68525767326,1.86146259308,5.54672026634,150.511056705
SDV8,1831,4,-5.31764221191,-1.14059901237,4.17704319954,78.5506627388
SDV8,1831,5,-12.7218990326,-12.2976665497,0.42423248291,3.33466318058
SDV8,1831,6,-13.997341156,-13.7152690887,0.282072067261,2.01518319884
SDV8,1831,7,-3.68525767326,1.86146259308,5.54672026634,150.511056705
SDV8,1831,8,-5.31764221191,-1.14059901237,4.17704319954,78.5506627388
SDV8,1832,1,-18.0814170837,-15.9047021866,2.17671489716,12.0384087546
SDV8,1832,2,-19.5769805908,-17.642490387,1.93449020386,9.88145334712
SDV8,1832,3,-13.3461294174,-8.56740188599,4.77872753143,35.8060931523
SDV8,1832,4,-15.1729669571,-10.7661190033,4.4068479538,29.0440753365
SDV8,1832,5,-18.0814170837,-15.9047021866,2.17671489716,12.0384087546
SDV8,1832,6,-19.5769805908,-17.642490387,1.93449020386,9.88145334712
SDV8,1832,7,-13.3461294174,-8.56740188599,4.77872753143,35.8060931523
SDV8,1832,8,-15.1729669571,-10.7661190033,4.4068479538,29.0440753365
SDV8,1833,1,-19.8629074097,-17.3661270142,2.49678039551,12.5700651169
SDV8,1833,2,-18.8690910339,-16.7338409424,2.13525009155,11.316125868
SDV8,1833,3,-16.8241500854,-12.4945325851,4.32961750031,25.7345392089
SDV8,1833,4,-16.0420341492,-12.1607170105,3.88131713867,24.1946694701
SDV8,1833,5,-19.8629074097,-17.3661270142,2.49678039551,12.5700651169
SDV8,1833,6,-18.8690910339,-16.7338409424,2.13525009155,11.316125868
SDV8,1833,7,-16.8241500854,-12.4945325851,4.32961750031,25.7345392089
SDV8,1833,8,-16.0420341492,-12.1607170105,3.88131713867,24.1946694701
SDV8,1905,1,-5.27645301819,0.412037879229,5.68849089742,107.808993614
SDV8,1905,2,-5.73048877716,0.604787826538,6.3352766037,110.553861111
SDV8,1905,3,4.6059384346,11.6805505753,7.07461214066,153.597627087
SDV8,1905,4,4.32417726517,12.1180057526,7.7938284874,180.238413216
SDV8,1905,5,-5.27645301819,0.412037879229,5.68849089742,107.808993614
SDV8,1905,6,-5.73048877716,0.604787826538,6.3352766037,110.553861111
SDV8,1905,7,4.6059384346,11.6805505753,7.07461214066,153.597627087
SDV8,1905,8,4.32417726517,12.1180057526,7.7938284874,180.238413216
SDV8,1906,1,1.65625882149,9.59122371674,7.93496489525,479.089668372
SDV8,1906,2,5.67448091507,12.5862884521,6.91180753708,121.805106767
SDV8,1906,3,9.68145370483,17.458568573,7.77711486816,80.330032093
SDV8,1906,4,12.7766208649,19.5971260071,6.82050514221,53.3826996539
SDV8,1906,5,1.65625882149,9.59122371674,7.93496489525,479.089668372
SDV8,1906,6,5.67448091507,12.5862884521,6.91180753708,121.805106767
SDV8,1906,7,9.68145370483,17.458568573,7.77711486816,80.330032093
SDV8,1906,8,12.7766208649,19.5971260071,6.82050514221,53.3826996539
SDV8,1907,1,61.558013916,72.5291976929,10.9711837769,17.8225109599
SDV8,1907,2,76.2002487183,87.6689224243,11.4686737061,15.0507037693
SDV8,1907,3,30.9897937775,38.730796814,7.7410030365,24.9792015142
SDV8,1907,4,43.8065948486,52.2389144897,8.43231964111,19.2489730604
SDV8,1907,5,61.558013916,72.5291976929,10.9711837769,17.8225109599
SDV8,1907,6,76.2002487183,87.6689224243,11.4686737061,15.0507037693
SDV8,1907,7,30.9897937775,38.730796814,7.7410030365,24.9792015142
SDV8,1907,8,43.8065948486,52.2389144897,8.43231964111,19.2489730604
SDV8,1908,1,69.8467025757,81.0020980835,11.1553955078,15.9712557593
SDV8,1908,2,58.8950958252,71.0768966675,12.1818008423,20.6838968026
SDV8,1908,3,66.9048843384,77.6459960938,10.7411117554,16.0543013587
SDV8,1908,4,59.0165061951,69.159828186,10.143321991,17.1872627591
SDV8,1908,5,69.8467025757,81.0020980835,11.1553955078,15.9712557593
SDV8,1908,6,58.8950958252,71.0768966675,12.1818008423,20.6838968026
SDV8,1908,7,66.9048843384,77.6459960938,10.7411117554,16.0543013587
SDV8,1908,8,59.0165061951,69.159828186,10.143321991,17.1872627591
SDV8,1909,1,58.8950958252,71.0768966675,12.1818008423,20.6838968026
SDV8,1909,2,69.8467025757,81.0020980835,11.1553955078,15.9712557593
SDV8,1909,3,59.0165061951,69.159828186,10.143321991,17.1872627591
SDV8,1909,4,66.9048843384,77.6459960938,10.7411117554,16.0543013587
SDV8,1909,5,58.8950958252,71.0768966675,12.1818008423,20.6838968026
SDV8,1909,6,69.8467025757,81.0020980835,11.1553955078,15.9712557593
SDV8,1909,7,59.0165061951,69.159828186,10.143321991,17.1872627591
SDV8,1909,8,66.9048843384,77.6459960938,10.7411117554,16.0543013587
SDV8,1910,1,76.2002487183,87.6689224243,11.4686737061,15.0507037693
SDV8,1910,2,61.558013916,72.5291976929,10.9711837769,17.8225109599
SDV8,1910,3,43.8065948486,52.2389144897,8.43231964111,19.2489730604
SDV8,1910,4,30.9897937775,38.730796814,7.7410030365,24.9792015142
SDV8,1910,5,76.2002487183,87.6689224243,11.4686737061,15.0507037693
SDV8,1910,6,61.558013916,72.5291976929,10.9711837769,17.8225109599
SDV8,1910,7,43.8065948486,52.2389144897,8.43231964111,19.2489730604
SDV8,1910,8,30.9897937775,38.730796814,7.7410030365,24.9792015142
SDV8,1911,1,5.67448091507,12.5862884521,6.91180753708,121.805106767
SDV8,1911,2,1.65625882149,9.59122371674,7.93496489525,479.089668372
SDV8,1911,3,12.7766208649,19.5971260071,6.82050514221,53.3826996539
SDV8,1911,4,9.68145370483,17.458568573,7.77711486816,80.330032093
SDV8,1911,5,5.67448091507,12.5862884521,6.91180753708,121.805106767
SDV8,1911,6,1.65625882149,9.59122371674,7.93496489525,479.089668372
SDV8,1911,7,12.7766208649,19.5971260071,6.82050514221,53.3826996539
SDV8,1911,8,9.68145370483,17.458568573,7.77711486816,80.330032093
SDV8,1912,1,-5.73048877716,0.604787826538,6.3352766037,110.553861111
SDV8,1912,2,-5.27645301819,0.412037879229,5.68849089742,107.808993614
SDV8,1912,3,4.32417726517,12.1180057526,7.7938284874,180.238413216
SDV8,1912,4,4.6059384346,11.6805505753,7.07461214066,153.597627087
SDV8,1912,5,-5.73048877716,0.604787826538,6.3352766037,110.553861111
SDV8,1912,6,-5.27645301819,0.412037879229,5.68849089742,107.808993614
SDV8,1912,7,4.32417726517,12.1180057526,7.7938284874,180.238413216
SDV8,1912,8,4.6059384346,11.6805505753,7.07461214066,153.597627087
SDV8,1987,1,14.5351638794,19.4910259247,4.95586204529,34.0956736808
SDV8,1987,2,18.5854034424,23.5324115753,4.94700813293,26.6177064613
SDV8,1987,3,12.3542346954,17.1655464172,4.8113117218,38.9446359116
SDV8,1987,4,15.8693037033,20.655921936,4.78661823273,30.1627489285
SDV8,1987,5,14.5351638794,19.4910259247,4.95586204529,34.0956736808
SDV8,1987,6,18.5854034424,23.5324115753,4.94700813293,26.6177064613
SDV8,1987,7,12.3542346954,17.1655464172,4.8113117218,38.9446359116
SDV8,1987,8,15.8693037033,20.655921936,4.78661823273,30.1627489285
SDV8,1988,1,49.2201309204,56.8361930847,7.61606216431,15.4734699439
SDV8,1988,2,56.5189704895,64.3150405884,7.79607009888,13.7937227649
SDV8,1988,3,32.9051551819,37.7617721558,4.85661697388,14.7594410269
SDV8,1988,4,40.4265480042,45.6150588989,5.18851089478,12.8344148856
SDV8,1988,5,49.2201309204,56.8361930847,7.61606216431,15.4734699439
SDV8,1988,6,56.5189704895,64.3150405884,7.79607009888,13.7937227649
SDV8,1988,7,32.9051551819,37.7617721558,4.85661697388,14.7594410269
SDV8,1988,8,40.4265480042,45.6150588989,5.18851089478,12.8344148856
SDV8,1989,1,56.5189704895,64.3150405884,7.79607009888,13.7937227649
SDV8,1989,2,49.2201309204,56.8361930847,7.61606216431,15.4734699439
SDV8,1989,3,40.4265480042,45.6150588989,5.18851089478,12.8344148856
SDV8,1989,4,32.9051551819,37.7617721558,4.85661697388,14.7594410269
SDV8,1989,5,56.5189704895,64.3150405884,7.79607009888,13.7937227649
SDV8,1989,6,49.2201309204,56.8361930847,7.61606216431,15.4734699439
SDV8,1989,7,40.4265480042,45.6150588989,5.18851089478,12.8344148856
SDV8,1989,8,32.9051551819,37.7617721558,4.85661697388,14.7594410269
SDV8,1990,1,18.5854034424,23.5324115753,4.94700813293,26.6177064613
SDV8,1990,2,14.5351638794,19.4910259247,4.95586204529,34.0956736808
SDV8,1990,3,15.8693037033,20.655921936,4.78661823273,30.1627489285
SDV8,1990,4,12.3542346954,17.1655464172,4.8113117218,38.9446359116
SDV8,1990,5,18.5854034424,23.5324115753,4.94700813293,26.6177064613
SDV8,1990,6,14.5351638794,19.4910259247,4.95586204529,34.0956736808
SDV8,1990,7,15.8693037033,20.655921936,4.78661823273,30.1627489285
SDV8,1990,8,12.3542346954,17.1655464172,4.8113117218,38.9446359116
SDV11,1159,1,-16.0785121918,-16.1266765594,0.0481643676758,0.299557366386
SDV11,1159,2,-15.8850307465,-15.9717092514,0.0866785049438,0.545661549715
SDV11,1159,3,-18.8823337555,-18.9191455841,0.0368118286133,0.194953807564
SDV11,1159,4,-18.6923332214,-18.7680072784,0.0756740570068,0.40484008128
SDV11,1159,5,-16.0785121918,-16.1266765594,0.0481643676758,0.299557366386
SDV11,1159,6,-15.8850307465,-15.9717092514,0.0866785049438,0.545661549715
SDV11,1159,7,-18.8823337555,-18.9191455841,0.0368118286133,0.194953807564
SDV11,1159,8,-18.6923332214,-18.7680072784,0.0756740570068,0.40484008128
SDV11,1160,1,-14.2228393555,-14.7606525421,0.537813186646,3.78133488823
SDV11,1160,2,-3.52624821663,-3.506472826,0.019775390625,0.56080540592
SDV11,1160,3,-24.0736141205,-25.0668525696,0.993238449097,4.12583853893
SDV11,1160,4,-13.4003582001,-13.6611156464,0.260757446289,1.9458990752
SDV11,1160,5,-14.2228393555,-14.7606525421,0.537813186646,3.78133488823
SDV11,1160,6,-3.52624821663,-3.506472826,0.019775390625,0.56080540592
SDV11,1160,7,-24.0736141205,-25.0668525696,0.993238449097,4.12583853893
SDV11,1160,8,-13.4003582001,-13.6611156464,0.260757446289,1.9458990752
SDV11,1161,1,3.52624821663,3.506472826,0.019775390625,0.56080540592
SDV11,1161,2,14.2228393555,14.7606525421,0.537813186646,3.78133488823
SDV11,1161,3,13.4003582001,13.6611156464,0.260757446289,1.9458990752
SDV11,1161,4,24.0736141205,25.0668525696,0.993238449097,4.12583853893
SDV11,1161,5,3.52624821663,3.506472826,0.019775390625,0.56080540592
SDV11,1161,6,14.2228393555,14.7606525421,0.537813186646,3.78133488823
SDV11,1161,7,13.4003582001,13.6611156464,0.260757446289,1.9458990752
SDV11,1161,8,24.0736141205,25.0668525696,0.993238449097,4.12583853893
SDV11,1162,1,15.8850307465,15.9717092514,0.0866785049438,0.545661549715
SDV11,1162,2,16.0785121918,16.1266765594,0.0481643676758,0.299557366386
SDV11,1162,3,18.6923332214,18.7680072784,0.0756740570068,0.40484008128
SDV11,1162,4,18.8823337555,18.9191455841,0.0368118286133,0.194953807564
SDV11,1162,5,15.8850307465,15.9717092514,0.0866785049438,0.545661549715
SDV11,1162,6,16.0785121918,16.1266765594,0.0481643676758,0.299557366386
SDV11,1162,7,18.6923332214,18.7680072784,0.0756740570068,0.40484008128
SDV11,1162,8,18.8823337555,18.9191455841,0.0368118286133,0.194953807564
SDV11,1237,1,-12.5480566025,-13.6399669647,1.09191036224,8.70182847301
SDV11,1237,2,-19.2657032013,-20.6850280762,1.41932487488,7.36710651072
SDV11,1237,3,-11.0485219955,-12.0046443939,0.956122398376,8.65384889275
SDV11,1237,4,-17.7936077118,-19.0198745728,1.22626686096,6.89161456644
SDV11,1237,5,-12.5480566025,-13.6399669647,1.09191036224,8.70182847301
SDV11,1237,6,-19.2657032013,-20.6850280762,1.41932487488,7.36710651072
SDV11,1237,7,-11.0485219955,-12.0046443939,0.956122398376,8.65384889275
SDV11,1237,8,-17.7936077118,-19.0198745728,1.22626686096,6.89161456644
SDV11,1238,1,-19.3007507324,-20.5441055298,1.24335479736,6.44200225473
SDV11,1238,2,-24.4025020599,-25.3632564545,0.960754394531,3.93711428513
SDV11,1238,3,-20.2506523132,-20.7677135468,0.517061233521,2.55330655785
SDV11,1238,4,-25.3275508881,-25.6125965118,0.285045623779,1.12543697983
SDV11,1238,5,-19.3007507324,-20.5441055298,1.24335479736,6.44200225473
SDV11,1238,6,-24.4025020599,-25.3632564545,0.960754394531,3.93711428513
SDV11,1238,7,-20.2506523132,-20.7677135468,0.517061233521,2.55330655785
SDV11,1238,8,-25.3275508881,-25.6125965118,0.285045623779,1.12543697983
SDV11,1239,1,-35.6130409241,-38.1364517212,2.52341079712,7.08563697916
SDV11,1239,2,-14.0349721909,-14.8973474503,0.862375259399,6.14447430086
SDV11,1239,3,-50.8656196594,-54.6882514954,3.82263183594,7.51515829657
SDV11,1239,4,-29.2276935577,-31.0946655273,1.8669719696,6.38768148406
SDV11,1239,5,-35.6130409241,-38.1364517212,2.52341079712,7.08563697916
SDV11,1239,6,-14.0349721909,-14.8973474503,0.862375259399,6.14447430086
SDV11,1239,7,-50.8656196594,-54.6882514954,3.82263183594,7.51515829657
SDV11,1239,8,-29.2276935577,-31.0946655273,1.8669719696,6.38768148406
SDV11,1240,1,-8.39976501465,-9.39965057373,0.999885559082,11.9037325132
SDV11,1240,2,-8.67982673645,-8.91950416565,0.239677429199,2.76131582434
SDV11,1240,3,3.34037065506,2.75364232063,0.586728334427,17.5647673571
SDV11,1240,4,3.13878035545,3.28113245964,0.142352104187,4.53526809991
SDV11,1240,5,-8.39976501465,-9.39965057373,0.999885559082,11.9037325132
SDV11,1240,6,-8.67982673645,-8.91950416565,0.239677429199,2.76131582434
SDV11,1240,7,3.34037065506,2.75364232063,0.586728334427,17.5647673571
SDV11,1240,8,3.13878035545,3.28113245964,0.142352104187,4.53526809991
SDV11,1241,1,8.67982673645,8.91950416565,0.239677429199,2.76131582434
SDV11,1241,2,8.39976501465,9.39965057373,0.999885559082,11.9037325132
SDV11,1241,3,-3.13878035545,-3.28113245964,0.142352104187,4.53526809991
SDV11,1241,4,-3.34037065506,-2.75364232063,0.586728334427,17.5647673571
SDV11,1241,5,8.67982673645,8.91950416565,0.239677429199,2.76131582434
SDV11,1241,6,8.39976501465,9.39965057373,0.999885559082,11.9037325132
SDV11,1241,7,-3.13878035545,-3.28113245964,0.142352104187,4.53526809991
SDV11,1241,8,-3.34037065506,-2.75364232063,0.586728334427,17.5647673571
SDV11,1242,1,14.0349721909,14.8973474503,0.862375259399,6.14447430086
SDV11,1242,2,35.6130409241,38.1364517212,2.52341079712,7.08563697916
SDV11,1242,3,29.2276935577,31.0946655273,1.8669719696,6.38768148406
SDV11,1242,4,50.8656196594,54.6882514954,3.82263183594,7.51515829657
SDV11,1242,5,14.0349721909,14.8973474503,0.862375259399,6.14447430086
SDV11,1242,6,35.6130409241,38.1364517212,2.52341079712,7.08563697916
SDV11,1242,7,29.2276935577,31.0946655273,1.8669719696,6.38768148406
SDV11,1242,8,50.8656196594,54.6882514954,3.82263183594,7.51515829657
SDV11,1243,1,24.4025020599,25.3632564545,0.960754394531,3.93711428513
SDV11,1243,2,19.3007507324,20.5441055298,1.24335479736,6.44200225473
SDV11,1243,3,25.3275508881,25.6125965118,0.285045623779,1.12543697983
SDV11,1243,4,20.2506523132,20.7677135468,0.517061233521,2.55330655785
SDV11,1243,5,24.4025020599,25.3632564545,0.960754394531,3.93711428513
SDV11,1243,6,19.3007507324,20.5441055298,1.24335479736,6.44200225473
SDV11,1243,7,25.3275508881,25.6125965118,0.285045623779,1.12543697983
SDV11,1243,8,20.2506523132,20.7677135468,0.517061233521,2.55330655785
SDV11,1244,1,19.2657032013,20.6850280762,1.41932487488,7.36710651072
SDV11,1244,2,12.5480566025,13.6399669647,1.09191036224,8.70182847301
SDV11,1244,3,17.7936077118,19.0198745728,1.22626686096,6.89161456644
SDV11,1244,4,11.0485219955,12.0046443939,0.956122398376,8.65384889275
SDV11,1244,5,19.2657032013,20.6850280762,1.41932487488,7.36710651072
SDV11,1244,6,12.5480566025,13.6399669647,1.09191036224,8.70182847301
SDV11,1244,7,17.7936077118,19.0198745728,1.22626686096,6.89161456644
SDV11,1244,8,11.0485219955,12.0046443939,0.956122398376,8.65384889275
SDV11,1316,1,3.72078633308,2.26301217079,1.45777416229,39.179195788
SDV11,1316,2,1.43945395947,-0.558560073376,1.99801403284,138.803608111
SDV11,1316,3,4.84826660156,3.90769791603,0.940568685532,19.4001024042
SDV11,1316,4,2.50153231621,1.14583539963,1.35569691658,54.1946593213
SDV11,1316,5,3.72078633308,2.26301217079,1.45777416229,39.179195788
SDV11,1316,6,1.43945395947,-0.558560073376,1.99801403284,138.803608111
SDV11,1316,7,4.84826660156,3.90769791603,0.940568685532,19.4001024042
SDV11,1316,8,2.50153231621,1.14583539963,1.35569691658,54.1946593213
SDV11,1317,1,8.37313556671,6.54827356339,1.82486200333,21.7942488664
SDV11,1317,2,5.59734678268,2.74779415131,2.84955263138,50.9089885264
SDV11,1317,3,6.69663476944,5.79485940933,0.901775360107,13.466097393
SDV11,1317,4,3.83204746246,2.27146625519,1.56058120728,40.724474907
SDV11,1317,5,8.37313556671,6.54827356339,1.82486200333,21.7942488664
SDV11,1317,6,5.59734678268,2.74779415131,2.84955263138,50.9089885264
SDV11,1317,7,6.69663476944,5.79485940933,0.901775360107,13.466097393
SDV11,1317,8,3.83204746246,2.27146625519,1.56058120728,40.724474907
SDV11,1318,1,4.8623790741,2.2941327095,2.56824636459,52.8187195086
SDV11,1318,2,0.748174011707,-6.68505382538,7.43322783709,993.515909504
SDV11,1318,3,6.80356264114,6.46659755707,0.336965084076,4.95277403692
SDV11,1318,4,1.07360458374,-1.8501701355,2.92377471924,272.332548083
SDV11,1318,5,4.8623790741,2.2941327095,2.56824636459,52.8187195086
SDV11,1318,6,0.748174011707,-6.68505382538,7.43322783709,993.515909504
SDV11,1318,7,6.80356264114,6.46659755707,0.336965084076,4.95277403692
SDV11,1318,8,1.07360458374,-1.8501701355,2.92377471924,272.332548083
SDV11,1319,1,-0.748174011707,6.68505382538,7.43322783709,993.515909504
SDV11,1319,2,-4.8623790741,-2.2941327095,2.56824636459,52.8187195086
SDV11,1319,3,-1.07360458374,1.8501701355,2.92377471924,272.332548083
SDV11,1319,4,-6.80356264114,-6.46659755707,0.336965084076,4.95277403692
SDV11,1319,5,-0.748174011707,6.68505382538,7.43322783709,993.515909504
SDV11,1319,6,-4.8623790741,-2.2941327095,2.56824636459,52.8187195086
SDV11,1319,7,-1.07360458374,1.8501701355,2.92377471924,272.332548083
SDV11,1319,8,-6.80356264114,-6.46659755707,0.336965084076,4.95277403692
SDV11,1320,1,-5.59734678268,-2.74779415131,2.84955263138,50.9089885264
SDV11,1320,2,-8.37313556671,-6.54827356339,1.82486200333,21.7942488664
SDV11,1320,3,-3.83204746246,-2.27146625519,1.56058120728,40.724474907
SDV11,1320,4,-6.69663476944,-5.79485940933,0.901775360107,13.466097393
SDV11,1320,5,-5.59734678268,-2.74779415131,2.84955263138,50.9089885264
SDV11,1320,6,-8.37313556671,-6.54827356339,1.82486200333,21.7942488664
SDV11,1320,7,-3.83204746246,-2.27146625519,1.56058120728,40.724474907
SDV11,1320,8,-6.69663476944,-5.79485940933,0.901775360107,13.466097393
SDV11,1321,1,-1.43945395947,0.558560073376,1.99801403284,138.803608111
SDV11,1321,2,-3.72078633308,-2.26301217079,1.45777416229,39.179195788
SDV11,1321,3,-2.50153231621,-1.14583539963,1.35569691658,54.1946593213
SDV11,1321,4,-4.84826660156,-3.90769791603,0.940568685532,19.4001024042
SDV11,1321,5,-1.43945395947,0.558560073376,1.99801403284,138.803608111
SDV11,1321,6,-3.72078633308,-2.26301217079,1.45777416229,39.179195788
SDV11,1321,7,-2.50153231621,-1.14583539963,1.35569691658,54.1946593213
SDV11,1321,8,-4.84826660156,-3.90769791603,0.940568685532,19.4001024042
SDV11,1392,1,14.3511505127,14.0482797623,0.302870750427,2.11042836015
SDV11,1392,2,15.2508878708,14.6556529999,0.595234870911,3.90295224746
SDV11,1392,3,14.183426857,14.0817041397,0.101722717285,0.717194217665
SDV11,1392,4,15.2319412231,14.7835731506,0.44836807251,2.94360427172
SDV11,1392,5,14.3511505127,14.0482797623,0.302870750427,2.11042836015
SDV11,1392,6,15.2508878708,14.6556529999,0.595234870911,3.90295224746
SDV11,1392,7,14.183426857,14.0817041397,0.101722717285,0.717194217665
SDV11,1392,8,15.2319412231,14.7835731506,0.44836807251,2.94360427172
SDV11,1393,1,21.3089942932,21.1524162292,0.156578063965,0.734798000367
SDV11,1393,2,27.7469577789,27.2627868652,0.484170913696,1.74495134765
SDV11,1393,3,15.3733186722,15.3733186722,0,0
SDV11,1393,4,21.9429588318,21.9429588318,0,0
SDV11,1393,5,21.3089942932,21.1524162292,0.156578063965,0.734798000367
SDV11,1393,6,27.7469577789,27.2627868652,0.484170913696,1.74495134765
SDV11,1393,7,15.3733186722,15.3733186722,0,0
SDV11,1393,8,21.9429588318,21.9429588318,0,0
SDV11,1394,1,-27.7469577789,-27.2627868652,0.484170913696,1.74495134765
SDV11,1394,2,-21.3089942932,-21.1524162292,0.156578063965,0.734798000367
SDV11,1394,3,-21.9429588318,-21.9429588318,0,0
SDV11,1394,4,-15.3733186722,-15.3733186722,0,0
SDV11,1394,5,-27.7469577789,-27.2627868652,0.484170913696,1.74495134765
SDV11,1394,6,-21.3089942932,-21.1524162292,0.156578063965,0.734798000367
SDV11,1394,7,-21.9429588318,-21.9429588318,0,0
SDV11,1394,8,-15.3733186722,-15.3733186722,0,0
SDV11,1395,1,-15.2508878708,-14.6556529999,0.595234870911,3.90295224746
SDV11,1395,2,-14.3511505127,-14.0482797623,0.302870750427,2.11042836015
SDV11,1395,3,-15.2319412231,-14.7835731506,0.44836807251,2.94360427172
SDV11,1395,4,-14.183426857,-14.0817041397,0.101722717285,0.717194217665
SDV11,1395,5,-15.2508878708,-14.6556529999,0.595234870911,3.90295224746
SDV11,1395,6,-14.3511505127,-14.0482797623,0.302870750427,2.11042836015
SDV11,1395,7,-15.2319412231,-14.7835731506,0.44836807251,2.94360427172
SDV11,1395,8,-14.183426857,-14.0817041397,0.101722717285,0.717194217665
SDV11,1465,1,6.53238534927,6.53238534927,0,0
SDV11,1465,2,9.08839035034,9.08839035034,0,0
SDV11,1465,3,8.30598449707,8.30598449707,0,0
SDV11,1465,4,10.8121604919,10.8121604919,0,0
SDV11,1465,5,6.53238534927,6.53238534927,0,0
SDV11,1465,6,9.08839035034,9.08839035034,0,0
SDV11,1465,7,8.30598449707,8.30598449707,0,0
SDV11,1465,8,10.8121604919,10.8121604919,0,0
SDV11,1466,1,10.9097642899,10.9097642899,0,0
SDV11,1466,2,15.5758333206,15.5758333206,0,0
SDV11,1466,3,8.70146846771,8.70146846771,0,0
SDV11,1466,4,13.3556509018,13.3556509018,0,0
SDV11,1466,5,10.9097642899,10.9097642899,0,0
SDV11,1466,6,15.5758333206,15.5758333206,0,0
SDV11,1466,7,8.70146846771,8.70146846771,0,0
SDV11,1466,8,13.3556509018,13.3556509018,0,0
SDV11,1467,1,-15.5758333206,-15.5758333206,0,0
SDV11,1467,2,-10.9097642899,-10.9097642899,0,0
SDV11,1467,3,-13.3556509018,-13.3556509018,0,0
SDV11,1467,4,-8.70146846771,-8.70146846771,0,0
SDV11,1467,5,-15.5758333206,-15.5758333206,0,0
SDV11,1467,6,-10.9097642899,-10.9097642899,0,0
SDV11,1467,7,-13.3556509018,-13.3556509018,0,0
SDV11,1467,8,-8.70146846771,-8.70146846771,0,0
SDV11,1468,1,-9.08839035034,-9.08839035034,0,0
SDV11,1468,2,-6.53238534927,-6.53238534927,0,0
SDV11,1468,3,-10.8121604919,-10.8121604919,0,0
SDV11,1468,4,-8.30598449707,-8.30598449707,0,0
SDV11,1468,5,-9.08839035034,-9.08839035034,0,0
SDV11,1468,6,-6.53238534927,-6.53238534927,0,0
SDV11,1468,7,-10.8121604919,-10.8121604919,0,0
SDV11,1468,8,-8.30598449707,-8.30598449707,0,0
SDV11,1537,1,4.06024360657,4.06024360657,0,0
SDV11,1537,2,6.14327049255,6.14327049255,0,0
SDV11,1537,3,3.11619377136,3.11619377136,0,0
SDV11,1537,4,5.32213401794,5.32213401794,0,0
SDV11,1537,5,4.06024360657,4.06024360657,0,0
SDV11,1537,6,6.14327049255,6.14327049255,0,0
SDV11,1537,7,3.11619377136,3.11619377136,0,0
SDV11,1537,8,5.32213401794,5.32213401794,0,0
SDV11,1538,1,0.768805325031,0.768805325031,0,0
SDV11,1538,2,-0.7358314991,-0.7358314991,0,0
SDV11,1538,3,3.72629594803,3.72629594803,0,0
SDV11,1538,4,1.9619551897,1.9619551897,0,0
SDV11,1538,5,0.768805325031,0.768805325031,0,0
SDV11,1538,6,-0.7358314991,-0.7358314991,0,0
SDV11,1538,7,3.72629594803,3.72629594803,0,0
SDV11,1538,8,1.9619551897,1.9619551897,0,0
SDV11,1539,1,0.7358314991,0.7358314991,0,0
SDV11,1539,2,-0.768805325031,-0.768805325031,0,0
SDV11,1539,3,-1.9619551897,-1.9619551897,0,0
SDV11,1539,4,-3.72629594803,-3.72629594803,0,0
SDV11,1539,5,0.7358314991,0.7358314991,0,0
SDV11,1539,6,-0.768805325031,-0.768805325031,0,0
SDV11,1539,7,-1.9619551897,-1.9619551897,0,0
SDV11,1539,8,-3.72629594803,-3.72629594803,0,0
SDV11,1540,1,-6.14327049255,-6.14327049255,0,0
SDV11,1540,2,-4.06024360657,-4.06024360657,0,0
SDV11,1540,3,-5.32213401794,-5.32213401794,0,0
SDV11,1540,4,-3.11619377136,-3.11619377136,0,0
SDV11,1540,5,-6.14327049255,-6.14327049255,0,0
SDV11,1540,6,-4.06024360657,-4.06024360657,0,0
SDV11,1540,7,-5.32213401794,-5.32213401794,0,0
SDV11,1540,8,-3.11619377136,-3.11619377136,0,0
SDV11,1609,1,-3.11619377136,-3.11619377136,0,0
SDV11,1609,2,-5.32213401794,-5.32213401794,0,0
SDV11,1609,3,-4.06024360657,-4.06024360657,0,0
SDV11,1609,4,-6.14327049255,-6.14327049255,0,0
SDV11,1609,5,-3.11619377136,-3.11619377136,0,0
SDV11,1609,6,-5.32213401794,-5.32213401794,0,0
SDV11,1609,7,-4.06024360657,-4.06024360657,0,0
SDV11,1609,8,-6.14327049255,-6.14327049255,0,0
SDV11,1610,1,-3.72629594803,-3.72629594803,0,0
SDV11,1610,2,-1.9619551897,-1.9619551897,0,0
SDV11,1610,3,-0.768805325031,-0.768805325031,0,0
SDV11,1610,4,0.7358314991,0.7358314991,0,0
SDV11,1610,5,-3.72629594803,-3.72629594803,0,0
SDV11,1610,6,-1.9619551897,-1.9619551897,0,0
SDV11,1610,7,-0.768805325031,-0.768805325031,0,0
SDV11,1610,8,0.7358314991,0.7358314991,0,0
SDV11,1611,1,1.9619551897,1.9619551897,0,0
SDV11,1611,2,3.72629594803,3.72629594803,0,0
SDV11,1611,3,-0.7358314991,-0.7358314991,0,0
SDV11,1611,4,0.768805325031,0.768805325031,0,0
SDV11,1611,5,1.9619551897,1.9619551897,0,0
SDV11,1611,6,3.72629594803,3.72629594803,0,0
SDV11,1611,7,-0.7358314991,-0.7358314991,0,0
SDV11,1611,8,0.768805325031,0.768805325031,0,0
SDV11,1612,1,5.32213401794,5.32213401794,0,0
SDV11,1612,2,3.11619377136,3.11619377136,0,0
SDV11,1612,3,6.14327049255,6.14327049255,0,0
SDV11,1612,4,4.06024360657,4.06024360657,0,0
SDV11,1612,5,5.32213401794,5.32213401794,0,0
SDV11,1612,6,3.11619377136,3.11619377136,0,0
SDV11,1612,7,6.14327049255,6.14327049255,0,0
SDV11,1612,8,4.06024360657,4.06024360657,0,0
SDV11,1681,1,-8.30598449707,-8.30598449707,0,0
SDV11,1681,2,-10.8121604919,-10.8121604919,0,0
SDV11,1681,3,-6.53238534927,-6.53238534927,0,0
SDV11,1681,4,-9.08839035034,-9.08839035034,0,0
SDV11,1681,5,-8.30598449707,-8.30598449707,0,0
SDV11,1681,6,-10.8121604919,-10.8121604919,0,0
SDV11,1681,7,-6.53238534927,-6.53238534927,0,0
SDV11,1681,8,-9.08839035034,-9.08839035034,0,0
SDV11,1682,1,-8.70146846771,-8.70146846771,0,0
SDV11,1682,2,-13.3556509018,-13.3556509018,0,0
SDV11,1682,3,-10.9097642899,-10.9097642899,0,0
SDV11,1682,4,-15.5758333206,-15.5758333206,0,0
SDV11,1682,5,-8.70146846771,-8.70146846771,0,0
SDV11,1682,6,-13.3556509018,-13.3556509018,0,0
SDV11,1682,7,-10.9097642899,-10.9097642899,0,0
SDV11,1682,8,-15.5758333206,-15.5758333206,0,0
SDV11,1683,1,13.3556509018,13.3556509018,0,0
SDV11,1683,2,8.70146846771,8.70146846771,0,0
SDV11,1683,3,15.5758333206,15.5758333206,0,0
SDV11,1683,4,10.9097642899,10.9097642899,0,0
SDV11,1683,5,13.3556509018,13.3556509018,0,0
SDV11,1683,6,8.70146846771,8.70146846771,0,0
SDV11,1683,7,15.5758333206,15.5758333206,0,0
SDV11,1683,8,10.9097642899,10.9097642899,0,0
SDV11,1684,1,10.8121604919,10.8121604919,0,0
SDV11,1684,2,8.30598449707,8.30598449707,0,0
SDV11,1684,3,9.08839035034,9.08839035034,0,0
SDV11,1684,4,6.53238534927,6.53238534927,0,0
SDV11,1684,5,10.8121604919,10.8121604919,0,0
SDV11,1684,6,8.30598449707,8.30598449707,0,0
SDV11,1684,7,9.08839035034,9.08839035034,0,0
SDV11,1684,8,6.53238534927,6.53238534927,0,0
SDV11,1754,1,-14.183426857,-14.0817041397,0.101722717285,0.717194217665
SDV11,1754,2,-15.2319412231,-14.7835731506,0.44836807251,2.94360427172
SDV11,1754,3,-14.3511505127,-14.0482797623,0.302870750427,2.11042836015
SDV11,1754,4,-15.2508878708,-14.6556529999,0.595234870911,3.90295224746
SDV11,1754,5,-14.183426857,-14.0817041397,0.101722717285,0.717194217665
SDV11,1754,6,-15.2319412231,-14.7835731506,0.44836807251,2.94360427172
SDV11,1754,7,-14.3511505127,-14.0482797623,0.302870750427,2.11042836015
SDV11,1754,8,-15.2508878708,-14.6556529999,0.595234870911,3.90295224746
SDV11,1755,1,-15.3733186722,-15.3733186722,0,0
SDV11,1755,2,-21.9429588318,-21.9429588318,0,0
SDV11,1755,3,-21.3089942932,-21.1524162292,0.156578063965,0.734798000367
SDV11,1755,4,-27.7469577789,-27.2627868652,0.484170913696,1.74495134765
SDV11,1755,5,-15.3733186722,-15.3733186722,0,0
SDV11,1755,6,-21.9429588318,-21.9429588318,0,0
SDV11,1755,7,-21.3089942932,-21.1524162292,0.156578063965,0.734798000367
SDV11,1755,8,-27.7469577789,-27.2627868652,0.484170913696,1.74495134765
SDV11,1756,1,21.9429588318,21.9429588318,0,0
SDV11,1756,2,15.3733186722,15.3733186722,0,0
SDV11,1756,3,27.7469577789,27.2627868652,0.484170913696,1.74495134765
SDV11,1756,4,21.3089942932,21.1524162292,0.156578063965,0.734798000367
SDV11,1756,5,21.9429588318,21.9429588318,0,0
SDV11,1756,6,15.3733186722,15.3733186722,0,0
SDV11,1756,7,27.7469577789,27.2627868652,0.484170913696,1.74495134765
SDV11,1756,8,21.3089942932,21.1524162292,0.156578063965,0.734798000367
SDV11,1757,1,15.2319412231,14.7835731506,0.44836807251,2.94360427172
SDV11,1757,2,14.183426857,14.0817041397,0.101722717285,0.717194217665
SDV11,1757,3,15.2508878708,14.6556529999,0.595234870911,3.90295224746
SDV11,1757,4,14.3511505127,14.0482797623,0.302870750427,2.11042836015
SDV11,1757,5,15.2319412231,14.7835731506,0.44836807251,2.94360427172
SDV11,1757,6,14.183426857,14.0817041397,0.101722717285,0.717194217665
SDV11,1757,7,15.2508878708,14.6556529999,0.595234870911,3.90295224746
SDV11,1757,8,14.3511505127,14.0482797623,0.302870750427,2.11042836015
SDV11,1828,1,-4.84826660156,-3.90769791603,0.940568685532,19.4001024042
SDV11,1828,2,-2.50153231621,-1.14583539963,1.35569691658,54.1946593213
SDV11,1828,3,-3.72078633308,-2.26301217079,1.45777416229,39.179195788
SDV11,1828,4,-1.43945395947,0.558560073376,1.99801403284,138.803608111
SDV11,1828,5,-4.84826660156,-3.90769791603,0.940568685532,19.4001024042
SDV11,1828,6,-2.50153231621,-1.14583539963,1.35569691658,54.1946593213
SDV11,1828,7,-3.72078633308,-2.26301217079,1.45777416229,39.179195788
SDV11,1828,8,-1.43945395947,0.558560073376,1.99801403284,138.803608111
SDV11,1829,1,-6.69663476944,-5.79485940933,0.901775360107,13.466097393
SDV11,1829,2,-3.83204746246,-2.27146625519,1.56058120728,40.724474907
SDV11,1829,3,-8.37313556671,-6.54827356339,1.82486200333,21.7942488664
SDV11,1829,4,-5.59734678268,-2.74779415131,2.84955263138,50.9089885264
SDV11,1829,5,-6.69663476944,-5.79485940933,0.901775360107,13.466097393
SDV11,1829,6,-3.83204746246,-2.27146625519,1.56058120728,40.724474907
SDV11,1829,7,-8.37313556671,-6.54827356339,1.82486200333,21.7942488664
SDV11,1829,8,-5.59734678268,-2.74779415131,2.84955263138,50.9089885264
SDV11,1830,1,-6.80356264114,-6.46659755707,0.336965084076,4.95277403692
SDV11,1830,2,-1.07360458374,1.8501701355,2.92377471924,272.332548083
SDV11,1830,3,-4.8623790741,-2.2941327095,2.56824636459,52.8187195086
SDV11,1830,4,-0.748174011707,6.68505382538,7.43322783709,993.515909504
SDV11,1830,5,-6.80356264114,-6.46659755707,0.336965084076,4.95277403692
SDV11,1830,6,-1.07360458374,1.8501701355,2.92377471924,272.332548083
SDV11,1830,7,-4.8623790741,-2.2941327095,2.56824636459,52.8187195086
SDV11,1830,8,-0.748174011707,6.68505382538,7.43322783709,993.515909504
SDV11,1831,1,1.07360458374,-1.8501701355,2.92377471924,272.332548083
SDV11,1831,2,6.80356264114,6.46659755707,0.336965084076,4.95277403692
SDV11,1831,3,0.748174011707,-6.68505382538,7.43322783709,993.515909504
SDV11,1831,4,4.8623790741,2.2941327095,2.56824636459,52.8187195086
SDV11,1831,5,1.07360458374,-1.8501701355,2.92377471924,272.332548083
SDV11,1831,6,6.80356264114,6.46659755707,0.336965084076,4.95277403692
SDV11,1831,7,0.748174011707,-6.68505382538,7.43322783709,993.515909504
SDV11,1831,8,4.8623790741,2.2941327095,2.56824636459,52.8187195086
SDV11,1832,1,3.83204746246,2.27146625519,1.56058120728,40.724474907
SDV11,1832,2,6.69663476944,5.79485940933,0.901775360107,13.466097393
SDV11,1832,3,5.59734678268,2.74779415131,2.84955263138,50.9089885264
SDV11,1832,4,8.37313556671,6.54827356339,1.82486200333,21.7942488664
SDV11,1832,5,3.83204746246,2.27146625519,1.56058120728,40.724474907
SDV11,1832,6,6.69663476944,5.79485940933,0.901775360107,13.466097393
SDV11,1832,7,5.59734678268,2.74779415131,2.84955263138,50.9089885264
SDV11,1832,8,8.37313556671,6.54827356339,1.82486200333,21.7942488664
SDV11,1833,1,2.50153231621,1.14583539963,1.35569691658,54.1946593213
SDV11,1833,2,4.84826660156,3.90769791603,0.940568685532,19.4001024042
SDV11,1833,3,1.43945395947,-0.558560073376,1.99801403284,138.803608111
SDV11,1833,4,3.72078633308,2.26301217079,1.45777416229,39.179195788
SDV11,1833,5,2.50153231621,1.14583539963,1.35569691658,54.1946593213
SDV11,1833,6,4.84826660156,3.90769791603,0.940568685532,19.4001024042
SDV11,1833,7,1.43945395947,-0.558560073376,1.99801403284,138.803608111
SDV11,1833,8,3.72078633308,2.26301217079,1.45777416229,39.179195788
SDV11,1905,1,11.0485219955,12.0046443939,0.956122398376,8.65384889275
SDV11,1905,2,17.7936077118,19.0198745728,1.22626686096,6.89161456644
SDV11,1905,3,12.5480566025,13.6399669647,1.09191036224,8.70182847301
SDV11,1905,4,19.2657032013,20.6850280762,1.41932487488,7.36710651072
SDV11,1905,5,11.0485219955,12.0046443939,0.956122398376,8.65384889275
SDV11,1905,6,17.7936077118,19.0198745728,1.22626686096,6.89161456644
SDV11,1905,7,12.5480566025,13.6399669647,1.09191036224,8.70182847301
SDV11,1905,8,19.2657032013,20.6850280762,1.41932487488,7.36710651072
SDV11,1906,1,20.2506523132,20.7677135468,0.517061233521,2.55330655785
SDV11,1906,2,25.3275508881,25.6125965118,0.285045623779,1.12543697983
SDV11,1906,3,19.3007507324,20.5441055298,1.24335479736,6.44200225473
SDV11,1906,4,24.4025020599,25.3632564545,0.960754394531,3.93711428513
SDV11,1906,5,20.2506523132,20.7677135468,0.517061233521,2.55330655785
SDV11,1906,6,25.3275508881,25.6125965118,0.285045623779,1.12543697983
SDV11,1906,7,19.3007507324,20.5441055298,1.24335479736,6.44200225473
SDV11,1906,8,24.4025020599,25.3632564545,0.960754394531,3.93711428513
SDV11,1907,1,50.8656196594,54.6882514954,3.82263183594,7.51515829657
SDV11,1907,2,29.2276935577,31.0946655273,1.8669719696,6.38768148406
SDV11,1907,3,35.6130409241,38.1364517212,2.52341079712,7.08563697916
SDV11,1907,4,14.0349721909,14.8973474503,0.862375259399,6.14447430086
SDV11,1907,5,50.8656196594,54.6882514954,3.82263183594,7.51515829657
SDV11,1907,6,29.2276935577,31.0946655273,1.8669719696,6.38768148406
SDV11,1907,7,35.6130409241,38.1364517212,2.52341079712,7.08563697916
SDV11,1907,8,14.0349721909,14.8973474503,0.862375259399,6.14447430086
SDV11,1908,1,-3.34037065506,-2.75364232063,0.586728334427,17.5647673571
SDV11,1908,2,-3.13878035545,-3.28113245964,0.142352104187,4.53526809991
SDV11,1908,3,8.39976501465,9.39965057373,0.999885559082,11.9037325132
SDV11,1908,4,8.67982673645,8.91950416565,0.239677429199,2.76131582434
SDV11,1908,5,-3.34037065506,-2.75364232063,0.586728334427,17.5647673571
SDV11,1908,6,-3.13878035545,-3.28113245964,0.142352104187,4.53526809991
SDV11,1908,7,8.39976501465,9.39965057373,0.999885559082,11.9037325132
SDV11,1908,8,8.67982673645,8.91950416565,0.239677429199,2.76131582434
SDV11,1909,1,3.13878035545,3.28113245964,0.142352104187,4.53526809991
SDV11,1909,2,3.34037065506,2.75364232063,0.586728334427,17.5647673571
SDV11,1909,3,-8.67982673645,-8.91950416565,0.239677429199,2.76131582434
SDV11,1909,4,-8.39976501465,-9.39965057373,0.999885559082,11.9037325132
SDV11,1909,5,3.13878035545,3.28113245964,0.142352104187,4.53526809991
SDV11,1909,6,3.34037065506,2.75364232063,0.586728334427,17.5647673571
SDV11,1909,7,-8.67982673645,-8.91950416565,0.239677429199,2.76131582434
SDV11,1909,8,-8.39976501465,-9.39965057373,0.999885559082,11.9037325132
SDV11,1910,1,-29.2276935577,-31.0946655273,1.8669719696,6.38768148406
SDV11,1910,2,-50.8656196594,-54.6882514954,3.82263183594,7.51515829657
SDV11,1910,3,-14.0349721909,-14.8973474503,0.862375259399,6.14447430086
SDV11,1910,4,-35.6130409241,-38.1364517212,2.52341079712,7.08563697916
SDV11,1910,5,-29.2276935577,-31.0946655273,1.8669719696,6.38768148406
SDV11,1910,6,-50.8656196594,-54.6882514954,3.82263183594,7.51515829657
SDV11,1910,7,-14.0349721909,-14.8973474503,0.862375259399,6.14447430086
SDV11,1910,8,-35.6130409241,-38.1364517212,2.52341079712,7.08563697916
SDV11,1911,1,-25.3275508881,-25.6125965118,0.285045623779,1.12543697983
SDV11,1911,2,-20.2506523132,-20.7677135468,0.517061233521,2.55330655785
SDV11,1911,3,-24.4025020599,-25.3632564545,0.960754394531,3.93711428513
SDV11,1911,4,-19.3007507324,-20.5441055298,1.24335479736,6.44200225473
SDV11,1911,5,-25.3275508881,-25.6125965118,0.285045623779,1.12543697983
SDV11,1911,6,-20.2506523132,-20.7677135468,0.517061233521,2.55330655785
SDV11,1911,7,-24.4025020599,-25.3632564545,0.960754394531,3.93711428513
SDV11,1911,8,-19.3007507324,-20.5441055298,1.24335479736,6.44200225473
SDV11,1912,1,-17.7936077118,-19.0198745728,1.22626686096,6.89161456644
SDV11,1912,2,-11.0485219955,-12.0046443939,0.956122398376,8.65384889275
SDV11,1912,3,-19.2657032013,-20.6850280762,1.41932487488,7.36710651072
SDV11,1912,4,-12.5480566025,-13.6399669647,1.09191036224,8.70182847301
SDV11,1912,5,-17.7936077118,-19.0198745728,1.22626686096,6.89161456644
SDV11,1912,6,-11.0485219955,-12.0046443939,0.956122398376,8.65384889275
SDV11,1912,7,-19.2657032013,-20.6850280762,1.41932487488,7.36710651072
SDV11,1912,8,-12.5480566025,-13.6399669647,1.09191036224,8.70182847301
SDV11,1987,1,18.8823337555,18.9191455841,0.0368118286133,0.194953807564
SDV11,1987,2,18.6923332214,18.7680072784,0.0756740570068,0.40484008128
SDV11,1987,3,16.0785121918,16.1266765594,0.0481643676758,0.299557366386
SDV11,1987,4,15.8850307465,15.9717092514,0.0866785049438,0.545661549715
SDV11,1987,5,18.8823337555,18.9191455841,0.0368118286133,0.194953807564
SDV11,1987,6,18.6923332214,18.7680072784,0.0756740570068,0.40484008128
SDV11,1987,7,16.0785121918,16.1266765594,0.0481643676758,0.299557366386
SDV11,1987,8,15.8850307465,15.9717092514,0.0866785049438,0.545661549715
SDV11,1988,1,24.0736141205,25.0668525696,0.993238449097,4.12583853893
SDV11,1988,2,13.4003582001,13.6611156464,0.260757446289,1.9458990752
SDV11,1988,3,14.2228393555,14.7606525421,0.537813186646,3.78133488823
SDV11,1988,4,3.52624821663,3.506472826,0.019775390625,0.56080540592
SDV11,1988,5,24.0736141205,25.0668525696,0.993238449097,4.12583853893
SDV11,1988,6,13.4003582001,13.6611156464,0.260757446289,1.9458990752
SDV11,1988,7,14.2228393555,14.7606525421,0.537813186646,3.78133488823
SDV11,1988,8,3.52624821663,3.506472826,0.019775390625,0.56080540592
SDV11,1989,1,-13.4003582001,-13.6611156464,0.260757446289,1.9458990752
SDV11,1989,2,-24.0736141205,-25.0668525696,0.993238449097,4.12583853893
SDV11,1989,3,-3.52624821663,-3.506472826,0.019775390625,0.56080540592
SDV11,1989,4,-14.2228393555,-14.7606525421,0.537813186646,3.78133488823
SDV11,1989,5,-13.4003582001,-13.6611156464,0.260757446289,1.9458990752
SDV11,1989,6,-24.0736141205,-25.0668525696,0.993238449097,4.12583853893
SDV11,1989,7,-3.52624821663,-3.506472826,0.019775390625,0.56080540592
SDV11,1989,8,-14.2228393555,-14.7606525421,0.537813186646,3.78133488823
SDV11,1990,1,-18.6923332214,-18.7680072784,0.0756740570068,0.40484008128
SDV11,1990,2,-18.8823337555,-18.9191455841,0.0368118286133,0.194953807564
SDV11,1990,3,-15.8850307465,-15.9717092514,0.0866785049438,0.545661549715
SDV11,1990,4,-16.0785121918,-16.1266765594,0.0481643676758,0.299557366386
SDV11,1990,5,-18.6923332214,-18.7680072784,0.0756740570068,0.40484008128
SDV11,1990,6,-18.8823337555,-18.9191455841,0.0368118286133,0.194953807564
SDV11,1990,7,-15.8850307465,-15.9717092514,0.0866785049438,0.545661549715
SDV11,1990,8,-16.0785121918,-16.1266765594,0.0481643676758,0.299557366386
