case_name,base_cycle,target_cycle,method,mean_normalized_error_percent,ratcheting_normalized_error_percent,peak_normalized_error_percent,strict_1pct_accept,relaxed_2pct_accept,relaxed_5pct_accept,drift_direction_ok,finite
B1_stress_m150_to_250,10,100,least_squares_last_100,374.22659856954914,374.2265985695474,602.0065827307599,False,False,False,True,True
B1_stress_m150_to_250,10,100,least_squares_last_20,374.22659856954914,374.2265985695474,602.0065827307599,False,False,False,True,True
B1_stress_m150_to_250,10,100,least_squares_last_50,374.22659856954914,374.2265985695474,602.0065827307599,False,False,False,True,True
B1_stress_m150_to_250,10,100,linear_last_10,493.0858162911903,493.0858162911903,766.685410446105,False,False,False,True,True
B1_stress_m150_to_250,10,100,linear_last_2,78.16383524808158,78.16383524807823,159.39070837534095,False,False,False,True,True
B1_stress_m150_to_250,10,100,linear_last_20,493.0858162911903,493.0858162911903,766.685410446105,False,False,False,True,True
B1_stress_m150_to_250,10,100,linear_last_5,99.74759199847864,99.74759199847796,202.04638186883295,False,False,False,True,True
B1_stress_m150_to_250,10,500,least_squares_last_100,2347.315505137577,2347.3155051375666,3757.570421257675,False,False,False,True,True
B1_stress_m150_to_250,10,500,least_squares_last_20,2347.315505137577,2347.3155051375666,3757.570421257675,False,False,False,True,True
B1_stress_m150_to_250,10,500,least_squares_last_50,2347.315505137577,2347.3155051375666,3757.570421257675,False,False,False,True,True
B1_stress_m150_to_250,10,500,linear_last_10,3036.19179267022,3036.1917926702204,4712.00493333271,False,False,False,True,True
B1_stress_m150_to_250,10,500,linear_last_2,631.4147850841731,631.4147850841534,1192.2870029951932,False,False,False,True,True
B1_stress_m150_to_250,10,500,linear_last_20,3036.19179267022,3036.1917926702204,4712.00493333271,False,False,False,True,True
B1_stress_m150_to_250,10,500,linear_last_5,756.5084758069415,756.5084758069373,1439.5078964324832,False,False,False,True,True
B1_stress_m150_to_250,10,1000,least_squares_last_100,4800.740270002938,4800.740270002919,7675.674506832304,False,False,False,True,True
B1_stress_m150_to_250,10,1000,least_squares_last_20,4800.740270002938,4800.740270002919,7675.674506832304,False,False,False,True,True
B1_stress_m150_to_250,10,1000,least_squares_last_50,4800.740270002938,4800.740270002919,7675.674506832304,False,False,False,True,True
B1_stress_m150_to_250,10,1000,linear_last_10,6193.007007058493,6193.007007058499,9604.652826901063,False,False,False,True,True
B1_stress_m150_to_250,10,1000,linear_last_2,1332.7859509818618,1332.785950981826,2491.0588668320847,False,False,False,True,True
B1_stress_m150_to_250,10,1000,linear_last_20,6193.007007058493,6193.007007058499,9604.652826901063,False,False,False,True,True
B1_stress_m150_to_250,10,1000,linear_last_5,1585.6089727070412,1585.6089727070355,2990.709432350476,False,False,False,True,True
B1_stress_m150_to_250,10,5000,least_squares_last_100,24423.12344426175,24423.12344426164,39011.95698649242,False,False,False,True,True
B1_stress_m150_to_250,10,5000,least_squares_last_20,24423.12344426175,24423.12344426164,39011.95698649242,False,False,False,True,True
B1_stress_m150_to_250,10,5000,least_squares_last_50,24423.12344426175,24423.12344426164,39011.95698649242,False,False,False,True,True
B1_stress_m150_to_250,10,5000,linear_last_10,31440.72279604025,31440.72279604026,48734.80437501631,False,False,False,True,True
B1_stress_m150_to_250,10,5000,linear_last_2,6943.201434038046,6943.201434037846,12879.35294868267,False,False,False,True,True
B1_stress_m150_to_250,10,5000,linear_last_20,31440.72279604025,31440.72279604026,48734.80437501631,False,False,False,True,True
B1_stress_m150_to_250,10,5000,linear_last_5,8217.53387778047,8217.533877780426,15397.798151297397,False,False,False,True,True
B1_stress_m150_to_250,10,10000,least_squares_last_100,48952.69217866856,48952.692178668345,78183.94824782058,False,False,False,True,True
B1_stress_m150_to_250,10,10000,least_squares_last_20,48952.69217866856,48952.692178668345,78183.94824782058,False,False,False,True,True
B1_stress_m150_to_250,10,10000,least_squares_last_50,48952.69217866856,48952.692178668345,78183.94824782058,False,False,False,True,True
B1_stress_m150_to_250,10,10000,linear_last_10,63001.98052715497,63001.980527155,97649.16415460808,False,False,False,True,True
B1_stress_m150_to_250,10,10000,linear_last_2,13957.752695774228,13957.752695773834,25866.27221364194,False,False,False,True,True
B1_stress_m150_to_250,10,10000,linear_last_20,63001.98052715497,63001.980527155,97649.16415460808,False,False,False,True,True
B1_stress_m150_to_250,10,10000,linear_last_5,16508.97613508774,16508.976135087665,30908.219048698786,False,False,False,True,True
B1_stress_m150_to_250,10,50000,least_squares_last_100,245214.125442576,245214.12544257488,391584.94967570936,False,False,False,True,True
B1_stress_m150_to_250,10,50000,least_squares_last_20,245214.125442576,245214.12544257488,391584.94967570936,False,False,False,True,True
B1_stress_m150_to_250,10,50000,least_squares_last_50,245214.125442576,245214.12544257488,391584.94967570936,False,False,False,True,True
B1_stress_m150_to_250,10,50000,linear_last_10,315517.0155872648,315517.01558726485,488989.23817726615,False,False,False,True,True
B1_stress_m150_to_250,10,50000,linear_last_2,70098.82244212154,70098.82244211958,129786.363183424,False,False,False,True,True
B1_stress_m150_to_250,10,50000,linear_last_20,315517.0155872648,315517.01558726485,488989.23817726615,False,False,False,True,True
B1_stress_m150_to_250,10,50000,linear_last_5,82865.19015696287,82865.19015696248,155016.35531313572,False,False,False,True,True
B1_stress_m150_to_250,10,100000,least_squares_last_100,490570.1096494997,490570.10964949726,783366.0705162111,False,False,False,True,True
B1_stress_m150_to_250,10,100000,least_squares_last_20,490570.1096494997,490570.10964949726,783366.0705162111,False,False,False,True,True
B1_stress_m150_to_250,10,100000,least_squares_last_50,490570.1096494997,490570.10964949726,783366.0705162111,False,False,False,True,True
B1_stress_m150_to_250,10,100000,linear_last_10,631190.3268499138,631190.3268499139,978194.6497844486,False,False,False,True,True
B1_stress_m150_to_250,10,100000,linear_last_2,140303.54319169687,140303.5431916929,259715.1364004135,False,False,False,True,True
B1_stress_m150_to_250,10,100000,linear_last_20,631190.3268499138,631190.3268499139,978194.6497844486,False,False,False,True,True
B1_stress_m150_to_250,10,100000,linear_last_5,165838.90023358612,165838.9002335852,310180.30171499803,False,False,False,True,True
B1_stress_m150_to_250,10,200000,least_squares_last_100,981405.357687206,981405.3576872016,1567054.8662592743,False,False,False,True,True
B1_stress_m150_to_250,10,200000,least_squares_last_20,981405.357687206,981405.3576872016,1567054.8662592743,False,False,False,True,True
B1_stress_m150_to_250,10,200000,least_squares_last_50,981405.357687206,981405.3576872016,1567054.8662592743,False,False,False,True,True
B1_stress_m150_to_250,10,200000,linear_last_10,1262661.8015305025,1262661.8015305025,1956734.2057949903,False,False,False,True,True
B1_stress_m150_to_250,10,200000,linear_last_2,280832.3473446146,280832.34734460665,519693.3809991336,False,False,False,True,True
B1_stress_m150_to_250,10,200000,linear_last_20,1262661.8015305025,1262661.8015305025,1956734.2057949903,False,False,False,True,True
B1_stress_m150_to_250,10,200000,linear_last_5,331905.9685980561,331905.96859805443,620629.4570266304,False,False,False,True,True
B1_stress_m150_to_250,10,250000,least_squares_last_100,1226807.7358778715,1226807.7358778662,1958880.562748466,False,False,False,True,True
B1_stress_m150_to_250,10,250000,least_squares_last_20,1226807.7358778715,1226807.7358778662,1958880.562748466,False,False,False,True,True
B1_stress_m150_to_250,10,250000,least_squares_last_50,1226807.7358778715,1226807.7358778662,1958880.562748466,False,False,False,True,True
B1_stress_m150_to_250,10,250000,linear_last_10,1578380.6333493197,1578380.6333493202,2445982.982921504,False,False,False,True,True
B1_stress_m150_to_250,10,250000,linear_last_2,351085.6376717648,351085.63767175487,649669.9823926067,False,False,False,True,True
B1_stress_m150_to_250,10,250000,linear_last_20,1578380.6333493197,1578380.6333493202,2445982.982921504,False,False,False,True,True
B1_stress_m150_to_250,10,250000,linear_last_5,414928.0896457225,414928.0896457203,775840.9181531285,False,False,False,True,True
B1_stress_m150_to_250,20,100,least_squares_last_100,140.56110219755803,140.56110219756056,242.930276696487,False,False,False,True,True
B1_stress_m150_to_250,20,100,least_squares_last_20,140.56110219755803,140.56110219756056,242.930276696487,False,False,False,True,True
B1_stress_m150_to_250,20,100,least_squares_last_50,140.56110219755803,140.56110219756056,242.930276696487,False,False,False,True,True
B1_stress_m150_to_250,20,100,linear_last_10,48.30522234225476,48.30522234225469,91.30408678855984,False,False,False,True,True
B1_stress_m150_to_250,20,100,linear_last_2,37.07632528353624,37.07632528353616,66.12232706669174,False,False,False,True,True
B1_stress_m150_to_250,20,100,linear_last_20,236.7260562583391,236.7260562583388,378.30053003252215,False,False,False,True,True
B1_stress_m150_to_250,20,100,linear_last_5,40.68292976841989,40.68292976842005,74.07572056068405,False,False,False,True,True
B1_stress_m150_to_250,20,500,least_squares_last_100,1046.4435117222656,1046.443511722282,1763.4501285925487,False,False,False,True,True
B1_stress_m150_to_250,20,500,least_squares_last_20,1046.4435117222656,1046.443511722282,1763.4501285925487,False,False,False,True,True
B1_stress_m150_to_250,20,500,least_squares_last_50,1046.4435117222656,1046.443511722282,1763.4501285925487,False,False,False,True,True
B1_stress_m150_to_250,20,500,linear_last_10,457.1928172153836,457.1928172153837,794.9932904071571,False,False,False,True,True
B1_stress_m150_to_250,20,500,linear_last_2,385.47234367186695,385.4723436718668,634.1540091788048,False,False,False,True,True
B1_stress_m150_to_250,20,500,linear_last_20,1660.6619881642332,1660.6619881642316,2628.078116737478,False,False,False,True,True
B1_stress_m150_to_250,20,500,linear_last_5,408.5082108801418,408.50821088014334,684.9534015576102,False,False,False,True,True
B1_stress_m150_to_250,20,1000,least_squares_last_100,2183.8498914487327,2183.849891448769,3665.39789396242,False,False,False,True,True
B1_stress_m150_to_250,20,1000,least_squares_last_20,2183.8498914487327,2183.849891448769,3665.39789396242,False,False,False,True,True
B1_stress_m150_to_250,20,1000,least_squares_last_50,2183.8498914487327,2183.849891448769,3665.39789396242,False,False,False,True,True
B1_stress_m150_to_250,20,1000,linear_last_10,980.402697816249,980.4026978162516,1687.484800378808,False,False,False,True,True
B1_stress_m150_to_250,20,1000,linear_last_2,833.9254795175601,833.925479517563,1358.9971406703876,False,False,False,True,True
B1_stress_m150_to_250,20,1000,linear_last_20,3438.28965476525,3438.289654765251,5431.257714865801,False,False,False,True,True
B1_stress_m150_to_250,20,1000,linear_last_5,880.9724325430269,880.9724325430332,1462.7465070545368,False,False,False,True,True
B1_stress_m150_to_250,20,5000,least_squares_last_100,11281.468264843112,11281.468264843284,18877.614563667405,False,False,False,True,True
B1_stress_m150_to_250,20,5000,least_squares_last_20,11281.468264843112,11281.468264843284,18877.614563667405,False,False,False,True,True
B1_stress_m150_to_250,20,5000,least_squares_last_50,11281.468264843112,11281.468264843284,18877.614563667405,False,False,False,True,True
B1_stress_m150_to_250,20,5000,linear_last_10,5165.980846817242,5165.980846817243,8826.568949236294,False,False,False,True,True
B1_stress_m150_to_250,20,5000,linear_last_2,4421.636109239485,4421.636109239486,7157.31236651906,False,False,False,True,True
B1_stress_m150_to_250,20,5000,linear_last_20,17656.081650311095,17656.081650311084,27851.08142941004,False,False,False,True,True
B1_stress_m150_to_250,20,5000,linear_last_5,4660.711866618799,4660.711866618816,7684.529470939995,False,False,False,True,True
B1_stress_m150_to_250,20,10000,least_squares_last_100,22655.037543141447,22655.0375431418,37894.45698933369,False,False,False,True,True
B1_stress_m150_to_250,20,10000,least_squares_last_20,22655.037543141447,22655.0375431418,37894.45698933369,False,False,False,True,True
B1_stress_m150_to_250,20,10000,least_squares_last_50,22655.037543141447,22655.0375431418,37894.45698933369,False,False,False,True,True
B1_stress_m150_to_250,20,10000,linear_last_10,10399.479557409011,10399.479557409011,17751.96238100269,False,False,False,True,True
B1_stress_m150_to_250,20,10000,linear_last_2,8907.79795148008,8907.79795148008,14406.739107015386,False,False,False,True,True
B1_stress_m150_to_250,20,10000,linear_last_20,35429.889103125235,35429.889103125206,55877.46242925958,False,False,False,True,True
B1_stress_m150_to_250,20,10000,linear_last_5,9386.910507399773,9386.910507399803,15463.292632946195,False,False,False,True,True
B1_stress_m150_to_250,20,50000,least_squares_last_100,113668.3072506902,113668.30725069193,190054.0105099191,False,False,False,True,True
B1_stress_m150_to_250,20,50000,least_squares_last_20,113668.3072506902,113668.30725069193,190054.0105099191,False,False,False,True,True
B1_stress_m150_to_250,20,50000,least_squares_last_50,113668.3072506902,113668.30725069193,190054.0105099191,False,False,False,True,True
B1_stress_m150_to_250,20,50000,linear_last_10,52292.10614028596,52292.10614028598,89179.79479608659,False,False,False,True,True
B1_stress_m150_to_250,20,50000,linear_last_2,44821.72002283876,44821.72002283878,72426.81654226297,False,False,False,True,True
B1_stress_m150_to_250,20,50000,linear_last_20,177645.1461195463,177645.14611954617,280113.43985090166,False,False,False,True,True
B1_stress_m150_to_250,20,50000,linear_last_5,47221.13003916608,47221.130039166266,77718.06821492687,False,False,False,True,True
B1_stress_m150_to_250,20,100000,least_squares_last_100,227463.47931494235,227463.4793149458,380282.3904678109,False,False,False,True,True
B1_stress_m150_to_250,20,100000,least_squares_last_20,227463.47931494235,227463.4793149458,380282.3904678109,False,False,False,True,True
B1_stress_m150_to_250,20,100000,least_squares_last_50,227463.47931494235,227463.4793149458,380282.3904678109,False,False,False,True,True
B1_stress_m150_to_250,20,100000,linear_last_10,104686.19066424805,104686.19066424802,178493.05720765638,False,False,False,True,True
B1_stress_m150_to_250,20,100000,linear_last_2,89742.38938492,89742.38938491997,144980.30780942374,False,False,False,True,True
B1_stress_m150_to_250,20,100000,linear_last_20,355443.09797252284,355443.09797252255,560437.765871784,False,False,False,True,True
B1_stress_m150_to_250,20,100000,linear_last_5,94542.18231501793,94542.18231501825,155564.95661767328,False,False,False,True,True
B1_stress_m150_to_250,20,200000,least_squares_last_100,455174.1609066975,455174.1609067044,760861.1970184643,False,False,False,True,True
B1_stress_m150_to_250,20,200000,least_squares_last_20,455174.1609066975,455174.1609067044,760861.1970184643,False,False,False,True,True
B1_stress_m150_to_250,20,200000,least_squares_last_50,455174.1609066975,455174.1609067044,760861.1970184643,False,False,False,True,True
B1_stress_m150_to_250,20,200000,linear_last_10,209593.32406076015,209593.32406076015,357239.37189737184,False,False,False,True,True
B1_stress_m150_to_250,20,200000,linear_last_2,179702.52532942643,179702.52532942643,290206.70541097433,False,False,False,True,True
B1_stress_m150_to_250,20,200000,linear_last_20,711160.7704381241,711160.7704381236,1121210.4793672038,False,False,False,True,True
B1_stress_m150_to_250,20,200000,linear_last_5,189303.13776691243,189303.1377669131,311378.2668668199,False,False,False,True,True
B1_stress_m150_to_250,20,250000,least_squares_last_100,569017.3611735973,569017.3611736059,951136.6562750012,False,False,False,True,True
B1_stress_m150_to_250,20,250000,least_squares_last_20,569017.3611735973,569017.3611736059,951136.6562750012,False,False,False,True,True
B1_stress_m150_to_250,20,250000,least_squares_last_50,569017.3611735973,569017.3611736059,951136.6562750012,False,False,False,True,True
B1_stress_m150_to_250,20,250000,linear_last_10,262036.1993906986,262036.1993906986,446600.9669763402,False,False,False,True,True
B1_stress_m150_to_250,20,250000,linear_last_2,224672.078317522,224672.078317522,362808.7375023885,False,False,False,True,True
B1_stress_m150_to_250,20,250000,linear_last_20,889005.9555773248,889005.9555773241,1401580.765692408,False,False,False,True,True
B1_stress_m150_to_250,20,250000,linear_last_5,236673.0438559517,236673.0438559524,389273.6303496703,False,False,False,True,True
B1_stress_m150_to_250,50,100,least_squares_last_100,33.79208235474579,33.79208235474239,57.82437843270389,False,False,False,True,True
B1_stress_m150_to_250,50,100,least_squares_last_20,11.392454428892547,11.3924544288893,17.521440031593066,False,False,False,True,True
B1_stress_m150_to_250,50,100,least_squares_last_50,33.79208235474579,33.79208235474239,57.82437843270389,False,False,False,True,True
B1_stress_m150_to_250,50,100,linear_last_10,8.772762486748833,8.772762486745957,13.155353176886926,False,False,False,True,True
B1_stress_m150_to_250,50,100,linear_last_2,7.0051252905711205,7.005125290429476,10.317200788234356,False,False,False,True,True
B1_stress_m150_to_250,50,100,linear_last_20,11.487373228505936,11.487373228495702,17.703031330913703,False,False,False,True,True
B1_stress_m150_to_250,50,100,linear_last_5,7.633682496363779,7.63368249632561,11.314846149970649,False,False,False,True,True
B1_stress_m150_to_250,50,500,least_squares_last_100,423.0947828270337,423.0947828270256,686.7367613906431,False,False,False,True,True
B1_stress_m150_to_250,50,500,least_squares_last_20,208.4906351124418,208.49063511243529,300.6063410731982,False,False,False,True,True
B1_stress_m150_to_250,50,500,least_squares_last_50,423.0947828270337,423.0947828270256,686.7367613906431,False,False,False,True,True
B1_stress_m150_to_250,50,500,linear_last_10,183.3921487277793,183.39214872777623,258.77616642013385,False,False,False,True,True
B1_stress_m150_to_250,50,500,linear_last_2,166.45694448197602,166.4569444806432,231.58467571916867,False,False,False,True,True
B1_stress_m150_to_250,50,500,linear_last_20,209.4000237933857,209.40002379331196,302.3461130976302,False,False,False,True,True
B1_stress_m150_to_250,50,500,linear_last_5,172.47896341396506,172.47896341362363,241.1428180814225,False,False,False,True,True
B1_stress_m150_to_250,50,1000,least_squares_last_100,922.9752867582664,922.9752867582564,1488.392353203829,False,False,False,True,True
B1_stress_m150_to_250,50,1000,least_squares_last_20,469.7738269699943,469.77382696998666,672.9613747249982,False,False,False,True,True
B1_stress_m150_to_250,50,1000,least_squares_last_50,922.9752867582664,922.9752867582564,1488.392353203829,False,False,False,True,True
B1_stress_m150_to_250,50,1000,linear_last_10,416.7707942274366,416.7707942274366,584.6243299015251,False,False,False,True,True
B1_stress_m150_to_250,50,1000,linear_last_2,381.0069967065338,381.0069967037257,527.2012865413117,False,False,False,True,True
B1_stress_m150_to_250,50,1000,linear_last_20,471.69427576890007,471.69427576875074,676.6354286963126,False,False,False,True,True
B1_stress_m150_to_250,50,1000,linear_last_5,393.72430809084,393.7243080901253,547.3861903167904,False,False,False,True,True
B1_stress_m150_to_250,50,5000,least_squares_last_100,4922.007256131447,4922.00725613139,7901.070923496807,False,False,False,True,True
B1_stress_m150_to_250,50,5000,least_squares_last_20,2560.5849290765022,2560.584929076461,3652.23880443928,False,False,False,True,True
B1_stress_m150_to_250,50,5000,least_squares_last_50,4922.007256131447,4922.00725613139,7901.070923496807,False,False,False,True,True
B1_stress_m150_to_250,50,5000,linear_last_10,2284.4107416006427,2284.4107416006404,3191.9554901497427,False,False,False,True,True
B1_stress_m150_to_250,50,5000,linear_last_2,2098.0622024640143,2098.0622024493805,2892.750680126398,False,False,False,True,True
B1_stress_m150_to_250,50,5000,linear_last_20,2570.5914958554804,2570.591495854701,3671.3825933465782,False,False,False,True,True
B1_stress_m150_to_250,50,5000,linear_last_5,2164.326205799397,2164.32620579567,2997.9248392456966,False,False,False,True,True
B1_stress_m150_to_250,50,10000,least_squares_last_100,9922.322475801606,9922.322475801491,15918.454389258866,False,False,False,True,True
B1_stress_m150_to_250,50,10000,least_squares_last_20,5175.616178555988,5175.616178555907,7377.856655255761,False,False,False,True,True
B1_stress_m150_to_250,50,10000,least_squares_last_50,9922.322475801606,9922.322475801491,15918.454389258866,False,False,False,True,True
B1_stress_m150_to_250,50,10000,linear_last_10,4620.4771253637255,4620.477125363722,6452.63896699072,False,False,False,True,True
B1_stress_m150_to_250,50,10000,linear_last_2,4245.897036885646,4245.897036856231,5851.20594942658,False,False,False,True,True
B1_stress_m150_to_250,50,10000,linear_last_20,5195.730426227572,5195.730426226005,7416.337676764838,False,False,False,True,True
B1_stress_m150_to_250,50,10000,linear_last_5,4379.09462645237,4379.094626444879,6062.617028960882,False,False,False,True,True
B1_stress_m150_to_250,50,50000,least_squares_last_100,49949.47829011872,49949.47829011817,80082.19571323185,False,False,False,True,True
B1_stress_m150_to_250,50,50000,least_squares_last_20,26120.46952875893,26120.469528758545,37207.4178174722,False,False,False,True,True
B1_stress_m150_to_250,50,50000,least_squares_last_50,49949.47829011872,49949.47829011817,80082.19571323185,False,False,False,True,True
B1_stress_m150_to_250,50,50000,linear_last_10,23333.60795909167,23333.60795909167,32562.719152921163,False,False,False,True,True
B1_stress_m150_to_250,50,50000,linear_last_2,21453.17305302753,21453.17305287988,29543.45658484884,False,False,False,True,True
B1_stress_m150_to_250,50,50000,linear_last_20,26221.44535367408,26221.445353666237,37400.596948698,False,False,False,True,True
B1_stress_m150_to_250,50,50000,linear_last_5,22121.84019399204,22121.840193954475,30604.76439514977,False,False,False,True,True
B1_stress_m150_to_250,50,100000,least_squares_last_100,100011.71359120852,100011.7135912074,160315.30233342544,False,False,False,True,True
B1_stress_m150_to_250,50,100000,least_squares_last_20,52329.71655228103,52329.71655228024,74522.60096074664,False,False,False,True,True
B1_stress_m150_to_250,50,100000,least_squares_last_50,100011.71359120852,100011.7135912074,160315.30233342544,False,False,False,True,True
B1_stress_m150_to_250,50,100000,linear_last_10,46753.18894915836,46753.18894915833,65228.52959639522,False,False,False,True,True
B1_stress_m150_to_250,50,100000,linear_last_2,42990.42682502669,42990.426824731214,59186.96612758587,False,False,False,True,True
B1_stress_m150_to_250,50,100000,linear_last_20,52531.76981571408,52531.76981569835,74909.15362247662,False,False,False,True,True
B1_stress_m150_to_250,50,100000,linear_last_5,44328.43399749452,44328.433997419306,61310.6497593708,False,False,False,True,True
B1_stress_m150_to_250,50,200000,least_squares_last_100,200255.09637591604,200255.0963759138,320901.1023466118,False,False,False,True,True
B1_stress_m150_to_250,50,200000,least_squares_last_20,104866.5893796362,104866.58937963472,149271.59428644396,False,False,False,True,True
B1_stress_m150_to_250,50,200000,least_squares_last_50,200255.09637591604,200255.0963759138,320901.1023466118,False,False,False,True,True
B1_stress_m150_to_250,50,200000,linear_last_10,93710.66732689289,93710.66732689289,130678.67355288948,False,False,False,True,True
B1_stress_m150_to_250,50,200000,linear_last_2,86183.2086738913,86183.20867330028,118592.44069769884,False,False,False,True,True
B1_stress_m150_to_250,50,200000,linear_last_20,105270.79978040596,105270.79978037455,150044.89833341498,False,False,False,True,True
B1_stress_m150_to_250,50,200000,linear_last_5,88859.91087719503,88859.91087704465,122840.89972937528,False,False,False,True,True
B1_stress_m150_to_250,50,250000,least_squares_last_100,250366.1515148825,250366.1515148797,401182.654536608,False,False,False,True,True
B1_stress_m150_to_250,50,250000,least_squares_last_20,131124.95241008297,131124.95241008105,186635.7558870732,False,False,False,True,True
B1_stress_m150_to_250,50,250000,least_squares_last_50,250366.1515148825,250366.1515148797,401182.654536608,False,False,False,True,True
B1_stress_m150_to_250,50,250000,linear_last_10,117179.3989615876,117179.3989615876,163393.52018234628,False,False,False,True,True
B1_stress_m150_to_250,50,250000,linear_last_2,107769.63646230965,107769.6364615708,148285.0239526174,False,False,False,True,True
B1_stress_m150_to_250,50,250000,linear_last_20,131630.23899434926,131630.23899430997,187602.43106353877,False,False,False,True,True
B1_stress_m150_to_250,50,250000,linear_last_5,111115.67038630052,111115.67038611251,153595.84561485887,False,False,False,True,True
B1_stress_m150_to_250,100,500,least_squares_last_100,206.67470683658257,206.67470683657933,311.823565064436,False,False,False,True,True
B1_stress_m150_to_250,100,500,least_squares_last_20,70.86496014469061,70.86496014473472,92.61909690559888,False,False,False,True,True
B1_stress_m150_to_250,100,500,least_squares_last_50,96.71072689490416,96.71072689490732,128.69066556193573,False,False,False,True,True
B1_stress_m150_to_250,100,500,linear_last_10,64.2225385690194,64.22253856901835,83.50341211678051,False,False,False,True,True
B1_stress_m150_to_250,100,500,linear_last_2,59.426826477429856,59.426826477429856,76.97994431501255,False,False,False,True,True
B1_stress_m150_to_250,100,500,linear_last_20,71.00434135234688,71.00434135234698,92.82962821076836,False,False,False,True,True
B1_stress_m150_to_250,100,500,linear_last_5,61.16786071339747,61.167860713402746,79.34147394980542,False,False,False,True,True
B1_stress_m150_to_250,100,1000,least_squares_last_100,480.851015533201,480.8510155331965,721.5309740017153,False,False,False,True,True
B1_stress_m150_to_250,100,1000,least_squares_last_20,175.17908881762827,175.17908881773067,228.1595204875151,False,False,False,True,True
B1_stress_m150_to_250,100,1000,least_squares_last_50,233.35109423269128,233.3510942327014,309.34710944495686,False,False,False,True,True
B1_stress_m150_to_250,100,1000,linear_last_10,160.22874946018294,160.22874946018334,207.6425178378349,False,False,False,True,True
B1_stress_m150_to_250,100,1000,linear_last_2,149.43486617332985,149.4348661733328,192.95991205728487,False,False,False,True,True
B1_stress_m150_to_250,100,1000,linear_last_20,175.4927991611793,175.4927991611823,228.63337093825743,False,False,False,True,True
B1_stress_m150_to_250,100,1000,linear_last_5,153.35347512702558,153.35347512704033,198.275092528836,False,False,False,True,True
B1_stress_m150_to_250,100,5000,least_squares_last_100,2674.8120092647464,2674.812009264707,3999.598656820478,False,False,False,True,True
B1_stress_m150_to_250,100,5000,least_squares_last_20,1010.5952299721996,1010.595229972741,1313.460416437363,False,False,False,True,True
B1_stress_m150_to_250,100,5000,least_squares_last_50,1327.3100442407904,1327.3100442408274,1755.4825192358437,False,False,False,True,True
B1_stress_m150_to_250,100,5000,linear_last_10,929.1987933346616,929.1987933346464,1201.75653693076,False,False,False,True,True
B1_stress_m150_to_250,100,5000,linear_last_2,870.4319910551006,870.4319910551006,1121.8177634677145,False,False,False,True,True
B1_stress_m150_to_250,100,5000,linear_last_20,1012.3032115431114,1012.3032115431106,1316.0402734738718,False,False,False,True,True
B1_stress_m150_to_250,100,5000,linear_last_5,891.7666776987157,891.766677698779,1150.756019658818,False,False,False,True,True
B1_stress_m150_to_250,100,10000,least_squares_last_100,5418.781054219495,5418.78105421942,8098.705566597539,False,False,False,True,True
B1_stress_m150_to_250,100,10000,least_squares_last_20,2056.3775888536406,2056.377588854735,2671.5997710680904,False,False,False,True,True
B1_stress_m150_to_250,100,10000,least_squares_last_50,2696.2719837906457,2696.27198379072,3564.666508954076,False,False,False,True,True
B1_stress_m150_to_250,100,10000,linear_last_10,1891.9232557259363,1891.923255725908,2445.911918246731,False,False,False,True,True
B1_stress_m150_to_250,100,10000,linear_last_2,1773.1901062396878,1773.1901062396878,2284.4026652132998,False,False,False,True,True
B1_stress_m150_to_250,100,10000,linear_last_20,2059.8284152269057,2059.8284152269057,2676.812145049438,False,False,False,True,True
B1_stress_m150_to_250,100,10000,linear_last_5,1816.29496204668,1816.294962046812,2342.8698637834145,False,False,False,True,True
B1_stress_m150_to_250,100,50000,least_squares_last_100,27395.13859178382,27395.138591783427,40916.18428142074,False,False,False,True,True
B1_stress_m150_to_250,100,50000,least_squares_last_20,10447.21957192704,10447.219571932568,13561.30242912629,False,False,False,True,True
B1_stress_m150_to_250,100,50000,least_squares_last_50,13672.554811543385,13672.554811543776,18062.732108497745,False,False,False,True,True
B1_stress_m150_to_250,100,50000,linear_last_10,9618.300987640012,9618.300987639876,12423.741308701525,False,False,False,True,True
B1_stress_m150_to_250,100,50000,linear_last_2,9019.83628130932,9019.836281309332,11609.667159194203,False,False,False,True,True
B1_stress_m150_to_250,100,50000,linear_last_20,10464.613179365326,10464.61317936534,13587.574972872751,False,False,False,True,True
B1_stress_m150_to_250,100,50000,linear_last_5,9237.102773300634,9237.10277330131,11904.366280489676,False,False,False,True,True
B1_stress_m150_to_250,100,100000,least_squares_last_100,54893.771817171226,54893.77181717039,81966.2816383849,False,False,False,True,True
B1_stress_m150_to_250,100,100000,least_squares_last_20,20963.879886123505,20963.87988613453,27201.553063302705,False,False,False,True,True
B1_stress_m150_to_250,100,100000,least_squares_last_50,27421.031114741272,27421.031114742,36213.45726094119,False,False,False,True,True
B1_stress_m150_to_250,100,100000,linear_last_10,19304.377150032797,19304.37715003249,24924.14509151856,False,False,False,True,True
B1_stress_m150_to_250,100,100000,linear_last_2,18106.24522678277,18106.245226782743,23294.361052293407,False,False,False,True,True
B1_stress_m150_to_250,100,100000,linear_last_20,20998.702050424643,20998.702050424617,27254.150940896216,False,False,False,True,True
B1_stress_m150_to_250,100,100000,linear_last_5,18541.214769938266,18541.21476993956,23884.35144143881,False,False,False,True,True
B1_stress_m150_to_250,100,200000,least_squares_last_100,110009.44586004176,110009.44586004016,164185.18687590334,False,False,False,True,True
B1_stress_m150_to_250,100,200000,least_squares_last_20,42115.22838181043,42115.22838183255,54600.15195834216,False,False,False,True,True
B1_stress_m150_to_250,100,200000,least_squares_last_50,55036.08385333759,55036.08385333909,72633.10604881986,False,False,False,True,True
B1_stress_m150_to_250,100,200000,linear_last_10,38794.53876986499,38794.53876986439,50043.02479633425,False,False,False,True,True
B1_stress_m150_to_250,100,200000,linear_last_2,36397.05900393884,36397.05900393884,46781.80273802146,False,False,False,True,True
B1_stress_m150_to_250,100,200000,linear_last_20,42184.90804954794,42184.90804954794,54705.40109227652,False,False,False,True,True
B1_stress_m150_to_250,100,200000,linear_last_5,37267.43951736397,37267.43951736661,47962.38226571666,False,False,False,True,True
B1_stress_m150_to_250,100,250000,least_squares_last_100,137557.1791632109,137557.1791632089,205284.21645011535,False,False,False,True,True
B1_stress_m150_to_250,100,250000,least_squares_last_20,52681.19952755266,52681.19952758029,68289.67497803773,False,False,False,True,True
B1_stress_m150_to_250,100,250000,least_squares_last_50,68833.83087982125,68833.83087982314,90833.0476098069,False,False,False,True,True
B1_stress_m150_to_250,100,250000,linear_last_10,48529.93607171869,48529.93607171799,62592.715110671925,False,False,False,True,True
B1_stress_m150_to_250,100,250000,linear_last_2,45532.79653100753,45532.79653100753,58515.79328596034,False,False,False,True,True
B1_stress_m150_to_250,100,250000,linear_last_20,52768.30753585692,52768.30753585692,68421.2491191101,False,False,False,True,True
B1_stress_m150_to_250,100,250000,linear_last_5,46620.87739380606,46620.877393809365,59991.66041681072,False,False,False,True,True
B1_stress_m150_to_250,500,1000,least_squares_last_100,0.8253765035337712,0.8253765035352493,1.0122001276468924,False,True,True,True,True
B1_stress_m150_to_250,500,1000,least_squares_last_20,0.4548416663724002,0.4548416663911918,0.5559125385883925,True,True,True,True,True
B1_stress_m150_to_250,500,1000,least_squares_last_50,0.5722334964789555,0.5722334964852898,0.6992589319722797,True,True,True,True,True
B1_stress_m150_to_250,500,1000,linear_last_10,0.4233526463335136,0.4233526463364696,0.5168047498629276,True,True,True,True,True
B1_stress_m150_to_250,500,1000,linear_last_2,0.409600368593826,0.4096003685969931,0.4980470224015127,True,True,True,True,True
B1_stress_m150_to_250,500,1000,linear_last_20,0.4561584308742584,0.4561584309578703,0.557263328327194,True,True,True,True,True
B1_stress_m150_to_250,500,1000,linear_last_5,0.4095700034697523,0.4095700034727083,0.4990207897274106,True,True,True,True,True
B1_stress_m150_to_250,500,5000,least_squares_last_100,8.515241568444127,8.515241568431458,10.327466294242646,False,False,False,True,True
B1_stress_m150_to_250,500,5000,least_squares_last_20,5.180422110522627,5.180422110662825,6.220870698382116,False,False,False,True,True
B1_stress_m150_to_250,500,5000,least_squares_last_50,6.236950458138366,6.236950458168771,7.510990530410896,False,False,False,True,True
B1_stress_m150_to_250,500,5000,linear_last_10,4.897020426778591,4.897020426778591,5.868899974665301,False,False,False,True,True
B1_stress_m150_to_250,500,5000,linear_last_2,4.773249707275481,4.773249707275481,5.7000801276464905,False,False,False,True,True
B1_stress_m150_to_250,500,5000,linear_last_20,5.19227301208908,5.192273012813717,6.233027827625419,False,False,False,True,True
B1_stress_m150_to_250,500,5000,linear_last_5,4.7729764206731815,4.7729764206731815,5.708844049145422,False,False,False,True,True
B1_stress_m150_to_250,500,10000,least_squares_last_100,19.636326879342068,19.63632687931673,23.480327115738845,False,False,False,True,True
B1_stress_m150_to_250,500,10000,least_squares_last_20,12.596139279271137,12.596139279566737,14.810831283265893,False,False,False,True,True
B1_stress_m150_to_250,500,10000,least_squares_last_50,14.826592191597406,14.826592191663282,17.53442269763251,False,False,False,True,True
B1_stress_m150_to_250,500,10000,linear_last_10,11.997845714981022,11.997845714982711,14.067780585629457,False,False,False,True,True
B1_stress_m150_to_250,500,10000,linear_last_2,11.736551484308247,11.736551484308247,13.711382463143208,False,False,False,True,True
B1_stress_m150_to_250,500,10000,linear_last_20,12.621157896111084,12.62115789764313,14.836496381970978,False,False,False,True,True
B1_stress_m150_to_250,500,10000,linear_last_5,11.735974544842916,11.735974544844606,13.729884109859457,False,False,False,True,True
B1_stress_m150_to_250,500,50000,least_squares_last_100,133.174532055149,133.17453205501386,153.27337563230506,False,False,False,True,True
B1_stress_m150_to_250,500,50000,least_squares_last_20,96.49134755063838,96.49134755218564,108.10061415925362,False,False,False,True,True
B1_stress_m150_to_250,500,50000,least_squares_last_50,108.11321338141452,108.11321338175912,122.29199825916793,False,False,False,True,True
B1_stress_m150_to_250,500,50000,linear_last_10,93.37391454269276,93.37391454269954,104.22891820652218,False,False,False,True,True
B1_stress_m150_to_250,500,50000,linear_last_2,92.01243030131243,92.0124303013192,102.37189125967804,False,False,False,True,True
B1_stress_m150_to_250,500,50000,linear_last_20,96.6217080736476,96.6217080816271,108.23434320235756,False,False,False,True,True
B1_stress_m150_to_250,500,50000,linear_last_5,92.00942413471743,92.0094241347242,102.4682948441672,False,False,False,True,True
B1_stress_m150_to_250,500,100000,least_squares_last_100,303.1573056703277,303.15730567001685,343.5748379961611,False,False,False,True,True
B1_stress_m150_to_250,500,100000,least_squares_last_20,229.42020358101573,229.42020358409675,252.77278333853468,False,False,False,True,True
B1_stress_m150_to_250,500,100000,least_squares_last_50,252.78138987951692,252.7813898801791,281.29897462478056,False,False,False,True,True
B1_stress_m150_to_250,500,100000,linear_last_10,223.1538316978619,223.1538316978484,244.99026272094576,False,False,False,True,True
B1_stress_m150_to_250,500,100000,linear_last_2,220.417103579638,220.4171035796245,241.25744106406685,False,False,False,True,True
B1_stress_m150_to_250,500,100000,linear_last_20,229.6822420960455,229.6822421120451,253.04159293718607,False,False,False,True,True
B1_stress_m150_to_250,500,100000,linear_last_5,220.41106086508623,220.41106086507276,241.4512225213505,False,False,False,True,True
B1_stress_m150_to_250,500,200000,least_squares_last_100,760.9193827718173,760.9193827712496,841.9746663161424,False,False,False,True,True
B1_stress_m150_to_250,500,200000,least_squares_last_20,613.0736174463449,613.0736174525609,659.9130055836255,False,False,False,True,True
B1_stress_m150_to_250,500,200000,least_squares_last_50,659.9137070260653,659.9137070274436,717.109131591221,False,False,False,True,True
B1_stress_m150_to_250,500,200000,linear_last_10,600.5092974415094,600.5092974415094,644.3087482387282,False,False,False,True,True
B1_stress_m150_to_250,500,200000,linear_last_2,595.0220508361814,595.0220508361814,636.8242952422332,False,False,False,True,True
B1_stress_m150_to_250,500,200000,linear_last_20,613.5990148880774,613.5990149201849,660.4519793120861,False,False,False,True,True
B1_stress_m150_to_250,500,200000,linear_last_5,595.009934957843,595.009934957843,637.2128346212822,False,False,False,True,True
B1_stress_m150_to_250,500,250000,least_squares_last_100,980.3413235322148,980.3413235314582,1081.7153443991906,False,False,False,True,True
B1_stress_m150_to_250,500,250000,least_squares_last_20,795.442098700775,795.4420987085587,854.0249545740138,False,False,False,True,True
B1_stress_m150_to_250,500,250000,least_squares_last_50,854.021363620969,854.0213636226447,925.5557105539314,False,False,False,True,True
B1_stress_m150_to_250,500,250000,linear_last_10,779.7288787494912,779.7288787494912,834.5099209117739,False,False,False,True,True
B1_stress_m150_to_250,500,250000,linear_last_2,772.8664052687647,772.8664052687647,825.149696394746,False,False,False,True,True
B1_stress_m150_to_250,500,250000,linear_last_20,796.0991725066259,796.0991725468411,854.6990071880961,False,False,False,True,True
B1_stress_m150_to_250,500,250000,linear_last_5,772.8512528799615,772.8512528799615,825.6356124427764,False,False,False,True,True
B1_stress_m150_to_250,1000,5000,least_squares_last_100,0.5373820636561161,0.5373820636206442,0.5402574717019007,True,True,True,True,True
B1_stress_m150_to_250,1000,5000,least_squares_last_20,0.4389218064022342,0.4389218063135549,0.4399719317790947,True,True,True,True,True
B1_stress_m150_to_250,1000,5000,least_squares_last_50,0.4895389435514843,0.4895389434813853,0.4924592622274901,True,True,True,True,True
B1_stress_m150_to_250,1000,5000,linear_last_10,0.4548151094242961,0.4548151081076179,0.4584250368953615,True,True,True,True,True
B1_stress_m150_to_250,1000,5000,linear_last_2,0.4754888318450632,0.4754888318425295,0.4865687925275436,False,False,False,False,True
B1_stress_m150_to_250,1000,5000,linear_last_20,0.4379257244437437,0.4379257244403655,0.4392727149696532,True,True,True,True,True
B1_stress_m150_to_250,1000,5000,linear_last_5,0.4678936571431011,0.4678936539734455,0.4703610136286361,False,False,False,False,True
B1_stress_m150_to_250,1000,10000,least_squares_last_100,2.717833760915282,2.717833760839271,2.7243207882159712,False,False,True,True,True
B1_stress_m150_to_250,1000,10000,least_squares_last_20,2.496297767074431,2.4962977668768023,2.4986779006735462,False,False,True,True,True
B1_stress_m150_to_250,1000,10000,least_squares_last_50,2.610186539013581,2.6101865388632484,2.616774615422626,False,False,True,True,True
B1_stress_m150_to_250,1000,10000,linear_last_10,2.5320577658642422,2.532057762906567,2.5401974649680965,False,False,True,True,True
B1_stress_m150_to_250,1000,10000,linear_last_2,2.578573728452775,2.578573728451086,2.6034863396122683,False,False,False,False,True
B1_stress_m150_to_250,1000,10000,linear_last_20,2.4940565784686086,2.49405657846692,2.497104659906724,False,False,True,True,True
B1_stress_m150_to_250,1000,10000,linear_last_5,2.5614845533585173,2.561484546230368,2.5670187687740067,False,False,False,False,True
B1_stress_m150_to_250,1000,50000,least_squares_last_100,44.73084428031296,44.73084427991432,44.76683498710869,False,False,False,True,True
B1_stress_m150_to_250,1000,50000,least_squares_last_20,43.52470052398444,43.52470052293042,43.538331414163146,False,False,False,True,True
B1_stress_m150_to_250,1000,50000,least_squares_last_50,44.14476333549538,44.14476333469135,44.18130420006559,False,False,False,True,True
B1_stress_m150_to_250,1000,50000,linear_last_10,43.719394390747006,43.71939437465964,43.76438300231098,False,False,False,True,True
B1_stress_m150_to_250,1000,50000,linear_last_2,43.97264866727829,43.97264866728505,44.10761202182684,False,False,False,False,True
B1_stress_m150_to_250,1000,50000,linear_last_20,43.51249846328743,43.512498463294186,43.52976596845048,False,False,False,True,True
B1_stress_m150_to_250,1000,50000,linear_last_5,43.879607344810864,43.87960730602146,43.90906580766593,False,False,False,False,True
B1_stress_m150_to_250,1000,100000,least_squares_last_100,125.30671081961177,125.30671081877396,125.37962183864306,False,False,False,True,True
B1_stress_m150_to_250,1000,100000,least_squares_last_20,122.8698016552562,122.8698016530806,122.89753659826803,False,False,False,True,True
B1_stress_m150_to_250,1000,100000,least_squares_last_50,124.1225849490541,124.122584947392,124.19660751429768,False,False,False,True,True
B1_stress_m150_to_250,1000,100000,linear_last_10,123.26316377785312,123.26316374531343,123.35425428542482,False,False,False,True,True
B1_stress_m150_to_250,1000,100000,linear_last_2,123.77484214467673,123.77484214464968,124.04732902413608,False,False,False,False,True
B1_stress_m150_to_250,1000,100000,linear_last_20,122.8451484467317,122.84514844670468,122.8802308558599,False,False,False,True,True
B1_stress_m150_to_250,1000,100000,linear_last_5,123.5868601979281,123.58686011951129,123.64618356672852,False,False,False,False,True
B1_stress_m150_to_250,1000,200000,least_squares_last_100,404.25297584878456,404.252975847163,404.3996479900173,False,False,False,True,True
B1_stress_m150_to_250,1000,200000,least_squares_last_20,399.3545083834657,399.35450837916846,399.4103714203517,False,False,False,True,True
B1_stress_m150_to_250,1000,200000,least_squares_last_50,401.8727467714783,401.87274676818106,402.021653248322,False,False,False,True,True
B1_stress_m150_to_250,1000,200000,linear_last_10,400.1452114543143,400.1452113889642,400.32842645667074,False,False,False,True,True
B1_stress_m150_to_250,1000,200000,linear_last_2,401.1737437727458,401.1737437727458,401.7213611000325,False,False,False,False,True
B1_stress_m150_to_250,1000,200000,linear_last_20,399.30495260121927,399.30495260121927,399.3755848893818,False,False,False,True,True
B1_stress_m150_to_250,1000,200000,linear_last_5,400.7958784572503,400.79587829968585,400.9150126317635,False,False,False,False,True
B1_stress_m150_to_250,1000,250000,least_squares_last_100,534.2691144140365,534.2691144119825,534.4530060789269,False,False,False,True,True
B1_stress_m150_to_250,1000,250000,least_squares_last_20,528.139896682272,528.1398966768667,528.210163264105,False,False,False,True,True
B1_stress_m150_to_250,1000,250000,least_squares_last_50,531.2908477684614,531.2908477643534,531.4775351505212,False,False,False,True,True
B1_stress_m150_to_250,1000,250000,linear_last_10,529.1292655648466,529.1292654830647,529.3588815616422,False,False,False,True,True
B1_stress_m150_to_250,1000,250000,linear_last_2,530.416218794292,530.416218794292,531.101058289022,False,False,False,False,True
B1_stress_m150_to_250,1000,250000,linear_last_20,528.077889905379,528.077889905379,528.1666365439609,False,False,False,True,True
B1_stress_m150_to_250,1000,250000,linear_last_5,529.9434140224945,529.9434138253639,530.0921130700299,False,False,False,False,True
B1_stress_m150_to_250,5000,10000,least_squares_last_100,0.9094587337819848,0.9094587338326588,0.9095306229830448,True,True,True,True,True
B1_stress_m150_to_250,5000,10000,least_squares_last_20,0.7348638689208007,0.7348638694528782,0.735253512308495,False,False,False,False,True
B1_stress_m150_to_250,5000,10000,least_squares_last_50,0.8717136491796718,0.8717136491323759,0.873795209038128,True,True,True,True,True
B1_stress_m150_to_250,5000,10000,linear_last_10,0.7562144981657613,0.7562145000440792,0.7643148283323649,False,False,False,False,True
B1_stress_m150_to_250,5000,10000,linear_last_2,0.901219573039018,0.901219573039018,0.9235221522120872,False,False,False,False,True
B1_stress_m150_to_250,5000,10000,linear_last_20,0.7488727630156634,0.7488727630156634,0.7505886821676001,False,False,False,False,True
B1_stress_m150_to_250,5000,10000,linear_last_5,0.7980154642732051,0.7980154653289144,0.8096886036515853,False,False,False,False,True
B1_stress_m150_to_250,5000,50000,least_squares_last_100,32.75450038097619,32.75450038141537,32.75453671515907,False,False,False,True,True
B1_stress_m150_to_250,5000,50000,least_squares_last_20,31.1831422388146,31.18314224361176,31.18603836862783,False,False,False,False,True
B1_stress_m150_to_250,5000,50000,least_squares_last_50,32.41479367731511,32.41479367690972,32.43413843841577,False,False,False,True,True
B1_stress_m150_to_250,5000,50000,linear_last_10,31.375298435013125,31.37529845191128,31.447590938285543,False,False,False,False,True
B1_stress_m150_to_250,5000,50000,linear_last_2,32.68034772859926,32.680347728606016,32.88046082749128,False,False,False,False,True
B1_stress_m150_to_250,5000,50000,linear_last_20,31.3092226353676,31.30922263537436,31.32405528017008,False,False,False,False,True
B1_stress_m150_to_250,5000,50000,linear_last_5,31.751508173436537,31.751508182943017,31.85595604882965,False,False,False,False,True
B1_stress_m150_to_250,5000,100000,least_squares_last_100,100.62034652700228,100.62034652788064,100.62039517678376,False,False,False,True,True
B1_stress_m150_to_250,5000,100000,least_squares_last_20,97.30302608195942,97.30302609204024,97.30901479261595,False,False,False,False,True
B1_stress_m150_to_250,5000,100000,least_squares_last_50,99.90318602543245,99.90318602452706,99.9441504313922,False,False,False,True,True
B1_stress_m150_to_250,5000,100000,linear_last_10,97.70869024036,97.70869027598069,97.8611827952577,False,False,False,False,True
B1_stress_m150_to_250,5000,100000,linear_last_2,100.46380162282944,100.4638016228024,100.8861383741193,False,False,False,False,True
B1_stress_m150_to_250,5000,100000,linear_last_20,97.5691965150307,97.56919651500368,97.6003846020542,False,False,False,False,True
B1_stress_m150_to_250,5000,100000,linear_last_5,98.50291290889436,98.50291292893436,98.72328920747012,False,False,False,False,True
B1_stress_m150_to_250,5000,200000,least_squares_last_100,354.1462877054117,354.1462877072495,354.1464260001067,False,False,False,True,True
B1_stress_m150_to_250,5000,200000,least_squares_last_20,347.3370038889605,347.3370039096898,347.34925815672176,False,False,False,False,True
B1_stress_m150_to_250,5000,200000,least_squares_last_50,352.674211227408,352.6742112255972,352.75833507640806,False,False,False,True,True
B1_stress_m150_to_250,5000,200000,linear_last_10,348.16968871230154,348.16968878546226,348.4826634778735,False,False,False,False,True
B1_stress_m150_to_250,5000,200000,linear_last_2,353.82495646827624,353.82495646827624,354.6918257851797,False,False,False,False,True
B1_stress_m150_to_250,5000,200000,linear_last_20,347.88335750550453,347.88335750550453,347.9473371668368,False,False,False,False,True
B1_stress_m150_to_250,5000,200000,linear_last_5,349.79994652220955,349.7999465633709,350.25226256785226,False,False,False,False,True
B1_stress_m150_to_250,5000,250000,least_squares_last_100,471.4525593699602,471.45255937233856,471.45308231364766,False,False,False,True,True
B1_stress_m150_to_250,5000,250000,least_squares_last_20,462.8973338932991,462.8973339194066,462.9123810402663,False,False,False,False,True
B1_stress_m150_to_250,5000,250000,least_squares_last_50,469.6030335566754,469.6030335544593,469.7090764600914,False,False,False,True,True
B1_stress_m150_to_250,5000,250000,linear_last_10,463.9435241544953,463.9435242464932,464.3363983584327,False,False,False,False,True
B1_stress_m150_to_250,5000,250000,linear_last_2,471.0488368551744,471.0488368552285,472.13762753199546,False,False,False,False,True
B1_stress_m150_to_250,5000,250000,linear_last_20,463.5837758900423,463.5837758900963,463.6638111351568,False,False,False,False,True
B1_stress_m150_to_250,5000,250000,linear_last_5,465.991789952345,465.9917900041276,466.55973338546335,False,False,False,False,True
B1_stress_m150_to_250,10000,50000,least_squares_last_100,17.15004059550009,17.150040595648736,17.15519442160011,False,False,False,True,True
B1_stress_m150_to_250,10000,50000,least_squares_last_20,16.18254075219638,16.182540754128755,16.21086592929514,False,False,False,False,True
B1_stress_m150_to_250,10000,50000,least_squares_last_50,16.357362257569946,16.357362260502292,16.365277206955053,False,False,False,True,True
B1_stress_m150_to_250,10000,50000,linear_last_10,16.98036628914415,16.980366281630857,17.030983346733578,False,False,False,False,True
B1_stress_m150_to_250,10000,50000,linear_last_2,17.57624292507628,17.57624292507628,17.68148466082289,False,False,False,True,True
B1_stress_m150_to_250,10000,50000,linear_last_20,16.35912628874741,16.35912628874741,16.380636363767017,False,False,False,False,True
B1_stress_m150_to_250,10000,50000,linear_last_5,17.51188197749854,17.51188197749854,17.520587595776824,False,False,False,True,True
B1_stress_m150_to_250,10000,100000,least_squares_last_100,66.64704833899691,66.6470483392942,66.6586850203177,False,False,False,True,True
B1_stress_m150_to_250,10000,100000,least_squares_last_20,64.47016790925102,64.47016791356171,64.53385918516724,False,False,False,False,True
B1_stress_m150_to_250,10000,100000,least_squares_last_50,64.86351734118692,64.8635173477273,64.88136656640114,False,False,False,True,True
B1_stress_m150_to_250,10000,100000,linear_last_10,66.26528013563339,66.26528011870141,66.37912827588035,False,False,False,False,True
B1_stress_m150_to_250,10000,100000,linear_last_2,67.60600612775373,67.6060061277267,67.84284120397102,False,False,False,True,True
B1_stress_m150_to_250,10000,100000,linear_last_20,64.86748642186214,64.86748642183511,64.91584367736105,False,False,False,False,True
B1_stress_m150_to_250,10000,100000,linear_last_5,67.46119361104775,67.46119361102073,67.48082184600891,False,False,False,True,True
B1_stress_m150_to_250,10000,200000,least_squares_last_100,283.4349063584459,283.43490635917567,283.4594285666167,False,False,False,True,True
B1_stress_m150_to_250,10000,200000,least_squares_last_20,278.83923809819686,278.8392381074129,278.9737426779521,False,False,False,False,True
B1_stress_m150_to_250,10000,200000,least_squares_last_50,279.6696482001317,279.6696482140233,279.7072858694765,False,False,False,True,True
B1_stress_m150_to_250,10000,200000,linear_last_10,282.62894568601433,282.62894565033935,282.86933771197727,False,False,False,False,True
B1_stress_m150_to_250,10000,200000,linear_last_2,285.4593868087724,285.4593868087995,285.959331140058,False,False,False,True,True
B1_stress_m150_to_250,10000,200000,linear_last_20,279.67802742843395,279.6780274284609,279.78015996331834,False,False,False,False,True
B1_stress_m150_to_250,10000,200000,linear_last_5,285.15366938046645,285.15366938049345,285.1950627630376,False,False,False,True,True
B1_stress_m150_to_250,10000,250000,least_squares_last_100,382.372551238917,382.3725512398359,382.4038558942056,False,False,False,True,True
B1_stress_m150_to_250,10000,250000,least_squares_last_20,376.5675159660721,376.5675159776394,376.7370865830917,False,False,False,False,True
B1_stress_m150_to_250,10000,250000,least_squares_last_50,377.6164515418197,377.61645155933286,377.6643230401663,False,False,False,True,True
B1_stress_m150_to_250,10000,250000,linear_last_10,381.3544990499862,381.3544990049062,381.6578217843369,False,False,False,False,True
B1_stress_m150_to_250,10000,250000,linear_last_2,384.9297811689087,384.9297811689087,385.5616170283294,False,False,False,True,True
B1_stress_m150_to_250,10000,250000,linear_last_20,377.6270357948843,377.6270357948843,377.75571554435663,False,False,False,False,True
B1_stress_m150_to_250,10000,250000,linear_last_5,384.543613074445,384.543613074445,384.5962286157584,False,False,False,True,True
B2_stress_0_to_300,10,100,least_squares_last_100,3922.71526799575,3922.715267995781,4296.814725013636,False,False,False,True,True
B2_stress_0_to_300,10,100,least_squares_last_20,3922.71526799575,3922.715267995781,4296.814725013636,False,False,False,True,True
B2_stress_0_to_300,10,100,least_squares_last_50,3922.71526799575,3922.715267995781,4296.814725013636,False,False,False,True,True
B2_stress_0_to_300,10,100,linear_last_10,4159.745646034997,4159.745646034994,4613.702102264187,False,False,False,True,True
B2_stress_0_to_300,10,100,linear_last_2,1998.151174715937,1998.151174715937,2093.587247561164,False,False,False,True,True
B2_stress_0_to_300,10,100,linear_last_20,4159.745646034997,4159.745646034994,4613.702102264187,False,False,False,True,True
B2_stress_0_to_300,10,100,linear_last_5,2447.865803616709,2447.8658036167108,2581.185274861885,False,False,False,True,True
B2_stress_0_to_300,10,500,least_squares_last_100,27896.942059207984,27896.9420592082,30427.40508196708,False,False,False,True,True
B2_stress_0_to_300,10,500,least_squares_last_20,27896.942059207984,27896.9420592082,30427.40508196708,False,False,False,True,True
B2_stress_0_to_300,10,500,least_squares_last_50,27896.942059207984,27896.9420592082,30427.40508196708,False,False,False,True,True
B2_stress_0_to_300,10,500,linear_last_10,29443.94653271179,29443.946532711787,32495.604923095965,False,False,False,True,True
B2_stress_0_to_300,10,500,linear_last_2,15336.06574252041,15336.06574252041,16047.80196121796,False,False,False,True,True
B2_stress_0_to_300,10,500,linear_last_20,29443.94653271179,29443.946532711787,32495.604923095965,False,False,False,True,True
B2_stress_0_to_300,10,500,linear_last_5,18271.177049622183,18271.1770496222,19230.16337727642,False,False,False,True,True
B2_stress_0_to_300,10,1000,least_squares_last_100,60136.15989669231,60136.15989669279,65535.52463886293,False,False,False,True,True
B2_stress_0_to_300,10,1000,least_squares_last_20,60136.15989669231,60136.15989669279,65535.52463886293,False,False,False,True,True
B2_stress_0_to_300,10,1000,least_squares_last_50,60136.15989669231,60136.15989669279,65535.52463886293,False,False,False,True,True
B2_stress_0_to_300,10,1000,linear_last_10,63417.52992918901,63417.52992918898,69922.40851420425,False,False,False,True,True
B2_stress_0_to_300,10,1000,linear_last_2,33493.13213987928,33493.13213987928,35034.773304412585,False,False,False,True,True
B2_stress_0_to_300,10,1000,linear_last_20,63417.52992918901,63417.52992918898,69922.40851420425,False,False,False,True,True
B2_stress_0_to_300,10,1000,linear_last_5,39718.83248536843,39718.83248536846,41784.91886771321,False,False,False,True,True
B2_stress_0_to_300,10,5000,least_squares_last_100,323237.4165138112,323237.4165138136,351886.1133000143,False,False,False,True,True
B2_stress_0_to_300,10,5000,least_squares_last_20,323237.4165138112,323237.4165138136,351886.1133000143,False,False,False,True,True
B2_stress_0_to_300,10,5000,least_squares_last_50,323237.4165138112,323237.4165138136,351886.1133000143,False,False,False,True,True
B2_stress_0_to_300,10,5000,linear_last_10,340556.353680659,340556.35368065897,375039.9074295616,False,False,False,True,True
B2_stress_0_to_300,10,5000,linear_last_2,182616.602925244,182616.602925244,190904.3920458971,False,False,False,True,True
B2_stress_0_to_300,10,5000,linear_last_20,340556.353680659,340556.35368065897,375039.9074295616,False,False,False,True,True
B2_stress_0_to_300,10,5000,linear_last_5,215475.5953690528,215475.59536905296,226531.38495438368,False,False,False,True,True
B2_stress_0_to_300,10,10000,least_squares_last_100,653485.2970582243,653485.2970582292,711254.3295353901,False,False,False,True,True
B2_stress_0_to_300,10,10000,least_squares_last_20,653485.2970582243,653485.2970582292,711254.3295353901,False,False,False,True,True
B2_stress_0_to_300,10,10000,least_squares_last_50,653485.2970582243,653485.2970582292,711254.3295353901,False,False,False,True,True
B2_stress_0_to_300,10,10000,linear_last_10,688383.8988680134,688383.8988680134,757910.4859685723,False,False,False,True,True
B2_stress_0_to_300,10,10000,linear_last_2,370126.6976061773,370126.6976061773,386867.3920126852,False,False,False,True,True
B2_stress_0_to_300,10,10000,linear_last_20,688383.8988680134,688383.8988680134,757910.4859685723,False,False,False,True,True
B2_stress_0_to_300,10,10000,linear_last_5,436339.3573161767,436339.35731617705,458657.7234409592,False,False,False,True,True
B2_stress_0_to_300,10,50000,least_squares_last_100,3298528.960406612,3298528.9604066364,3589332.02312489,False,False,False,True,True
B2_stress_0_to_300,10,50000,least_squares_last_20,3298528.960406612,3298528.9604066364,3589332.02312489,False,False,False,True,True
B2_stress_0_to_300,10,50000,least_squares_last_50,3298528.960406612,3298528.9604066364,3589332.02312489,False,False,False,True,True
B2_stress_0_to_300,10,50000,linear_last_10,3474105.4014802254,3474105.401480225,3824061.252260199,False,False,False,True,True
B2_stress_0_to_300,10,50000,linear_last_2,1872939.055385299,1872939.055385299,1957326.697197216,False,False,False,True,True
B2_stress_0_to_300,10,50000,linear_last_20,3474105.4014802254,3474105.401480225,3824061.252260199,False,False,False,True,True
B2_stress_0_to_300,10,50000,linear_last_5,2206057.935312431,2206057.935312432,2318507.095322388,False,False,False,True,True
B2_stress_0_to_300,10,100000,least_squares_last_100,6605721.216547981,6605721.216548029,7187827.689651595,False,False,False,True,True
B2_stress_0_to_300,10,100000,least_squares_last_20,6605721.216547981,6605721.216548029,7187827.689651595,False,False,False,True,True
B2_stress_0_to_300,10,100000,least_squares_last_50,6605721.216547981,6605721.216548029,7187827.689651595,False,False,False,True,True
B2_stress_0_to_300,10,100000,linear_last_10,6957151.187518102,6957151.187518099,7657656.589681952,False,False,False,True,True
B2_stress_0_to_300,10,100000,linear_last_2,3752291.588555417,3752291.588555417,3921241.461984625,False,False,False,True,True
B2_stress_0_to_300,10,100000,linear_last_20,6957151.187518102,6957151.187518099,7657656.589681952,False,False,False,True,True
B2_stress_0_to_300,10,100000,linear_last_5,4419055.065400859,4419055.065400862,4644172.260968579,False,False,False,True,True
B2_stress_0_to_300,10,150000,least_squares_last_100,9913088.713347731,9913088.713347806,10786499.461037608,False,False,False,True,True
B2_stress_0_to_300,10,150000,least_squares_last_20,9913088.713347731,9913088.713347806,10786499.461037608,False,False,False,True,True
B2_stress_0_to_300,10,150000,least_squares_last_50,9913088.713347731,9913088.713347806,10786499.461037608,False,False,False,True,True
B2_stress_0_to_300,10,150000,linear_last_10,10440372.710617114,10440372.71061711,11491428.69560692,False,False,False,True,True
B2_stress_0_to_300,10,150000,linear_last_2,5631815.331850299,5631815.331850299,5885327.7175047165,False,False,False,True,True
B2_stress_0_to_300,10,150000,linear_last_20,10440372.710617114,10440372.71061711,11491428.69560692,False,False,False,True,True
B2_stress_0_to_300,10,150000,linear_last_5,6632224.347432482,6632224.347432486,6970009.938503489,False,False,False,True,True
B2_stress_0_to_300,10,180000,least_squares_last_100,11897550.919767888,11897550.919767974,12945744.695322065,False,False,False,True,True
B2_stress_0_to_300,10,180000,least_squares_last_20,11897550.919767888,11897550.919767974,12945744.695322065,False,False,False,True,True
B2_stress_0_to_300,10,180000,least_squares_last_50,11897550.919767888,11897550.919767974,12945744.695322065,False,False,False,True,True
B2_stress_0_to_300,10,180000,linear_last_10,12530347.609018674,12530347.609018669,13791734.499870706,False,False,False,True,True
B2_stress_0_to_300,10,180000,linear_last_2,6759569.043551355,6759569.043551355,7063819.074938353,False,False,False,True,True
B2_stress_0_to_300,10,180000,linear_last_20,12530347.609018674,12530347.609018669,13791734.499870706,False,False,False,True,True
B2_stress_0_to_300,10,180000,linear_last_5,7960165.906409727,7960165.906409734,8365552.717324144,False,False,False,True,True
B2_stress_0_to_300,20,100,least_squares_last_100,2101.942956637117,2101.9429566371086,2246.477505676611,False,False,False,True,True
B2_stress_0_to_300,20,100,least_squares_last_20,2101.942956637117,2101.9429566371086,2246.477505676611,False,False,False,True,True
B2_stress_0_to_300,20,100,least_squares_last_50,2101.942956637117,2101.9429566371086,2246.477505676611,False,False,False,True,True
B2_stress_0_to_300,20,100,linear_last_10,1064.8625725205798,1064.8625725206257,1106.5796653460648,False,False,False,True,True
B2_stress_0_to_300,20,100,linear_last_2,705.953775463649,705.9537754640648,730.9641289550392,False,False,False,True,True
B2_stress_0_to_300,20,100,linear_last_20,2404.889000398631,2404.889000398632,2622.1684739564084,False,False,False,True,True
B2_stress_0_to_300,20,100,linear_last_5,816.0098256238238,816.0098256238274,845.7574130346378,False,False,False,True,True
B2_stress_0_to_300,20,500,least_squares_last_100,16661.68172470658,16661.681724706523,17760.05213603058,False,False,False,True,True
B2_stress_0_to_300,20,500,least_squares_last_20,16661.68172470658,16661.681724706523,17760.05213603058,False,False,False,True,True
B2_stress_0_to_300,20,500,least_squares_last_50,16661.68172470658,16661.681724706523,17760.05213603058,False,False,False,True,True
B2_stress_0_to_300,20,500,linear_last_10,9202.388835780592,9202.38883578092,9561.235549866822,False,False,False,True,True
B2_stress_0_to_300,20,500,linear_last_2,6620.905395670604,6620.9053956735925,6859.587401388434,False,False,False,True,True
B2_stress_0_to_300,20,500,linear_last_20,18840.648085046687,18840.648085046687,20462.24283507702,False,False,False,True,True
B2_stress_0_to_300,20,500,linear_last_5,7412.493323584613,7412.4933235846365,7685.248305543758,False,False,False,True,True
B2_stress_0_to_300,20,1000,least_squares_last_100,36461.153387784754,36461.15338778463,38838.8426223467,False,False,False,True,True
B2_stress_0_to_300,20,1000,least_squares_last_20,36461.153387784754,36461.15338778463,38838.8426223467,False,False,False,True,True
B2_stress_0_to_300,20,1000,least_squares_last_50,36461.153387784754,36461.15338778463,38838.8426223467,False,False,False,True,True
B2_stress_0_to_300,20,1000,linear_last_10,20472.67913971639,20472.67913971709,21265.25088858796,False,False,False,True,True
B2_stress_0_to_300,20,1000,linear_last_2,14939.44936598159,14939.449365988005,15474.4564403078,False,False,False,True,True
B2_stress_0_to_300,20,1000,linear_last_20,41131.61586438569,41131.6158643857,44630.79998994304,False,False,False,True,True
B2_stress_0_to_300,20,1000,linear_last_5,16636.162900226154,16636.162900226205,17244.203023569393,False,False,False,True,True
B2_stress_0_to_300,20,5000,least_squares_last_100,198929.5065383632,198929.50653836248,211696.07017497055,False,False,False,True,True
B2_stress_0_to_300,20,5000,least_squares_last_20,198929.5065383632,198929.50653836248,211696.07017497055,False,False,False,True,True
B2_stress_0_to_300,20,5000,least_squares_last_50,198929.5065383632,198929.50653836248,211696.07017497055,False,False,False,True,True
B2_stress_0_to_300,20,5000,linear_last_10,113852.7417038118,113852.74170381553,118184.68766065485,False,False,False,True,True
B2_stress_0_to_300,20,5000,linear_last_2,84409.70161557781,84409.70161561194,87371.11221638895,False,False,False,True,True
B2_stress_0_to_300,20,5000,linear_last_20,223781.6488769843,223781.6488769843,242515.83366517804,False,False,False,True,True
B2_stress_0_to_300,20,5000,linear_last_5,93438.13648089745,93438.13648089772,96788.16549769798,False,False,False,True,True
B2_stress_0_to_300,20,10000,least_squares_last_100,403159.78818168346,403159.78818168206,428941.9683134268,False,False,False,True,True
B2_stress_0_to_300,20,10000,least_squares_last_20,403159.78818168346,403159.78818168206,428941.9683134268,False,False,False,True,True
B2_stress_0_to_300,20,10000,least_squares_last_50,403159.78818168346,403159.78818168206,428941.9683134268,False,False,False,True,True
B2_stress_0_to_300,20,10000,linear_last_10,231553.17753130308,231553.1775313106,240322.0620238555,False,False,False,True,True
B2_stress_0_to_300,20,10000,linear_last_2,172164.22066851065,172164.22066857942,178168.62619101137,False,False,False,True,True
B2_stress_0_to_300,20,10000,linear_last_20,453288.5386392888,453288.53863928886,491107.88592778496,False,False,False,True,True
B2_stress_0_to_300,20,10000,linear_last_5,190375.2928658164,190375.292865817,197163.57268506495,False,False,False,True,True
B2_stress_0_to_300,20,50000,least_squares_last_100,2039779.6742582263,2039779.67425822,2169721.7737368555,False,False,False,True,True
B2_stress_0_to_300,20,50000,least_squares_last_20,2039779.6742582263,2039779.67425822,2169721.7737368555,False,False,False,True,True
B2_stress_0_to_300,20,50000,least_squares_last_50,2039779.6742582263,2039779.67425822,2169721.7737368555,False,False,False,True,True
B2_stress_0_to_300,20,50000,linear_last_10,1175726.8584578885,1175726.8584579264,1220005.672895383,False,False,False,True,True
B2_stress_0_to_300,20,50000,linear_last_2,876698.7778364103,876698.7778367567,907058.2226806172,False,False,False,True,True
B2_stress_0_to_300,20,50000,linear_last_20,2292181.885462614,2292181.8854626142,2482732.0707057323,False,False,False,True,True
B2_stress_0_to_300,20,50000,linear_last_5,968392.9622922956,968392.9622922988,1002699.2760290907,False,False,False,True,True
B2_stress_0_to_300,20,100000,least_squares_last_100,4086398.522657368,4086398.5226573534,4346545.785786992,False,False,False,True,True
B2_stress_0_to_300,20,100000,least_squares_last_20,4086398.522657368,4086398.5226573534,4346545.785786992,False,False,False,True,True
B2_stress_0_to_300,20,100000,least_squares_last_50,4086398.522657368,4086398.5226573534,4346545.785786992,False,False,False,True,True
B2_stress_0_to_300,20,100000,linear_last_10,2356756.238583961,2356756.2385840374,2445424.5859686765,False,False,False,True,True
B2_stress_0_to_300,20,100000,linear_last_2,1758168.278553824,1758168.278554517,1818973.132207666,False,False,False,True,True
B2_stress_0_to_300,20,100000,linear_last_20,4591651.823276915,4591651.823276915,4973123.044824416,False,False,False,True,True
B2_stress_0_to_300,20,100000,linear_last_5,1941719.718625948,1941719.718625954,2010425.3292722795,False,False,False,True,True
B2_stress_0_to_300,20,150000,least_squares_last_100,6133189.127722401,6133189.127722381,6523541.971547392,False,False,False,True,True
B2_stress_0_to_300,20,150000,least_squares_last_20,6133189.127722401,6133189.127722381,6523541.971547392,False,False,False,True,True
B2_stress_0_to_300,20,150000,least_squares_last_50,6133189.127722401,6133189.127722381,6523541.971547392,False,False,False,True,True
B2_stress_0_to_300,20,150000,linear_last_10,3537954.852721738,3537954.852721852,3671012.899998926,False,False,False,True,True
B2_stress_0_to_300,20,150000,linear_last_2,2639806.1402524663,2639806.1402535066,2731056.5290227607,False,False,False,True,True
B2_stress_0_to_300,20,150000,linear_last_20,6891294.254660552,6891294.254660553,7463687.106505759,False,False,False,True,True
B2_stress_0_to_300,20,150000,linear_last_5,2915215.1036475184,2915215.103647527,3018320.149033324,False,False,False,True,True
B2_stress_0_to_300,20,180000,least_squares_last_100,7361303.229106114,7361303.22910609,7829779.6324457,False,False,False,True,True
B2_stress_0_to_300,20,180000,least_squares_last_20,7361303.229106114,7361303.22910609,7829779.6324457,False,False,False,True,True
B2_stress_0_to_300,20,180000,least_squares_last_50,7361303.229106114,7361303.22910609,7829779.6324457,False,False,False,True,True
B2_stress_0_to_300,20,180000,linear_last_10,4246712.389468188,4246712.389468324,4406404.33194669,False,False,False,True,True
B2_stress_0_to_300,20,180000,linear_last_2,3168826.7513830955,3168826.7513843435,3278344.5144179105,False,False,False,True,True
B2_stress_0_to_300,20,180000,linear_last_20,8271119.852055699,8271119.852055699,8958065.989279803,False,False,False,True,True
B2_stress_0_to_300,20,180000,linear_last_5,3499350.3741663164,3499350.3741663275,3623095.1398487897,False,False,False,True,True
B2_stress_0_to_300,50,100,least_squares_last_100,527.4466600389832,527.4466600389871,554.0294039702636,False,False,False,True,True
B2_stress_0_to_300,50,100,least_squares_last_20,123.57672828849957,123.5767282885008,127.85842850633465,False,False,False,True,True
B2_stress_0_to_300,50,100,least_squares_last_50,527.4466600389832,527.4466600389871,554.0294039702636,False,False,False,True,True
B2_stress_0_to_300,50,100,linear_last_10,84.88358765578904,84.88358765578991,88.15128989465217,False,False,False,True,True
B2_stress_0_to_300,50,100,linear_last_2,62.31657861144514,62.31657861143631,64.77589726095036,False,False,False,True,True
B2_stress_0_to_300,50,100,linear_last_20,126.24099346989526,126.24099346989544,130.6099259988968,False,False,False,True,True
B2_stress_0_to_300,50,100,linear_last_5,69.93716857219084,69.93716857219273,72.67327148263792,False,False,False,True,True
B2_stress_0_to_300,50,500,least_squares_last_100,6497.16623261805,6497.166232618093,6817.647779640862,False,False,False,True,True
B2_stress_0_to_300,50,500,least_squares_last_20,2139.860633027877,2139.860633027892,2219.738819884388,False,False,False,True,True
B2_stress_0_to_300,50,500,least_squares_last_50,6497.16623261805,6497.166232618093,6817.647779640862,False,False,False,True,True
B2_stress_0_to_300,50,500,linear_last_10,1722.4048506330607,1722.4048506330716,1791.3431315337186,False,False,False,True,True
B2_stress_0_to_300,50,500,linear_last_2,1478.932021525117,1478.932021525024,1539.1487461433874,False,False,False,True,True
B2_stress_0_to_300,50,500,linear_last_20,2168.605079397956,2168.605079397957,2249.4244054877427,False,False,False,True,True
B2_stress_0_to_300,50,500,linear_last_5,1561.149677997381,1561.1496779974043,1624.3525957319675,False,False,False,True,True
B2_stress_0_to_300,50,1000,least_squares_last_100,14927.976620656837,14927.976620656931,15653.732692869771,False,False,False,True,True
B2_stress_0_to_300,50,1000,least_squares_last_20,5270.723042725255,5270.723042725289,5463.22120871125,False,False,False,True,True
B2_stress_0_to_300,50,1000,least_squares_last_50,14927.976620656837,14927.976620656931,15653.732692869771,False,False,False,True,True
B2_stress_0_to_300,50,1000,linear_last_10,4345.500733658901,4345.500733658925,4513.752391448563,False,False,False,True,True
B2_stress_0_to_300,50,1000,linear_last_2,3805.883119908568,3805.883119908362,3954.80487790393,False,False,False,True,True
B2_stress_0_to_300,50,1000,linear_last_20,5334.430396090417,5334.430396090424,5529.0144429080765,False,False,False,True,True
B2_stress_0_to_300,50,1000,linear_last_5,3988.105077719056,3988.105077719107,4143.645243236637,False,False,False,True,True
B2_stress_0_to_300,50,5000,least_squares_last_100,85389.81467500761,85389.81467500812,89429.48382306827,False,False,False,True,True
B2_stress_0_to_300,50,5000,least_squares_last_20,32698.87947411095,32698.879474111134,33829.04049383813,False,False,False,True,True
B2_stress_0_to_300,50,5000,least_squares_last_50,85389.81467500761,85389.81467500812,89429.48382306827,False,False,False,True,True
B2_stress_0_to_300,50,5000,linear_last_10,27650.7746128238,27650.774612823927,28648.64427435981,False,False,False,True,True
B2_stress_0_to_300,50,5000,linear_last_2,24706.56728825325,24706.56728825212,25598.97109562253,False,False,False,True,True
B2_stress_0_to_300,50,5000,linear_last_20,33046.47312492439,33046.47312492443,34188.01491775142,False,False,False,True,True
B2_stress_0_to_300,50,5000,linear_last_5,25700.78839818804,25700.788398188324,26629.30289469604,False,False,False,True,True
B2_stress_0_to_300,50,10000,least_squares_last_100,174398.96515840647,174398.96515840755,182593.9659731973,False,False,False,True,True
B2_stress_0_to_300,50,10000,least_squares_last_20,67794.44074106833,67794.4407410687,70102.91232408932,False,False,False,True,True
B2_stress_0_to_300,50,10000,least_squares_last_50,174398.96515840647,174398.96515840755,182593.9659731973,False,False,False,True,True
B2_stress_0_to_300,50,10000,linear_last_10,57581.09349462941,57581.09349462967,59621.91263855963,False,False,False,True,True
B2_stress_0_to_300,50,10000,linear_last_2,51624.36070130928,51624.360701307,53451.80088009407,False,False,False,True,True
B2_stress_0_to_300,50,10000,linear_last_20,68497.69369518981,68497.69369518987,70829.19090679727,False,False,False,True,True
B2_stress_0_to_300,50,10000,linear_last_5,53635.87308358473,53635.873083585306,55536.37256236747,False,False,False,True,True
B2_stress_0_to_300,50,50000,least_squares_last_100,888985.500610706,888985.5006107113,930437.6254932296,False,False,False,True,True
B2_stress_0_to_300,50,50000,least_squares_last_20,350928.0935570886,350928.0935570905,362669.5596068593,False,False,False,True,True
B2_stress_0_to_300,50,50000,least_squares_last_50,888985.500610706,888985.5006107113,930437.6254932296,False,False,False,True,True
B2_stress_0_to_300,50,50000,linear_last_10,299378.9949912179,299378.9949912193,309769.5579892103,False,False,False,True,True
B2_stress_0_to_300,50,50000,linear_last_2,269314.00273312384,269314.0027331123,278627.59331054165,False,False,False,True,True
B2_stress_0_to_300,50,50000,linear_last_20,354477.57199682225,354477.57199682255,366335.2536582729,False,False,False,True,True
B2_stress_0_to_300,50,50000,linear_last_5,279466.56560584315,279466.56560584606,289148.9031734372,False,False,False,True,True
B2_stress_0_to_300,50,100000,least_squares_last_100,1783021.991038239,1783021.9910382498,1866047.6329192533,False,False,False,True,True
B2_stress_0_to_300,50,100000,least_squares_last_20,705626.7729360741,705626.7729360779,729160.3953161224,False,False,False,True,True
B2_stress_0_to_300,50,100000,least_squares_last_50,1783021.991038239,1783021.9910382498,1866047.6329192533,False,False,False,True,True
B2_stress_0_to_300,50,100000,linear_last_10,602405.9054890957,602405.9054890983,623234.507049757,False,False,False,True,True
B2_stress_0_to_300,50,100000,linear_last_2,542204.375937582,542204.375937559,560876.469808276,False,False,False,True,True
B2_stress_0_to_300,50,100000,linear_last_20,712734.1764353899,712734.1764353905,736500.5065946667,False,False,False,True,True
B2_stress_0_to_300,50,100000,linear_last_5,562533.6615252432,562533.6615252489,581944.1268758149,False,False,False,True,True
B2_stress_0_to_300,50,150000,least_squares_last_100,2677226.997406017,2677226.9974060333,2801826.322213503,False,False,False,True,True
B2_stress_0_to_300,50,150000,least_squares_last_20,1060492.248279647,1060492.2482796528,1095818.097943684,False,False,False,True,True
B2_stress_0_to_300,50,150000,least_squares_last_50,2677226.997406017,2677226.9974060333,2801826.322213503,False,False,False,True,True
B2_stress_0_to_300,50,150000,linear_last_10,905599.4471676672,905599.4471676712,936866.1539263576,False,False,False,True,True
B2_stress_0_to_300,50,150000,linear_last_2,815261.2842157867,815261.284215752,843291.9445724246,False,False,False,True,True
B2_stress_0_to_300,50,150000,linear_last_20,1071157.5881849488,1071157.5881849497,1106832.6381672623,False,False,False,True,True
B2_stress_0_to_300,50,150000,linear_last_5,845767.3249724748,845767.3249724836,874905.9824774433,False,False,False,True,True
B2_stress_0_to_300,50,180000,least_squares_last_100,3213787.9309898564,3213787.9309898755,3363331.5373193347,False,False,False,True,True
B2_stress_0_to_300,50,180000,least_squares_last_20,1273448.5898386682,1273448.5898386752,1315849.7994109043,False,False,False,True,True
B2_stress_0_to_300,50,180000,least_squares_last_50,3213787.9309898564,3213787.9309898755,3363331.5373193347,False,False,False,True,True
B2_stress_0_to_300,50,180000,linear_last_10,1087552.544849789,1087552.5448497937,1125082.136072228,False,False,False,True,True
B2_stress_0_to_300,50,180000,linear_last_2,979132.3530542082,979132.3530541664,1012778.1728991308,False,False,False,True,True
B2_stress_0_to_300,50,180000,linear_last_20,1286248.6973493097,1286248.6973493106,1329069.0029518995,False,False,False,True,True
B2_stress_0_to_300,50,180000,linear_last_5,1015744.4633926228,1015744.4633926332,1050720.056385522,False,False,False,True,True
B2_stress_0_to_300,100,500,least_squares_last_100,2565.884267603008,2565.884267603009,2681.6837442198084,False,False,False,True,True
B2_stress_0_to_300,100,500,least_squares_last_20,576.3264953853447,576.3264953852696,600.8850185716282,False,False,False,True,True
B2_stress_0_to_300,100,500,least_squares_last_50,773.8155129211178,773.8155129211208,806.0101760064399,False,False,False,True,True
B2_stress_0_to_300,100,500,linear_last_10,531.299358288566,531.2993582885853,555.0540815931124,False,False,False,True,True
B2_stress_0_to_300,100,500,linear_last_2,498.75693545653104,498.7569354566145,520.7744774047792,False,False,False,True,True
B2_stress_0_to_300,100,500,linear_last_20,577.1898986705562,577.1898986705609,601.7251727022314,False,False,False,True,True
B2_stress_0_to_300,100,500,linear_last_5,510.444519738637,510.44451973926033,533.0891326184201,False,False,False,True,True
B2_stress_0_to_300,100,1000,least_squares_last_100,6471.457782620378,6471.457782620381,6755.5430707619735,False,False,False,True,True
B2_stress_0_to_300,100,1000,least_squares_last_20,1771.8285547230937,1771.8285547229175,1840.389238597827,False,False,False,True,True
B2_stress_0_to_300,100,1000,least_squares_last_50,2238.326774558803,2238.326774558811,2324.9251483960816,False,False,False,True,True
B2_stress_0_to_300,100,1000,linear_last_10,1665.467808378601,1665.4678083786453,1732.129798246886,False,False,False,True,True
B2_stress_0_to_300,100,1000,linear_last_2,1588.597800569,1588.597800569197,1651.1563115686522,False,False,False,True,True
B2_stress_0_to_300,100,1000,linear_last_20,1773.8680407693437,1773.868040769354,1842.3738067080164,False,False,False,True,True
B2_stress_0_to_300,100,1000,linear_last_5,1616.2056003839682,1616.20560038544,1680.24534551462,False,False,False,True,True
B2_stress_0_to_300,100,5000,least_squares_last_100,40268.11009801593,40268.110098015946,41945.49115944745,False,False,False,True,True
B2_stress_0_to_300,100,5000,least_squares_last_20,13475.325983349258,13475.325983348255,13923.992200800483,False,False,False,True,True
B2_stress_0_to_300,100,5000,least_squares_last_50,16134.851977387458,16134.851977387492,16686.35182482484,False,False,False,True,True
B2_stress_0_to_300,100,5000,linear_last_10,12868.958889926906,12868.958889927157,13306.800572899405,False,False,False,True,True
B2_stress_0_to_300,100,5000,linear_last_2,12430.71973865308,12430.719738654196,12845.16731581107,False,False,False,True,True
B2_stress_0_to_300,100,5000,linear_last_20,13486.953179175192,13486.95317917525,13935.306307160516,False,False,False,True,True
B2_stress_0_to_300,100,5000,linear_last_5,12588.112967874767,12588.112967883157,13011.005123183642,False,False,False,True,True
B2_stress_0_to_300,100,10000,least_squares_last_100,83354.32598608332,83354.3259860834,86781.40777248508,False,False,False,True,True
B2_stress_0_to_300,100,10000,least_squares_last_20,28869.09358492021,28869.093584918173,29797.48715950685,False,False,False,True,True
B2_stress_0_to_300,100,10000,least_squares_last_50,34277.44873166224,34277.44873166232,35414.962575515114,False,False,False,True,True
B2_stress_0_to_300,100,10000,linear_last_10,27635.99844019244,27635.99844019296,28542.37947311176,False,False,False,True,True
B2_stress_0_to_300,100,10000,linear_last_2,26744.804680624475,26744.80468062676,27603.611960600992,False,False,False,True,True
B2_stress_0_to_300,100,10000,linear_last_20,28892.738401525992,28892.738401526127,29820.495284075005,False,False,False,True,True
B2_stress_0_to_300,100,10000,linear_last_5,27064.87618330264,27064.8761833197,27940.85617669004,False,False,False,True,True
B2_stress_0_to_300,100,50000,least_squares_last_100,430445.87992894696,430445.8799289473,447879.13269285887,False,False,False,True,True
B2_stress_0_to_300,100,50000,least_squares_last_20,154334.23437857433,154334.23437856394,159105.03011556406,False,False,False,True,True
B2_stress_0_to_300,100,50000,least_squares_last_50,181741.8414213937,181741.8414213941,187572.38379284588,False,False,False,True,True
B2_stress_0_to_300,100,50000,linear_last_10,148085.34978129237,148085.3497812949,152744.59384024638,False,False,False,True,True
B2_stress_0_to_300,100,50000,linear_last_2,143569.09896223035,143569.09896224187,147987.25627838908,False,False,False,True,True
B2_stress_0_to_300,100,50000,linear_last_20,154454.0578414476,154454.0578414482,159221.6270512028,False,False,False,True,True
B2_stress_0_to_300,100,50000,linear_last_5,145191.1067137539,145191.10671384036,149696.28919158457,False,False,False,True,True
B2_stress_0_to_300,100,100000,least_squares_last_100,865096.628797308,865096.6287973084,900038.8074752802,False,False,False,True,True
B2_stress_0_to_300,100,100000,least_squares_last_20,311939.14784081554,311939.14784079464,321513.5705961055,False,False,False,True,True
B2_stress_0_to_300,100,100000,least_squares_last_50,366847.09220017615,366847.09220017696,378544.5937470285,False,False,False,True,True
B2_stress_0_to_300,100,100000,linear_last_10,299420.2363123638,299420.23631236894,308771.1782901745,False,False,False,True,True
B2_stress_0_to_300,100,100000,linear_last_2,290372.454494033,290372.4544940562,299240.40729885607,False,False,False,True,True
B2_stress_0_to_300,100,100000,linear_last_20,312179.2001745384,312179.20017453964,321747.15895880066,False,False,False,True,True
B2_stress_0_to_300,100,100000,linear_last_5,293621.95786118094,293621.95786135417,302664.25542829867,False,False,False,True,True
B2_stress_0_to_300,100,150000,least_squares_last_100,1299914.540750567,1299914.5407505678,1352365.7397620487,False,False,False,True,True
B2_stress_0_to_300,100,150000,least_squares_last_20,469710.2140459615,469710.2140459302,484088.3119048007,False,False,False,True,True
B2_stress_0_to_300,100,150000,least_squares_last_50,552118.5960112093,552118.5960112106,569683.1086965137,False,False,False,True,True
B2_stress_0_to_300,100,150000,linear_last_10,450921.2527205514,450921.2527205591,464963.9402942802,False,False,False,True,True
B2_stress_0_to_300,100,150000,linear_last_2,437341.9233771808,437341.9233772155,450659.71846554993,False,False,False,True,True
B2_stress_0_to_300,100,150000,linear_last_20,470070.4956889896,470070.4956889914,484438.8921212013,False,False,False,True,True
B2_stress_0_to_300,100,150000,linear_last_5,442218.9282951701,442218.92829543,455798.3880648973,False,False,False,True,True
B2_stress_0_to_300,100,180000,least_squares_last_100,1560842.4886873432,1560842.4886873444,1623799.1333917233,False,False,False,True,True
B2_stress_0_to_300,100,180000,least_squares_last_20,564409.5889907437,564409.5889907061,581669.9040547365,False,False,False,True,True
B2_stress_0_to_300,100,180000,least_squares_last_50,663318.2797306246,663318.2797306261,684403.0130288296,False,False,False,True,True
B2_stress_0_to_300,100,180000,linear_last_10,541858.5872511116,541858.5872511208,558716.3341373315,False,False,False,True,True
B2_stress_0_to_300,100,180000,linear_last_2,525560.3217780093,525560.3217780509,541548.0337849575,False,False,False,True,True
B2_stress_0_to_300,100,180000,linear_last_20,564842.0084213854,564842.0084213878,582090.6795799508,False,False,False,True,True
B2_stress_0_to_300,100,180000,linear_last_5,531413.8303613194,531413.8303616313,547715.5991477942,False,False,False,True,True
B2_stress_0_to_300,500,1000,least_squares_last_100,168.43465234729612,168.43465234729263,170.93764342684418,False,False,False,True,True
B2_stress_0_to_300,500,1000,least_squares_last_20,137.0541080421955,137.0541080422112,139.1467270715135,False,False,False,True,True
B2_stress_0_to_300,500,1000,least_squares_last_50,148.32446768209496,148.32446768207097,150.41851465940712,False,False,False,True,True
B2_stress_0_to_300,500,1000,linear_last_10,133.01012289202234,133.01012289238594,135.35502685145207,False,False,False,True,True
B2_stress_0_to_300,500,1000,linear_last_2,129.52340811160886,129.52340811476992,131.7962716946326,False,False,False,True,True
B2_stress_0_to_300,500,1000,linear_last_20,136.9772582173419,136.97725821734278,139.07358013803514,False,False,False,True,True
B2_stress_0_to_300,500,1000,linear_last_5,130.82020102213477,130.8202010228981,133.1197825220642,False,False,False,True,True
B2_stress_0_to_300,500,5000,least_squares_last_100,3433.2170885693195,3433.217088569284,3475.326209506165,False,False,False,True,True
B2_stress_0_to_300,500,5000,least_squares_last_20,3137.481452694347,3137.481452694496,3175.72315699112,False,False,False,True,True
B2_stress_0_to_300,500,5000,least_squares_last_50,3243.695256452484,3243.6952564522508,3281.950417976251,False,False,False,True,True
B2_stress_0_to_300,500,5000,linear_last_10,3099.370242505399,3099.3702425088222,3139.989523287228,False,False,False,True,True
B2_stress_0_to_300,500,5000,linear_last_2,3066.510843934272,3066.510843964059,3106.4512038434104,False,False,False,True,True
B2_stress_0_to_300,500,5000,linear_last_20,3136.7572067539727,3136.757206753972,3175.033807734644,False,False,False,True,True
B2_stress_0_to_300,500,5000,linear_last_5,3078.732042912333,3078.7320429195247,3118.924197056418,False,False,False,True,True
B2_stress_0_to_300,500,10000,least_squares_last_100,8239.443690992011,8239.443690991939,8334.148180494747,False,False,False,True,True
B2_stress_0_to_300,500,10000,least_squares_last_20,7611.043078515981,7611.043078516302,7697.529799544071,False,False,False,True,True
B2_stress_0_to_300,500,10000,least_squares_last_50,7836.733902476198,7836.73390247571,7923.249218400071,False,False,False,True,True
B2_stress_0_to_300,500,10000,linear_last_10,7530.061604118813,7530.061604126095,7621.60037278059,False,False,False,True,True
B2_stress_0_to_300,500,10000,linear_last_2,7460.239561446823,7460.239561510121,7550.335709604111,False,False,False,True,True
B2_stress_0_to_300,500,10000,linear_last_20,7609.504148007422,7609.504148007428,7696.065020050395,False,False,False,True,True
B2_stress_0_to_300,500,10000,linear_last_5,7486.208054896333,7486.208054911618,7576.839233777902,False,False,False,True,True
B2_stress_0_to_300,500,50000,least_squares_last_100,48961.58583194406,48961.58583194367,49479.98233944739,False,False,False,True,True
B2_stress_0_to_300,500,50000,least_squares_last_20,45669.593925161214,45669.59392516287,46144.94014472202,False,False,False,True,True
B2_stress_0_to_300,500,50000,least_squares_last_50,46851.91671600752,46851.91671600494,47327.41273517645,False,False,False,True,True
B2_stress_0_to_300,500,50000,linear_last_10,45245.35761313026,45245.35761316839,45747.169911164885,False,False,False,True,True
B2_stress_0_to_300,500,50000,linear_last_2,44879.58203171324,44879.582032044826,45373.836897544505,False,False,False,True,True
B2_stress_0_to_300,500,50000,linear_last_20,45661.53195533068,45661.53195533068,46137.266628588106,False,False,False,True,True
B2_stress_0_to_300,500,50000,linear_last_5,45015.62274932217,45015.62274940222,45512.68047176948,False,False,False,True,True
B2_stress_0_to_300,500,100000,least_squares_last_100,100631.61225268536,100631.61225268456,101680.0092255822,False,False,False,True,True
B2_stress_0_to_300,500,100000,least_squares_last_20,94009.81675798888,94009.8167579922,94971.61868119688,False,False,False,True,True
B2_stress_0_to_300,500,100000,least_squares_last_50,96388.04244972645,96388.04244972122,97350.14569274268,False,False,False,True,True
B2_stress_0_to_300,500,100000,linear_last_10,93156.47137341942,93156.47137349608,94171.50944184363,False,False,False,True,True
B2_stress_0_to_300,500,100000,linear_last_2,92420.71892758056,92420.7189282475,93420.55532724837,False,False,False,True,True
B2_stress_0_to_300,500,100000,linear_last_20,93993.60021888003,93993.60021888003,94956.1835112442,False,False,False,True,True
B2_stress_0_to_300,500,100000,linear_last_5,92694.36292078174,92694.36292094272,93699.83722717536,False,False,False,True,True
B2_stress_0_to_300,500,150000,least_squares_last_100,152467.3110344659,152467.31103446474,154045.73784566877,False,False,False,True,True
B2_stress_0_to_300,500,150000,least_squares_last_20,142515.68761371617,142515.68761372118,143963.97429520727,False,False,False,True,True
B2_stress_0_to_300,500,150000,least_squares_last_50,146089.82494741664,146089.82494740884,147538.56447002362,False,False,False,True,True
B2_stress_0_to_300,500,150000,linear_last_10,141233.230020172,141233.2300202872,142761.52310928903,False,False,False,True,True
B2_stress_0_to_300,500,150000,linear_last_2,140127.49800568313,140127.49800668546,141632.94513361758,False,False,False,True,True
B2_stress_0_to_300,500,150000,linear_last_20,142491.31644572582,142491.31644572582,143940.77741470447,False,False,False,True,True
B2_stress_0_to_300,500,150000,linear_last_5,140538.74628024394,140538.74628048588,142052.66638573582,False,False,False,True,True
B2_stress_0_to_300,500,180000,least_squares_last_100,183605.27498743,183605.2749874286,185501.7242468277,False,False,False,True,True
B2_stress_0_to_300,500,180000,least_squares_last_20,171655.74759152826,171655.74759153428,173395.92957878878,False,False,False,True,True
B2_stress_0_to_300,500,180000,least_squares_last_50,175947.43450330565,175947.43450329624,177688.16024479517,False,False,False,True,True
B2_stress_0_to_300,500,180000,linear_last_10,170115.8217422256,170115.82174236397,171952.07235259947,False,False,False,True,True
B2_stress_0_to_300,500,180000,linear_last_2,168788.1011843807,168788.1011855843,170596.9192415424,False,False,False,True,True
B2_stress_0_to_300,500,180000,linear_last_20,171626.4836285287,171626.48362852872,173368.0756551275,False,False,False,True,True
B2_stress_0_to_300,500,180000,linear_last_5,169281.9123261021,169281.91232639263,171100.904409467,False,False,False,True,True
B2_stress_0_to_300,1000,5000,least_squares_last_100,1253.0471854778125,1253.0471854778389,1262.840515727141,False,False,False,True,True
B2_stress_0_to_300,1000,5000,least_squares_last_20,1174.507998111549,1174.507998111773,1183.3865519383842,False,False,False,True,True
B2_stress_0_to_300,1000,5000,least_squares_last_50,1203.1002732970874,1203.1002732971376,1212.306638438931,False,False,False,True,True
B2_stress_0_to_300,1000,5000,linear_last_10,1165.1964233965066,1165.196423396304,1173.9695102612654,False,False,False,True,True
B2_stress_0_to_300,1000,5000,linear_last_2,1157.8166920679794,1157.8166920643273,1166.50659973418,False,False,False,True,True
B2_stress_0_to_300,1000,5000,linear_last_20,1174.5259391833715,1174.5259391847164,1183.4048020147022,False,False,False,True,True
B2_stress_0_to_300,1000,5000,linear_last_5,1160.5754479281752,1160.5754479281752,1169.296399794369,False,False,False,True,True
B2_stress_0_to_300,1000,10000,least_squares_last_100,3523.988103395119,3523.988103395186,3548.805639094682,False,False,False,True,True
B2_stress_0_to_300,1000,10000,least_squares_last_20,3346.122991519854,3346.1229915203685,3368.868863172669,False,False,False,True,True
B2_stress_0_to_300,1000,10000,least_squares_last_50,3410.874975786357,3410.874975786477,3434.363230931709,False,False,False,True,True
B2_stress_0_to_300,1000,10000,linear_last_10,3325.035374828557,3325.035374828103,3347.542398924656,False,False,False,True,True
B2_stress_0_to_300,1000,10000,linear_last_2,3308.322740252436,3308.3227402441707,3330.6413911560767,False,False,False,True,True
B2_stress_0_to_300,1000,10000,linear_last_20,3346.163622074536,3346.163622077589,3368.9101935196595,False,False,False,True,True
B2_stress_0_to_300,1000,10000,linear_last_5,3314.5704038222384,3314.5704038222457,3336.9593595035344,False,False,False,True,True
B2_stress_0_to_300,1000,50000,least_squares_last_100,23943.068874608,23943.068874608347,24090.70157753204,False,False,False,True,True
B2_stress_0_to_300,1000,50000,least_squares_last_20,22969.4591434268,22969.45914342959,23105.751835629293,False,False,False,True,True
B2_stress_0_to_300,1000,50000,least_squares_last_50,23323.902807675982,23323.90280767662,23464.259207398078,False,False,False,True,True
B2_stress_0_to_300,1000,50000,linear_last_10,22854.02836219262,22854.028362190104,22989.013634952164,False,False,False,True,True
B2_stress_0_to_300,1000,50000,linear_last_2,22762.545645399918,22762.54564535465,22896.499788606638,False,False,False,True,True
B2_stress_0_to_300,1000,50000,linear_last_20,22969.681549625544,22969.681549642224,23105.978072397127,False,False,False,True,True
B2_stress_0_to_300,1000,50000,linear_last_5,22796.74451658143,22796.744516581435,22931.08349869753,False,False,False,True,True
B2_stress_0_to_300,1000,100000,least_squares_last_100,50231.41936316654,50231.41936316723,50532.91428876807,False,False,False,True,True
B2_stress_0_to_300,1000,100000,least_squares_last_20,48262.975001440645,48262.97500144627,48541.54269095177,False,False,False,True,True
B2_stress_0_to_300,1000,100000,least_squares_last_50,48979.58927725967,48979.589277260944,49266.37297149882,False,False,False,True,True
B2_stress_0_to_300,1000,100000,linear_last_10,48029.59702337301,48029.597023367925,48305.52137197611,False,False,False,True,True
B2_stress_0_to_300,1000,100000,linear_last_2,47844.63724709028,47844.63724699875,48118.47685774401,False,False,False,True,True
B2_stress_0_to_300,1000,100000,linear_last_20,48263.42466234059,48263.42466237432,48542.00009649712,False,False,False,True,True
B2_stress_0_to_300,1000,100000,linear_last_5,47913.78053212398,47913.78053212399,48188.39821016661,False,False,False,True,True
B2_stress_0_to_300,1000,150000,least_squares_last_100,76685.22231740743,76685.22231740848,77140.60558326422,False,False,False,True,True
B2_stress_0_to_300,1000,150000,least_squares_last_20,73721.9314993735,73721.93149938197,74142.80016603171,False,False,False,True,True
B2_stress_0_to_300,1000,150000,least_squares_last_50,74800.72069194417,74800.72069194607,75233.9577098979,False,False,False,True,True
B2_stress_0_to_300,1000,150000,linear_last_10,73370.60492241464,73370.60492240699,73787.49431081943,False,False,False,True,True
B2_stress_0_to_300,1000,150000,linear_last_2,73092.16697546464,73092.16697532687,73505.91800499911,False,False,False,True,True
B2_stress_0_to_300,1000,150000,linear_last_20,73722.60841767608,73722.60841772685,74143.48874310254,False,False,False,True,True
B2_stress_0_to_300,1000,150000,linear_last_5,73196.25508974053,73196.25508974056,73611.1774198178,False,False,False,True,True
B2_stress_0_to_300,1000,180000,least_squares_last_100,92593.98916414134,92593.9891641426,93141.70909643645,False,False,False,True,True
B2_stress_0_to_300,1000,180000,least_squares_last_20,89033.78770880075,89033.78770881092,89540.0405918446,False,False,False,True,True
B2_stress_0_to_300,1000,180000,least_squares_last_50,90329.88285748546,90329.88285748776,90850.99551129989,False,False,False,True,True
B2_stress_0_to_300,1000,180000,linear_last_10,88611.69164486509,88611.6916448559,89113.16368353728,False,False,False,True,True
B2_stress_0_to_300,1000,180000,linear_last_2,88277.16653584756,88277.16653568204,88774.8680401701,False,False,False,True,True
B2_stress_0_to_300,1000,180000,linear_last_20,89034.60098217617,89034.60098223717,89540.86787247287,False,False,False,True,True
B2_stress_0_to_300,1000,180000,linear_last_5,88402.22164473985,88402.22164473987,88901.33039058984,False,False,False,True,True
B2_stress_0_to_300,5000,10000,least_squares_last_100,171.9362231544026,171.9362231544072,172.26540527635888,False,False,False,True,True
B2_stress_0_to_300,5000,10000,least_squares_last_20,167.58166794565014,167.58166794543143,167.90063601738544,False,False,False,True,True
B2_stress_0_to_300,5000,10000,least_squares_last_50,169.2050299851547,169.20502998521627,169.52779440131073,False,False,False,True,True
B2_stress_0_to_300,5000,10000,linear_last_10,167.04311526604778,167.0431152660542,167.36082693253698,False,False,False,True,True
B2_stress_0_to_300,5000,10000,linear_last_2,166.61310756361334,166.61310756361976,166.92981708007764,False,False,False,True,True
B2_stress_0_to_300,5000,10000,linear_last_20,167.58188192608915,167.5818819259752,167.9008507513094,False,False,False,True,True
B2_stress_0_to_300,5000,10000,linear_last_5,166.77425593458665,166.77425594205948,167.09134087460916,False,False,False,True,True
B2_stress_0_to_300,5000,50000,least_squares_last_100,3755.821831874856,3755.821831874845,3761.151856678966,False,False,False,True,True
B2_stress_0_to_300,5000,50000,least_squares_last_20,3716.41905076752,3716.419050765488,3721.656652358287,False,False,False,True,True
B2_stress_0_to_300,5000,50000,least_squares_last_50,3731.108261498383,3731.108261498894,3736.380214824528,False,False,False,True,True
B2_stress_0_to_300,5000,50000,linear_last_10,3711.545884087604,3711.545884087611,3716.7721169257593,False,False,False,True,True
B2_stress_0_to_300,5000,50000,linear_last_2,3707.654901298035,3707.654901298041,3712.872066046297,False,False,False,True,True
B2_stress_0_to_300,5000,50000,linear_last_20,3716.4209869984375,3716.420986997349,3721.6585954072025,False,False,False,True,True
B2_stress_0_to_300,5000,50000,linear_last_5,3709.113074103952,3709.113074171519,3714.333635923,False,False,False,True,True
B2_stress_0_to_300,5000,100000,least_squares_last_100,8994.428572184981,8994.428572184941,9006.318931264348,False,False,False,True,True
B2_stress_0_to_300,5000,100000,least_squares_last_20,8911.187610126055,8911.187610121748,8922.88271909924,False,False,False,True,True
B2_stress_0_to_300,5000,100000,least_squares_last_50,8942.219532207711,8942.219532208774,8953.987211477226,False,False,False,True,True
B2_stress_0_to_300,5000,100000,linear_last_10,8900.892725569438,8900.892725569438,8912.563817306316,False,False,False,True,True
B2_stress_0_to_300,5000,100000,linear_last_2,8892.672768965966,8892.672768965962,8904.324703767585,False,False,False,True,True
B2_stress_0_to_300,5000,100000,linear_last_20,8911.19170054099,8911.191700538673,8922.886823917639,False,False,False,True,True
B2_stress_0_to_300,5000,100000,linear_last_5,8895.753254754061,8895.753254896785,8907.41236609075,False,False,False,True,True
B2_stress_0_to_300,5000,150000,least_squares_last_100,14398.047916018457,14398.047916018402,14416.522124302568,False,False,False,True,True
B2_stress_0_to_300,5000,150000,least_squares_last_20,14270.96664627318,14270.966646266615,14289.142772569798,False,False,False,True,True
B2_stress_0_to_300,5000,150000,least_squares_last_50,14318.342072544465,14318.342072546096,14336.628989552468,False,False,False,True,True
B2_stress_0_to_300,5000,150000,linear_last_10,14255.249780814447,14255.249780814453,14273.389240777446,False,False,False,True,True
B2_stress_0_to_300,5000,150000,linear_last_2,14242.70064038427,14242.700640384275,14260.8108540772,False,False,False,True,True
B2_stress_0_to_300,5000,150000,linear_last_20,14270.972890976636,14270.972890973118,14289.14903926256,False,False,False,True,True
B2_stress_0_to_300,5000,150000,linear_last_5,14247.403517858304,14247.403518076204,14265.52468773394,False,False,False,True,True
B2_stress_0_to_300,5000,180000,least_squares_last_100,17676.62086579223,17676.620865792163,17699.048523272293,False,False,False,True,True
B2_stress_0_to_300,5000,180000,least_squares_last_20,17523.235075813467,17523.23507580554,17545.302951390007,False,False,False,True,True
B2_stress_0_to_300,5000,180000,least_squares_last_50,17580.416729717042,17580.416729719007,17602.61832854661,False,False,False,True,True
B2_stress_0_to_300,5000,180000,linear_last_10,17504.264980305215,17504.264980305215,17526.288599992913,False,False,False,True,True
B2_stress_0_to_300,5000,180000,linear_last_2,17489.118296436733,17489.118296436733,17511.10661617624,False,False,False,True,True
B2_stress_0_to_300,5000,180000,linear_last_20,17523.242613106533,17523.242613102273,17545.310515223937,False,False,False,True,True
B2_stress_0_to_300,5000,180000,linear_last_5,17494.794621342626,17494.794621605626,17516.796165082356,False,False,False,True,True
B2_stress_0_to_300,10000,50000,least_squares_last_100,1358.9671964391591,1358.9671964386123,1360.0412449540263,False,False,False,True,True
B2_stress_0_to_300,10000,50000,least_squares_last_20,1349.994822276144,1349.9948222745077,1351.058288947071,False,False,False,True,True
B2_stress_0_to_300,10000,50000,least_squares_last_50,1353.349504172282,1353.3495041716906,1354.4169213757818,False,False,False,True,True
B2_stress_0_to_300,10000,50000,linear_last_10,1348.8792757559272,1348.8792757251294,1349.9414303344347,False,False,False,True,True
B2_stress_0_to_300,10000,50000,linear_last_2,1347.9877123014437,1347.987712024271,1349.0488187122355,False,False,False,True,True
B2_stress_0_to_300,10000,50000,linear_last_20,1349.995046147738,1349.9950461321775,1351.0585132121116,False,False,False,True,True
B2_stress_0_to_300,10000,50000,linear_last_5,1348.3219390475372,1348.3219389828637,1349.3834383780172,False,False,False,True,True
B2_stress_0_to_300,10000,100000,least_squares_last_100,3814.020515327728,3814.020515326491,3816.742316258575,False,False,False,True,True
B2_stress_0_to_300,10000,100000,least_squares_last_20,3793.818764154297,3793.8187641506056,3796.51673953191,False,False,False,True,True
B2_stress_0_to_300,10000,100000,least_squares_last_50,3801.3719989726974,3801.371998971357,3804.07886917286,False,False,False,True,True
B2_stress_0_to_300,10000,100000,linear_last_10,3791.307055122288,3791.307055052938,3794.002076257904,False,False,False,True,True
B2_stress_0_to_300,10000,100000,linear_last_2,3789.299655215023,3789.2996545909455,3791.992316348367,False,False,False,True,True
B2_stress_0_to_300,10000,100000,linear_last_20,3793.819268212437,3793.819268177395,3796.517244475914,False,False,False,True,True
B2_stress_0_to_300,10000,100000,linear_last_5,3790.05218352441,3790.052183378785,3792.7457293361713,False,False,False,True,True
B2_stress_0_to_300,10000,150000,least_squares_last_100,6433.9031998848,6433.9031998828905,6438.295956636523,False,False,False,True,True
B2_stress_0_to_300,10000,150000,least_squares_last_20,6402.471012752328,6402.471012746596,6406.826698992624,False,False,False,True,True
B2_stress_0_to_300,10000,150000,least_squares_last_50,6414.223196423402,6414.223196421329,6418.592722242478,False,False,False,True,True
B2_stress_0_to_300,10000,150000,linear_last_10,6398.563009548117,6398.563009440228,6402.914099241981,False,False,False,True,True
B2_stress_0_to_300,10000,150000,linear_last_2,6395.439667962865,6395.439666991868,6399.787085696194,False,False,False,True,True
B2_stress_0_to_300,10000,150000,linear_last_20,6402.471797023435,6402.471796968925,6406.82748464206,False,False,False,True,True
B2_stress_0_to_300,10000,150000,linear_last_5,6396.610537282069,6396.6105370555015,6400.959331498917,False,False,False,True,True
B2_stress_0_to_300,10000,180000,least_squares_last_100,8042.206424109335,8042.206424107007,8047.6048466673265,False,False,False,True,True
B2_stress_0_to_300,10000,180000,least_squares_last_20,8004.035820949879,8004.035820942912,8009.389225839366,False,False,False,True,True
B2_stress_0_to_300,10000,180000,least_squares_last_50,8018.307431680467,8018.30743167794,8023.677643070475,False,False,False,True,True
B2_stress_0_to_300,10000,180000,linear_last_10,7999.290022039191,7999.290021908168,8004.637844976999,False,False,False,True,True
B2_stress_0_to_300,10000,180000,linear_last_2,7995.497100099665,7995.4970989205,8000.840463883937,False,False,False,True,True
B2_stress_0_to_300,10000,180000,linear_last_20,8004.036773352624,8004.036773286419,8009.390179915922,False,False,False,True,True
B2_stress_0_to_300,10000,180000,linear_last_5,7996.918979778178,7996.918979503033,8002.2640151357955,False,False,False,True,True
