 Abaqus/Standard 2023                  DATE 17-Jun-2026 TIME 08:41:56
 SUMMARY OF JOB INFORMATION:
 STEP  INC ATT SEVERE EQUIL TOTAL  TOTAL      STEP       INC OF       DOF    IF
               DISCON ITERS ITERS  TIME/    TIME/LPF    TIME/LPF    MONITOR RIKS
               ITERS               FREQ
 271     1   1     0    10    10  270.       0.00500    0.005000  
 271     2   1     0    10    10  270.       0.0100     0.005000  
 271     3   1     0    10    10  270.       0.0150     0.005000  
 271     4   1     0     9     9  270.       0.0200     0.005000  
 271     5   1     0     7     7  270.       0.0250     0.005000  
 271     6   1     0     7     7  270.       0.0300     0.005000  
 271     7   1     0     6     6  270.       0.0350     0.005000  
 271     8   1     0     5     5  270.       0.0400     0.005000  
 271     9   1     0     4     4  270.       0.0450     0.005000  
 271    10   1     0     2     2  270.       0.0500     0.005000  
 271    11   1     0     9     9  270.       0.0575     0.007500  
 271    12   1     0     2     2  270.       0.0650     0.007500  
 271    13   1     0     3     3  270.       0.0725     0.007500  
 271    14   1     0    10    10  270.       0.0838     0.01125   
 271    15   1     0     4     4  270.       0.0950     0.01125   
 271    16   1     0     4     4  270.       0.106      0.01125   
 271    17   1     0     7     7  270.       0.123      0.01688   
 271    18   1     0     4     4  270.       0.140      0.01688   
 271    19   1     0     5     5  270.       0.157      0.01688   
 271    20   1     0     3     3  270.       0.174      0.01688   
 271    21   1     0     2     2  270.       0.191      0.01688   
 271    22   1     0     7     7  270.       0.216      0.02500   
 271    23   1     0     6     6  270.       0.241      0.02500   
 271    24   1     0    10    10  270.       0.266      0.02500   
 271    25   1     0     4     4  270.       0.291      0.02500   
 271    26   1     0     6     6  270.       0.316      0.02500   
 271    27   1     0    10    10  270.       0.341      0.02500   
 271    28   1     0    10    10  270.       0.366      0.02500   
 271    29   1     0    11    11  270.       0.391      0.02500   
 271    30   1     0    10    10  270.       0.409      0.01875   
 271    31   1     0    10    10  270.       0.428      0.01875   
 271    32   1     0     8     8  270.       0.447      0.01875   
 271    33   1     0     7     7  270.       0.466      0.01875   
 271    34   1     0     5     5  270.       0.484      0.01875   
 271    35   1     0     5     5  271.       0.503      0.01875   
 271    36   1     0     5     5  271.       0.522      0.01875   
 271    37   1     0     5     5  271.       0.541      0.01875   
 271    38   1     0     4     4  271.       0.559      0.01875   
 271    39   1     0     3     3  271.       0.578      0.01875   
 271    40   1     0     7     7  271.       0.603      0.02500   
 271    41   1     0     5     5  271.       0.628      0.02500   
 271    42   1     0     4     4  271.       0.653      0.02500   
 271    43   1     0     4     4  271.       0.678      0.02500   
 271    44   1     0     3     3  271.       0.703      0.02500   
 271    45   1     0     4     4  271.       0.728      0.02500   
 271    46   1     0    10    10  271.       0.753      0.02500   
 271    47   1     0     7     7  271.       0.778      0.02500   
 271    48   1     0     6     6  271.       0.803      0.02500   
 271    49   1     0     5     5  271.       0.828      0.02500   
 271    50   1     0    10    10  271.       0.853      0.02500   
 271    51   1     0    10    10  271.       0.878      0.02500   
 271    52   1     0    10    10  271.       0.903      0.02500   
 271    53   1     0    10    10  271.       0.928      0.02500   
 271    54   1     0     6     6  271.       0.953      0.02500   
 271    55   1     0     5     5  271.       0.978      0.02500   
 271    56   1     0     7     7  271.       1.00       0.02187   
 272     1   1     0    11    11  271.       0.00500    0.005000  
 272     2   1     0     7     7  271.       0.00875    0.003750  
 272     3   1     0    10    10  271.       0.0125     0.003750  
 272     4   1     0     8     8  271.       0.0163     0.003750  
 272     5   1     0     7     7  271.       0.0200     0.003750  
 272     6   1     0     5     5  271.       0.0238     0.003750  
 272     7   1     0     3     3  271.       0.0275     0.003750  
 272     8   1     0     1     1  271.       0.0312     0.003750  
 272     9   1     0     7     7  271.       0.0369     0.005625  
 272    10   1     0     1     1  271.       0.0425     0.005625  
 272    11   1     0     3     3  271.       0.0481     0.005625  
 272    12   1     0     4     4  271.       0.0566     0.008438  
 272    13   1     0     7     7  271.       0.0692     0.01266   
 272    14   1     0     5     5  271.       0.0819     0.01266   
 272    15   1     0     6     6  271.       0.0945     0.01266   
 272    16   1     0     4     4  271.       0.107      0.01266   
 272    17   1     0     3     3  271.       0.120      0.01266   
 272    18   1     0     8     8  271.       0.139      0.01898   
 272    19   1     0     4     4  271.       0.158      0.01898   
 272    20   1     0     4     4  271.       0.177      0.01898   
 272    21   1     0     7     7  271.       0.202      0.02500   
 272    22   1     0     6     6  271.       0.227      0.02500   
 272    23   1     0     8     8  271.       0.252      0.02500   
 272    24   1     0     5     5  271.       0.277      0.02500   
 272    25   1     0     1     1  271.       0.302      0.02500   
 272    26   1     0    10    10  271.       0.327      0.02500   
 272    27   1     0    10    10  271.       0.352      0.02500   
 272    28   1     0    12    12  271.       0.377      0.02500   
 272    29   1     0    10    10  271.       0.396      0.01875   
 272    30   1     0    10    10  271.       0.414      0.01875   
 272    31   1     0    10    10  271.       0.433      0.01875   
 272    32   1     0     7     7  271.       0.452      0.01875   
 272    33   1     0     6     6  271.       0.471      0.01875   
 272    34   1     0     5     5  271.       0.489      0.01875   
 272    35   1     0     5     5  272.       0.508      0.01875   
 272    36   1     0     5     5  272.       0.527      0.01875   
 272    37   1     0     4     4  272.       0.546      0.01875   
 272    38   1     0     4     4  272.       0.564      0.01875   
 272    39   1     0     7     7  272.       0.589      0.02500   
 272    40   1     0     5     5  272.       0.614      0.02500   
 272    41   1     0     5     5  272.       0.639      0.02500   
 272    42   1     0     4     4  272.       0.664      0.02500   
 272    43   1     0     4     4  272.       0.689      0.02500   
 272    44   1     0     3     3  272.       0.714      0.02500   
 272    45   1     0     3     3  272.       0.739      0.02500   
 272    46   1     0    10    10  272.       0.764      0.02500   
 272    47   1     0     8     8  272.       0.789      0.02500   
 272    48   1     0     6     6  272.       0.814      0.02500   
 272    49   1     0     8     8  272.       0.839      0.02500   
 272    50   1     0    10    10  272.       0.864      0.02500   
 272    51   1     0    10    10  272.       0.889      0.02500   
 272    52   1     0    10    10  272.       0.914      0.02500   
 272    53   1     0    10    10  272.       0.939      0.02500   
 272    54   1     0     6     6  272.       0.964      0.02500   
 272    55   1     0     5     5  272.       0.989      0.02500   
 272    56   1     0    10    10  272.       1.00       0.01070   
 273     1   1     0    10    10  272.       0.00500    0.005000  
 273     2   1     0     9     9  272.       0.0100     0.005000  
 273     3   1     0    10    10  272.       0.0150     0.005000  
 273     4   1     0     6     6  272.       0.0200     0.005000  
 273     5   1     0     7     7  272.       0.0250     0.005000  
 273     6   1     0     4     4  272.       0.0300     0.005000  
 273     7   1     0     2     2  272.       0.0350     0.005000  
 273     8   1     0     8     8  272.       0.0425     0.007500  
 273     9   1     0     2     2  272.       0.0500     0.007500  
 273    10   1     0     4     4  272.       0.0575     0.007500  
 273    11   1U    0     5     5  272.       0.0575     0.01125   
 273    11   2     0    10    10  272.       0.0603     0.002812  
 273    12   1     0     4     4  272.       0.0631     0.002812  
 273    13   1     0     5     5  272.       0.0659     0.002812  
 273    14   1     0     4     4  272.       0.0687     0.002812  
 273    15   1     0     3     3  272.       0.0716     0.002812  
 273    16   1     0     7     7  272.       0.0758     0.004219  
 273    17   1     0     1     1  272.       0.0800     0.004219  
 273    18   1     0     1     1  272.       0.0842     0.004219  
 273    19   1     0     5     5  272.       0.0905     0.006328  
 273    20   1     0     1     1  272.       0.0969     0.006328  
 273    21   1     0     2     2  272.       0.103      0.006328  
 273    22   1     0     5     5  272.       0.113      0.009492  
 273    23   1     0     2     2  272.       0.122      0.009492  
 273    24   1     0     4     4  272.       0.132      0.009492  
 273    25   1     0     7     7  272.       0.146      0.01424   
 273    26   1     0     4     4  272.       0.160      0.01424   
 273    27   1     0     4     4  272.       0.174      0.01424   
 273    28   1     0     7     7  272.       0.196      0.02136   
 273    29   1     0     4     4  272.       0.217      0.02136   
 273    30   1     0     4     4  272.       0.238      0.02136   
 273    31   1     0    10    10  272.       0.263      0.02500   
 273    32   1     0     2     2  272.       0.288      0.02500   
 273    33   1     0     6     6  272.       0.313      0.02500   
 273    34   1     0    10    10  272.       0.338      0.02500   
 273    35   1     0    10    10  272.       0.363      0.02500   
 273    36   1     0    11    11  272.       0.388      0.02500   
 273    37   1     0    10    10  272.       0.407      0.01875   
 273    38   1     0    10    10  272.       0.426      0.01875   
 273    39   1     0     9     9  272.       0.445      0.01875   
 273    40   1     0     7     7  272.       0.463      0.01875   
 273    41   1     0     5     5  272.       0.482      0.01875   
 273    42   1     0     5     5  273.       0.501      0.01875   
 273    43   1     0     5     5  273.       0.520      0.01875   
 273    44   1     0     5     5  273.       0.538      0.01875   
 273    45   1     0     4     4  273.       0.557      0.01875   
 273    46   1     0     3     3  273.       0.576      0.01875   
 273    47   1     0     7     7  273.       0.601      0.02500   
 273    48   1     0     5     5  273.       0.626      0.02500   
 273    49   1     0     4     4  273.       0.651      0.02500   
 273    50   1     0     4     4  273.       0.676      0.02500   
 273    51   1     0     4     4  273.       0.701      0.02500   
 273    52   1     0     3     3  273.       0.726      0.02500   
 273    53   1     0     7     7  273.       0.751      0.02500   
 273    54   1     0     7     7  273.       0.776      0.02500   
 273    55   1     0     5     5  273.       0.801      0.02500   
 273    56   1     0     4     4  273.       0.826      0.02500   
 273    57   1     0    10    10  273.       0.851      0.02500   
 273    58   1     0    10    10  273.       0.876      0.02500   
 273    59   1     0    10    10  273.       0.901      0.02500   
 273    60   1     0    10    10  273.       0.926      0.02500   
 273    61   1     0     6     6  273.       0.951      0.02500   
 273    62   1     0     5     5  273.       0.976      0.02500   
 273    63   1     0     6     6  273.       1.00       0.02403   
 274     1   1     0    10    10  273.       0.00500    0.005000  
 274     2   1     0    10    10  273.       0.0100     0.005000  
 274     3   1     0    10    10  273.       0.0150     0.005000  
 274     4   1     0     7     7  273.       0.0200     0.005000  
 274     5   1     0     6     6  273.       0.0250     0.005000  
 274     6   1     0     4     4  273.       0.0300     0.005000  
 274     7   1     0     2     2  273.       0.0350     0.005000  
 274     8   1     0     7     7  273.       0.0425     0.007500  
 274     9   1     0     2     2  273.       0.0500     0.007500  
 274    10   1     0     4     4  273.       0.0575     0.007500  
 274    11   1U    0     4     4  273.       0.0575     0.01125   
 274    11   2     0     9     9  273.       0.0603     0.002812  
 274    12   1     0     3     3  273.       0.0631     0.002812  
 274    13   1     0     4     4  273.       0.0659     0.002812  
 274    14   1     0     8     8  273.       0.0702     0.004219  
 274    15   1     0     1     1  273.       0.0744     0.004219  
 274    16   1     0     2     2  273.       0.0786     0.004219  
 274    17   1     0     6     6  273.       0.0849     0.006328  
 274    18   1     0     1     1  273.       0.0912     0.006328  
 274    19   1     0     2     2  273.       0.0976     0.006328  
 274    20   1     0     4     4  273.       0.107      0.009492  
 274    21   1     0     7     7  273.       0.121      0.01424   
 274    22   1     0     5     5  273.       0.136      0.01424   
 274    23   1     0     5     5  273.       0.150      0.01424   
 274    24   1     0     3     3  273.       0.164      0.01424   
 274    25   1     0     2     2  273.       0.178      0.01424   
 274    26   1     0     8     8  273.       0.200      0.02136   
 274    27   1     0     4     4  273.       0.221      0.02136   
 274    28   1     0     4     4  273.       0.242      0.02136   
 274    29   1     0     7     7  273.       0.267      0.02500   
 274    30   1     0     2     2  273.       0.292      0.02500   
 274    31   1     0     8     8  273.       0.317      0.02500   
 274    32   1     0    10    10  273.       0.342      0.02500   
 274    33   1     0    10    10  273.       0.367      0.02500   
 274    34   1     0    10    10  273.       0.392      0.02500   
 274    35   1     0    10    10  273.       0.417      0.02500   
 274    36   1     0    10    10  273.       0.442      0.02500   
 274    37   1     0     8     8  273.       0.467      0.02500   
 274    38   1     0     5     5  273.       0.492      0.02500   
 274    39   1     0     5     5  274.       0.517      0.02500   
 274    40   1     0     5     5  274.       0.542      0.02500   
 274    41   1     0     3     3  274.       0.567      0.02500   
 274    42   1     0     4     4  274.       0.592      0.02500   
 274    43   1     0     4     4  274.       0.617      0.02500   
 274    44   1     0     4     4  274.       0.642      0.02500   
 274    45   1     0     3     3  274.       0.667      0.02500   
 274    46   1     0     4     4  274.       0.692      0.02500   
 274    47   1     0     3     3  274.       0.717      0.02500   
 274    48   1     0     2     2  274.       0.742      0.02500   
 274    49   1     0    10    10  274.       0.767      0.02500   
 274    50   1     0     8     8  274.       0.792      0.02500   
 274    51   1     0     5     5  274.       0.817      0.02500   
 274    52   1     0    10    10  274.       0.842      0.02500   
 274    53   1     0    10    10  274.       0.867      0.02500   
 274    54   1     0    10    10  274.       0.892      0.02500   
 274    55   1     0    10    10  274.       0.917      0.02500   
 274    56   1     0    10    10  274.       0.942      0.02500   
 274    57   1     0     7     7  274.       0.967      0.02500   
 274    58   1     0     5     5  274.       0.992      0.02500   
 274    59   1     0    10    10  274.       1.00       0.007666  
 275     1   1     0    10    10  274.       0.00500    0.005000  
 275     2   1     0     7     7  274.       0.0100     0.005000  
 275     3   1     0     5     5  274.       0.0150     0.005000  
 275     4   1     0     3     3  274.       0.0200     0.005000  
 275     5   1     0     1     1  274.       0.0250     0.005000  
 275     6   1     0     5     5  274.       0.0325     0.007500  
 275     7   1     0     2     2  274.       0.0400     0.007500  
 275     8   1     0     4     4  274.       0.0475     0.007500  
 275     9   1     0     5     5  274.       0.0587     0.01125   
 275    10   1     0     4     4  274.       0.0700     0.01125   
 275    11   1     0     6     6  274.       0.0812     0.01125   
 275    12   1     0     4     4  274.       0.0925     0.01125   
 275    13   1     0     3     3  274.       0.104      0.01125   
 275    14   1     0     9     9  274.       0.121      0.01688   
 275    15   1     0     4     4  274.       0.137      0.01688   
 275    16   1     0     4     4  274.       0.154      0.01688   
 275    17   1     0     7     7  274.       0.179      0.02500   
 275    18   1     0     6     6  274.       0.204      0.02500   
 275    19   1     0     4     4  274.       0.229      0.02500   
 275    20   1     0    10    10  274.       0.254      0.02500   
 275    21   1     0     6     6  274.       0.279      0.02500   
 275    22   1     0     1     1  274.       0.304      0.02500   
 275    23   1     0    10    10  274.       0.329      0.02500   
 275    24   1     0    10    10  274.       0.354      0.02500   
 275    25   1     0    11    11  274.       0.379      0.02500   
 275    26   1     0    11    11  274.       0.398      0.01875   
 275    27   1     0    10    10  274.       0.412      0.01406   
 275    28   1     0     9     9  274.       0.426      0.01406   
 275    29   1     0     7     7  274.       0.440      0.01406   
 275    30   1     0     6     6  274.       0.454      0.01406   
 275    31   1     0     7     7  274.       0.468      0.01406   
 275    32   1     0     6     6  274.       0.482      0.01406   
 275    33   1     0     5     5  274.       0.497      0.01406   
 275    34   1     0     5     5  275.       0.511      0.01406   
 275    35   1     0     5     5  275.       0.525      0.01406   
 275    36   1     0     4     4  275.       0.539      0.01406   
 275    37   1     0     4     4  275.       0.553      0.01406   
 275    38   1     0     9     9  275.       0.574      0.02109   
 275    39   1     0     5     5  275.       0.595      0.02109   
 275    40   1     0     4     4  275.       0.616      0.02109   
 275    41   1     0     5     5  275.       0.637      0.02109   
 275    42   1     0     4     4  275.       0.658      0.02109   
 275    43   1     0     4     4  275.       0.679      0.02109   
 275    44   1     0     6     6  275.       0.704      0.02500   
 275    45   1     0     5     5  275.       0.729      0.02500   
 275    46   1     0    10    10  275.       0.754      0.02500   
 275    47   1     0     7     7  275.       0.779      0.02500   
 275    48   1     0     5     5  275.       0.804      0.02500   
 275    49   1     0     6     6  275.       0.829      0.02500   
 275    50   1     0    10    10  275.       0.854      0.02500   
 275    51   1     0    11    11  275.       0.879      0.02500   
 275    52   1     0    10    10  275.       0.898      0.01875   
 275    53   1     0    10    10  275.       0.917      0.01875   
 275    54   1     0     8     8  275.       0.936      0.01875   
 275    55   1     0     8     8  275.       0.954      0.01875   
 275    56   1     0     6     6  275.       0.973      0.01875   
 275    57   1     0     6     6  275.       0.992      0.01875   
 275    58   1     0    10    10  275.       1.00       0.008125  
 276     1   1     0    10    10  275.       0.00500    0.005000  
 276     2   1     0     8     8  275.       0.0100     0.005000  
 276     3   1     0     9     9  275.       0.0150     0.005000  
 276     4   1     0     6     6  275.       0.0200     0.005000  
 276     5   1     0     5     5  275.       0.0250     0.005000  
 276     6   1     0     3     3  275.       0.0300     0.005000  
 276     7   1     0     1     1  275.       0.0350     0.005000  
 276     8   1     0     9     9  275.       0.0425     0.007500  
 276     9   1     0     2     2  275.       0.0500     0.007500  
 276    10   1     0     5     5  275.       0.0575     0.007500  
 276    11   1     0     3     3  275.       0.0650     0.007500  
 276    12   1     0     2     2  275.       0.0725     0.007500  
 276    13   1     0     8     8  275.       0.0838     0.01125   
 276    14   1     0     3     3  275.       0.0950     0.01125   
 276    15   1     0     4     4  275.       0.106      0.01125   
 276    16   1     0     9     9  275.       0.123      0.01688   
 276    17   1     0     5     5  275.       0.140      0.01688   
 276    18   1     0     4     4  275.       0.157      0.01688   
 276    19   1     0     3     3  275.       0.174      0.01688   
 276    20   1     0     7     7  275.       0.199      0.02500   
 276    21   1     0     5     5  275.       0.224      0.02500   
 276    22   1     0     5     5  275.       0.249      0.02500   
 276    23   1     0     6     6  275.       0.274      0.02500   
 276    24   1     0     1     1  275.       0.299      0.02500   
 276    25   1     0     9     9  275.       0.324      0.02500   
 276    26   1     0    10    10  275.       0.349      0.02500   
 276    27   1     0    12    12  275.       0.374      0.02500   
 276    28   1     0    12    12  275.       0.393      0.01875   
 276    29   1     0    10    10  275.       0.407      0.01406   
 276    30   1     0     8     8  275.       0.421      0.01406   
 276    31   1     0     8     8  275.       0.435      0.01406   
 276    32   1     0     6     6  275.       0.449      0.01406   
 276    33   1     0     7     7  275.       0.463      0.01406   
 276    34   1     0     6     6  275.       0.477      0.01406   
 276    35   1     0     6     6  275.       0.491      0.01406   
 276    36   1     0     5     5  276.       0.505      0.01406   
 276    37   1     0     5     5  276.       0.519      0.01406   
 276    38   1     0     5     5  276.       0.533      0.01406   
 276    39   1     0     4     4  276.       0.547      0.01406   
 276    40   1     0     4     4  276.       0.561      0.01406   
 276    41   1     0     9     9  276.       0.582      0.02109   
 276    42   1     0     5     5  276.       0.603      0.02109   
 276    43   1     0     5     5  276.       0.625      0.02109   
 276    44   1     0     4     4  276.       0.646      0.02109   
 276    45   1     0     4     4  276.       0.667      0.02109   
 276    46   1     0     6     6  276.       0.692      0.02500   
 276    47   1     0     5     5  276.       0.717      0.02500   
 276    48   1     0     4     4  276.       0.742      0.02500   
 276    49   1     0    10    10  276.       0.767      0.02500   
 276    50   1     0     7     7  276.       0.792      0.02500   
 276    51   1     0     4     4  276.       0.817      0.02500   
 276    52   1     0    10    10  276.       0.842      0.02500   
 276    53   1     0    10    10  276.       0.867      0.02500   
 276    54   1     0    10    10  276.       0.892      0.02500   
 276    55   1     0    10    10  276.       0.917      0.02500   
 276    56   1     0     9     9  276.       0.942      0.02500   
 276    57   1     0     6     6  276.       0.967      0.02500   
 276    58   1     0     5     5  276.       0.992      0.02500   
 276    59   1     0    10    10  276.       1.00       0.008281  
 277     1   1     0    11    11  276.       0.00500    0.005000  
 277     2   1     0     7     7  276.       0.00875    0.003750  
 277     3   1     0    10    10  276.       0.0125     0.003750  
 277     4   1     0    10    10  276.       0.0163     0.003750  
 277     5   1     0     8     8  276.       0.0200     0.003750  
 277     6   1     0     7     7  276.       0.0238     0.003750  
 277     7   1     0     6     6  276.       0.0275     0.003750  
 277     8   1     0     4     4  276.       0.0312     0.003750  
 277     9   1     0     2     2  276.       0.0350     0.003750  
 277    10   1     0     8     8  276.       0.0406     0.005625  
 277    11   1     0     2     2  276.       0.0462     0.005625  
 277    12   1     0     4     4  276.       0.0519     0.005625  
 277    13   1     0     6     6  276.       0.0603     0.008438  
 277    14   1     0     2     2  276.       0.0688     0.008438  
 277    15   1     0     6     6  276.       0.0772     0.008438  
 277    16   1     0     4     4  276.       0.0856     0.008438  
 277    17   1     0     2     2  276.       0.0941     0.008438  
 277    18   1     0     9     9  276.       0.107      0.01266   
 277    19   1     0     4     4  276.       0.119      0.01266   
 277    20   1     0     4     4  276.       0.132      0.01266   
 277    21   1     0     8     8  276.       0.151      0.01898   
 277    22   1     0     5     5  276.       0.170      0.01898   
 277    23   1     0     4     4  276.       0.189      0.01898   
 277    24   1     0     4     4  276.       0.208      0.01898   
 277    25   1     0     7     7  276.       0.233      0.02500   
 277    26   1     0    10    10  276.       0.258      0.02500   
 277    27   1     0     6     6  276.       0.283      0.02500   
 277    28   1     0     3     3  276.       0.308      0.02500   
 277    29   1     0    10    10  276.       0.333      0.02500   
 277    30   1     0    10    10  276.       0.358      0.02500   
 277    31   1     0    11    11  276.       0.383      0.02500   
 277    32   1     0    10    10  276.       0.402      0.01875   
 277    33   1     0    10    10  276.       0.420      0.01875   
 277    34   1     0     9     9  276.       0.439      0.01875   
 277    35   1     0     7     7  276.       0.458      0.01875   
 277    36   1     0     5     5  276.       0.477      0.01875   
 277    37   1     0     5     5  276.       0.495      0.01875   
 277    38   1     0     5     5  277.       0.514      0.01875   
 277    39   1     0     5     5  277.       0.533      0.01875   
 277    40   1     0     4     4  277.       0.552      0.01875   
 277    41   1     0     4     4  277.       0.570      0.01875   
 277    42   1     0     7     7  277.       0.595      0.02500   
 277    43   1     0     5     5  277.       0.620      0.02500   
 277    44   1     0     4     4  277.       0.645      0.02500   
 277    45   1     0     4     4  277.       0.670      0.02500   
 277    46   1     0     4     4  277.       0.695      0.02500   
 277    47   1     0     3     3  277.       0.720      0.02500   
 277    48   1     0     3     3  277.       0.745      0.02500   
 277    49   1     0     8     8  277.       0.770      0.02500   
 277    50   1     0     8     8  277.       0.795      0.02500   
 277    51   1     0     4     4  277.       0.820      0.02500   
 277    52   1     0    10    10  277.       0.845      0.02500   
 277    53   1     0    11    11  277.       0.870      0.02500   
 277    54   1     0    10    10  277.       0.889      0.01875   
 277    55   1     0    11    11  277.       0.908      0.01875   
 277    56   1     0    10    10  277.       0.922      0.01406   
 277    57   1     0     7     7  277.       0.936      0.01406   
 277    58   1     0     5     5  277.       0.950      0.01406   
 277    59   1     0     6     6  277.       0.964      0.01406   
 277    60   1     0     8     8  277.       0.978      0.01406   
 277    61   1     0     5     5  277.       0.992      0.01406   
 277    62   1     0    10    10  277.       1.00       0.007656  
 278     1   1     0    10    10  277.       0.00500    0.005000  
 278     2   1     0     4     4  277.       0.0100     0.005000  
 278     3   1     0     5     5  277.       0.0150     0.005000  
 278     4   1     0     3     3  277.       0.0200     0.005000  
 278     5   1     0     1     1  277.       0.0250     0.005000  
 278     6   1     0     8     8  277.       0.0325     0.007500  
 278     7   1     0     2     2  277.       0.0400     0.007500  
 278     8   1     0     5     5  277.       0.0475     0.007500  
 278     9   1     0     3     3  277.       0.0550     0.007500  
 278    10   1     0     3     3  277.       0.0625     0.007500  
 278    11   1     0    10    10  277.       0.0737     0.01125   
 278    12   1     0     3     3  277.       0.0850     0.01125   
 278    13   1     0     4     4  277.       0.0962     0.01125   
 278    14   1     0     8     8  277.       0.113      0.01688   
 278    15   1     0     4     4  277.       0.130      0.01688   
 278    16   1     0     5     5  277.       0.147      0.01688   
 278    17   1     0     3     3  277.       0.164      0.01688   
 278    18   1     0     2     2  277.       0.181      0.01688   
 278    19   1     0     7     7  277.       0.206      0.02500   
 278    20   1     0     6     6  277.       0.231      0.02500   
 278    21   1     0    10    10  277.       0.256      0.02500   
 278    22   1     0     6     6  277.       0.281      0.02500   
 278    23   1     0     1     1  277.       0.306      0.02500   
 278    24   1     0    10    10  277.       0.331      0.02500   
 278    25   1     0    10    10  277.       0.356      0.02500   
 278    26   1     0    11    11  277.       0.381      0.02500   
 278    27   1     0    10    10  277.       0.399      0.01875   
 278    28   1     0    10    10  277.       0.418      0.01875   
 278    29   1     0     9     9  277.       0.437      0.01875   
 278    30   1     0     7     7  277.       0.456      0.01875   
 278    31   1     0     5     5  277.       0.474      0.01875   
 278    32   1     0     5     5  277.       0.493      0.01875   
 278    33   1     0     5     5  278.       0.512      0.01875   
 278    34   1     0     5     5  278.       0.531      0.01875   
 278    35   1     0     4     4  278.       0.549      0.01875   
 278    36   1     0     4     4  278.       0.568      0.01875   
 278    37   1     0     7     7  278.       0.593      0.02500   
 278    38   1     0     5     5  278.       0.618      0.02500   
 278    39   1     0     4     4  278.       0.643      0.02500   
 278    40   1     0     4     4  278.       0.668      0.02500   
 278    41   1     0     4     4  278.       0.693      0.02500   
 278    42   1     0     3     3  278.       0.718      0.02500   
 278    43   1     0     3     3  278.       0.743      0.02500   
 278    44   1     0     9     9  278.       0.768      0.02500   
 278    45   1     0     7     7  278.       0.793      0.02500   
 278    46   1     0     4     4  278.       0.818      0.02500   
 278    47   1     0    10    10  278.       0.843      0.02500   
 278    48   1     0    12    12  278.       0.868      0.02500   
 278    49   1     0    10    10  278.       0.887      0.01875   
 278    50   1     0    11    11  278.       0.906      0.01875   
 278    51   1     0    10    10  278.       0.920      0.01406   
 278    52   1     0    10    10  278.       0.934      0.01406   
 278    53   1     0     8     8  278.       0.948      0.01406   
 278    54   1     0     6     6  278.       0.962      0.01406   
 278    55   1     0     7     7  278.       0.976      0.01406   
 278    56   1     0     5     5  278.       0.990      0.01406   
 278    57   1     0    10    10  278.       1.00       0.01000   
 279     1   1     0    10    10  278.       0.00500    0.005000  
 279     2   1     0     5     5  278.       0.0100     0.005000  
 279     3   1     0     5     5  278.       0.0150     0.005000  
 279     4   1     0     3     3  278.       0.0200     0.005000  
 279     5   1     0     2     2  278.       0.0250     0.005000  
 279     6   1     0     7     7  278.       0.0325     0.007500  
 279     7   1     0     2     2  278.       0.0400     0.007500  
 279     8   1     0     5     5  278.       0.0475     0.007500  
 279     9   1     0     3     3  278.       0.0550     0.007500  
 279    10   1     0     3     3  278.       0.0625     0.007500  
 279    11   1     0    10    10  278.       0.0737     0.01125   
 279    12   1     0     4     4  278.       0.0850     0.01125   
 279    13   1     0     4     4  278.       0.0962     0.01125   
 279    14   1     0     9     9  278.       0.113      0.01688   
 279    15   1     0     5     5  278.       0.130      0.01688   
 279    16   1     0     5     5  278.       0.147      0.01688   
 279    17   1     0     3     3  278.       0.164      0.01688   
 279    18   1     0     2     2  278.       0.181      0.01688   
 279    19   1     0     7     7  278.       0.206      0.02500   
 279    20   1     0     6     6  278.       0.231      0.02500   
 279    21   1     0    10    10  278.       0.256      0.02500   
 279    22   1     0     6     6  278.       0.281      0.02500   
 279    23   1     0     1     1  278.       0.306      0.02500   
 279    24   1     0    10    10  278.       0.331      0.02500   
 279    25   1     0    10    10  278.       0.356      0.02500   
 279    26   1     0    11    11  278.       0.381      0.02500   
 279    27   1     0    10    10  278.       0.399      0.01875   
 279    28   1     0    10    10  278.       0.418      0.01875   
 279    29   1     0     9     9  278.       0.437      0.01875   
 279    30   1     0     7     7  278.       0.456      0.01875   
 279    31   1     0     5     5  278.       0.474      0.01875   
 279    32   1     0     5     5  278.       0.493      0.01875   
 279    33   1     0     5     5  279.       0.512      0.01875   
 279    34   1     0     5     5  279.       0.531      0.01875   
 279    35   1     0     4     4  279.       0.549      0.01875   
 279    36   1     0     4     4  279.       0.568      0.01875   
 279    37   1     0     7     7  279.       0.593      0.02500   
 279    38   1     0     5     5  279.       0.618      0.02500   
 279    39   1     0     4     4  279.       0.643      0.02500   
 279    40   1     0     4     4  279.       0.668      0.02500   
 279    41   1     0     4     4  279.       0.693      0.02500   
 279    42   1     0     3     3  279.       0.718      0.02500   
 279    43   1     0     3     3  279.       0.743      0.02500   
 279    44   1     0     9     9  279.       0.768      0.02500   
 279    45   1     0     7     7  279.       0.793      0.02500   
 279    46   1     0     4     4  279.       0.818      0.02500   
 279    47   1     0    10    10  279.       0.843      0.02500   
 279    48   1U    0     9     9  279.       0.843      0.02500   
 279    48   2     0    11    11  279.       0.856      0.01250   
 279    49   1     0    11    11  279.       0.865      0.009375  
 279    50   1     0    10    10  279.       0.872      0.007031  
 279    51   1     0    10    10  279.       0.879      0.007031  
 279    52   1     0    10    10  279.       0.886      0.007031  
 279    53   1     0     9     9  279.       0.893      0.007031  
 279    54   1     0     5     5  279.       0.900      0.007031  
 279    55   1     0     6     6  279.       0.907      0.007031  
 279    56   1     0     7     7  279.       0.914      0.007031  
 279    57   1     0     5     5  279.       0.921      0.007031  
 279    58   1     0     3     3  279.       0.928      0.007031  
 279    59   1     0     3     3  279.       0.935      0.007031  
 279    60   1     0     4     4  279.       0.946      0.01055   
 279    61   1     0     3     3  279.       0.962      0.01582   
 279    62   1     0     6     6  279.       0.985      0.02373   
 279    63   1     0    10    10  279.       1.00       0.01459   
 280     1   1     0    10    10  279.       0.00500    0.005000  
 280     2   1     0     9     9  279.       0.0100     0.005000  
 280     3   1     0     9     9  279.       0.0150     0.005000  
 280     4   1     0     7     7  279.       0.0200     0.005000  
 280     5   1     0     5     5  279.       0.0250     0.005000  
 280     6   1     0     3     3  279.       0.0300     0.005000  
 280     7   1     0     1     1  279.       0.0350     0.005000  
 280     8   1     0     8     8  279.       0.0425     0.007500  
 280     9   1     0     2     2  279.       0.0500     0.007500  
 280    10   1     0     4     4  279.       0.0575     0.007500  
 280    11   1U    0     5     5  279.       0.0575     0.01125   
 280    11   2     0    10    10  279.       0.0603     0.002812  
 280    12   1     0     4     4  279.       0.0631     0.002812  
 280    13   1     0     5     5  279.       0.0659     0.002812  
 280    14   1     0     4     4  279.       0.0687     0.002812  
 280    15   1     0     3     3  279.       0.0716     0.002812  
 280    16   1     0     7     7  279.       0.0758     0.004219  
 280    17   1     0     1     1  279.       0.0800     0.004219  
 280    18   1     0     1     1  279.       0.0842     0.004219  
 280    19   1     0     5     5  279.       0.0905     0.006328  
 280    20   1     0     1     1  279.       0.0969     0.006328  
 280    21   1     0     2     2  279.       0.103      0.006328  
 280    22   1     0     5     5  279.       0.113      0.009492  
 280    23   1     0     2     2  279.       0.122      0.009492  
 280    24   1     0     3     3  279.       0.132      0.009492  
 280    25   1     0     7     7  279.       0.146      0.01424   
 280    26   1     0     4     4  279.       0.160      0.01424   
 280    27   1     0     4     4  279.       0.174      0.01424   
 280    28   1     0     7     7  279.       0.196      0.02136   
 280    29   1     0     4     4  279.       0.217      0.02136   
 280    30   1     0     4     4  279.       0.238      0.02136   
 280    31   1     0    10    10  279.       0.263      0.02500   
 280    32   1     0     2     2  279.       0.288      0.02500   
 280    33   1     0     7     7  279.       0.313      0.02500   
 280    34   1     0    10    10  279.       0.338      0.02500   
 280    35   1     0    10    10  279.       0.363      0.02500   
 280    36   1     0    11    11  279.       0.388      0.02500   
 280    37   1     0    10    10  279.       0.407      0.01875   
 280    38   1     0    10    10  279.       0.426      0.01875   
 280    39   1     0     9     9  279.       0.445      0.01875   
 280    40   1     0     6     6  279.       0.463      0.01875   
 280    41   1     0     5     5  279.       0.482      0.01875   
 280    42   1     0     5     5  280.       0.501      0.01875   
 280    43   1     0     5     5  280.       0.520      0.01875   
 280    44   1     0     5     5  280.       0.538      0.01875   
 280    45   1     0     4     4  280.       0.557      0.01875   
 280    46   1     0     3     3  280.       0.576      0.01875   
 280    47   1     0     7     7  280.       0.601      0.02500   
 280    48   1     0     5     5  280.       0.626      0.02500   
 280    49   1     0     4     4  280.       0.651      0.02500   
 280    50   1     0     4     4  280.       0.676      0.02500   
 280    51   1     0     4     4  280.       0.701      0.02500   
 280    52   1     0     3     3  280.       0.726      0.02500   
 280    53   1     0     7     7  280.       0.751      0.02500   
 280    54   1     0     7     7  280.       0.776      0.02500   
 280    55   1     0     5     5  280.       0.801      0.02500   
 280    56   1     0     4     4  280.       0.826      0.02500   
 280    57   1     0    10    10  280.       0.851      0.02500   
 280    58   1     0    10    10  280.       0.876      0.02500   
 280    59   1     0    10    10  280.       0.901      0.02500   
 280    60   1     0    10    10  280.       0.926      0.02500   
 280    61   1     0     6     6  280.       0.951      0.02500   
 280    62   1     0     6     6  280.       0.976      0.02500   
 280    63   1     0     5     5  280.       1.00       0.02403   
 281     1   1     0    10    10  280.       0.00500    0.005000  
 281     2   1     0    10    10  280.       0.0100     0.005000  
 281     3   1     0    10    10  280.       0.0150     0.005000  
 281     4   1     0     7     7  280.       0.0200     0.005000  
 281     5   1     0     6     6  280.       0.0250     0.005000  
 281     6   1     0     4     4  280.       0.0300     0.005000  
 281     7   1     0     1     1  280.       0.0350     0.005000  
 281     8   1     0     7     7  280.       0.0425     0.007500  
 281     9   1     0     2     2  280.       0.0500     0.007500  
 281    10   1     0     4     4  280.       0.0575     0.007500  
 281    11   1U    0     4     4  280.       0.0575     0.01125   
 281    11   2     0     9     9  280.       0.0603     0.002812  
 281    12   1     0     3     3  280.       0.0631     0.002812  
 281    13   1     0     4     4  280.       0.0659     0.002812  
 281    14   1     0     8     8  280.       0.0702     0.004219  
 281    15   1     0     1     1  280.       0.0744     0.004219  
 281    16   1     0     2     2  280.       0.0786     0.004219  
 281    17   1     0     6     6  280.       0.0849     0.006328  
 281    18   1     0     1     1  280.       0.0912     0.006328  
 281    19   1     0     2     2  280.       0.0976     0.006328  
 281    20   1     0     4     4  280.       0.107      0.009492  
 281    21   1     0     7     7  280.       0.121      0.01424   
 281    22   1     0     5     5  280.       0.136      0.01424   
 281    23   1     0     5     5  280.       0.150      0.01424   
 281    24   1     0     3     3  280.       0.164      0.01424   
 281    25   1     0     2     2  280.       0.178      0.01424   
 281    26   1     0     8     8  280.       0.200      0.02136   
 281    27   1     0     4     4  280.       0.221      0.02136   
 281    28   1     0     4     4  280.       0.242      0.02136   
 281    29   1     0     7     7  280.       0.267      0.02500   
 281    30   1     0     2     2  280.       0.292      0.02500   
 281    31   1     0     7     7  280.       0.317      0.02500   
 281    32   1     0    10    10  280.       0.342      0.02500   
 281    33   1     0    10    10  280.       0.367      0.02500   
 281    34   1     0    10    10  280.       0.392      0.02500   
 281    35   1     0    10    10  280.       0.417      0.02500   
 281    36   1     0    10    10  280.       0.442      0.02500   
 281    37   1     0     8     8  280.       0.467      0.02500   
 281    38   1     0     5     5  280.       0.492      0.02500   
 281    39   1     0     5     5  281.       0.517      0.02500   
 281    40   1     0     5     5  281.       0.542      0.02500   
 281    41   1     0     3     3  281.       0.567      0.02500   
 281    42   1     0     4     4  281.       0.592      0.02500   
 281    43   1     0     4     4  281.       0.617      0.02500   
 281    44   1     0     4     4  281.       0.642      0.02500   
 281    45   1     0     3     3  281.       0.667      0.02500   
 281    46   1     0     4     4  281.       0.692      0.02500   
 281    47   1     0     3     3  281.       0.717      0.02500   
 281    48   1     0     2     2  281.       0.742      0.02500   
 281    49   1     0    10    10  281.       0.767      0.02500   
 281    50   1     0     8     8  281.       0.792      0.02500   
 281    51   1     0     5     5  281.       0.817      0.02500   
 281    52   1     0    10    10  281.       0.842      0.02500   
 281    53   1     0    10    10  281.       0.867      0.02500   
 281    54   1     0    10    10  281.       0.892      0.02500   
 281    55   1     0    10    10  281.       0.917      0.02500   
 281    56   1     0     9     9  281.       0.942      0.02500   
 281    57   1     0     7     7  281.       0.967      0.02500   
 281    58   1     0     5     5  281.       0.992      0.02500   
 281    59   1     0    10    10  281.       1.00       0.007666  
 282     1   1     0    10    10  281.       0.00500    0.005000  
 282     2   1     0     7     7  281.       0.0100     0.005000  
 282     3   1     0     5     5  281.       0.0150     0.005000  
 282     4   1     0     3     3  281.       0.0200     0.005000  
 282     5   1     0     1     1  281.       0.0250     0.005000  
 282     6   1     0     5     5  281.       0.0325     0.007500  
 282     7   1     0     2     2  281.       0.0400     0.007500  
 282     8   1     0     4     4  281.       0.0475     0.007500  
 282     9   1     0     5     5  281.       0.0587     0.01125   
 282    10   1     0     4     4  281.       0.0700     0.01125   
 282    11   1     0     6     6  281.       0.0812     0.01125   
 282    12   1     0     4     4  281.       0.0925     0.01125   
 282    13   1     0     3     3  281.       0.104      0.01125   
 282    14   1     0     9     9  281.       0.121      0.01688   
 282    15   1     0     4     4  281.       0.137      0.01688   
 282    16   1     0     4     4  281.       0.154      0.01688   
 282    17   1     0     7     7  281.       0.179      0.02500   
 282    18   1     0     6     6  281.       0.204      0.02500   
 282    19   1     0     4     4  281.       0.229      0.02500   
 282    20   1     0    10    10  281.       0.254      0.02500   
 282    21   1     0     6     6  281.       0.279      0.02500   
 282    22   1     0     1     1  281.       0.304      0.02500   
 282    23   1     0    10    10  281.       0.329      0.02500   
 282    24   1     0    10    10  281.       0.354      0.02500   
 282    25   1     0    11    11  281.       0.379      0.02500   
 282    26   1     0    11    11  281.       0.398      0.01875   
 282    27   1     0    10    10  281.       0.412      0.01406   
 282    28   1     0     9     9  281.       0.426      0.01406   
 282    29   1     0     7     7  281.       0.440      0.01406   
 282    30   1     0     6     6  281.       0.454      0.01406   
 282    31   1     0     7     7  281.       0.468      0.01406   
 282    32   1     0     6     6  281.       0.482      0.01406   
 282    33   1     0     5     5  281.       0.497      0.01406   
 282    34   1     0     5     5  282.       0.511      0.01406   
 282    35   1     0     5     5  282.       0.525      0.01406   
 282    36   1     0     4     4  282.       0.539      0.01406   
 282    37   1     0     4     4  282.       0.553      0.01406   
 282    38   1     0     9     9  282.       0.574      0.02109   
 282    39   1     0     5     5  282.       0.595      0.02109   
 282    40   1     0     4     4  282.       0.616      0.02109   
 282    41   1     0     5     5  282.       0.637      0.02109   
 282    42   1     0     4     4  282.       0.658      0.02109   
 282    43   1     0     4     4  282.       0.679      0.02109   
 282    44   1     0     6     6  282.       0.704      0.02500   
 282    45   1     0     5     5  282.       0.729      0.02500   
 282    46   1     0    10    10  282.       0.754      0.02500   
 282    47   1     0     7     7  282.       0.779      0.02500   
 282    48   1     0     5     5  282.       0.804      0.02500   
 282    49   1     0     6     6  282.       0.829      0.02500   
 282    50   1     0    10    10  282.       0.854      0.02500   
 282    51   1     0    11    11  282.       0.879      0.02500   
 282    52   1     0    10    10  282.       0.898      0.01875   
 282    53   1     0    10    10  282.       0.917      0.01875   
 282    54   1     0     8     8  282.       0.936      0.01875   
 282    55   1     0     8     8  282.       0.954      0.01875   
 282    56   1     0     6     6  282.       0.973      0.01875   
 282    57   1     0     6     6  282.       0.992      0.01875   
 282    58   1     0    10    10  282.       1.00       0.008125  
 283     1   1     0    10    10  282.       0.00500    0.005000  
 283     2   1     0     8     8  282.       0.0100     0.005000  
 283     3   1     0     9     9  282.       0.0150     0.005000  
 283     4   1     0     6     6  282.       0.0200     0.005000  
 283     5   1     0     5     5  282.       0.0250     0.005000  
 283     6   1     0     3     3  282.       0.0300     0.005000  
 283     7   1     0     1     1  282.       0.0350     0.005000  
 283     8   1     0     9     9  282.       0.0425     0.007500  
 283     9   1     0     2     2  282.       0.0500     0.007500  
 283    10   1     0     5     5  282.       0.0575     0.007500  
 283    11   1     0     3     3  282.       0.0650     0.007500  
 283    12   1     0     2     2  282.       0.0725     0.007500  
 283    13   1     0     8     8  282.       0.0838     0.01125   
 283    14   1     0     3     3  282.       0.0950     0.01125   
 283    15   1     0     4     4  282.       0.106      0.01125   
 283    16   1     0     9     9  282.       0.123      0.01688   
 283    17   1     0     5     5  282.       0.140      0.01688   
 283    18   1     0     4     4  282.       0.157      0.01688   
 283    19   1     0     3     3  282.       0.174      0.01688   
 283    20   1     0     7     7  282.       0.199      0.02500   
 283    21   1     0     5     5  282.       0.224      0.02500   
 283    22   1     0     5     5  282.       0.249      0.02500   
 283    23   1     0     6     6  282.       0.274      0.02500   
 283    24   1     0     1     1  282.       0.299      0.02500   
 283    25   1     0     9     9  282.       0.324      0.02500   
 283    26   1     0    10    10  282.       0.349      0.02500   
 283    27   1     0    12    12  282.       0.374      0.02500   
 283    28   1     0    12    12  282.       0.393      0.01875   
 283    29   1     0    10    10  282.       0.407      0.01406   
 283    30   1     0     8     8  282.       0.421      0.01406   
 283    31   1     0     8     8  282.       0.435      0.01406   
 283    32   1     0     6     6  282.       0.449      0.01406   
 283    33   1     0     7     7  282.       0.463      0.01406   
 283    34   1     0     6     6  282.       0.477      0.01406   
 283    35   1     0     6     6  282.       0.491      0.01406   
 283    36   1     0     5     5  283.       0.505      0.01406   
 283    37   1     0     5     5  283.       0.519      0.01406   
 283    38   1     0     5     5  283.       0.533      0.01406   
 283    39   1     0     4     4  283.       0.547      0.01406   
 283    40   1     0     4     4  283.       0.561      0.01406   
 283    41   1     0     9     9  283.       0.582      0.02109   
 283    42   1     0     5     5  283.       0.603      0.02109   
 283    43   1     0     5     5  283.       0.625      0.02109   
 283    44   1     0     4     4  283.       0.646      0.02109   
 283    45   1     0     4     4  283.       0.667      0.02109   
 283    46   1     0     6     6  283.       0.692      0.02500   
 283    47   1     0     5     5  283.       0.717      0.02500   
 283    48   1     0     4     4  283.       0.742      0.02500   
 283    49   1     0    10    10  283.       0.767      0.02500   
 283    50   1     0     7     7  283.       0.792      0.02500   
 283    51   1     0     4     4  283.       0.817      0.02500   
 283    52   1     0    10    10  283.       0.842      0.02500   
 283    53   1     0    10    10  283.       0.867      0.02500   
 283    54   1     0    10    10  283.       0.892      0.02500   
 283    55   1     0    10    10  283.       0.917      0.02500   
 283    56   1     0     9     9  283.       0.942      0.02500   
 283    57   1     0     6     6  283.       0.967      0.02500   
 283    58   1     0     5     5  283.       0.992      0.02500   
 283    59   1     0    10    10  283.       1.00       0.008281  
 284     1   1     0    11    11  283.       0.00500    0.005000  
 284     2   1     0     7     7  283.       0.00875    0.003750  
 284     3   1     0    10    10  283.       0.0125     0.003750  
 284     4   1     0    10    10  283.       0.0163     0.003750  
 284     5   1     0     8     8  283.       0.0200     0.003750  
 284     6   1     0     7     7  283.       0.0238     0.003750  
 284     7   1     0     6     6  283.       0.0275     0.003750  
 284     8   1     0     4     4  283.       0.0312     0.003750  
 284     9   1     0     2     2  283.       0.0350     0.003750  
 284    10   1     0     8     8  283.       0.0406     0.005625  
 284    11   1     0     2     2  283.       0.0462     0.005625  
 284    12   1     0     4     4  283.       0.0519     0.005625  
 284    13   1     0     6     6  283.       0.0603     0.008438  
 284    14   1     0     2     2  283.       0.0688     0.008438  
 284    15   1     0     6     6  283.       0.0772     0.008438  
 284    16   1     0     4     4  283.       0.0856     0.008438  
 284    17   1     0     2     2  283.       0.0941     0.008438  
 284    18   1     0     9     9  283.       0.107      0.01266   
 284    19   1     0     4     4  283.       0.119      0.01266   
 284    20   1     0     4     4  283.       0.132      0.01266   
 284    21   1     0     8     8  283.       0.151      0.01898   
 284    22   1     0     5     5  283.       0.170      0.01898   
 284    23   1     0     4     4  283.       0.189      0.01898   
 284    24   1     0     4     4  283.       0.208      0.01898   
 284    25   1     0     7     7  283.       0.233      0.02500   
 284    26   1     0    10    10  283.       0.258      0.02500   
 284    27   1     0     6     6  283.       0.283      0.02500   
 284    28   1     0     3     3  283.       0.308      0.02500   
 284    29   1     0    10    10  283.       0.333      0.02500   
 284    30   1     0    10    10  283.       0.358      0.02500   
 284    31   1     0    11    11  283.       0.383      0.02500   
 284    32   1     0    10    10  283.       0.402      0.01875   
 284    33   1     0    10    10  283.       0.420      0.01875   
 284    34   1     0     9     9  283.       0.439      0.01875   
 284    35   1     0     7     7  283.       0.458      0.01875   
 284    36   1     0     5     5  283.       0.477      0.01875   
 284    37   1     0     5     5  283.       0.495      0.01875   
 284    38   1     0     5     5  284.       0.514      0.01875   
 284    39   1     0     5     5  284.       0.533      0.01875   
 284    40   1     0     4     4  284.       0.552      0.01875   
 284    41   1     0     4     4  284.       0.570      0.01875   
 284    42   1     0     7     7  284.       0.595      0.02500   
 284    43   1     0     5     5  284.       0.620      0.02500   
 284    44   1     0     4     4  284.       0.645      0.02500   
 284    45   1     0     4     4  284.       0.670      0.02500   
 284    46   1     0     4     4  284.       0.695      0.02500   
 284    47   1     0     3     3  284.       0.720      0.02500   
 284    48   1     0     3     3  284.       0.745      0.02500   
 284    49   1     0     8     8  284.       0.770      0.02500   
 284    50   1     0     8     8  284.       0.795      0.02500   
 284    51   1     0     4     4  284.       0.820      0.02500   
 284    52   1     0    10    10  284.       0.845      0.02500   
 284    53   1     0    11    11  284.       0.870      0.02500   
 284    54   1     0    10    10  284.       0.889      0.01875   
 284    55   1     0    11    11  284.       0.908      0.01875   
 284    56   1     0    10    10  284.       0.922      0.01406   
 284    57   1     0     7     7  284.       0.936      0.01406   
 284    58   1     0     5     5  284.       0.950      0.01406   
 284    59   1     0     6     6  284.       0.964      0.01406   
 284    60   1     0     8     8  284.       0.978      0.01406   
 284    61   1     0     5     5  284.       0.992      0.01406   
 284    62   1     0    10    10  284.       1.00       0.007656  
 285     1   1     0    10    10  284.       0.00500    0.005000  
 285     2   1     0     4     4  284.       0.0100     0.005000  
 285     3   1     0     5     5  284.       0.0150     0.005000  
 285     4   1     0     3     3  284.       0.0200     0.005000  
 285     5   1     0     1     1  284.       0.0250     0.005000  
 285     6   1     0     8     8  284.       0.0325     0.007500  
 285     7   1     0     2     2  284.       0.0400     0.007500  
 285     8   1     0     5     5  284.       0.0475     0.007500  
 285     9   1     0     3     3  284.       0.0550     0.007500  
 285    10   1     0     3     3  284.       0.0625     0.007500  
 285    11   1     0    10    10  284.       0.0737     0.01125   
 285    12   1     0     3     3  284.       0.0850     0.01125   
 285    13   1     0     4     4  284.       0.0962     0.01125   
 285    14   1     0     8     8  284.       0.113      0.01688   
 285    15   1     0     4     4  284.       0.130      0.01688   
 285    16   1     0     5     5  284.       0.147      0.01688   
 285    17   1     0     3     3  284.       0.164      0.01688   
 285    18   1     0     2     2  284.       0.181      0.01688   
 285    19   1     0     7     7  284.       0.206      0.02500   
 285    20   1     0     6     6  284.       0.231      0.02500   
 285    21   1     0    10    10  284.       0.256      0.02500   
 285    22   1     0     6     6  284.       0.281      0.02500   
 285    23   1     0     1     1  284.       0.306      0.02500   
 285    24   1     0    10    10  284.       0.331      0.02500   
 285    25   1     0    10    10  284.       0.356      0.02500   
 285    26   1     0    11    11  284.       0.381      0.02500   
 285    27   1     0    10    10  284.       0.399      0.01875   
 285    28   1     0    10    10  284.       0.418      0.01875   
 285    29   1     0     9     9  284.       0.437      0.01875   
 285    30   1     0     7     7  284.       0.456      0.01875   
 285    31   1     0     5     5  284.       0.474      0.01875   
 285    32   1     0     5     5  284.       0.493      0.01875   
 285    33   1     0     5     5  285.       0.512      0.01875   
 285    34   1     0     5     5  285.       0.531      0.01875   
 285    35   1     0     4     4  285.       0.549      0.01875   
 285    36   1     0     4     4  285.       0.568      0.01875   
 285    37   1     0     7     7  285.       0.593      0.02500   
 285    38   1     0     5     5  285.       0.618      0.02500   
 285    39   1     0     4     4  285.       0.643      0.02500   
 285    40   1     0     4     4  285.       0.668      0.02500   
 285    41   1     0     4     4  285.       0.693      0.02500   
 285    42   1     0     3     3  285.       0.718      0.02500   
 285    43   1     0     3     3  285.       0.743      0.02500   
 285    44   1     0     9     9  285.       0.768      0.02500   
 285    45   1     0     7     7  285.       0.793      0.02500   
 285    46   1     0     4     4  285.       0.818      0.02500   
 285    47   1     0    10    10  285.       0.843      0.02500   
 285    48   1     0    12    12  285.       0.868      0.02500   
 285    49   1     0    10    10  285.       0.887      0.01875   
 285    50   1     0    11    11  285.       0.906      0.01875   
 285    51   1     0    10    10  285.       0.920      0.01406   
 285    52   1     0    10    10  285.       0.934      0.01406   
 285    53   1     0     8     8  285.       0.948      0.01406   
 285    54   1     0     6     6  285.       0.962      0.01406   
 285    55   1     0     7     7  285.       0.976      0.01406   
 285    56   1     0     5     5  285.       0.990      0.01406   
 285    57   1     0    10    10  285.       1.00       0.01000   
 286     1   1     0    10    10  285.       0.00500    0.005000  
 286     2   1     0     5     5  285.       0.0100     0.005000  
 286     3   1     0     5     5  285.       0.0150     0.005000  
 286     4   1     0     3     3  285.       0.0200     0.005000  
 286     5   1     0     2     2  285.       0.0250     0.005000  
 286     6   1     0     7     7  285.       0.0325     0.007500  
 286     7   1     0     2     2  285.       0.0400     0.007500  
 286     8   1     0     5     5  285.       0.0475     0.007500  
 286     9   1     0     3     3  285.       0.0550     0.007500  
 286    10   1     0     3     3  285.       0.0625     0.007500  
 286    11   1     0    10    10  285.       0.0737     0.01125   
 286    12   1     0     4     4  285.       0.0850     0.01125   
 286    13   1     0     4     4  285.       0.0962     0.01125   
 286    14   1     0     9     9  285.       0.113      0.01688   
 286    15   1     0     5     5  285.       0.130      0.01688   
 286    16   1     0     5     5  285.       0.147      0.01688   
 286    17   1     0     3     3  285.       0.164      0.01688   
 286    18   1     0     2     2  285.       0.181      0.01688   
 286    19   1     0     7     7  285.       0.206      0.02500   
 286    20   1     0     6     6  285.       0.231      0.02500   
 286    21   1     0    10    10  285.       0.256      0.02500   
 286    22   1     0     6     6  285.       0.281      0.02500   
 286    23   1     0     1     1  285.       0.306      0.02500   
 286    24   1     0    10    10  285.       0.331      0.02500   
 286    25   1     0    10    10  285.       0.356      0.02500   
 286    26   1     0    11    11  285.       0.381      0.02500   
 286    27   1     0    10    10  285.       0.399      0.01875   
 286    28   1     0    10    10  285.       0.418      0.01875   
 286    29   1     0     9     9  285.       0.437      0.01875   
 286    30   1     0     7     7  285.       0.456      0.01875   
 286    31   1     0     5     5  285.       0.474      0.01875   
 286    32   1     0     5     5  285.       0.493      0.01875   
 286    33   1     0     5     5  286.       0.512      0.01875   
 286    34   1     0     5     5  286.       0.531      0.01875   
 286    35   1     0     4     4  286.       0.549      0.01875   
 286    36   1     0     4     4  286.       0.568      0.01875   
 286    37   1     0     7     7  286.       0.593      0.02500   
 286    38   1     0     5     5  286.       0.618      0.02500   
 286    39   1     0     4     4  286.       0.643      0.02500   
 286    40   1     0     4     4  286.       0.668      0.02500   
 286    41   1     0     4     4  286.       0.693      0.02500   
 286    42   1     0     3     3  286.       0.718      0.02500   
 286    43   1     0     3     3  286.       0.743      0.02500   
 286    44   1     0     9     9  286.       0.768      0.02500   
 286    45   1     0     7     7  286.       0.793      0.02500   
 286    46   1     0     4     4  286.       0.818      0.02500   
 286    47   1     0    10    10  286.       0.843      0.02500   
 286    48   1U    0     9     9  286.       0.843      0.02500   
 286    48   2     0    11    11  286.       0.856      0.01250   
 286    49   1     0    11    11  286.       0.865      0.009375  
 286    50   1     0    10    10  286.       0.872      0.007031  
 286    51   1     0    10    10  286.       0.879      0.007031  
 286    52   1     0    10    10  286.       0.886      0.007031  
 286    53   1     0     9     9  286.       0.893      0.007031  
 286    54   1     0     5     5  286.       0.900      0.007031  
 286    55   1     0     6     6  286.       0.907      0.007031  
 286    56   1     0     7     7  286.       0.914      0.007031  
 286    57   1     0     5     5  286.       0.921      0.007031  
 286    58   1     0     3     3  286.       0.928      0.007031  
 286    59   1     0     3     3  286.       0.935      0.007031  
 286    60   1     0     4     4  286.       0.946      0.01055   
 286    61   1     0     3     3  286.       0.962      0.01582   
 286    62   1     0     6     6  286.       0.985      0.02373   
 286    63   1     0    10    10  286.       1.00       0.01459   
 287     1   1     0    10    10  286.       0.00500    0.005000  
 287     2   1     0     9     9  286.       0.0100     0.005000  
 287     3   1     0     9     9  286.       0.0150     0.005000  
 287     4   1     0     7     7  286.       0.0200     0.005000  
 287     5   1     0     5     5  286.       0.0250     0.005000  
 287     6   1     0     3     3  286.       0.0300     0.005000  
 287     7   1     0     1     1  286.       0.0350     0.005000  
 287     8   1     0     8     8  286.       0.0425     0.007500  
 287     9   1     0     2     2  286.       0.0500     0.007500  
 287    10   1     0     4     4  286.       0.0575     0.007500  
 287    11   1U    0     5     5  286.       0.0575     0.01125   
 287    11   2     0    10    10  286.       0.0603     0.002812  
 287    12   1     0     4     4  286.       0.0631     0.002812  
 287    13   1     0     5     5  286.       0.0659     0.002812  
 287    14   1     0     4     4  286.       0.0687     0.002812  
 287    15   1     0     3     3  286.       0.0716     0.002812  
 287    16   1     0     7     7  286.       0.0758     0.004219  
 287    17   1     0     1     1  286.       0.0800     0.004219  
 287    18   1     0     1     1  286.       0.0842     0.004219  
 287    19   1     0     5     5  286.       0.0905     0.006328  
 287    20   1     0     1     1  286.       0.0969     0.006328  
 287    21   1     0     2     2  286.       0.103      0.006328  
 287    22   1     0     5     5  286.       0.113      0.009492  
 287    23   1     0     2     2  286.       0.122      0.009492  
 287    24   1     0     3     3  286.       0.132      0.009492  
 287    25   1     0     7     7  286.       0.146      0.01424   
 287    26   1     0     4     4  286.       0.160      0.01424   
 287    27   1     0     4     4  286.       0.174      0.01424   
 287    28   1     0     7     7  286.       0.196      0.02136   
 287    29   1     0     4     4  286.       0.217      0.02136   
 287    30   1     0     4     4  286.       0.238      0.02136   
 287    31   1     0    10    10  286.       0.263      0.02500   
 287    32   1     0     2     2  286.       0.288      0.02500   
 287    33   1     0     7     7  286.       0.313      0.02500   
 287    34   1     0    10    10  286.       0.338      0.02500   
 287    35   1     0    10    10  286.       0.363      0.02500   
 287    36   1     0    11    11  286.       0.388      0.02500   
 287    37   1     0    10    10  286.       0.407      0.01875   
 287    38   1     0    10    10  286.       0.426      0.01875   
 287    39   1     0     9     9  286.       0.445      0.01875   
 287    40   1     0     6     6  286.       0.463      0.01875   
 287    41   1     0     5     5  286.       0.482      0.01875   
 287    42   1     0     5     5  287.       0.501      0.01875   
 287    43   1     0     5     5  287.       0.520      0.01875   
 287    44   1     0     5     5  287.       0.538      0.01875   
 287    45   1     0     4     4  287.       0.557      0.01875   
 287    46   1     0     3     3  287.       0.576      0.01875   
 287    47   1     0     7     7  287.       0.601      0.02500   
 287    48   1     0     5     5  287.       0.626      0.02500   
 287    49   1     0     4     4  287.       0.651      0.02500   
 287    50   1     0     4     4  287.       0.676      0.02500   
 287    51   1     0     4     4  287.       0.701      0.02500   
 287    52   1     0     3     3  287.       0.726      0.02500   
 287    53   1     0     7     7  287.       0.751      0.02500   
 287    54   1     0     7     7  287.       0.776      0.02500   
 287    55   1     0     5     5  287.       0.801      0.02500   
 287    56   1     0     4     4  287.       0.826      0.02500   
 287    57   1     0    10    10  287.       0.851      0.02500   
 287    58   1     0    10    10  287.       0.876      0.02500   
 287    59   1     0    10    10  287.       0.901      0.02500   
 287    60   1     0    10    10  287.       0.926      0.02500   
 287    61   1     0     6     6  287.       0.951      0.02500   
 287    62   1     0     6     6  287.       0.976      0.02500   
 287    63   1     0     5     5  287.       1.00       0.02403   
 288     1   1     0    10    10  287.       0.00500    0.005000  
 288     2   1     0    10    10  287.       0.0100     0.005000  
 288     3   1     0    10    10  287.       0.0150     0.005000  
 288     4   1     0     7     7  287.       0.0200     0.005000  
 288     5   1     0     6     6  287.       0.0250     0.005000  
 288     6   1     0     4     4  287.       0.0300     0.005000  
 288     7   1     0     1     1  287.       0.0350     0.005000  
 288     8   1     0     7     7  287.       0.0425     0.007500  
 288     9   1     0     2     2  287.       0.0500     0.007500  
 288    10   1     0     4     4  287.       0.0575     0.007500  
 288    11   1U    0     4     4  287.       0.0575     0.01125   
 288    11   2     0     9     9  287.       0.0603     0.002812  
 288    12   1     0     3     3  287.       0.0631     0.002812  
 288    13   1     0     4     4  287.       0.0659     0.002812  
 288    14   1     0     8     8  287.       0.0702     0.004219  
 288    15   1     0     1     1  287.       0.0744     0.004219  
 288    16   1     0     2     2  287.       0.0786     0.004219  
 288    17   1     0     6     6  287.       0.0849     0.006328  
 288    18   1     0     1     1  287.       0.0912     0.006328  
 288    19   1     0     2     2  287.       0.0976     0.006328  
 288    20   1     0     4     4  287.       0.107      0.009492  
 288    21   1     0     7     7  287.       0.121      0.01424   
 288    22   1     0     5     5  287.       0.136      0.01424   
 288    23   1     0     5     5  287.       0.150      0.01424   
 288    24   1     0     3     3  287.       0.164      0.01424   
 288    25   1     0     2     2  287.       0.178      0.01424   
 288    26   1     0     8     8  287.       0.200      0.02136   
 288    27   1     0     4     4  287.       0.221      0.02136   
 288    28   1     0     4     4  287.       0.242      0.02136   
 288    29   1     0     7     7  287.       0.267      0.02500   
 288    30   1     0     2     2  287.       0.292      0.02500   
 288    31   1     0     7     7  287.       0.317      0.02500   
 288    32   1     0    10    10  287.       0.342      0.02500   
 288    33   1     0    10    10  287.       0.367      0.02500   
 288    34   1     0    10    10  287.       0.392      0.02500   
 288    35   1     0    10    10  287.       0.417      0.02500   
 288    36   1     0    10    10  287.       0.442      0.02500   
 288    37   1     0     8     8  287.       0.467      0.02500   
 288    38   1     0     5     5  287.       0.492      0.02500   
 288    39   1     0     5     5  288.       0.517      0.02500   
 288    40   1     0     5     5  288.       0.542      0.02500   
 288    41   1     0     3     3  288.       0.567      0.02500   
 288    42   1     0     4     4  288.       0.592      0.02500   
 288    43   1     0     4     4  288.       0.617      0.02500   
 288    44   1     0     4     4  288.       0.642      0.02500   
 288    45   1     0     3     3  288.       0.667      0.02500   
 288    46   1     0     4     4  288.       0.692      0.02500   
 288    47   1     0     3     3  288.       0.717      0.02500   
 288    48   1     0     2     2  288.       0.742      0.02500   
 288    49   1     0    10    10  288.       0.767      0.02500   
 288    50   1     0     8     8  288.       0.792      0.02500   
 288    51   1     0     5     5  288.       0.817      0.02500   
 288    52   1     0    10    10  288.       0.842      0.02500   
 288    53   1     0    10    10  288.       0.867      0.02500   
 288    54   1     0    10    10  288.       0.892      0.02500   
 288    55   1     0    10    10  288.       0.917      0.02500   
 288    56   1     0     9     9  288.       0.942      0.02500   
 288    57   1     0     7     7  288.       0.967      0.02500   
 288    58   1     0     5     5  288.       0.992      0.02500   
 288    59   1     0    10    10  288.       1.00       0.007666  
 289     1   1     0    10    10  288.       0.00500    0.005000  
 289     2   1     0     7     7  288.       0.0100     0.005000  
 289     3   1     0     5     5  288.       0.0150     0.005000  
 289     4   1     0     3     3  288.       0.0200     0.005000  
 289     5   1     0     1     1  288.       0.0250     0.005000  
 289     6   1     0     5     5  288.       0.0325     0.007500  
 289     7   1     0     2     2  288.       0.0400     0.007500  
 289     8   1     0     4     4  288.       0.0475     0.007500  
 289     9   1     0     5     5  288.       0.0587     0.01125   
 289    10   1     0     4     4  288.       0.0700     0.01125   
 289    11   1     0     6     6  288.       0.0812     0.01125   
 289    12   1     0     4     4  288.       0.0925     0.01125   
 289    13   1     0     3     3  288.       0.104      0.01125   
 289    14   1     0     9     9  288.       0.121      0.01688   
 289    15   1     0     4     4  288.       0.137      0.01688   
 289    16   1     0     4     4  288.       0.154      0.01688   
 289    17   1     0     7     7  288.       0.179      0.02500   
 289    18   1     0     6     6  288.       0.204      0.02500   
 289    19   1     0     4     4  288.       0.229      0.02500   
 289    20   1     0    10    10  288.       0.254      0.02500   
 289    21   1     0     6     6  288.       0.279      0.02500   
 289    22   1     0     1     1  288.       0.304      0.02500   
 289    23   1     0    10    10  288.       0.329      0.02500   
 289    24   1     0    10    10  288.       0.354      0.02500   
 289    25   1     0    11    11  288.       0.379      0.02500   
 289    26   1     0    11    11  288.       0.398      0.01875   
 289    27   1     0    10    10  288.       0.412      0.01406   
 289    28   1     0     9     9  288.       0.426      0.01406   
 289    29   1     0     7     7  288.       0.440      0.01406   
 289    30   1     0     6     6  288.       0.454      0.01406   
 289    31   1     0     7     7  288.       0.468      0.01406   
 289    32   1     0     6     6  288.       0.482      0.01406   
 289    33   1     0     5     5  288.       0.497      0.01406   
 289    34   1     0     5     5  289.       0.511      0.01406   
 289    35   1     0     5     5  289.       0.525      0.01406   
 289    36   1     0     4     4  289.       0.539      0.01406   
 289    37   1     0     4     4  289.       0.553      0.01406   
 289    38   1     0     9     9  289.       0.574      0.02109   
 289    39   1     0     5     5  289.       0.595      0.02109   
 289    40   1     0     4     4  289.       0.616      0.02109   
 289    41   1     0     5     5  289.       0.637      0.02109   
 289    42   1     0     4     4  289.       0.658      0.02109   
 289    43   1     0     4     4  289.       0.679      0.02109   
 289    44   1     0     6     6  289.       0.704      0.02500   
 289    45   1     0     5     5  289.       0.729      0.02500   
 289    46   1     0    10    10  289.       0.754      0.02500   
 289    47   1     0     7     7  289.       0.779      0.02500   
 289    48   1     0     5     5  289.       0.804      0.02500   
 289    49   1     0     6     6  289.       0.829      0.02500   
 289    50   1     0    10    10  289.       0.854      0.02500   
 289    51   1     0    11    11  289.       0.879      0.02500   
 289    52   1     0    10    10  289.       0.898      0.01875   
 289    53   1     0    10    10  289.       0.917      0.01875   
 289    54   1     0     8     8  289.       0.936      0.01875   
 289    55   1     0     8     8  289.       0.954      0.01875   
 289    56   1     0     6     6  289.       0.973      0.01875   
 289    57   1     0     6     6  289.       0.992      0.01875   
 289    58   1     0    10    10  289.       1.00       0.008125  
 290     1   1     0    10    10  289.       0.00500    0.005000  
 290     2   1     0     8     8  289.       0.0100     0.005000  
 290     3   1     0     9     9  289.       0.0150     0.005000  
 290     4   1     0     6     6  289.       0.0200     0.005000  
 290     5   1     0     5     5  289.       0.0250     0.005000  
 290     6   1     0     3     3  289.       0.0300     0.005000  
 290     7   1     0     1     1  289.       0.0350     0.005000  
 290     8   1     0     9     9  289.       0.0425     0.007500  
 290     9   1     0     2     2  289.       0.0500     0.007500  
 290    10   1     0     5     5  289.       0.0575     0.007500  
 290    11   1     0     3     3  289.       0.0650     0.007500  
 290    12   1     0     2     2  289.       0.0725     0.007500  
 290    13   1     0     8     8  289.       0.0838     0.01125   
 290    14   1     0     3     3  289.       0.0950     0.01125   
 290    15   1     0     4     4  289.       0.106      0.01125   
 290    16   1     0     9     9  289.       0.123      0.01688   
 290    17   1     0     5     5  289.       0.140      0.01688   
 290    18   1     0     4     4  289.       0.157      0.01688   
 290    19   1     0     3     3  289.       0.174      0.01688   
 290    20   1     0     7     7  289.       0.199      0.02500   
 290    21   1     0     5     5  289.       0.224      0.02500   
 290    22   1     0     5     5  289.       0.249      0.02500   
 290    23   1     0     6     6  289.       0.274      0.02500   
 290    24   1     0     1     1  289.       0.299      0.02500   
 290    25   1     0     9     9  289.       0.324      0.02500   
 290    26   1     0    10    10  289.       0.349      0.02500   
 290    27   1     0    12    12  289.       0.374      0.02500   
 290    28   1     0    12    12  289.       0.393      0.01875   
 290    29   1     0    10    10  289.       0.407      0.01406   
 290    30   1     0     8     8  289.       0.421      0.01406   
 290    31   1     0     8     8  289.       0.435      0.01406   
 290    32   1     0     6     6  289.       0.449      0.01406   
 290    33   1     0     7     7  289.       0.463      0.01406   
 290    34   1     0     6     6  289.       0.477      0.01406   
 290    35   1     0     6     6  289.       0.491      0.01406   
 290    36   1     0     5     5  290.       0.505      0.01406   
 290    37   1     0     5     5  290.       0.519      0.01406   
 290    38   1     0     5     5  290.       0.533      0.01406   
 290    39   1     0     4     4  290.       0.547      0.01406   
 290    40   1     0     4     4  290.       0.561      0.01406   
 290    41   1     0     9     9  290.       0.582      0.02109   
 290    42   1     0     5     5  290.       0.603      0.02109   
 290    43   1     0     5     5  290.       0.625      0.02109   
 290    44   1     0     4     4  290.       0.646      0.02109   
 290    45   1     0     4     4  290.       0.667      0.02109   
 290    46   1     0     6     6  290.       0.692      0.02500   
 290    47   1     0     5     5  290.       0.717      0.02500   
 290    48   1     0     4     4  290.       0.742      0.02500   
 290    49   1     0    10    10  290.       0.767      0.02500   
 290    50   1     0     7     7  290.       0.792      0.02500   
 290    51   1     0     4     4  290.       0.817      0.02500   
 290    52   1     0    10    10  290.       0.842      0.02500   
 290    53   1     0    10    10  290.       0.867      0.02500   
 290    54   1     0    10    10  290.       0.892      0.02500   
 290    55   1     0    10    10  290.       0.917      0.02500   
 290    56   1     0     9     9  290.       0.942      0.02500   
 290    57   1     0     6     6  290.       0.967      0.02500   
 290    58   1     0     5     5  290.       0.992      0.02500   
 290    59   1     0    10    10  290.       1.00       0.008281  
 291     1   1     0    11    11  290.       0.00500    0.005000  
 291     2   1     0     7     7  290.       0.00875    0.003750  
 291     3   1     0    10    10  290.       0.0125     0.003750  
 291     4   1     0    10    10  290.       0.0163     0.003750  
 291     5   1     0     8     8  290.       0.0200     0.003750  
 291     6   1     0     7     7  290.       0.0238     0.003750  
 291     7   1     0     6     6  290.       0.0275     0.003750  
 291     8   1     0     4     4  290.       0.0312     0.003750  
 291     9   1     0     2     2  290.       0.0350     0.003750  
 291    10   1     0     8     8  290.       0.0406     0.005625  
 291    11   1     0     2     2  290.       0.0462     0.005625  
 291    12   1     0     4     4  290.       0.0519     0.005625  
 291    13   1     0     6     6  290.       0.0603     0.008438  
 291    14   1     0     2     2  290.       0.0688     0.008438  
 291    15   1     0     6     6  290.       0.0772     0.008438  
 291    16   1     0     4     4  290.       0.0856     0.008438  
 291    17   1     0     2     2  290.       0.0941     0.008438  
 291    18   1     0     9     9  290.       0.107      0.01266   
 291    19   1     0     4     4  290.       0.119      0.01266   
 291    20   1     0     4     4  290.       0.132      0.01266   
 291    21   1     0     8     8  290.       0.151      0.01898   
 291    22   1     0     5     5  290.       0.170      0.01898   
 291    23   1     0     4     4  290.       0.189      0.01898   
 291    24   1     0     4     4  290.       0.208      0.01898   
 291    25   1     0     7     7  290.       0.233      0.02500   
 291    26   1     0    10    10  290.       0.258      0.02500   
 291    27   1     0     6     6  290.       0.283      0.02500   
 291    28   1     0     3     3  290.       0.308      0.02500   
 291    29   1     0    10    10  290.       0.333      0.02500   
 291    30   1     0    10    10  290.       0.358      0.02500   
 291    31   1     0    11    11  290.       0.383      0.02500   
 291    32   1     0    10    10  290.       0.402      0.01875   
 291    33   1     0    10    10  290.       0.420      0.01875   
 291    34   1     0     9     9  290.       0.439      0.01875   
 291    35   1     0     7     7  290.       0.458      0.01875   
 291    36   1     0     5     5  290.       0.477      0.01875   
 291    37   1     0     5     5  290.       0.495      0.01875   
 291    38   1     0     5     5  291.       0.514      0.01875   
 291    39   1     0     5     5  291.       0.533      0.01875   
 291    40   1     0     4     4  291.       0.552      0.01875   
 291    41   1     0     4     4  291.       0.570      0.01875   
 291    42   1     0     7     7  291.       0.595      0.02500   
 291    43   1     0     5     5  291.       0.620      0.02500   
 291    44   1     0     4     4  291.       0.645      0.02500   
 291    45   1     0     4     4  291.       0.670      0.02500   
 291    46   1     0     4     4  291.       0.695      0.02500   
 291    47   1     0     3     3  291.       0.720      0.02500   
 291    48   1     0     3     3  291.       0.745      0.02500   
 291    49   1     0     8     8  291.       0.770      0.02500   
 291    50   1     0     8     8  291.       0.795      0.02500   
 291    51   1     0     4     4  291.       0.820      0.02500   
 291    52   1     0    10    10  291.       0.845      0.02500   
 291    53   1     0    11    11  291.       0.870      0.02500   
 291    54   1     0    10    10  291.       0.889      0.01875   
 291    55   1     0    11    11  291.       0.908      0.01875   
 291    56   1     0    10    10  291.       0.922      0.01406   
 291    57   1     0     7     7  291.       0.936      0.01406   
 291    58   1     0     5     5  291.       0.950      0.01406   
 291    59   1     0     6     6  291.       0.964      0.01406   
 291    60   1     0     8     8  291.       0.978      0.01406   
 291    61   1     0     5     5  291.       0.992      0.01406   
 291    62   1     0    10    10  291.       1.00       0.007656  
 292     1   1     0    10    10  291.       0.00500    0.005000  
 292     2   1     0     4     4  291.       0.0100     0.005000  
 292     3   1     0     5     5  291.       0.0150     0.005000  
 292     4   1     0     3     3  291.       0.0200     0.005000  
 292     5   1     0     1     1  291.       0.0250     0.005000  
 292     6   1     0     8     8  291.       0.0325     0.007500  
 292     7   1     0     2     2  291.       0.0400     0.007500  
 292     8   1     0     5     5  291.       0.0475     0.007500  
 292     9   1     0     3     3  291.       0.0550     0.007500  
 292    10   1     0     3     3  291.       0.0625     0.007500  
 292    11   1     0    10    10  291.       0.0737     0.01125   
 292    12   1     0     3     3  291.       0.0850     0.01125   
 292    13   1     0     4     4  291.       0.0962     0.01125   
 292    14   1     0     8     8  291.       0.113      0.01688   
 292    15   1     0     4     4  291.       0.130      0.01688   
 292    16   1     0     5     5  291.       0.147      0.01688   
 292    17   1     0     3     3  291.       0.164      0.01688   
 292    18   1     0     2     2  291.       0.181      0.01688   
 292    19   1     0     7     7  291.       0.206      0.02500   
 292    20   1     0     6     6  291.       0.231      0.02500   
 292    21   1     0    10    10  291.       0.256      0.02500   
 292    22   1     0     6     6  291.       0.281      0.02500   
 292    23   1     0     1     1  291.       0.306      0.02500   
 292    24   1     0    10    10  291.       0.331      0.02500   
 292    25   1     0    10    10  291.       0.356      0.02500   
 292    26   1     0    11    11  291.       0.381      0.02500   
 292    27   1     0    10    10  291.       0.399      0.01875   
 292    28   1     0    10    10  291.       0.418      0.01875   
 292    29   1     0     9     9  291.       0.437      0.01875   
 292    30   1     0     7     7  291.       0.456      0.01875   
 292    31   1     0     5     5  291.       0.474      0.01875   
 292    32   1     0     5     5  291.       0.493      0.01875   
 292    33   1     0     5     5  292.       0.512      0.01875   
 292    34   1     0     5     5  292.       0.531      0.01875   
 292    35   1     0     4     4  292.       0.549      0.01875   
 292    36   1     0     4     4  292.       0.568      0.01875   
 292    37   1     0     7     7  292.       0.593      0.02500   
 292    38   1     0     5     5  292.       0.618      0.02500   
 292    39   1     0     4     4  292.       0.643      0.02500   
 292    40   1     0     4     4  292.       0.668      0.02500   
 292    41   1     0     4     4  292.       0.693      0.02500   
 292    42   1     0     3     3  292.       0.718      0.02500   
 292    43   1     0     3     3  292.       0.743      0.02500   
 292    44   1     0     9     9  292.       0.768      0.02500   
 292    45   1     0     7     7  292.       0.793      0.02500   
 292    46   1     0     4     4  292.       0.818      0.02500   
 292    47   1     0    10    10  292.       0.843      0.02500   
 292    48   1     0    12    12  292.       0.868      0.02500   
 292    49   1     0    10    10  292.       0.887      0.01875   
 292    50   1     0    11    11  292.       0.906      0.01875   
 292    51   1     0    10    10  292.       0.920      0.01406   
 292    52   1     0    10    10  292.       0.934      0.01406   
 292    53   1     0     8     8  292.       0.948      0.01406   
 292    54   1     0     6     6  292.       0.962      0.01406   
 292    55   1     0     7     7  292.       0.976      0.01406   
 292    56   1     0     5     5  292.       0.990      0.01406   
 292    57   1     0    10    10  292.       1.00       0.01000   
 293     1   1     0    10    10  292.       0.00500    0.005000  
 293     2   1     0     5     5  292.       0.0100     0.005000  
 293     3   1     0     5     5  292.       0.0150     0.005000  
 293     4   1     0     3     3  292.       0.0200     0.005000  
 293     5   1     0     2     2  292.       0.0250     0.005000  
 293     6   1     0     7     7  292.       0.0325     0.007500  
 293     7   1     0     2     2  292.       0.0400     0.007500  
 293     8   1     0     5     5  292.       0.0475     0.007500  
 293     9   1     0     3     3  292.       0.0550     0.007500  
 293    10   1     0     3     3  292.       0.0625     0.007500  
 293    11   1     0    10    10  292.       0.0737     0.01125   
 293    12   1     0     4     4  292.       0.0850     0.01125   
 293    13   1     0     4     4  292.       0.0962     0.01125   
 293    14   1     0     9     9  292.       0.113      0.01688   
 293    15   1     0     5     5  292.       0.130      0.01688   
 293    16   1     0     5     5  292.       0.147      0.01688   
 293    17   1     0     3     3  292.       0.164      0.01688   
 293    18   1     0     2     2  292.       0.181      0.01688   
 293    19   1     0     7     7  292.       0.206      0.02500   
 293    20   1     0     6     6  292.       0.231      0.02500   
 293    21   1     0    10    10  292.       0.256      0.02500   
 293    22   1     0     6     6  292.       0.281      0.02500   
 293    23   1     0     1     1  292.       0.306      0.02500   
 293    24   1     0    10    10  292.       0.331      0.02500   
 293    25   1     0    10    10  292.       0.356      0.02500   
 293    26   1     0    11    11  292.       0.381      0.02500   
 293    27   1     0    10    10  292.       0.399      0.01875   
 293    28   1     0    10    10  292.       0.418      0.01875   
 293    29   1     0     9     9  292.       0.437      0.01875   
 293    30   1     0     7     7  292.       0.456      0.01875   
 293    31   1     0     5     5  292.       0.474      0.01875   
 293    32   1     0     5     5  292.       0.493      0.01875   
 293    33   1     0     5     5  293.       0.512      0.01875   
 293    34   1     0     5     5  293.       0.531      0.01875   
 293    35   1     0     4     4  293.       0.549      0.01875   
 293    36   1     0     4     4  293.       0.568      0.01875   
 293    37   1     0     7     7  293.       0.593      0.02500   
 293    38   1     0     5     5  293.       0.618      0.02500   
 293    39   1     0     4     4  293.       0.643      0.02500   
 293    40   1     0     4     4  293.       0.668      0.02500   
 293    41   1     0     4     4  293.       0.693      0.02500   
 293    42   1     0     3     3  293.       0.718      0.02500   
 293    43   1     0     3     3  293.       0.743      0.02500   
 293    44   1     0     9     9  293.       0.768      0.02500   
 293    45   1     0     7     7  293.       0.793      0.02500   
 293    46   1     0     4     4  293.       0.818      0.02500   
 293    47   1     0    10    10  293.       0.843      0.02500   
 293    48   1U    0     9     9  293.       0.843      0.02500   
 293    48   2     0    11    11  293.       0.856      0.01250   
 293    49   1     0    11    11  293.       0.865      0.009375  
 293    50   1     0    10    10  293.       0.872      0.007031  
 293    51   1     0    10    10  293.       0.879      0.007031  
 293    52   1     0    10    10  293.       0.886      0.007031  
 293    53   1     0     9     9  293.       0.893      0.007031  
 293    54   1     0     5     5  293.       0.900      0.007031  
 293    55   1     0     6     6  293.       0.907      0.007031  
 293    56   1     0     7     7  293.       0.914      0.007031  
 293    57   1     0     5     5  293.       0.921      0.007031  
 293    58   1     0     3     3  293.       0.928      0.007031  
 293    59   1     0     3     3  293.       0.935      0.007031  
 293    60   1     0     4     4  293.       0.946      0.01055   
 293    61   1     0     3     3  293.       0.962      0.01582   
 293    62   1     0     6     6  293.       0.985      0.02373   
 293    63   1     0    10    10  293.       1.00       0.01459   
 294     1   1     0    10    10  293.       0.00500    0.005000  
 294     2   1     0     9     9  293.       0.0100     0.005000  
 294     3   1     0     9     9  293.       0.0150     0.005000  
 294     4   1     0     7     7  293.       0.0200     0.005000  
 294     5   1     0     5     5  293.       0.0250     0.005000  
 294     6   1     0     3     3  293.       0.0300     0.005000  
 294     7   1     0     1     1  293.       0.0350     0.005000  
 294     8   1     0     8     8  293.       0.0425     0.007500  
 294     9   1     0     2     2  293.       0.0500     0.007500  
 294    10   1     0     4     4  293.       0.0575     0.007500  
 294    11   1U    0     5     5  293.       0.0575     0.01125   
 294    11   2     0    10    10  293.       0.0603     0.002812  
 294    12   1     0     4     4  293.       0.0631     0.002812  
 294    13   1     0     5     5  293.       0.0659     0.002812  
 294    14   1     0     4     4  293.       0.0687     0.002812  
 294    15   1     0     3     3  293.       0.0716     0.002812  
 294    16   1     0     7     7  293.       0.0758     0.004219  
 294    17   1     0     1     1  293.       0.0800     0.004219  
 294    18   1     0     1     1  293.       0.0842     0.004219  
 294    19   1     0     5     5  293.       0.0905     0.006328  
 294    20   1     0     1     1  293.       0.0969     0.006328  
 294    21   1     0     2     2  293.       0.103      0.006328  
 294    22   1     0     5     5  293.       0.113      0.009492  
 294    23   1     0     2     2  293.       0.122      0.009492  
 294    24   1     0     3     3  293.       0.132      0.009492  
 294    25   1     0     7     7  293.       0.146      0.01424   
 294    26   1     0     4     4  293.       0.160      0.01424   
 294    27   1     0     4     4  293.       0.174      0.01424   
 294    28   1     0     7     7  293.       0.196      0.02136   
 294    29   1     0     4     4  293.       0.217      0.02136   
 294    30   1     0     4     4  293.       0.238      0.02136   
 294    31   1     0    10    10  293.       0.263      0.02500   
 294    32   1     0     2     2  293.       0.288      0.02500   
 294    33   1     0     7     7  293.       0.313      0.02500   
 294    34   1     0    10    10  293.       0.338      0.02500   
 294    35   1     0    10    10  293.       0.363      0.02500   
 294    36   1     0    11    11  293.       0.388      0.02500   
 294    37   1     0    10    10  293.       0.407      0.01875   
 294    38   1     0    10    10  293.       0.426      0.01875   
 294    39   1     0     9     9  293.       0.445      0.01875   
 294    40   1     0     6     6  293.       0.463      0.01875   
 294    41   1     0     5     5  293.       0.482      0.01875   
 294    42   1     0     5     5  294.       0.501      0.01875   
 294    43   1     0     5     5  294.       0.520      0.01875   
 294    44   1     0     5     5  294.       0.538      0.01875   
 294    45   1     0     4     4  294.       0.557      0.01875   
 294    46   1     0     3     3  294.       0.576      0.01875   
 294    47   1     0     7     7  294.       0.601      0.02500   
 294    48   1     0     5     5  294.       0.626      0.02500   
 294    49   1     0     4     4  294.       0.651      0.02500   
 294    50   1     0     4     4  294.       0.676      0.02500   
 294    51   1     0     4     4  294.       0.701      0.02500   
 294    52   1     0     3     3  294.       0.726      0.02500   
 294    53   1     0     7     7  294.       0.751      0.02500   
 294    54   1     0     7     7  294.       0.776      0.02500   
 294    55   1     0     5     5  294.       0.801      0.02500   
 294    56   1     0     4     4  294.       0.826      0.02500   
 294    57   1     0    10    10  294.       0.851      0.02500   
 294    58   1     0    10    10  294.       0.876      0.02500   
 294    59   1     0    10    10  294.       0.901      0.02500   
 294    60   1     0    10    10  294.       0.926      0.02500   
 294    61   1     0     6     6  294.       0.951      0.02500   
 294    62   1     0     6     6  294.       0.976      0.02500   
 294    63   1     0     5     5  294.       1.00       0.02403   
 295     1   1     0    10    10  294.       0.00500    0.005000  
 295     2   1     0    10    10  294.       0.0100     0.005000  
 295     3   1     0    10    10  294.       0.0150     0.005000  
 295     4   1     0     7     7  294.       0.0200     0.005000  
 295     5   1     0     6     6  294.       0.0250     0.005000  
 295     6   1     0     4     4  294.       0.0300     0.005000  
 295     7   1     0     1     1  294.       0.0350     0.005000  
 295     8   1     0     7     7  294.       0.0425     0.007500  
 295     9   1     0     2     2  294.       0.0500     0.007500  
 295    10   1     0     4     4  294.       0.0575     0.007500  
 295    11   1U    0     4     4  294.       0.0575     0.01125   
 295    11   2     0     9     9  294.       0.0603     0.002812  
 295    12   1     0     3     3  294.       0.0631     0.002812  
 295    13   1     0     4     4  294.       0.0659     0.002812  
 295    14   1     0     8     8  294.       0.0702     0.004219  
 295    15   1     0     1     1  294.       0.0744     0.004219  
 295    16   1     0     2     2  294.       0.0786     0.004219  
 295    17   1     0     6     6  294.       0.0849     0.006328  
 295    18   1     0     1     1  294.       0.0912     0.006328  
 295    19   1     0     2     2  294.       0.0976     0.006328  
 295    20   1     0     4     4  294.       0.107      0.009492  
 295    21   1     0     7     7  294.       0.121      0.01424   
 295    22   1     0     5     5  294.       0.136      0.01424   
 295    23   1     0     5     5  294.       0.150      0.01424   
 295    24   1     0     3     3  294.       0.164      0.01424   
 295    25   1     0     2     2  294.       0.178      0.01424   
 295    26   1     0     8     8  294.       0.200      0.02136   
 295    27   1     0     4     4  294.       0.221      0.02136   
 295    28   1     0     4     4  294.       0.242      0.02136   
 295    29   1     0     7     7  294.       0.267      0.02500   
 295    30   1     0     2     2  294.       0.292      0.02500   
 295    31   1     0     7     7  294.       0.317      0.02500   
 295    32   1     0    10    10  294.       0.342      0.02500   
 295    33   1     0    10    10  294.       0.367      0.02500   
 295    34   1     0    10    10  294.       0.392      0.02500   
 295    35   1     0    10    10  294.       0.417      0.02500   
 295    36   1     0    10    10  294.       0.442      0.02500   
 295    37   1     0     8     8  294.       0.467      0.02500   
 295    38   1     0     5     5  294.       0.492      0.02500   
 295    39   1     0     4     4  295.       0.517      0.02500   
 295    40   1     0     5     5  295.       0.542      0.02500   
 295    41   1     0     3     3  295.       0.567      0.02500   
 295    42   1     0     4     4  295.       0.592      0.02500   
 295    43   1     0     4     4  295.       0.617      0.02500   
 295    44   1     0     4     4  295.       0.642      0.02500   
 295    45   1     0     3     3  295.       0.667      0.02500   
 295    46   1     0     4     4  295.       0.692      0.02500   
 295    47   1     0     3     3  295.       0.717      0.02500   
 295    48   1     0     2     2  295.       0.742      0.02500   
 295    49   1     0    10    10  295.       0.767      0.02500   
 295    50   1     0     8     8  295.       0.792      0.02500   
 295    51   1     0     5     5  295.       0.817      0.02500   
 295    52   1     0    10    10  295.       0.842      0.02500   
 295    53   1     0    10    10  295.       0.867      0.02500   
 295    54   1     0    10    10  295.       0.892      0.02500   
 295    55   1     0    10    10  295.       0.917      0.02500   
 295    56   1     0     9     9  295.       0.942      0.02500   
 295    57   1     0     7     7  295.       0.967      0.02500   
 295    58   1     0     5     5  295.       0.992      0.02500   
 295    59   1     0    10    10  295.       1.00       0.007666  
 296     1   1     0    10    10  295.       0.00500    0.005000  
 296     2   1     0     7     7  295.       0.0100     0.005000  
 296     3   1     0     5     5  295.       0.0150     0.005000  
 296     4   1     0     3     3  295.       0.0200     0.005000  
 296     5   1     0     1     1  295.       0.0250     0.005000  
 296     6   1     0     5     5  295.       0.0325     0.007500  
 296     7   1     0     2     2  295.       0.0400     0.007500  
 296     8   1     0     4     4  295.       0.0475     0.007500  
 296     9   1     0     5     5  295.       0.0587     0.01125   
 296    10   1     0     4     4  295.       0.0700     0.01125   
 296    11   1     0     6     6  295.       0.0812     0.01125   
 296    12   1     0     4     4  295.       0.0925     0.01125   
 296    13   1     0     3     3  295.       0.104      0.01125   
 296    14   1     0     9     9  295.       0.121      0.01688   
 296    15   1     0     4     4  295.       0.137      0.01688   
 296    16   1     0     4     4  295.       0.154      0.01688   
 296    17   1     0     7     7  295.       0.179      0.02500   
 296    18   1     0     6     6  295.       0.204      0.02500   
 296    19   1     0     4     4  295.       0.229      0.02500   
 296    20   1     0    10    10  295.       0.254      0.02500   
 296    21   1     0     6     6  295.       0.279      0.02500   
 296    22   1     0     1     1  295.       0.304      0.02500   
 296    23   1     0    10    10  295.       0.329      0.02500   
 296    24   1     0    10    10  295.       0.354      0.02500   
 296    25   1     0    11    11  295.       0.379      0.02500   
 296    26   1     0    11    11  295.       0.398      0.01875   
 296    27   1     0    10    10  295.       0.412      0.01406   
 296    28   1     0     9     9  295.       0.426      0.01406   
 296    29   1     0     7     7  295.       0.440      0.01406   
 296    30   1     0     6     6  295.       0.454      0.01406   
 296    31   1     0     7     7  295.       0.468      0.01406   
 296    32   1     0     6     6  295.       0.482      0.01406   
 296    33   1     0     5     5  295.       0.497      0.01406   
 296    34   1     0     5     5  296.       0.511      0.01406   
 296    35   1     0     5     5  296.       0.525      0.01406   
 296    36   1     0     4     4  296.       0.539      0.01406   
 296    37   1     0     4     4  296.       0.553      0.01406   
 296    38   1     0     9     9  296.       0.574      0.02109   
 296    39   1     0     5     5  296.       0.595      0.02109   
 296    40   1     0     4     4  296.       0.616      0.02109   
 296    41   1     0     5     5  296.       0.637      0.02109   
 296    42   1     0     4     4  296.       0.658      0.02109   
 296    43   1     0     4     4  296.       0.679      0.02109   
 296    44   1     0     6     6  296.       0.704      0.02500   
 296    45   1     0     5     5  296.       0.729      0.02500   
 296    46   1     0    10    10  296.       0.754      0.02500   
 296    47   1     0     7     7  296.       0.779      0.02500   
 296    48   1     0     5     5  296.       0.804      0.02500   
 296    49   1     0     6     6  296.       0.829      0.02500   
 296    50   1     0    10    10  296.       0.854      0.02500   
 296    51   1     0    11    11  296.       0.879      0.02500   
 296    52   1     0    10    10  296.       0.898      0.01875   
 296    53   1     0    10    10  296.       0.917      0.01875   
 296    54   1     0     8     8  296.       0.936      0.01875   
 296    55   1     0     8     8  296.       0.954      0.01875   
 296    56   1     0     6     6  296.       0.973      0.01875   
 296    57   1     0     6     6  296.       0.992      0.01875   
 296    58   1     0    10    10  296.       1.00       0.008125  
 297     1   1     0    10    10  296.       0.00500    0.005000  
 297     2   1     0     8     8  296.       0.0100     0.005000  
 297     3   1     0     9     9  296.       0.0150     0.005000  
 297     4   1     0     6     6  296.       0.0200     0.005000  
 297     5   1     0     5     5  296.       0.0250     0.005000  
 297     6   1     0     3     3  296.       0.0300     0.005000  
 297     7   1     0     1     1  296.       0.0350     0.005000  
 297     8   1     0     9     9  296.       0.0425     0.007500  
 297     9   1     0     2     2  296.       0.0500     0.007500  
 297    10   1     0     5     5  296.       0.0575     0.007500  
 297    11   1     0     3     3  296.       0.0650     0.007500  
 297    12   1     0     2     2  296.       0.0725     0.007500  
 297    13   1     0     8     8  296.       0.0838     0.01125   
 297    14   1     0     3     3  296.       0.0950     0.01125   
 297    15   1     0     4     4  296.       0.106      0.01125   
 297    16   1     0     9     9  296.       0.123      0.01688   
 297    17   1     0     5     5  296.       0.140      0.01688   
 297    18   1     0     4     4  296.       0.157      0.01688   
 297    19   1     0     3     3  296.       0.174      0.01688   
 297    20   1     0     7     7  296.       0.199      0.02500   
 297    21   1     0     5     5  296.       0.224      0.02500   
 297    22   1     0     5     5  296.       0.249      0.02500   
 297    23   1     0     6     6  296.       0.274      0.02500   
 297    24   1     0     1     1  296.       0.299      0.02500   
 297    25   1     0     9     9  296.       0.324      0.02500   
 297    26   1     0    10    10  296.       0.349      0.02500   
 297    27   1     0    12    12  296.       0.374      0.02500   
 297    28   1     0    12    12  296.       0.393      0.01875   
 297    29   1     0    10    10  296.       0.407      0.01406   
 297    30   1     0     8     8  296.       0.421      0.01406   
 297    31   1     0     8     8  296.       0.435      0.01406   
 297    32   1     0     6     6  296.       0.449      0.01406   
 297    33   1     0     7     7  296.       0.463      0.01406   
 297    34   1     0     6     6  296.       0.477      0.01406   
 297    35   1     0     6     6  296.       0.491      0.01406   
 297    36   1     0     5     5  297.       0.505      0.01406   
 297    37   1     0     5     5  297.       0.519      0.01406   
 297    38   1     0     5     5  297.       0.533      0.01406   
 297    39   1     0     4     4  297.       0.547      0.01406   
 297    40   1     0     4     4  297.       0.561      0.01406   
 297    41   1     0     9     9  297.       0.582      0.02109   
 297    42   1     0     5     5  297.       0.603      0.02109   
 297    43   1     0     5     5  297.       0.625      0.02109   
 297    44   1     0     4     4  297.       0.646      0.02109   
 297    45   1     0     4     4  297.       0.667      0.02109   
 297    46   1     0     6     6  297.       0.692      0.02500   
 297    47   1     0     5     5  297.       0.717      0.02500   
 297    48   1     0     4     4  297.       0.742      0.02500   
 297    49   1     0    10    10  297.       0.767      0.02500   
 297    50   1     0     7     7  297.       0.792      0.02500   
 297    51   1     0     4     4  297.       0.817      0.02500   
 297    52   1     0    10    10  297.       0.842      0.02500   
 297    53   1     0    10    10  297.       0.867      0.02500   
 297    54   1     0    10    10  297.       0.892      0.02500   
 297    55   1     0    10    10  297.       0.917      0.02500   
 297    56   1     0     9     9  297.       0.942      0.02500   
 297    57   1     0     6     6  297.       0.967      0.02500   
 297    58   1     0     5     5  297.       0.992      0.02500   
 297    59   1     0    10    10  297.       1.00       0.008281  
 298     1   1     0    11    11  297.       0.00500    0.005000  
 298     2   1     0     7     7  297.       0.00875    0.003750  
 298     3   1     0    10    10  297.       0.0125     0.003750  
 298     4   1     0    10    10  297.       0.0163     0.003750  
 298     5   1     0     8     8  297.       0.0200     0.003750  
 298     6   1     0     7     7  297.       0.0238     0.003750  
 298     7   1     0     6     6  297.       0.0275     0.003750  
 298     8   1     0     4     4  297.       0.0312     0.003750  
 298     9   1     0     2     2  297.       0.0350     0.003750  
 298    10   1     0     8     8  297.       0.0406     0.005625  
 298    11   1     0     2     2  297.       0.0462     0.005625  
 298    12   1     0     4     4  297.       0.0519     0.005625  
 298    13   1     0     6     6  297.       0.0603     0.008438  
 298    14   1     0     2     2  297.       0.0688     0.008438  
 298    15   1     0     6     6  297.       0.0772     0.008438  
 298    16   1     0     4     4  297.       0.0856     0.008438  
 298    17   1     0     2     2  297.       0.0941     0.008438  
 298    18   1     0     9     9  297.       0.107      0.01266   
 298    19   1     0     4     4  297.       0.119      0.01266   
 298    20   1     0     4     4  297.       0.132      0.01266   
 298    21   1     0     8     8  297.       0.151      0.01898   
 298    22   1     0     5     5  297.       0.170      0.01898   
 298    23   1     0     4     4  297.       0.189      0.01898   
 298    24   1     0     4     4  297.       0.208      0.01898   
 298    25   1     0     7     7  297.       0.233      0.02500   
 298    26   1     0    10    10  297.       0.258      0.02500   
 298    27   1     0     6     6  297.       0.283      0.02500   
 298    28   1     0     3     3  297.       0.308      0.02500   
 298    29   1     0    10    10  297.       0.333      0.02500   
 298    30   1     0    10    10  297.       0.358      0.02500   
 298    31   1     0    11    11  297.       0.383      0.02500   
 298    32   1     0    10    10  297.       0.402      0.01875   
 298    33   1     0    10    10  297.       0.420      0.01875   
 298    34   1     0     9     9  297.       0.439      0.01875   
 298    35   1     0     7     7  297.       0.458      0.01875   
 298    36   1     0     5     5  297.       0.477      0.01875   
 298    37   1     0     5     5  297.       0.495      0.01875   
 298    38   1     0     5     5  298.       0.514      0.01875   
 298    39   1     0     5     5  298.       0.533      0.01875   
 298    40   1     0     4     4  298.       0.552      0.01875   
 298    41   1     0     4     4  298.       0.570      0.01875   
 298    42   1     0     7     7  298.       0.595      0.02500   
 298    43   1     0     5     5  298.       0.620      0.02500   
 298    44   1     0     4     4  298.       0.645      0.02500   
 298    45   1     0     4     4  298.       0.670      0.02500   
 298    46   1     0     4     4  298.       0.695      0.02500   
 298    47   1     0     3     3  298.       0.720      0.02500   
 298    48   1     0     3     3  298.       0.745      0.02500   
 298    49   1     0     8     8  298.       0.770      0.02500   
 298    50   1     0     8     8  298.       0.795      0.02500   
 298    51   1     0     4     4  298.       0.820      0.02500   
 298    52   1     0    10    10  298.       0.845      0.02500   
 298    53   1     0    11    11  298.       0.870      0.02500   
 298    54   1     0    10    10  298.       0.889      0.01875   
 298    55   1     0    11    11  298.       0.908      0.01875   
 298    56   1     0    10    10  298.       0.922      0.01406   
 298    57   1     0     7     7  298.       0.936      0.01406   
 298    58   1     0     5     5  298.       0.950      0.01406   
 298    59   1     0     6     6  298.       0.964      0.01406   
 298    60   1     0     8     8  298.       0.978      0.01406   
 298    61   1     0     5     5  298.       0.992      0.01406   
 298    62   1     0    10    10  298.       1.00       0.007656  
 299     1   1     0    10    10  298.       0.00500    0.005000  
 299     2   1     0     4     4  298.       0.0100     0.005000  
 299     3   1     0     5     5  298.       0.0150     0.005000  
 299     4   1     0     3     3  298.       0.0200     0.005000  
 299     5   1     0     1     1  298.       0.0250     0.005000  
 299     6   1     0     8     8  298.       0.0325     0.007500  
 299     7   1     0     2     2  298.       0.0400     0.007500  
 299     8   1     0     5     5  298.       0.0475     0.007500  
 299     9   1     0     3     3  298.       0.0550     0.007500  
 299    10   1     0     3     3  298.       0.0625     0.007500  
 299    11   1     0    10    10  298.       0.0737     0.01125   
 299    12   1     0     3     3  298.       0.0850     0.01125   
 299    13   1     0     4     4  298.       0.0962     0.01125   
 299    14   1     0     8     8  298.       0.113      0.01688   
 299    15   1     0     4     4  298.       0.130      0.01688   
 299    16   1     0     5     5  298.       0.147      0.01688   
 299    17   1     0     3     3  298.       0.164      0.01688   
 299    18   1     0     2     2  298.       0.181      0.01688   
 299    19   1     0     7     7  298.       0.206      0.02500   
 299    20   1     0     6     6  298.       0.231      0.02500   
 299    21   1     0    10    10  298.       0.256      0.02500   
 299    22   1     0     6     6  298.       0.281      0.02500   
 299    23   1     0     1     1  298.       0.306      0.02500   
 299    24   1     0    10    10  298.       0.331      0.02500   
 299    25   1     0    10    10  298.       0.356      0.02500   
 299    26   1     0    11    11  298.       0.381      0.02500   
 299    27   1     0    10    10  298.       0.399      0.01875   
 299    28   1     0    10    10  298.       0.418      0.01875   
 299    29   1     0     9     9  298.       0.437      0.01875   
 299    30   1     0     7     7  298.       0.456      0.01875   
 299    31   1     0     5     5  298.       0.474      0.01875   
 299    32   1     0     5     5  298.       0.493      0.01875   
 299    33   1     0     5     5  299.       0.512      0.01875   
 299    34   1     0     5     5  299.       0.531      0.01875   
 299    35   1     0     4     4  299.       0.549      0.01875   
 299    36   1     0     4     4  299.       0.568      0.01875   
 299    37   1     0     7     7  299.       0.593      0.02500   
 299    38   1     0     5     5  299.       0.618      0.02500   
 299    39   1     0     4     4  299.       0.643      0.02500   
 299    40   1     0     4     4  299.       0.668      0.02500   
 299    41   1     0     4     4  299.       0.693      0.02500   
 299    42   1     0     3     3  299.       0.718      0.02500   
 299    43   1     0     3     3  299.       0.743      0.02500   
 299    44   1     0     9     9  299.       0.768      0.02500   
 299    45   1     0     7     7  299.       0.793      0.02500   
 299    46   1     0     4     4  299.       0.818      0.02500   
 299    47   1     0    10    10  299.       0.843      0.02500   
 299    48   1     0    12    12  299.       0.868      0.02500   
 299    49   1     0    10    10  299.       0.887      0.01875   
 299    50   1     0    11    11  299.       0.906      0.01875   
 299    51   1     0    10    10  299.       0.920      0.01406   
 299    52   1     0    10    10  299.       0.934      0.01406   
 299    53   1     0     8     8  299.       0.948      0.01406   
 299    54   1     0     6     6  299.       0.962      0.01406   
 299    55   1     0     7     7  299.       0.976      0.01406   
 299    56   1     0     5     5  299.       0.990      0.01406   
 299    57   1     0    10    10  299.       1.00       0.01000   
 300     1   1     0    10    10  299.       0.00500    0.005000  
 300     2   1     0     5     5  299.       0.0100     0.005000  
 300     3   1     0     5     5  299.       0.0150     0.005000  
 300     4   1     0     3     3  299.       0.0200     0.005000  
 300     5   1     0     2     2  299.       0.0250     0.005000  
 300     6   1     0     7     7  299.       0.0325     0.007500  
 300     7   1     0     2     2  299.       0.0400     0.007500  
 300     8   1     0     5     5  299.       0.0475     0.007500  
 300     9   1     0     3     3  299.       0.0550     0.007500  
 300    10   1     0     3     3  299.       0.0625     0.007500  
 300    11   1     0    10    10  299.       0.0737     0.01125   
 300    12   1     0     4     4  299.       0.0850     0.01125   
 300    13   1     0     4     4  299.       0.0962     0.01125   
 300    14   1     0     9     9  299.       0.113      0.01688   
 300    15   1     0     5     5  299.       0.130      0.01688   
 300    16   1     0     5     5  299.       0.147      0.01688   
 300    17   1     0     3     3  299.       0.164      0.01688   
 300    18   1     0     2     2  299.       0.181      0.01688   
 300    19   1     0     7     7  299.       0.206      0.02500   
 300    20   1     0     6     6  299.       0.231      0.02500   
 300    21   1     0    10    10  299.       0.256      0.02500   
 300    22   1     0     6     6  299.       0.281      0.02500   
 300    23   1     0     1     1  299.       0.306      0.02500   
 300    24   1     0    10    10  299.       0.331      0.02500   
 300    25   1     0    10    10  299.       0.356      0.02500   
 300    26   1     0    11    11  299.       0.381      0.02500   
 300    27   1     0    10    10  299.       0.399      0.01875   
 300    28   1     0    10    10  299.       0.418      0.01875   
 300    29   1     0     9     9  299.       0.437      0.01875   
 300    30   1     0     7     7  299.       0.456      0.01875   
 300    31   1     0     5     5  299.       0.474      0.01875   
 300    32   1     0     5     5  299.       0.493      0.01875   
 300    33   1     0     5     5  300.       0.512      0.01875   
 300    34   1     0     5     5  300.       0.531      0.01875   
 300    35   1     0     4     4  300.       0.549      0.01875   
 300    36   1     0     4     4  300.       0.568      0.01875   
 300    37   1     0     7     7  300.       0.593      0.02500   
 300    38   1     0     5     5  300.       0.618      0.02500   
 300    39   1     0     4     4  300.       0.643      0.02500   
 300    40   1     0     4     4  300.       0.668      0.02500   
 300    41   1     0     4     4  300.       0.693      0.02500   
 300    42   1     0     3     3  300.       0.718      0.02500   
 300    43   1     0     3     3  300.       0.743      0.02500   
 300    44   1     0     9     9  300.       0.768      0.02500   
 300    45   1     0     7     7  300.       0.793      0.02500   
 300    46   1     0     4     4  300.       0.818      0.02500   
 300    47   1     0    10    10  300.       0.843      0.02500   
 300    48   1U    0     9     9  300.       0.843      0.02500   
 300    48   2     0    11    11  300.       0.856      0.01250   
 300    49   1     0    11    11  300.       0.865      0.009375  
 300    50   1     0    10    10  300.       0.872      0.007031  
 300    51   1     0    10    10  300.       0.879      0.007031  
 300    52   1     0    10    10  300.       0.886      0.007031  
 300    53   1     0     9     9  300.       0.893      0.007031  
 300    54   1     0     5     5  300.       0.900      0.007031  
 300    55   1     0     6     6  300.       0.907      0.007031  
 300    56   1     0     7     7  300.       0.914      0.007031  
 300    57   1     0     5     5  300.       0.921      0.007031  
 300    58   1     0     3     3  300.       0.928      0.007031  
 300    59   1     0     3     3  300.       0.935      0.007031  
 300    60   1     0     4     4  300.       0.946      0.01055   
 300    61   1     0     3     3  300.       0.962      0.01582   
 300    62   1     0     6     6  300.       0.985      0.02373   
 300    63   1     0    10    10  300.       1.00       0.01459   
 301     1   1     0    10    10  300.       0.00500    0.005000  
 301     2   1     0     9     9  300.       0.0100     0.005000  
 301     3   1     0     9     9  300.       0.0150     0.005000  
 301     4   1     0     7     7  300.       0.0200     0.005000  
 301     5   1     0     5     5  300.       0.0250     0.005000  
 301     6   1     0     3     3  300.       0.0300     0.005000  
 301     7   1     0     1     1  300.       0.0350     0.005000  
 301     8   1     0     8     8  300.       0.0425     0.007500  
 301     9   1     0     2     2  300.       0.0500     0.007500  
 301    10   1     0     4     4  300.       0.0575     0.007500  
 301    11   1U    0     5     5  300.       0.0575     0.01125   
 301    11   2     0    10    10  300.       0.0603     0.002812  
 301    12   1     0     4     4  300.       0.0631     0.002812  
 301    13   1     0     5     5  300.       0.0659     0.002812  
 301    14   1     0     4     4  300.       0.0687     0.002812  
 301    15   1     0     3     3  300.       0.0716     0.002812  
 301    16   1     0     7     7  300.       0.0758     0.004219  
 301    17   1     0     1     1  300.       0.0800     0.004219  
 301    18   1     0     1     1  300.       0.0842     0.004219  
 301    19   1     0     5     5  300.       0.0905     0.006328  
 301    20   1     0     1     1  300.       0.0969     0.006328  
 301    21   1     0     2     2  300.       0.103      0.006328  
 301    22   1     0     5     5  300.       0.113      0.009492  
 301    23   1     0     2     2  300.       0.122      0.009492  
 301    24   1     0     3     3  300.       0.132      0.009492  
 301    25   1     0     7     7  300.       0.146      0.01424   
 301    26   1     0     4     4  300.       0.160      0.01424   
 301    27   1     0     4     4  300.       0.174      0.01424   
 301    28   1     0     7     7  300.       0.196      0.02136   
 301    29   1     0     4     4  300.       0.217      0.02136   
 301    30   1     0     4     4  300.       0.238      0.02136   
 301    31   1     0    10    10  300.       0.263      0.02500   
 301    32   1     0     2     2  300.       0.288      0.02500   
 301    33   1     0     7     7  300.       0.313      0.02500   
 301    34   1     0    10    10  300.       0.338      0.02500   
 301    35   1     0    10    10  300.       0.363      0.02500   
 301    36   1     0    11    11  300.       0.388      0.02500   
 301    37   1     0    10    10  300.       0.407      0.01875   
 301    38   1     0    10    10  300.       0.426      0.01875   
 301    39   1     0     9     9  300.       0.445      0.01875   
 301    40   1     0     6     6  300.       0.463      0.01875   
 301    41   1     0     5     5  300.       0.482      0.01875   
 301    42   1     0     5     5  301.       0.501      0.01875   
 301    43   1     0     5     5  301.       0.520      0.01875   
 301    44   1     0     5     5  301.       0.538      0.01875   
 301    45   1     0     4     4  301.       0.557      0.01875   
 301    46   1     0     3     3  301.       0.576      0.01875   
 301    47   1     0     7     7  301.       0.601      0.02500   
 301    48   1     0     5     5  301.       0.626      0.02500   
 301    49   1     0     4     4  301.       0.651      0.02500   
 301    50   1     0     4     4  301.       0.676      0.02500   
 301    51   1     0     4     4  301.       0.701      0.02500   
 301    52   1     0     3     3  301.       0.726      0.02500   
 301    53   1     0     7     7  301.       0.751      0.02500   
 301    54   1     0     7     7  301.       0.776      0.02500   
 301    55   1     0     5     5  301.       0.801      0.02500   
 301    56   1     0     4     4  301.       0.826      0.02500   
 301    57   1     0    10    10  301.       0.851      0.02500   
 301    58   1     0    10    10  301.       0.876      0.02500   
 301    59   1     0    10    10  301.       0.901      0.02500   
 301    60   1     0    10    10  301.       0.926      0.02500   
 301    61   1     0     6     6  301.       0.951      0.02500   
 301    62   1     0     6     6  301.       0.976      0.02500   
 301    63   1     0     5     5  301.       1.00       0.02403   
 302     1   1     0    10    10  301.       0.00500    0.005000  
 302     2   1     0    10    10  301.       0.0100     0.005000  
 302     3   1     0    10    10  301.       0.0150     0.005000  
 302     4   1     0     7     7  301.       0.0200     0.005000  
 302     5   1     0     6     6  301.       0.0250     0.005000  
 302     6   1     0     4     4  301.       0.0300     0.005000  
 302     7   1     0     1     1  301.       0.0350     0.005000  
 302     8   1     0     7     7  301.       0.0425     0.007500  
 302     9   1     0     2     2  301.       0.0500     0.007500  
 302    10   1     0     4     4  301.       0.0575     0.007500  
 302    11   1U    0     4     4  301.       0.0575     0.01125   
 302    11   2     0     9     9  301.       0.0603     0.002812  
 302    12   1     0     3     3  301.       0.0631     0.002812  
 302    13   1     0     4     4  301.       0.0659     0.002812  
 302    14   1     0     8     8  301.       0.0702     0.004219  
 302    15   1     0     1     1  301.       0.0744     0.004219  
 302    16   1     0     2     2  301.       0.0786     0.004219  
 302    17   1     0     6     6  301.       0.0849     0.006328  
 302    18   1     0     1     1  301.       0.0912     0.006328  
 302    19   1     0     2     2  301.       0.0976     0.006328  
 302    20   1     0     4     4  301.       0.107      0.009492  
 302    21   1     0     7     7  301.       0.121      0.01424   
 302    22   1     0     5     5  301.       0.136      0.01424   
 302    23   1     0     5     5  301.       0.150      0.01424   
 302    24   1     0     3     3  301.       0.164      0.01424   
 302    25   1     0     2     2  301.       0.178      0.01424   
 302    26   1     0     8     8  301.       0.200      0.02136   
 302    27   1     0     4     4  301.       0.221      0.02136   
 302    28   1     0     4     4  301.       0.242      0.02136   
 302    29   1     0     7     7  301.       0.267      0.02500   
 302    30   1     0     2     2  301.       0.292      0.02500   
 302    31   1     0     7     7  301.       0.317      0.02500   
 302    32   1     0    10    10  301.       0.342      0.02500   
 302    33   1     0    10    10  301.       0.367      0.02500   
 302    34   1     0    10    10  301.       0.392      0.02500   
 302    35   1     0    10    10  301.       0.417      0.02500   
 302    36   1     0    10    10  301.       0.442      0.02500   
 302    37   1     0     8     8  301.       0.467      0.02500   
 302    38   1     0     5     5  301.       0.492      0.02500   
 302    39   1     0     4     4  302.       0.517      0.02500   
 302    40   1     0     5     5  302.       0.542      0.02500   
 302    41   1     0     3     3  302.       0.567      0.02500   
 302    42   1     0     4     4  302.       0.592      0.02500   
 302    43   1     0     4     4  302.       0.617      0.02500   
 302    44   1     0     4     4  302.       0.642      0.02500   
 302    45   1     0     3     3  302.       0.667      0.02500   
 302    46   1     0     4     4  302.       0.692      0.02500   
 302    47   1     0     3     3  302.       0.717      0.02500   
 302    48   1     0     2     2  302.       0.742      0.02500   
 302    49   1     0    10    10  302.       0.767      0.02500   
 302    50   1     0     8     8  302.       0.792      0.02500   
 302    51   1     0     5     5  302.       0.817      0.02500   
 302    52   1     0    10    10  302.       0.842      0.02500   
 302    53   1     0    10    10  302.       0.867      0.02500   
 302    54   1     0    10    10  302.       0.892      0.02500   
 302    55   1     0    10    10  302.       0.917      0.02500   
 302    56   1     0     9     9  302.       0.942      0.02500   
 302    57   1     0     7     7  302.       0.967      0.02500   
 302    58   1     0     5     5  302.       0.992      0.02500   
 302    59   1     0    10    10  302.       1.00       0.007666  
 303     1   1     0    10    10  302.       0.00500    0.005000  
 303     2   1     0     7     7  302.       0.0100     0.005000  
 303     3   1     0     5     5  302.       0.0150     0.005000  
 303     4   1     0     3     3  302.       0.0200     0.005000  
 303     5   1     0     1     1  302.       0.0250     0.005000  
 303     6   1     0     5     5  302.       0.0325     0.007500  
 303     7   1     0     2     2  302.       0.0400     0.007500  
 303     8   1     0     4     4  302.       0.0475     0.007500  
 303     9   1     0     5     5  302.       0.0587     0.01125   
 303    10   1     0     4     4  302.       0.0700     0.01125   
 303    11   1     0     6     6  302.       0.0812     0.01125   
 303    12   1     0     4     4  302.       0.0925     0.01125   
 303    13   1     0     3     3  302.       0.104      0.01125   
 303    14   1     0     9     9  302.       0.121      0.01688   
 303    15   1     0     4     4  302.       0.137      0.01688   
 303    16   1     0     4     4  302.       0.154      0.01688   
 303    17   1     0     7     7  302.       0.179      0.02500   
 303    18   1     0     6     6  302.       0.204      0.02500   
 303    19   1     0     4     4  302.       0.229      0.02500   
 303    20   1     0    10    10  302.       0.254      0.02500   
 303    21   1     0     6     6  302.       0.279      0.02500   
 303    22   1     0     1     1  302.       0.304      0.02500   
 303    23   1     0    10    10  302.       0.329      0.02500   
 303    24   1     0    10    10  302.       0.354      0.02500   
 303    25   1     0    11    11  302.       0.379      0.02500   
 303    26   1     0    11    11  302.       0.398      0.01875   
 303    27   1     0    10    10  302.       0.412      0.01406   
 303    28   1     0     9     9  302.       0.426      0.01406   
 303    29   1     0     7     7  302.       0.440      0.01406   
 303    30   1     0     6     6  302.       0.454      0.01406   
 303    31   1     0     7     7  302.       0.468      0.01406   
 303    32   1     0     6     6  302.       0.482      0.01406   
 303    33   1     0     5     5  302.       0.497      0.01406   
 303    34   1     0     5     5  303.       0.511      0.01406   
 303    35   1     0     5     5  303.       0.525      0.01406   
 303    36   1     0     4     4  303.       0.539      0.01406   
 303    37   1     0     4     4  303.       0.553      0.01406   
 303    38   1     0     9     9  303.       0.574      0.02109   
 303    39   1     0     5     5  303.       0.595      0.02109   
 303    40   1     0     4     4  303.       0.616      0.02109   
 303    41   1     0     5     5  303.       0.637      0.02109   
 303    42   1     0     4     4  303.       0.658      0.02109   
 303    43   1     0     4     4  303.       0.679      0.02109   
 303    44   1     0     6     6  303.       0.704      0.02500   
 303    45   1     0     5     5  303.       0.729      0.02500   
 303    46   1     0    10    10  303.       0.754      0.02500   
 303    47   1     0     7     7  303.       0.779      0.02500   
 303    48   1     0     5     5  303.       0.804      0.02500   
 303    49   1     0     6     6  303.       0.829      0.02500   
 303    50   1     0    10    10  303.       0.854      0.02500   
 303    51   1     0    11    11  303.       0.879      0.02500   
 303    52   1     0    10    10  303.       0.898      0.01875   
 303    53   1     0    10    10  303.       0.917      0.01875   
 303    54   1     0     8     8  303.       0.936      0.01875   
 303    55   1     0     8     8  303.       0.954      0.01875   
 303    56   1     0     6     6  303.       0.973      0.01875   
 303    57   1     0     6     6  303.       0.992      0.01875   
 303    58   1     0    10    10  303.       1.00       0.008125  
 304     1   1     0    10    10  303.       0.00500    0.005000  
 304     2   1     0     8     8  303.       0.0100     0.005000  
 304     3   1     0     9     9  303.       0.0150     0.005000  
 304     4   1     0     6     6  303.       0.0200     0.005000  
 304     5   1     0     5     5  303.       0.0250     0.005000  
 304     6   1     0     3     3  303.       0.0300     0.005000  
 304     7   1     0     1     1  303.       0.0350     0.005000  
 304     8   1     0     9     9  303.       0.0425     0.007500  
 304     9   1     0     2     2  303.       0.0500     0.007500  
 304    10   1     0     5     5  303.       0.0575     0.007500  
 304    11   1     0     3     3  303.       0.0650     0.007500  
 304    12   1     0     2     2  303.       0.0725     0.007500  
 304    13   1     0     8     8  303.       0.0838     0.01125   
 304    14   1     0     3     3  303.       0.0950     0.01125   
 304    15   1     0     4     4  303.       0.106      0.01125   
 304    16   1     0     9     9  303.       0.123      0.01688   
 304    17   1     0     5     5  303.       0.140      0.01688   
 304    18   1     0     4     4  303.       0.157      0.01688   
 304    19   1     0     3     3  303.       0.174      0.01688   
 304    20   1     0     7     7  303.       0.199      0.02500   
 304    21   1     0     5     5  303.       0.224      0.02500   
 304    22   1     0     5     5  303.       0.249      0.02500   
 304    23   1     0     6     6  303.       0.274      0.02500   
 304    24   1     0     1     1  303.       0.299      0.02500   
 304    25   1     0     9     9  303.       0.324      0.02500   
 304    26   1     0    10    10  303.       0.349      0.02500   
 304    27   1     0    12    12  303.       0.374      0.02500   
 304    28   1     0    12    12  303.       0.393      0.01875   
 304    29   1     0    10    10  303.       0.407      0.01406   
 304    30   1     0     8     8  303.       0.421      0.01406   
 304    31   1     0     8     8  303.       0.435      0.01406   
 304    32   1     0     6     6  303.       0.449      0.01406   
 304    33   1     0     7     7  303.       0.463      0.01406   
 304    34   1     0     6     6  303.       0.477      0.01406   
 304    35   1     0     6     6  303.       0.491      0.01406   
 304    36   1     0     5     5  304.       0.505      0.01406   
 304    37   1     0     5     5  304.       0.519      0.01406   
 304    38   1     0     5     5  304.       0.533      0.01406   
 304    39   1     0     4     4  304.       0.547      0.01406   
 304    40   1     0     4     4  304.       0.561      0.01406   
 304    41   1     0     9     9  304.       0.582      0.02109   
 304    42   1     0     5     5  304.       0.603      0.02109   
 304    43   1     0     5     5  304.       0.625      0.02109   
 304    44   1     0     4     4  304.       0.646      0.02109   
 304    45   1     0     4     4  304.       0.667      0.02109   
 304    46   1     0     6     6  304.       0.692      0.02500   
 304    47   1     0     5     5  304.       0.717      0.02500   
 304    48   1     0     4     4  304.       0.742      0.02500   
 304    49   1     0    10    10  304.       0.767      0.02500   
 304    50   1     0     7     7  304.       0.792      0.02500   
 304    51   1     0     4     4  304.       0.817      0.02500   
 304    52   1     0    10    10  304.       0.842      0.02500   
 304    53   1     0    10    10  304.       0.867      0.02500   
 304    54   1     0    10    10  304.       0.892      0.02500   
 304    55   1     0    10    10  304.       0.917      0.02500   
 304    56   1     0     9     9  304.       0.942      0.02500   
 304    57   1     0     6     6  304.       0.967      0.02500   
 304    58   1     0     5     5  304.       0.992      0.02500   
 304    59   1     0    10    10  304.       1.00       0.008281  
 305     1   1     0    11    11  304.       0.00500    0.005000  
 305     2   1     0     7     7  304.       0.00875    0.003750  
 305     3   1     0    10    10  304.       0.0125     0.003750  
 305     4   1     0    10    10  304.       0.0163     0.003750  
 305     5   1     0     8     8  304.       0.0200     0.003750  
 305     6   1     0     7     7  304.       0.0238     0.003750  
 305     7   1     0     6     6  304.       0.0275     0.003750  
 305     8   1     0     4     4  304.       0.0312     0.003750  
 305     9   1     0     2     2  304.       0.0350     0.003750  
 305    10   1     0     8     8  304.       0.0406     0.005625  
 305    11   1     0     2     2  304.       0.0462     0.005625  
 305    12   1     0     4     4  304.       0.0519     0.005625  
 305    13   1     0     6     6  304.       0.0603     0.008438  
 305    14   1     0     2     2  304.       0.0688     0.008438  
 305    15   1     0     6     6  304.       0.0772     0.008438  
 305    16   1     0     4     4  304.       0.0856     0.008438  
 305    17   1     0     2     2  304.       0.0941     0.008438  
 305    18   1     0     9     9  304.       0.107      0.01266   
 305    19   1     0     4     4  304.       0.119      0.01266   
 305    20   1     0     4     4  304.       0.132      0.01266   
 305    21   1     0     8     8  304.       0.151      0.01898   
 305    22   1     0     5     5  304.       0.170      0.01898   
 305    23   1     0     4     4  304.       0.189      0.01898   
 305    24   1     0     4     4  304.       0.208      0.01898   
 305    25   1     0     7     7  304.       0.233      0.02500   
 305    26   1     0    10    10  304.       0.258      0.02500   
 305    27   1     0     6     6  304.       0.283      0.02500   
 305    28   1     0     3     3  304.       0.308      0.02500   
 305    29   1     0    10    10  304.       0.333      0.02500   
 305    30   1     0    10    10  304.       0.358      0.02500   
 305    31   1     0    11    11  304.       0.383      0.02500   
 305    32   1     0    10    10  304.       0.402      0.01875   
 305    33   1     0    10    10  304.       0.420      0.01875   
 305    34   1     0     9     9  304.       0.439      0.01875   
 305    35   1     0     7     7  304.       0.458      0.01875   
 305    36   1     0     5     5  304.       0.477      0.01875   
 305    37   1     0     5     5  304.       0.495      0.01875   
 305    38   1     0     5     5  305.       0.514      0.01875   
 305    39   1     0     5     5  305.       0.533      0.01875   
 305    40   1     0     4     4  305.       0.552      0.01875   
 305    41   1     0     4     4  305.       0.570      0.01875   
 305    42   1     0     7     7  305.       0.595      0.02500   
 305    43   1     0     5     5  305.       0.620      0.02500   
 305    44   1     0     4     4  305.       0.645      0.02500   
 305    45   1     0     4     4  305.       0.670      0.02500   
 305    46   1     0     4     4  305.       0.695      0.02500   
 305    47   1     0     3     3  305.       0.720      0.02500   
 305    48   1     0     3     3  305.       0.745      0.02500   
 305    49   1     0     8     8  305.       0.770      0.02500   
 305    50   1     0     8     8  305.       0.795      0.02500   
 305    51   1     0     4     4  305.       0.820      0.02500   
 305    52   1     0    10    10  305.       0.845      0.02500   
 305    53   1     0    11    11  305.       0.870      0.02500   
 305    54   1     0    10    10  305.       0.889      0.01875   
 305    55   1     0    11    11  305.       0.908      0.01875   
 305    56   1     0    10    10  305.       0.922      0.01406   
 305    57   1     0     7     7  305.       0.936      0.01406   
 305    58   1     0     5     5  305.       0.950      0.01406   
 305    59   1     0     6     6  305.       0.964      0.01406   
 305    60   1     0     8     8  305.       0.978      0.01406   
 305    61   1     0     5     5  305.       0.992      0.01406   
 305    62   1     0    10    10  305.       1.00       0.007656  
 306     1   1     0    10    10  305.       0.00500    0.005000  
 306     2   1     0     4     4  305.       0.0100     0.005000  
 306     3   1     0     5     5  305.       0.0150     0.005000  
 306     4   1     0     3     3  305.       0.0200     0.005000  
 306     5   1     0     1     1  305.       0.0250     0.005000  
 306     6   1     0     8     8  305.       0.0325     0.007500  
 306     7   1     0     2     2  305.       0.0400     0.007500  
 306     8   1     0     5     5  305.       0.0475     0.007500  
 306     9   1     0     3     3  305.       0.0550     0.007500  
 306    10   1     0     3     3  305.       0.0625     0.007500  
 306    11   1     0    10    10  305.       0.0737     0.01125   
 306    12   1     0     3     3  305.       0.0850     0.01125   
 306    13   1     0     4     4  305.       0.0962     0.01125   
 306    14   1     0     8     8  305.       0.113      0.01688   
 306    15   1     0     4     4  305.       0.130      0.01688   
 306    16   1     0     5     5  305.       0.147      0.01688   
 306    17   1     0     3     3  305.       0.164      0.01688   
 306    18   1     0     3     3  305.       0.181      0.01688   
 306    19   1     0     7     7  305.       0.206      0.02500   
 306    20   1     0     6     6  305.       0.231      0.02500   
 306    21   1     0    10    10  305.       0.256      0.02500   
 306    22   1     0     6     6  305.       0.281      0.02500   
 306    23   1     0     1     1  305.       0.306      0.02500   
 306    24   1     0    10    10  305.       0.331      0.02500   
 306    25   1     0    10    10  305.       0.356      0.02500   
 306    26   1     0    11    11  305.       0.381      0.02500   
 306    27   1     0    10    10  305.       0.399      0.01875   
 306    28   1     0    10    10  305.       0.418      0.01875   
 306    29   1     0     9     9  305.       0.437      0.01875   
 306    30   1     0     7     7  305.       0.456      0.01875   
 306    31   1     0     5     5  305.       0.474      0.01875   
 306    32   1     0     5     5  305.       0.493      0.01875   
 306    33   1     0     5     5  306.       0.512      0.01875   
 306    34   1     0     5     5  306.       0.531      0.01875   
 306    35   1     0     4     4  306.       0.549      0.01875   
 306    36   1     0     4     4  306.       0.568      0.01875   
 306    37   1     0     7     7  306.       0.593      0.02500   
 306    38   1     0     5     5  306.       0.618      0.02500   
 306    39   1     0     4     4  306.       0.643      0.02500   
 306    40   1     0     4     4  306.       0.668      0.02500   
 306    41   1     0     4     4  306.       0.693      0.02500   
 306    42   1     0     3     3  306.       0.718      0.02500   
 306    43   1     0     3     3  306.       0.743      0.02500   
 306    44   1     0     9     9  306.       0.768      0.02500   
 306    45   1     0     7     7  306.       0.793      0.02500   
 306    46   1     0     4     4  306.       0.818      0.02500   
 306    47   1     0    10    10  306.       0.843      0.02500   
 306    48   1     0    12    12  306.       0.868      0.02500   
 306    49   1     0    10    10  306.       0.887      0.01875   
 306    50   1     0    11    11  306.       0.906      0.01875   
 306    51   1     0    10    10  306.       0.920      0.01406   
 306    52   1     0    10    10  306.       0.934      0.01406   
 306    53   1     0     8     8  306.       0.948      0.01406   
 306    54   1     0     6     6  306.       0.962      0.01406   
 306    55   1     0     7     7  306.       0.976      0.01406   
 306    56   1     0     5     5  306.       0.990      0.01406   
 306    57   1     0    10    10  306.       1.00       0.01000   
 307     1   1     0    10    10  306.       0.00500    0.005000  
 307     2   1     0     5     5  306.       0.0100     0.005000  
 307     3   1     0     5     5  306.       0.0150     0.005000  
 307     4   1     0     3     3  306.       0.0200     0.005000  
 307     5   1     0     2     2  306.       0.0250     0.005000  
 307     6   1     0     7     7  306.       0.0325     0.007500  
 307     7   1     0     2     2  306.       0.0400     0.007500  
 307     8   1     0     5     5  306.       0.0475     0.007500  
 307     9   1     0     3     3  306.       0.0550     0.007500  
 307    10   1     0     3     3  306.       0.0625     0.007500  
 307    11   1     0    10    10  306.       0.0737     0.01125   
 307    12   1     0     4     4  306.       0.0850     0.01125   
 307    13   1     0     4     4  306.       0.0962     0.01125   
 307    14   1     0     9     9  306.       0.113      0.01688   
 307    15   1     0     5     5  306.       0.130      0.01688   
 307    16   1     0     5     5  306.       0.147      0.01688   
 307    17   1     0     3     3  306.       0.164      0.01688   
 307    18   1     0     2     2  306.       0.181      0.01688   
 307    19   1     0     7     7  306.       0.206      0.02500   
 307    20   1     0     6     6  306.       0.231      0.02500   
 307    21   1     0    10    10  306.       0.256      0.02500   
 307    22   1     0     6     6  306.       0.281      0.02500   
 307    23   1     0     1     1  306.       0.306      0.02500   
 307    24   1     0    10    10  306.       0.331      0.02500   
 307    25   1     0    10    10  306.       0.356      0.02500   
 307    26   1     0    11    11  306.       0.381      0.02500   
 307    27   1     0    10    10  306.       0.399      0.01875   
 307    28   1     0    10    10  306.       0.418      0.01875   
 307    29   1     0     9     9  306.       0.437      0.01875   
 307    30   1     0     7     7  306.       0.456      0.01875   
 307    31   1     0     5     5  306.       0.474      0.01875   
 307    32   1     0     5     5  306.       0.493      0.01875   
 307    33   1     0     5     5  307.       0.512      0.01875   
 307    34   1     0     5     5  307.       0.531      0.01875   
 307    35   1     0     4     4  307.       0.549      0.01875   
 307    36   1     0     4     4  307.       0.568      0.01875   
 307    37   1     0     7     7  307.       0.593      0.02500   
 307    38   1     0     5     5  307.       0.618      0.02500   
 307    39   1     0     4     4  307.       0.643      0.02500   
 307    40   1     0     4     4  307.       0.668      0.02500   
 307    41   1     0     4     4  307.       0.693      0.02500   
 307    42   1     0     3     3  307.       0.718      0.02500   
 307    43   1     0     3     3  307.       0.743      0.02500   
 307    44   1     0     9     9  307.       0.768      0.02500   
 307    45   1     0     7     7  307.       0.793      0.02500   
 307    46   1     0     4     4  307.       0.818      0.02500   
 307    47   1     0    10    10  307.       0.843      0.02500   
 307    48   1U    0     9     9  307.       0.843      0.02500   
 307    48   2     0    11    11  307.       0.856      0.01250   
 307    49   1     0    11    11  307.       0.865      0.009375  
 307    50   1     0    10    10  307.       0.872      0.007031  
 307    51   1     0    10    10  307.       0.879      0.007031  
 307    52   1     0    10    10  307.       0.886      0.007031  
 307    53   1     0     9     9  307.       0.893      0.007031  
 307    54   1     0     5     5  307.       0.900      0.007031  
 307    55   1     0     6     6  307.       0.907      0.007031  
 307    56   1     0     7     7  307.       0.914      0.007031  
 307    57   1     0     5     5  307.       0.921      0.007031  
 307    58   1     0     3     3  307.       0.928      0.007031  
 307    59   1     0     3     3  307.       0.935      0.007031  
 307    60   1     0     4     4  307.       0.946      0.01055   
 307    61   1     0     3     3  307.       0.962      0.01582   
 307    62   1     0     6     6  307.       0.985      0.02373   
 307    63   1     0    10    10  307.       1.00       0.01459   
 308     1   1     0    10    10  307.       0.00500    0.005000  
 308     2   1     0     9     9  307.       0.0100     0.005000  
 308     3   1     0     9     9  307.       0.0150     0.005000  
 308     4   1     0     7     7  307.       0.0200     0.005000  
 308     5   1     0     5     5  307.       0.0250     0.005000  
 308     6   1     0     3     3  307.       0.0300     0.005000  
 308     7   1     0     1     1  307.       0.0350     0.005000  
 308     8   1     0     8     8  307.       0.0425     0.007500  
 308     9   1     0     2     2  307.       0.0500     0.007500  
 308    10   1     0     4     4  307.       0.0575     0.007500  
 308    11   1U    0     5     5  307.       0.0575     0.01125   
 308    11   2     0    10    10  307.       0.0603     0.002812  
 308    12   1     0     4     4  307.       0.0631     0.002812  
 308    13   1     0     5     5  307.       0.0659     0.002812  
 308    14   1     0     4     4  307.       0.0687     0.002812  
 308    15   1     0     3     3  307.       0.0716     0.002812  
 308    16   1     0     7     7  307.       0.0758     0.004219  
 308    17   1     0     1     1  307.       0.0800     0.004219  
 308    18   1     0     1     1  307.       0.0842     0.004219  
 308    19   1     0     5     5  307.       0.0905     0.006328  
 308    20   1     0     1     1  307.       0.0969     0.006328  
 308    21   1     0     2     2  307.       0.103      0.006328  
 308    22   1     0     5     5  307.       0.113      0.009492  
 308    23   1     0     2     2  307.       0.122      0.009492  
 308    24   1     0     3     3  307.       0.132      0.009492  
 308    25   1     0     7     7  307.       0.146      0.01424   
 308    26   1     0     4     4  307.       0.160      0.01424   
 308    27   1     0     4     4  307.       0.174      0.01424   
 308    28   1     0     7     7  307.       0.196      0.02136   
 308    29   1     0     4     4  307.       0.217      0.02136   
 308    30   1     0     4     4  307.       0.238      0.02136   
 308    31   1     0    10    10  307.       0.263      0.02500   
 308    32   1     0     2     2  307.       0.288      0.02500   
 308    33   1     0     7     7  307.       0.313      0.02500   
 308    34   1     0    10    10  307.       0.338      0.02500   
 308    35   1     0    10    10  307.       0.363      0.02500   
 308    36   1     0    11    11  307.       0.388      0.02500   
 308    37   1     0    10    10  307.       0.407      0.01875   
 308    38   1     0    10    10  307.       0.426      0.01875   
 308    39   1     0     9     9  307.       0.445      0.01875   
 308    40   1     0     6     6  307.       0.463      0.01875   
 308    41   1     0     5     5  307.       0.482      0.01875   
 308    42   1     0     5     5  308.       0.501      0.01875   
 308    43   1     0     5     5  308.       0.520      0.01875   
 308    44   1     0     5     5  308.       0.538      0.01875   
 308    45   1     0     4     4  308.       0.557      0.01875   
 308    46   1     0     3     3  308.       0.576      0.01875   
 308    47   1     0     7     7  308.       0.601      0.02500   
 308    48   1     0     5     5  308.       0.626      0.02500   
 308    49   1     0     4     4  308.       0.651      0.02500   
 308    50   1     0     4     4  308.       0.676      0.02500   
 308    51   1     0     4     4  308.       0.701      0.02500   
 308    52   1     0     3     3  308.       0.726      0.02500   
 308    53   1     0     7     7  308.       0.751      0.02500   
 308    54   1     0     7     7  308.       0.776      0.02500   
 308    55   1     0     5     5  308.       0.801      0.02500   
 308    56   1     0     4     4  308.       0.826      0.02500   
 308    57   1     0    10    10  308.       0.851      0.02500   
 308    58   1     0    10    10  308.       0.876      0.02500   
 308    59   1     0    10    10  308.       0.901      0.02500   
 308    60   1     0    10    10  308.       0.926      0.02500   
 308    61   1     0     6     6  308.       0.951      0.02500   
 308    62   1     0     6     6  308.       0.976      0.02500   
 308    63   1     0     5     5  308.       1.00       0.02403   
 309     1   1     0    10    10  308.       0.00500    0.005000  
 309     2   1     0    10    10  308.       0.0100     0.005000  
 309     3   1     0    10    10  308.       0.0150     0.005000  
 309     4   1     0     7     7  308.       0.0200     0.005000  
 309     5   1     0     6     6  308.       0.0250     0.005000  
 309     6   1     0     4     4  308.       0.0300     0.005000  
 309     7   1     0     1     1  308.       0.0350     0.005000  
 309     8   1     0     7     7  308.       0.0425     0.007500  
 309     9   1     0     2     2  308.       0.0500     0.007500  
 309    10   1     0     4     4  308.       0.0575     0.007500  
 309    11   1U    0     4     4  308.       0.0575     0.01125   
 309    11   2     0     9     9  308.       0.0603     0.002812  
 309    12   1     0     3     3  308.       0.0631     0.002812  
 309    13   1     0     4     4  308.       0.0659     0.002812  
 309    14   1     0     8     8  308.       0.0702     0.004219  
 309    15   1     0     1     1  308.       0.0744     0.004219  
 309    16   1     0     2     2  308.       0.0786     0.004219  
 309    17   1     0     6     6  308.       0.0849     0.006328  
 309    18   1     0     1     1  308.       0.0912     0.006328  
 309    19   1     0     2     2  308.       0.0976     0.006328  
 309    20   1     0     4     4  308.       0.107      0.009492  
 309    21   1     0     7     7  308.       0.121      0.01424   
 309    22   1     0     5     5  308.       0.136      0.01424   
 309    23   1     0     5     5  308.       0.150      0.01424   
 309    24   1     0     3     3  308.       0.164      0.01424   
 309    25   1     0     2     2  308.       0.178      0.01424   
 309    26   1     0     8     8  308.       0.200      0.02136   
 309    27   1     0     4     4  308.       0.221      0.02136   
 309    28   1     0     4     4  308.       0.242      0.02136   
 309    29   1     0     7     7  308.       0.267      0.02500   
 309    30   1     0     2     2  308.       0.292      0.02500   
 309    31   1     0     7     7  308.       0.317      0.02500   
 309    32   1     0    10    10  308.       0.342      0.02500   
 309    33   1     0    10    10  308.       0.367      0.02500   
 309    34   1     0    10    10  308.       0.392      0.02500   
 309    35   1     0    10    10  308.       0.417      0.02500   
 309    36   1     0    10    10  308.       0.442      0.02500   
 309    37   1     0     8     8  308.       0.467      0.02500   
 309    38   1     0     5     5  308.       0.492      0.02500   
 309    39   1     0     4     4  309.       0.517      0.02500   
 309    40   1     0     5     5  309.       0.542      0.02500   
 309    41   1     0     3     3  309.       0.567      0.02500   
 309    42   1     0     4     4  309.       0.592      0.02500   
 309    43   1     0     4     4  309.       0.617      0.02500   
 309    44   1     0     4     4  309.       0.642      0.02500   
 309    45   1     0     3     3  309.       0.667      0.02500   
 309    46   1     0     4     4  309.       0.692      0.02500   
 309    47   1     0     3     3  309.       0.717      0.02500   
 309    48   1     0     2     2  309.       0.742      0.02500   
 309    49   1     0    10    10  309.       0.767      0.02500   
 309    50   1     0     8     8  309.       0.792      0.02500   
 309    51   1     0     5     5  309.       0.817      0.02500   
 309    52   1     0    10    10  309.       0.842      0.02500   
 309    53   1     0    10    10  309.       0.867      0.02500   
 309    54   1     0    10    10  309.       0.892      0.02500   
 309    55   1     0    10    10  309.       0.917      0.02500   
 309    56   1     0     9     9  309.       0.942      0.02500   
 309    57   1     0     7     7  309.       0.967      0.02500   
 309    58   1     0     5     5  309.       0.992      0.02500   
 309    59   1     0    10    10  309.       1.00       0.007666  
 310     1   1     0    10    10  309.       0.00500    0.005000  
 310     2   1     0     7     7  309.       0.0100     0.005000  
 310     3   1     0     5     5  309.       0.0150     0.005000  
 310     4   1     0     3     3  309.       0.0200     0.005000  
 310     5   1     0     1     1  309.       0.0250     0.005000  
 310     6   1     0     5     5  309.       0.0325     0.007500  
 310     7   1     0     2     2  309.       0.0400     0.007500  
 310     8   1     0     4     4  309.       0.0475     0.007500  
 310     9   1     0     5     5  309.       0.0587     0.01125   
 310    10   1     0     4     4  309.       0.0700     0.01125   
 310    11   1     0     6     6  309.       0.0812     0.01125   
 310    12   1     0     4     4  309.       0.0925     0.01125   
 310    13   1     0     3     3  309.       0.104      0.01125   
 310    14   1     0     9     9  309.       0.121      0.01688   
 310    15   1     0     4     4  309.       0.137      0.01688   
 310    16   1     0     4     4  309.       0.154      0.01688   
 310    17   1     0     7     7  309.       0.179      0.02500   
 310    18   1     0     6     6  309.       0.204      0.02500   
 310    19   1     0     4     4  309.       0.229      0.02500   
 310    20   1     0    10    10  309.       0.254      0.02500   
 310    21   1     0     6     6  309.       0.279      0.02500   
 310    22   1     0     1     1  309.       0.304      0.02500   
 310    23   1     0    10    10  309.       0.329      0.02500   
 310    24   1     0    10    10  309.       0.354      0.02500   
 310    25   1     0    11    11  309.       0.379      0.02500   
 310    26   1     0    11    11  309.       0.398      0.01875   
 310    27   1     0    10    10  309.       0.412      0.01406   
 310    28   1     0     9     9  309.       0.426      0.01406   
 310    29   1     0     7     7  309.       0.440      0.01406   
 310    30   1     0     6     6  309.       0.454      0.01406   
 310    31   1     0     7     7  309.       0.468      0.01406   
 310    32   1     0     6     6  309.       0.482      0.01406   
 310    33   1     0     5     5  309.       0.497      0.01406   
 310    34   1     0     5     5  310.       0.511      0.01406   
 310    35   1     0     5     5  310.       0.525      0.01406   
 310    36   1     0     4     4  310.       0.539      0.01406   
 310    37   1     0     4     4  310.       0.553      0.01406   
 310    38   1     0     9     9  310.       0.574      0.02109   
 310    39   1     0     5     5  310.       0.595      0.02109   
 310    40   1     0     4     4  310.       0.616      0.02109   
 310    41   1     0     5     5  310.       0.637      0.02109   
 310    42   1     0     4     4  310.       0.658      0.02109   
 310    43   1     0     4     4  310.       0.679      0.02109   
 310    44   1     0     6     6  310.       0.704      0.02500   
 310    45   1     0     5     5  310.       0.729      0.02500   
 310    46   1     0    10    10  310.       0.754      0.02500   
 310    47   1     0     7     7  310.       0.779      0.02500   
 310    48   1     0     5     5  310.       0.804      0.02500   
 310    49   1     0     6     6  310.       0.829      0.02500   
 310    50   1     0    10    10  310.       0.854      0.02500   
 310    51   1     0    11    11  310.       0.879      0.02500   
 310    52   1     0    10    10  310.       0.898      0.01875   
 310    53   1     0    10    10  310.       0.917      0.01875   
 310    54   1     0     8     8  310.       0.936      0.01875   
 310    55   1     0     8     8  310.       0.954      0.01875   
 310    56   1     0     6     6  310.       0.973      0.01875   
 310    57   1     0     6     6  310.       0.992      0.01875   
 310    58   1     0    10    10  310.       1.00       0.008125  
 311     1   1     0    10    10  310.       0.00500    0.005000  
 311     2   1     0     8     8  310.       0.0100     0.005000  
 311     3   1     0     9     9  310.       0.0150     0.005000  
 311     4   1     0     6     6  310.       0.0200     0.005000  
 311     5   1     0     5     5  310.       0.0250     0.005000  
 311     6   1     0     3     3  310.       0.0300     0.005000  
 311     7   1     0     1     1  310.       0.0350     0.005000  
 311     8   1     0     9     9  310.       0.0425     0.007500  
 311     9   1     0     2     2  310.       0.0500     0.007500  
 311    10   1     0     5     5  310.       0.0575     0.007500  
 311    11   1     0     3     3  310.       0.0650     0.007500  
 311    12   1     0     2     2  310.       0.0725     0.007500  
 311    13   1     0     8     8  310.       0.0838     0.01125   
 311    14   1     0     3     3  310.       0.0950     0.01125   
 311    15   1     0     4     4  310.       0.106      0.01125   
 311    16   1     0     9     9  310.       0.123      0.01688   
 311    17   1     0     5     5  310.       0.140      0.01688   
 311    18   1     0     4     4  310.       0.157      0.01688   
 311    19   1     0     3     3  310.       0.174      0.01688   
 311    20   1     0     7     7  310.       0.199      0.02500   
 311    21   1     0     5     5  310.       0.224      0.02500   
 311    22   1     0     5     5  310.       0.249      0.02500   
 311    23   1     0     6     6  310.       0.274      0.02500   
 311    24   1     0     1     1  310.       0.299      0.02500   
 311    25   1     0     9     9  310.       0.324      0.02500   
 311    26   1     0    10    10  310.       0.349      0.02500   
 311    27   1     0    12    12  310.       0.374      0.02500   
 311    28   1     0    12    12  310.       0.393      0.01875   
 311    29   1     0    10    10  310.       0.407      0.01406   
 311    30   1     0     8     8  310.       0.421      0.01406   
 311    31   1     0     8     8  310.       0.435      0.01406   
 311    32   1     0     6     6  310.       0.449      0.01406   
 311    33   1     0     7     7  310.       0.463      0.01406   
 311    34   1     0     6     6  310.       0.477      0.01406   
 311    35   1     0     6     6  310.       0.491      0.01406   
 311    36   1     0     5     5  311.       0.505      0.01406   
 311    37   1     0     5     5  311.       0.519      0.01406   
 311    38   1     0     5     5  311.       0.533      0.01406   
 311    39   1     0     4     4  311.       0.547      0.01406   
 311    40   1     0     4     4  311.       0.561      0.01406   
 311    41   1     0     9     9  311.       0.582      0.02109   
 311    42   1     0     5     5  311.       0.603      0.02109   
 311    43   1     0     5     5  311.       0.625      0.02109   
 311    44   1     0     4     4  311.       0.646      0.02109   
 311    45   1     0     4     4  311.       0.667      0.02109   
 311    46   1     0     6     6  311.       0.692      0.02500   
 311    47   1     0     5     5  311.       0.717      0.02500   
 311    48   1     0     4     4  311.       0.742      0.02500   
 311    49   1     0    10    10  311.       0.767      0.02500   
 311    50   1     0     7     7  311.       0.792      0.02500   
 311    51   1     0     4     4  311.       0.817      0.02500   
 311    52   1     0    10    10  311.       0.842      0.02500   
 311    53   1     0    10    10  311.       0.867      0.02500   
 311    54   1     0    10    10  311.       0.892      0.02500   
 311    55   1     0    10    10  311.       0.917      0.02500   
 311    56   1     0     9     9  311.       0.942      0.02500   
 311    57   1     0     6     6  311.       0.967      0.02500   
 311    58   1     0     5     5  311.       0.992      0.02500   
 311    59   1     0    10    10  311.       1.00       0.008281  
 312     1   1     0    11    11  311.       0.00500    0.005000  
 312     2   1     0     7     7  311.       0.00875    0.003750  
 312     3   1     0    10    10  311.       0.0125     0.003750  
 312     4   1     0    10    10  311.       0.0163     0.003750  
 312     5   1     0     8     8  311.       0.0200     0.003750  
 312     6   1     0     7     7  311.       0.0238     0.003750  
 312     7   1     0     6     6  311.       0.0275     0.003750  
 312     8   1     0     4     4  311.       0.0312     0.003750  
 312     9   1     0     2     2  311.       0.0350     0.003750  
 312    10   1     0     8     8  311.       0.0406     0.005625  
 312    11   1     0     2     2  311.       0.0462     0.005625  
 312    12   1     0     4     4  311.       0.0519     0.005625  
 312    13   1     0     6     6  311.       0.0603     0.008438  
 312    14   1     0     2     2  311.       0.0688     0.008438  
 312    15   1     0     6     6  311.       0.0772     0.008438  
 312    16   1     0     4     4  311.       0.0856     0.008438  
 312    17   1     0     2     2  311.       0.0941     0.008438  
 312    18   1     0     9     9  311.       0.107      0.01266   
 312    19   1     0     4     4  311.       0.119      0.01266   
 312    20   1     0     4     4  311.       0.132      0.01266   
 312    21   1     0     8     8  311.       0.151      0.01898   
 312    22   1     0     5     5  311.       0.170      0.01898   
 312    23   1     0     4     4  311.       0.189      0.01898   
 312    24   1     0     4     4  311.       0.208      0.01898   
 312    25   1     0     7     7  311.       0.233      0.02500   
 312    26   1     0    10    10  311.       0.258      0.02500   
 312    27   1     0     6     6  311.       0.283      0.02500   
 312    28   1     0     3     3  311.       0.308      0.02500   
 312    29   1     0    10    10  311.       0.333      0.02500   
 312    30   1     0    10    10  311.       0.358      0.02500   
 312    31   1     0    11    11  311.       0.383      0.02500   
 312    32   1     0    10    10  311.       0.402      0.01875   
 312    33   1     0    10    10  311.       0.420      0.01875   
 312    34   1     0     9     9  311.       0.439      0.01875   
 312    35   1     0     7     7  311.       0.458      0.01875   
 312    36   1     0     5     5  311.       0.477      0.01875   
 312    37   1     0     5     5  311.       0.495      0.01875   
 312    38   1     0     5     5  312.       0.514      0.01875   
 312    39   1     0     5     5  312.       0.533      0.01875   
 312    40   1     0     4     4  312.       0.552      0.01875   
 312    41   1     0     4     4  312.       0.570      0.01875   
 312    42   1     0     7     7  312.       0.595      0.02500   
 312    43   1     0     5     5  312.       0.620      0.02500   
 312    44   1     0     4     4  312.       0.645      0.02500   
 312    45   1     0     4     4  312.       0.670      0.02500   
 312    46   1     0     4     4  312.       0.695      0.02500   
 312    47   1     0     3     3  312.       0.720      0.02500   
 312    48   1     0     3     3  312.       0.745      0.02500   
 312    49   1     0     8     8  312.       0.770      0.02500   
 312    50   1     0     8     8  312.       0.795      0.02500   
 312    51   1     0     4     4  312.       0.820      0.02500   
 312    52   1     0    10    10  312.       0.845      0.02500   
 312    53   1     0    11    11  312.       0.870      0.02500   
 312    54   1     0    10    10  312.       0.889      0.01875   
 312    55   1     0    11    11  312.       0.908      0.01875   
 312    56   1     0    10    10  312.       0.922      0.01406   
 312    57   1     0     7     7  312.       0.936      0.01406   
 312    58   1     0     5     5  312.       0.950      0.01406   
 312    59   1     0     6     6  312.       0.964      0.01406   
 312    60   1     0     8     8  312.       0.978      0.01406   
 312    61   1     0     5     5  312.       0.992      0.01406   
 312    62   1     0    10    10  312.       1.00       0.007656  
 313     1   1     0    10    10  312.       0.00500    0.005000  
 313     2   1     0     4     4  312.       0.0100     0.005000  
 313     3   1     0     5     5  312.       0.0150     0.005000  
 313     4   1     0     3     3  312.       0.0200     0.005000  
 313     5   1     0     1     1  312.       0.0250     0.005000  
 313     6   1     0     8     8  312.       0.0325     0.007500  
 313     7   1     0     2     2  312.       0.0400     0.007500  
 313     8   1     0     5     5  312.       0.0475     0.007500  
 313     9   1     0     3     3  312.       0.0550     0.007500  
 313    10   1     0     3     3  312.       0.0625     0.007500  
 313    11   1     0    10    10  312.       0.0737     0.01125   
 313    12   1     0     3     3  312.       0.0850     0.01125   
 313    13   1     0     4     4  312.       0.0962     0.01125   
 313    14   1     0     8     8  312.       0.113      0.01688   
 313    15   1     0     4     4  312.       0.130      0.01688   
 313    16   1     0     5     5  312.       0.147      0.01688   
 313    17   1     0     3     3  312.       0.164      0.01688   
 313    18   1     0     3     3  312.       0.181      0.01688   
 313    19   1     0     7     7  312.       0.206      0.02500   
 313    20   1     0     6     6  312.       0.231      0.02500   
 313    21   1     0    10    10  312.       0.256      0.02500   
 313    22   1     0     6     6  312.       0.281      0.02500   
 313    23   1     0     1     1  312.       0.306      0.02500   
 313    24   1     0    10    10  312.       0.331      0.02500   
 313    25   1     0    10    10  312.       0.356      0.02500   
 313    26   1     0    11    11  312.       0.381      0.02500   
 313    27   1     0    10    10  312.       0.399      0.01875   
 313    28   1     0    10    10  312.       0.418      0.01875   
 313    29   1     0     9     9  312.       0.437      0.01875   
 313    30   1     0     7     7  312.       0.456      0.01875   
 313    31   1     0     5     5  312.       0.474      0.01875   
 313    32   1     0     5     5  312.       0.493      0.01875   
 313    33   1     0     5     5  313.       0.512      0.01875   
 313    34   1     0     5     5  313.       0.531      0.01875   
 313    35   1     0     4     4  313.       0.549      0.01875   
 313    36   1     0     4     4  313.       0.568      0.01875   
 313    37   1     0     7     7  313.       0.593      0.02500   
 313    38   1     0     5     5  313.       0.618      0.02500   
 313    39   1     0     4     4  313.       0.643      0.02500   
 313    40   1     0     4     4  313.       0.668      0.02500   
 313    41   1     0     4     4  313.       0.693      0.02500   
 313    42   1     0     3     3  313.       0.718      0.02500   
 313    43   1     0     3     3  313.       0.743      0.02500   
 313    44   1     0     9     9  313.       0.768      0.02500   
 313    45   1     0     7     7  313.       0.793      0.02500   
 313    46   1     0     4     4  313.       0.818      0.02500   
 313    47   1     0    10    10  313.       0.843      0.02500   
 313    48   1     0    12    12  313.       0.868      0.02500   
 313    49   1     0    10    10  313.       0.887      0.01875   
 313    50   1     0    11    11  313.       0.906      0.01875   
 313    51   1     0    10    10  313.       0.920      0.01406   
 313    52   1     0    10    10  313.       0.934      0.01406   
 313    53   1     0     8     8  313.       0.948      0.01406   
 313    54   1     0     6     6  313.       0.962      0.01406   
 313    55   1     0     7     7  313.       0.976      0.01406   
 313    56   1     0     5     5  313.       0.990      0.01406   
 313    57   1     0    10    10  313.       1.00       0.01000   
 314     1   1     0    10    10  313.       0.00500    0.005000  
 314     2   1     0     5     5  313.       0.0100     0.005000  
 314     3   1     0     5     5  313.       0.0150     0.005000  
 314     4   1     0     3     3  313.       0.0200     0.005000  
 314     5   1     0     2     2  313.       0.0250     0.005000  
 314     6   1     0     7     7  313.       0.0325     0.007500  
 314     7   1     0     2     2  313.       0.0400     0.007500  
 314     8   1     0     5     5  313.       0.0475     0.007500  
 314     9   1     0     3     3  313.       0.0550     0.007500  
 314    10   1     0     3     3  313.       0.0625     0.007500  
 314    11   1     0    10    10  313.       0.0737     0.01125   
 314    12   1     0     4     4  313.       0.0850     0.01125   
 314    13   1     0     4     4  313.       0.0962     0.01125   
 314    14   1     0     9     9  313.       0.113      0.01688   
 314    15   1     0     5     5  313.       0.130      0.01688   
 314    16   1     0     5     5  313.       0.147      0.01688   
 314    17   1     0     3     3  313.       0.164      0.01688   
 314    18   1     0     3     3  313.       0.181      0.01688   
 314    19   1     0     7     7  313.       0.206      0.02500   
 314    20   1     0     6     6  313.       0.231      0.02500   
 314    21   1     0    10    10  313.       0.256      0.02500   
 314    22   1     0     6     6  313.       0.281      0.02500   
 314    23   1     0     1     1  313.       0.306      0.02500   
 314    24   1     0    10    10  313.       0.331      0.02500   
 314    25   1     0    10    10  313.       0.356      0.02500   
 314    26   1     0    11    11  313.       0.381      0.02500   
 314    27   1     0    10    10  313.       0.399      0.01875   
 314    28   1     0    10    10  313.       0.418      0.01875   
 314    29   1     0     9     9  313.       0.437      0.01875   
 314    30   1     0     7     7  313.       0.456      0.01875   
 314    31   1     0     5     5  313.       0.474      0.01875   
 314    32   1     0     5     5  313.       0.493      0.01875   
 314    33   1     0     5     5  314.       0.512      0.01875   
 314    34   1     0     5     5  314.       0.531      0.01875   
 314    35   1     0     4     4  314.       0.549      0.01875   
 314    36   1     0     4     4  314.       0.568      0.01875   
 314    37   1     0     7     7  314.       0.593      0.02500   
 314    38   1     0     5     5  314.       0.618      0.02500   
 314    39   1     0     4     4  314.       0.643      0.02500   
 314    40   1     0     4     4  314.       0.668      0.02500   
 314    41   1     0     4     4  314.       0.693      0.02500   
 314    42   1     0     3     3  314.       0.718      0.02500   
 314    43   1     0     3     3  314.       0.743      0.02500   
 314    44   1     0     9     9  314.       0.768      0.02500   
 314    45   1     0     7     7  314.       0.793      0.02500   
 314    46   1     0     4     4  314.       0.818      0.02500   
 314    47   1     0    10    10  314.       0.843      0.02500   
 314    48   1U    0     9     9  314.       0.843      0.02500   
 314    48   2     0    11    11  314.       0.856      0.01250   
 314    49   1     0    11    11  314.       0.865      0.009375  
 314    50   1     0    10    10  314.       0.872      0.007031  
 314    51   1     0    10    10  314.       0.879      0.007031  
 314    52   1     0    10    10  314.       0.886      0.007031  
 314    53   1     0     9     9  314.       0.893      0.007031  
 314    54   1     0     5     5  314.       0.900      0.007031  
 314    55   1     0     6     6  314.       0.907      0.007031  
 314    56   1     0     7     7  314.       0.914      0.007031  
 314    57   1     0     5     5  314.       0.921      0.007031  
 314    58   1     0     3     3  314.       0.928      0.007031  
 314    59   1     0     3     3  314.       0.935      0.007031  
 314    60   1     0     4     4  314.       0.946      0.01055   
 314    61   1     0     3     3  314.       0.962      0.01582   
 314    62   1     0     6     6  314.       0.985      0.02373   
 314    63   1     0    10    10  314.       1.00       0.01459   
 315     1   1     0    10    10  314.       0.00500    0.005000  
 315     2   1     0     9     9  314.       0.0100     0.005000  
 315     3   1     0     9     9  314.       0.0150     0.005000  
 315     4   1     0     7     7  314.       0.0200     0.005000  
 315     5   1     0     5     5  314.       0.0250     0.005000  
 315     6   1     0     3     3  314.       0.0300     0.005000  
 315     7   1     0     1     1  314.       0.0350     0.005000  
 315     8   1     0     8     8  314.       0.0425     0.007500  
 315     9   1     0     2     2  314.       0.0500     0.007500  
 315    10   1     0     4     4  314.       0.0575     0.007500  
 315    11   1U    0     5     5  314.       0.0575     0.01125   
 315    11   2     0    10    10  314.       0.0603     0.002812  
 315    12   1     0     4     4  314.       0.0631     0.002812  
 315    13   1     0     5     5  314.       0.0659     0.002812  
 315    14   1     0     4     4  314.       0.0687     0.002812  
 315    15   1     0     3     3  314.       0.0716     0.002812  
 315    16   1     0     7     7  314.       0.0758     0.004219  
 315    17   1     0     1     1  314.       0.0800     0.004219  
 315    18   1     0     1     1  314.       0.0842     0.004219  
 315    19   1     0     5     5  314.       0.0905     0.006328  
 315    20   1     0     1     1  314.       0.0969     0.006328  
 315    21   1     0     2     2  314.       0.103      0.006328  
 315    22   1     0     5     5  314.       0.113      0.009492  
 315    23   1     0     2     2  314.       0.122      0.009492  
 315    24   1     0     3     3  314.       0.132      0.009492  
 315    25   1     0     7     7  314.       0.146      0.01424   
 315    26   1     0     4     4  314.       0.160      0.01424   
 315    27   1     0     4     4  314.       0.174      0.01424   
 315    28   1     0     7     7  314.       0.196      0.02136   
 315    29   1     0     4     4  314.       0.217      0.02136   
 315    30   1     0     4     4  314.       0.238      0.02136   
 315    31   1     0    10    10  314.       0.263      0.02500   
 315    32   1     0     2     2  314.       0.288      0.02500   
 315    33   1     0     7     7  314.       0.313      0.02500   
 315    34   1     0    10    10  314.       0.338      0.02500   
 315    35   1     0    10    10  314.       0.363      0.02500   
 315    36   1     0    11    11  314.       0.388      0.02500   
 315    37   1     0    10    10  314.       0.407      0.01875   
 315    38   1     0    10    10  314.       0.426      0.01875   
 315    39   1     0     9     9  314.       0.445      0.01875   
 315    40   1     0     6     6  314.       0.463      0.01875   
 315    41   1     0     5     5  314.       0.482      0.01875   
 315    42   1     0     5     5  315.       0.501      0.01875   
 315    43   1     0     5     5  315.       0.520      0.01875   
 315    44   1     0     5     5  315.       0.538      0.01875   
 315    45   1     0     4     4  315.       0.557      0.01875   
 315    46   1     0     3     3  315.       0.576      0.01875   
 315    47   1     0     7     7  315.       0.601      0.02500   
 315    48   1     0     5     5  315.       0.626      0.02500   
 315    49   1     0     4     4  315.       0.651      0.02500   
 315    50   1     0     4     4  315.       0.676      0.02500   
 315    51   1     0     4     4  315.       0.701      0.02500   
 315    52   1     0     3     3  315.       0.726      0.02500   
 315    53   1     0     7     7  315.       0.751      0.02500   
 315    54   1     0     7     7  315.       0.776      0.02500   
 315    55   1     0     5     5  315.       0.801      0.02500   
 315    56   1     0     4     4  315.       0.826      0.02500   
 315    57   1     0    10    10  315.       0.851      0.02500   
 315    58   1     0    10    10  315.       0.876      0.02500   
 315    59   1     0    10    10  315.       0.901      0.02500   
 315    60   1     0    10    10  315.       0.926      0.02500   
 315    61   1     0     6     6  315.       0.951      0.02500   
 315    62   1     0     6     6  315.       0.976      0.02500   
 315    63   1     0     5     5  315.       1.00       0.02403   
 316     1   1     0    10    10  315.       0.00500    0.005000  
 316     2   1     0    10    10  315.       0.0100     0.005000  
 316     3   1     0    10    10  315.       0.0150     0.005000  
 316     4   1     0     7     7  315.       0.0200     0.005000  
 316     5   1     0     6     6  315.       0.0250     0.005000  
 316     6   1     0     4     4  315.       0.0300     0.005000  
 316     7   1     0     1     1  315.       0.0350     0.005000  
 316     8   1     0     7     7  315.       0.0425     0.007500  
 316     9   1     0     2     2  315.       0.0500     0.007500  
 316    10   1     0     4     4  315.       0.0575     0.007500  
 316    11   1U    0     4     4  315.       0.0575     0.01125   
 316    11   2     0     9     9  315.       0.0603     0.002812  
 316    12   1     0     3     3  315.       0.0631     0.002812  
 316    13   1     0     4     4  315.       0.0659     0.002812  
 316    14   1     0     8     8  315.       0.0702     0.004219  
 316    15   1     0     1     1  315.       0.0744     0.004219  
 316    16   1     0     2     2  315.       0.0786     0.004219  
 316    17   1     0     6     6  315.       0.0849     0.006328  
 316    18   1     0     1     1  315.       0.0912     0.006328  
 316    19   1     0     2     2  315.       0.0976     0.006328  
 316    20   1     0     4     4  315.       0.107      0.009492  
 316    21   1     0     7     7  315.       0.121      0.01424   
 316    22   1     0     5     5  315.       0.136      0.01424   
 316    23   1     0     5     5  315.       0.150      0.01424   
 316    24   1     0     3     3  315.       0.164      0.01424   
 316    25   1     0     2     2  315.       0.178      0.01424   
 316    26   1     0     8     8  315.       0.200      0.02136   
 316    27   1     0     4     4  315.       0.221      0.02136   
 316    28   1     0     4     4  315.       0.242      0.02136   
 316    29   1     0     7     7  315.       0.267      0.02500   
 316    30   1     0     2     2  315.       0.292      0.02500   
 316    31   1     0     7     7  315.       0.317      0.02500   
 316    32   1     0    10    10  315.       0.342      0.02500   
 316    33   1     0    10    10  315.       0.367      0.02500   
 316    34   1     0    10    10  315.       0.392      0.02500   
 316    35   1     0    10    10  315.       0.417      0.02500   
 316    36   1     0    10    10  315.       0.442      0.02500   
 316    37   1     0     8     8  315.       0.467      0.02500   
 316    38   1     0     5     5  315.       0.492      0.02500   
 316    39   1     0     4     4  316.       0.517      0.02500   
 316    40   1     0     5     5  316.       0.542      0.02500   
 316    41   1     0     3     3  316.       0.567      0.02500   
 316    42   1     0     4     4  316.       0.592      0.02500   
 316    43   1     0     4     4  316.       0.617      0.02500   
 316    44   1     0     4     4  316.       0.642      0.02500   
 316    45   1     0     3     3  316.       0.667      0.02500   
 316    46   1     0     4     4  316.       0.692      0.02500   
 316    47   1     0     3     3  316.       0.717      0.02500   
 316    48   1     0     2     2  316.       0.742      0.02500   
 316    49   1     0    10    10  316.       0.767      0.02500   
 316    50   1     0     8     8  316.       0.792      0.02500   
 316    51   1     0     5     5  316.       0.817      0.02500   
 316    52   1     0    10    10  316.       0.842      0.02500   
 316    53   1     0    10    10  316.       0.867      0.02500   
 316    54   1     0    10    10  316.       0.892      0.02500   
 316    55   1     0    10    10  316.       0.917      0.02500   
 316    56   1     0     9     9  316.       0.942      0.02500   
 316    57   1     0     7     7  316.       0.967      0.02500   
 316    58   1     0     5     5  316.       0.992      0.02500   
 316    59   1     0    10    10  316.       1.00       0.007666  
 317     1   1     0    10    10  316.       0.00500    0.005000  
 317     2   1     0     7     7  316.       0.0100     0.005000  
 317     3   1     0     5     5  316.       0.0150     0.005000  
 317     4   1     0     3     3  316.       0.0200     0.005000  
 317     5   1     0     1     1  316.       0.0250     0.005000  
 317     6   1     0     5     5  316.       0.0325     0.007500  
 317     7   1     0     2     2  316.       0.0400     0.007500  
 317     8   1     0     4     4  316.       0.0475     0.007500  
 317     9   1     0     5     5  316.       0.0587     0.01125   
 317    10   1     0     4     4  316.       0.0700     0.01125   
 317    11   1     0     6     6  316.       0.0812     0.01125   
 317    12   1     0     4     4  316.       0.0925     0.01125   
 317    13   1     0     3     3  316.       0.104      0.01125   
 317    14   1     0     9     9  316.       0.121      0.01688   
 317    15   1     0     4     4  316.       0.137      0.01688   
 317    16   1     0     4     4  316.       0.154      0.01688   
 317    17   1     0     7     7  316.       0.179      0.02500   
 317    18   1     0     6     6  316.       0.204      0.02500   
 317    19   1     0     4     4  316.       0.229      0.02500   
 317    20   1     0    10    10  316.       0.254      0.02500   
 317    21   1     0     6     6  316.       0.279      0.02500   
 317    22   1     0     1     1  316.       0.304      0.02500   
 317    23   1     0    10    10  316.       0.329      0.02500   
 317    24   1     0    10    10  316.       0.354      0.02500   
 317    25   1     0    11    11  316.       0.379      0.02500   
 317    26   1     0    11    11  316.       0.398      0.01875   
 317    27   1     0    10    10  316.       0.412      0.01406   
 317    28   1     0     9     9  316.       0.426      0.01406   
 317    29   1     0     7     7  316.       0.440      0.01406   
 317    30   1     0     6     6  316.       0.454      0.01406   
 317    31   1     0     7     7  316.       0.468      0.01406   
 317    32   1     0     6     6  316.       0.482      0.01406   
 317    33   1     0     5     5  316.       0.497      0.01406   
 317    34   1     0     5     5  317.       0.511      0.01406   
 317    35   1     0     5     5  317.       0.525      0.01406   
 317    36   1     0     4     4  317.       0.539      0.01406   
 317    37   1     0     4     4  317.       0.553      0.01406   
 317    38   1     0     9     9  317.       0.574      0.02109   
 317    39   1     0     5     5  317.       0.595      0.02109   
 317    40   1     0     4     4  317.       0.616      0.02109   
 317    41   1     0     5     5  317.       0.637      0.02109   
 317    42   1     0     4     4  317.       0.658      0.02109   
 317    43   1     0     4     4  317.       0.679      0.02109   
 317    44   1     0     6     6  317.       0.704      0.02500   
 317    45   1     0     5     5  317.       0.729      0.02500   
 317    46   1     0    10    10  317.       0.754      0.02500   
 317    47   1     0     7     7  317.       0.779      0.02500   
 317    48   1     0     5     5  317.       0.804      0.02500   
 317    49   1     0     6     6  317.       0.829      0.02500   
 317    50   1     0    10    10  317.       0.854      0.02500   
 317    51   1     0    11    11  317.       0.879      0.02500   
 317    52   1     0    10    10  317.       0.898      0.01875   
 317    53   1     0    10    10  317.       0.917      0.01875   
 317    54   1     0     8     8  317.       0.936      0.01875   
 317    55   1     0     8     8  317.       0.954      0.01875   
 317    56   1     0     6     6  317.       0.973      0.01875   
 317    57   1     0     6     6  317.       0.992      0.01875   
 317    58   1     0    10    10  317.       1.00       0.008125  
 318     1   1     0    10    10  317.       0.00500    0.005000  
 318     2   1     0     8     8  317.       0.0100     0.005000  
 318     3   1     0     9     9  317.       0.0150     0.005000  
 318     4   1     0     6     6  317.       0.0200     0.005000  
 318     5   1     0     5     5  317.       0.0250     0.005000  
 318     6   1     0     3     3  317.       0.0300     0.005000  
 318     7   1     0     1     1  317.       0.0350     0.005000  
 318     8   1     0     9     9  317.       0.0425     0.007500  
 318     9   1     0     2     2  317.       0.0500     0.007500  
 318    10   1     0     5     5  317.       0.0575     0.007500  
 318    11   1     0     3     3  317.       0.0650     0.007500  
 318    12   1     0     2     2  317.       0.0725     0.007500  
 318    13   1     0     8     8  317.       0.0838     0.01125   
 318    14   1     0     3     3  317.       0.0950     0.01125   
 318    15   1     0     4     4  317.       0.106      0.01125   
 318    16   1     0     9     9  317.       0.123      0.01688   
 318    17   1     0     5     5  317.       0.140      0.01688   
 318    18   1     0     4     4  317.       0.157      0.01688   
 318    19   1     0     3     3  317.       0.174      0.01688   
 318    20   1     0     7     7  317.       0.199      0.02500   
 318    21   1     0     5     5  317.       0.224      0.02500   
 318    22   1     0     5     5  317.       0.249      0.02500   
 318    23   1     0     6     6  317.       0.274      0.02500   
 318    24   1     0     1     1  317.       0.299      0.02500   
 318    25   1     0     9     9  317.       0.324      0.02500   
 318    26   1     0    10    10  317.       0.349      0.02500   
 318    27   1     0    12    12  317.       0.374      0.02500   
 318    28   1     0    12    12  317.       0.393      0.01875   
 318    29   1     0    10    10  317.       0.407      0.01406   
 318    30   1     0     8     8  317.       0.421      0.01406   
 318    31   1     0     8     8  317.       0.435      0.01406   
 318    32   1     0     6     6  317.       0.449      0.01406   
 318    33   1     0     7     7  317.       0.463      0.01406   
 318    34   1     0     6     6  317.       0.477      0.01406   
 318    35   1     0     6     6  317.       0.491      0.01406   
 318    36   1     0     5     5  318.       0.505      0.01406   
 318    37   1     0     5     5  318.       0.519      0.01406   
 318    38   1     0     5     5  318.       0.533      0.01406   
 318    39   1     0     4     4  318.       0.547      0.01406   
 318    40   1     0     4     4  318.       0.561      0.01406   
 318    41   1     0     9     9  318.       0.582      0.02109   
 318    42   1     0     5     5  318.       0.603      0.02109   
 318    43   1     0     5     5  318.       0.625      0.02109   
 318    44   1     0     4     4  318.       0.646      0.02109   
 318    45   1     0     4     4  318.       0.667      0.02109   
 318    46   1     0     6     6  318.       0.692      0.02500   
 318    47   1     0     5     5  318.       0.717      0.02500   
 318    48   1     0     4     4  318.       0.742      0.02500   
 318    49   1     0    10    10  318.       0.767      0.02500   
 318    50   1     0     7     7  318.       0.792      0.02500   
 318    51   1     0     4     4  318.       0.817      0.02500   
 318    52   1     0    10    10  318.       0.842      0.02500   
 318    53   1     0    10    10  318.       0.867      0.02500   
 318    54   1     0    10    10  318.       0.892      0.02500   
 318    55   1     0    10    10  318.       0.917      0.02500   
 318    56   1     0     9     9  318.       0.942      0.02500   
 318    57   1     0     6     6  318.       0.967      0.02500   
 318    58   1     0     5     5  318.       0.992      0.02500   
 318    59   1     0    10    10  318.       1.00       0.008281  
 319     1   1     0    11    11  318.       0.00500    0.005000  
 319     2   1     0     7     7  318.       0.00875    0.003750  
 319     3   1     0    10    10  318.       0.0125     0.003750  
 319     4   1     0    10    10  318.       0.0163     0.003750  
 319     5   1     0     8     8  318.       0.0200     0.003750  
 319     6   1     0     7     7  318.       0.0238     0.003750  
 319     7   1     0     6     6  318.       0.0275     0.003750  
 319     8   1     0     4     4  318.       0.0312     0.003750  
 319     9   1     0     2     2  318.       0.0350     0.003750  
 319    10   1     0     8     8  318.       0.0406     0.005625  
 319    11   1     0     2     2  318.       0.0462     0.005625  
 319    12   1     0     4     4  318.       0.0519     0.005625  
 319    13   1     0     6     6  318.       0.0603     0.008438  
 319    14   1     0     2     2  318.       0.0688     0.008438  
 319    15   1     0     6     6  318.       0.0772     0.008438  
 319    16   1     0     4     4  318.       0.0856     0.008438  
 319    17   1     0     2     2  318.       0.0941     0.008438  
 319    18   1     0     9     9  318.       0.107      0.01266   
 319    19   1     0     4     4  318.       0.119      0.01266   
 319    20   1     0     4     4  318.       0.132      0.01266   
 319    21   1     0     8     8  318.       0.151      0.01898   
 319    22   1     0     5     5  318.       0.170      0.01898   
 319    23   1     0     4     4  318.       0.189      0.01898   
 319    24   1     0     4     4  318.       0.208      0.01898   
 319    25   1     0     7     7  318.       0.233      0.02500   
 319    26   1     0    10    10  318.       0.258      0.02500   
 319    27   1     0     6     6  318.       0.283      0.02500   
 319    28   1     0     3     3  318.       0.308      0.02500   
 319    29   1     0    10    10  318.       0.333      0.02500   
 319    30   1     0    10    10  318.       0.358      0.02500   
 319    31   1     0    11    11  318.       0.383      0.02500   
 319    32   1     0    10    10  318.       0.402      0.01875   
 319    33   1     0    10    10  318.       0.420      0.01875   
 319    34   1     0     9     9  318.       0.439      0.01875   
 319    35   1     0     7     7  318.       0.458      0.01875   
 319    36   1     0     5     5  318.       0.477      0.01875   
 319    37   1     0     5     5  318.       0.495      0.01875   
 319    38   1     0     5     5  319.       0.514      0.01875   
 319    39   1     0     5     5  319.       0.533      0.01875   
 319    40   1     0     4     4  319.       0.552      0.01875   
 319    41   1     0     4     4  319.       0.570      0.01875   
 319    42   1     0     7     7  319.       0.595      0.02500   
 319    43   1     0     5     5  319.       0.620      0.02500   
 319    44   1     0     4     4  319.       0.645      0.02500   
 319    45   1     0     4     4  319.       0.670      0.02500   
 319    46   1     0     4     4  319.       0.695      0.02500   
 319    47   1     0     3     3  319.       0.720      0.02500   
 319    48   1     0     3     3  319.       0.745      0.02500   
 319    49   1     0     8     8  319.       0.770      0.02500   
 319    50   1     0     8     8  319.       0.795      0.02500   
 319    51   1     0     4     4  319.       0.820      0.02500   
 319    52   1     0    10    10  319.       0.845      0.02500   
 319    53   1     0    11    11  319.       0.870      0.02500   
 319    54   1     0    10    10  319.       0.889      0.01875   
 319    55   1     0    11    11  319.       0.908      0.01875   
 319    56   1     0    10    10  319.       0.922      0.01406   
 319    57   1     0     7     7  319.       0.936      0.01406   
 319    58   1     0     5     5  319.       0.950      0.01406   
 319    59   1     0     6     6  319.       0.964      0.01406   
 319    60   1     0     8     8  319.       0.978      0.01406   
 319    61   1     0     5     5  319.       0.992      0.01406   
 319    62   1     0    10    10  319.       1.00       0.007656  
 320     1   1     0    10    10  319.       0.00500    0.005000  
 320     2   1     0     4     4  319.       0.0100     0.005000  
 320     3   1     0     5     5  319.       0.0150     0.005000  
 320     4   1     0     3     3  319.       0.0200     0.005000  
 320     5   1     0     1     1  319.       0.0250     0.005000  
 320     6   1     0     8     8  319.       0.0325     0.007500  
 320     7   1     0     2     2  319.       0.0400     0.007500  
 320     8   1     0     5     5  319.       0.0475     0.007500  
 320     9   1     0     3     3  319.       0.0550     0.007500  
 320    10   1     0     3     3  319.       0.0625     0.007500  
 320    11   1     0    10    10  319.       0.0737     0.01125   
 320    12   1     0     3     3  319.       0.0850     0.01125   
 320    13   1     0     4     4  319.       0.0962     0.01125   
 320    14   1     0     8     8  319.       0.113      0.01688   
 320    15   1     0     4     4  319.       0.130      0.01688   
 320    16   1     0     5     5  319.       0.147      0.01688   
 320    17   1     0     3     3  319.       0.164      0.01688   
 320    18   1     0     2     2  319.       0.181      0.01688   
 320    19   1     0     7     7  319.       0.206      0.02500   
 320    20   1     0     6     6  319.       0.231      0.02500   
 320    21   1     0    10    10  319.       0.256      0.02500   
 320    22   1     0     6     6  319.       0.281      0.02500   
 320    23   1     0     1     1  319.       0.306      0.02500   
 320    24   1     0    10    10  319.       0.331      0.02500   
 320    25   1     0    10    10  319.       0.356      0.02500   
 320    26   1     0    11    11  319.       0.381      0.02500   
 320    27   1     0    10    10  319.       0.399      0.01875   
 320    28   1     0    10    10  319.       0.418      0.01875   
 320    29   1     0     9     9  319.       0.437      0.01875   
 320    30   1     0     7     7  319.       0.456      0.01875   
 320    31   1     0     5     5  319.       0.474      0.01875   
 320    32   1     0     5     5  319.       0.493      0.01875   
 320    33   1     0     5     5  320.       0.512      0.01875   
 320    34   1     0     5     5  320.       0.531      0.01875   
 320    35   1     0     4     4  320.       0.549      0.01875   
 320    36   1     0     4     4  320.       0.568      0.01875   
 320    37   1     0     7     7  320.       0.593      0.02500   
 320    38   1     0     5     5  320.       0.618      0.02500   
 320    39   1     0     4     4  320.       0.643      0.02500   
 320    40   1     0     4     4  320.       0.668      0.02500   
 320    41   1     0     4     4  320.       0.693      0.02500   
 320    42   1     0     3     3  320.       0.718      0.02500   
 320    43   1     0     3     3  320.       0.743      0.02500   
 320    44   1     0     9     9  320.       0.768      0.02500   
 320    45   1     0     7     7  320.       0.793      0.02500   
 320    46   1     0     4     4  320.       0.818      0.02500   
 320    47   1     0    10    10  320.       0.843      0.02500   
 320    48   1     0    12    12  320.       0.868      0.02500   
 320    49   1     0    10    10  320.       0.887      0.01875   
 320    50   1     0    11    11  320.       0.906      0.01875   
 320    51   1     0    10    10  320.       0.920      0.01406   
 320    52   1     0    10    10  320.       0.934      0.01406   
 320    53   1     0     8     8  320.       0.948      0.01406   
 320    54   1     0     6     6  320.       0.962      0.01406   
 320    55   1     0     7     7  320.       0.976      0.01406   
 320    56   1     0     5     5  320.       0.990      0.01406   
 320    57   1     0    10    10  320.       1.00       0.01000   
 321     1   1     0    10    10  320.       0.00500    0.005000  
 321     2   1     0     5     5  320.       0.0100     0.005000  
 321     3   1     0     5     5  320.       0.0150     0.005000  
 321     4   1     0     3     3  320.       0.0200     0.005000  
 321     5   1     0     2     2  320.       0.0250     0.005000  
 321     6   1     0     7     7  320.       0.0325     0.007500  
 321     7   1     0     2     2  320.       0.0400     0.007500  
 321     8   1     0     5     5  320.       0.0475     0.007500  
 321     9   1     0     3     3  320.       0.0550     0.007500  
 321    10   1     0     3     3  320.       0.0625     0.007500  
 321    11   1     0    10    10  320.       0.0737     0.01125   
 321    12   1     0     4     4  320.       0.0850     0.01125   
 321    13   1     0     4     4  320.       0.0962     0.01125   
 321    14   1     0     9     9  320.       0.113      0.01688   
 321    15   1     0     5     5  320.       0.130      0.01688   
 321    16   1     0     5     5  320.       0.147      0.01688   
 321    17   1     0     3     3  320.       0.164      0.01688   
 321    18   1     0     2     2  320.       0.181      0.01688   
 321    19   1     0     7     7  320.       0.206      0.02500   
 321    20   1     0     6     6  320.       0.231      0.02500   
 321    21   1     0    10    10  320.       0.256      0.02500   
 321    22   1     0     6     6  320.       0.281      0.02500   
 321    23   1     0     1     1  320.       0.306      0.02500   
 321    24   1     0    10    10  320.       0.331      0.02500   
 321    25   1     0    10    10  320.       0.356      0.02500   
 321    26   1     0    11    11  320.       0.381      0.02500   
 321    27   1     0    10    10  320.       0.399      0.01875   
 321    28   1     0    10    10  320.       0.418      0.01875   
 321    29   1     0     9     9  320.       0.437      0.01875   
 321    30   1     0     7     7  320.       0.456      0.01875   
 321    31   1     0     5     5  320.       0.474      0.01875   
 321    32   1     0     5     5  320.       0.493      0.01875   
 321    33   1     0     5     5  321.       0.512      0.01875   
 321    34   1     0     5     5  321.       0.531      0.01875   
 321    35   1     0     4     4  321.       0.549      0.01875   
 321    36   1     0     4     4  321.       0.568      0.01875   
 321    37   1     0     7     7  321.       0.593      0.02500   
 321    38   1     0     5     5  321.       0.618      0.02500   
 321    39   1     0     4     4  321.       0.643      0.02500   
 321    40   1     0     4     4  321.       0.668      0.02500   
 321    41   1     0     4     4  321.       0.693      0.02500   
 321    42   1     0     3     3  321.       0.718      0.02500   
 321    43   1     0     3     3  321.       0.743      0.02500   
 321    44   1     0     9     9  321.       0.768      0.02500   
 321    45   1     0     7     7  321.       0.793      0.02500   
 321    46   1     0     4     4  321.       0.818      0.02500   
 321    47   1     0    10    10  321.       0.843      0.02500   
 321    48   1U    0     9     9  321.       0.843      0.02500   
 321    48   2     0    11    11  321.       0.856      0.01250   
 321    49   1     0    11    11  321.       0.865      0.009375  
 321    50   1     0    10    10  321.       0.872      0.007031  
 321    51   1     0    10    10  321.       0.879      0.007031  
 321    52   1     0    10    10  321.       0.886      0.007031  
 321    53   1     0     9     9  321.       0.893      0.007031  
 321    54   1     0     5     5  321.       0.900      0.007031  
 321    55   1     0     6     6  321.       0.907      0.007031  
 321    56   1     0     7     7  321.       0.914      0.007031  
 321    57   1     0     5     5  321.       0.921      0.007031  
 321    58   1     0     3     3  321.       0.928      0.007031  
 321    59   1     0     3     3  321.       0.935      0.007031  
 321    60   1     0     4     4  321.       0.946      0.01055   
 321    61   1     0     3     3  321.       0.962      0.01582   
 321    62   1     0     6     6  321.       0.985      0.02373   
 321    63   1     0    10    10  321.       1.00       0.01459   
 322     1   1     0    10    10  321.       0.00500    0.005000  
 322     2   1     0     9     9  321.       0.0100     0.005000  
 322     3   1     0     9     9  321.       0.0150     0.005000  
 322     4   1     0     7     7  321.       0.0200     0.005000  
 322     5   1     0     5     5  321.       0.0250     0.005000  
 322     6   1     0     3     3  321.       0.0300     0.005000  
 322     7   1     0     1     1  321.       0.0350     0.005000  
 322     8   1     0     8     8  321.       0.0425     0.007500  
 322     9   1     0     2     2  321.       0.0500     0.007500  
 322    10   1     0     4     4  321.       0.0575     0.007500  
 322    11   1U    0     5     5  321.       0.0575     0.01125   
 322    11   2     0    10    10  321.       0.0603     0.002812  
 322    12   1     0     4     4  321.       0.0631     0.002812  
 322    13   1     0     5     5  321.       0.0659     0.002812  
 322    14   1     0     4     4  321.       0.0687     0.002812  
 322    15   1     0     3     3  321.       0.0716     0.002812  
 322    16   1     0     7     7  321.       0.0758     0.004219  
 322    17   1     0     1     1  321.       0.0800     0.004219  
 322    18   1     0     1     1  321.       0.0842     0.004219  
 322    19   1     0     5     5  321.       0.0905     0.006328  
 322    20   1     0     1     1  321.       0.0969     0.006328  
 322    21   1     0     2     2  321.       0.103      0.006328  
 322    22   1     0     5     5  321.       0.113      0.009492  
 322    23   1     0     2     2  321.       0.122      0.009492  
 322    24   1     0     3     3  321.       0.132      0.009492  
 322    25   1     0     7     7  321.       0.146      0.01424   
 322    26   1     0     4     4  321.       0.160      0.01424   
 322    27   1     0     4     4  321.       0.174      0.01424   
 322    28   1     0     7     7  321.       0.196      0.02136   
 322    29   1     0     4     4  321.       0.217      0.02136   
 322    30   1     0     4     4  321.       0.238      0.02136   
 322    31   1     0    10    10  321.       0.263      0.02500   
 322    32   1     0     2     2  321.       0.288      0.02500   
 322    33   1     0     7     7  321.       0.313      0.02500   
 322    34   1     0    10    10  321.       0.338      0.02500   
 322    35   1     0    10    10  321.       0.363      0.02500   
 322    36   1     0    11    11  321.       0.388      0.02500   
 322    37   1     0    10    10  321.       0.407      0.01875   
 322    38   1     0    10    10  321.       0.426      0.01875   
 322    39   1     0     9     9  321.       0.445      0.01875   
 322    40   1     0     6     6  321.       0.463      0.01875   
 322    41   1     0     5     5  321.       0.482      0.01875   
 322    42   1     0     5     5  322.       0.501      0.01875   
 322    43   1     0     5     5  322.       0.520      0.01875   
 322    44   1     0     5     5  322.       0.538      0.01875   
 322    45   1     0     4     4  322.       0.557      0.01875   
 322    46   1     0     3     3  322.       0.576      0.01875   
 322    47   1     0     7     7  322.       0.601      0.02500   
 322    48   1     0     5     5  322.       0.626      0.02500   
 322    49   1     0     4     4  322.       0.651      0.02500   
 322    50   1     0     4     4  322.       0.676      0.02500   
 322    51   1     0     4     4  322.       0.701      0.02500   
 322    52   1     0     3     3  322.       0.726      0.02500   
 322    53   1     0     7     7  322.       0.751      0.02500   
 322    54   1     0     7     7  322.       0.776      0.02500   
 322    55   1     0     5     5  322.       0.801      0.02500   
 322    56   1     0     4     4  322.       0.826      0.02500   
 322    57   1     0    10    10  322.       0.851      0.02500   
 322    58   1     0    10    10  322.       0.876      0.02500   
 322    59   1     0    10    10  322.       0.901      0.02500   
 322    60   1     0    10    10  322.       0.926      0.02500   
 322    61   1     0     6     6  322.       0.951      0.02500   
 322    62   1     0     6     6  322.       0.976      0.02500   
 322    63   1     0     5     5  322.       1.00       0.02403   
 323     1   1     0    10    10  322.       0.00500    0.005000  
 323     2   1     0    10    10  322.       0.0100     0.005000  
 323     3   1     0    10    10  322.       0.0150     0.005000  
 323     4   1     0     7     7  322.       0.0200     0.005000  
 323     5   1     0     6     6  322.       0.0250     0.005000  
 323     6   1     0     4     4  322.       0.0300     0.005000  
 323     7   1     0     1     1  322.       0.0350     0.005000  
 323     8   1     0     7     7  322.       0.0425     0.007500  
 323     9   1     0     2     2  322.       0.0500     0.007500  
 323    10   1     0     4     4  322.       0.0575     0.007500  
 323    11   1U    0     4     4  322.       0.0575     0.01125   
 323    11   2     0     9     9  322.       0.0603     0.002812  
 323    12   1     0     3     3  322.       0.0631     0.002812  
 323    13   1     0     4     4  322.       0.0659     0.002812  
 323    14   1     0     8     8  322.       0.0702     0.004219  
 323    15   1     0     1     1  322.       0.0744     0.004219  
 323    16   1     0     2     2  322.       0.0786     0.004219  
 323    17   1     0     6     6  322.       0.0849     0.006328  
 323    18   1     0     1     1  322.       0.0912     0.006328  
 323    19   1     0     2     2  322.       0.0976     0.006328  
 323    20   1     0     4     4  322.       0.107      0.009492  
 323    21   1     0     7     7  322.       0.121      0.01424   
 323    22   1     0     5     5  322.       0.136      0.01424   
 323    23   1     0     5     5  322.       0.150      0.01424   
 323    24   1     0     3     3  322.       0.164      0.01424   
 323    25   1     0     2     2  322.       0.178      0.01424   
 323    26   1     0     8     8  322.       0.200      0.02136   
 323    27   1     0     4     4  322.       0.221      0.02136   
 323    28   1     0     4     4  322.       0.242      0.02136   
 323    29   1     0     7     7  322.       0.267      0.02500   
 323    30   1     0     2     2  322.       0.292      0.02500   
 323    31   1     0     7     7  322.       0.317      0.02500   
 323    32   1     0    10    10  322.       0.342      0.02500   
 323    33   1     0    10    10  322.       0.367      0.02500   
 323    34   1     0    10    10  322.       0.392      0.02500   
 323    35   1     0    10    10  322.       0.417      0.02500   
 323    36   1     0    10    10  322.       0.442      0.02500   
 323    37   1     0     8     8  322.       0.467      0.02500   
 323    38   1     0     5     5  322.       0.492      0.02500   
 323    39   1     0     4     4  323.       0.517      0.02500   
 323    40   1     0     5     5  323.       0.542      0.02500   
 323    41   1     0     4     4  323.       0.567      0.02500   
 323    42   1     0     4     4  323.       0.592      0.02500   
 323    43   1     0     4     4  323.       0.617      0.02500   
 323    44   1     0     4     4  323.       0.642      0.02500   
 323    45   1     0     3     3  323.       0.667      0.02500   
 323    46   1     0     4     4  323.       0.692      0.02500   
 323    47   1     0     3     3  323.       0.717      0.02500   
 323    48   1     0     2     2  323.       0.742      0.02500   
 323    49   1     0    10    10  323.       0.767      0.02500   
 323    50   1     0     8     8  323.       0.792      0.02500   
 323    51   1     0     5     5  323.       0.817      0.02500   
 323    52   1     0    10    10  323.       0.842      0.02500   
 323    53   1     0    10    10  323.       0.867      0.02500   
 323    54   1     0    10    10  323.       0.892      0.02500   
 323    55   1     0    10    10  323.       0.917      0.02500   
 323    56   1     0     9     9  323.       0.942      0.02500   
 323    57   1     0     7     7  323.       0.967      0.02500   
 323    58   1     0     5     5  323.       0.992      0.02500   
 323    59   1     0    10    10  323.       1.00       0.007666  
 324     1   1     0    10    10  323.       0.00500    0.005000  
 324     2   1     0     7     7  323.       0.0100     0.005000  
 324     3   1     0     5     5  323.       0.0150     0.005000  
 324     4   1     0     3     3  323.       0.0200     0.005000  
 324     5   1     0     1     1  323.       0.0250     0.005000  
 324     6   1     0     5     5  323.       0.0325     0.007500  
 324     7   1     0     2     2  323.       0.0400     0.007500  
 324     8   1     0     4     4  323.       0.0475     0.007500  
 324     9   1     0     5     5  323.       0.0587     0.01125   
 324    10   1     0     4     4  323.       0.0700     0.01125   
 324    11   1     0     6     6  323.       0.0812     0.01125   
 324    12   1     0     4     4  323.       0.0925     0.01125   
 324    13   1     0     3     3  323.       0.104      0.01125   
 324    14   1     0     9     9  323.       0.121      0.01688   
 324    15   1     0     4     4  323.       0.137      0.01688   
 324    16   1     0     4     4  323.       0.154      0.01688   
 324    17   1     0     7     7  323.       0.179      0.02500   
 324    18   1     0     6     6  323.       0.204      0.02500   
 324    19   1     0     4     4  323.       0.229      0.02500   
 324    20   1     0    10    10  323.       0.254      0.02500   
 324    21   1     0     6     6  323.       0.279      0.02500   
 324    22   1     0     1     1  323.       0.304      0.02500   
 324    23   1     0    10    10  323.       0.329      0.02500   
 324    24   1     0    10    10  323.       0.354      0.02500   
 324    25   1     0    11    11  323.       0.379      0.02500   
 324    26   1     0    11    11  323.       0.398      0.01875   
 324    27   1     0    10    10  323.       0.412      0.01406   
 324    28   1     0     9     9  323.       0.426      0.01406   
 324    29   1     0     7     7  323.       0.440      0.01406   
 324    30   1     0     6     6  323.       0.454      0.01406   
 324    31   1     0     7     7  323.       0.468      0.01406   
 324    32   1     0     6     6  323.       0.482      0.01406   
 324    33   1     0     5     5  323.       0.497      0.01406   
 324    34   1     0     5     5  324.       0.511      0.01406   
 324    35   1     0     5     5  324.       0.525      0.01406   
 324    36   1     0     4     4  324.       0.539      0.01406   
 324    37   1     0     4     4  324.       0.553      0.01406   
 324    38   1     0     9     9  324.       0.574      0.02109   
 324    39   1     0     5     5  324.       0.595      0.02109   
 324    40   1     0     4     4  324.       0.616      0.02109   
 324    41   1     0     5     5  324.       0.637      0.02109   
 324    42   1     0     4     4  324.       0.658      0.02109   
 324    43   1     0     4     4  324.       0.679      0.02109   
 324    44   1     0     6     6  324.       0.704      0.02500   
 324    45   1     0     5     5  324.       0.729      0.02500   
 324    46   1     0    10    10  324.       0.754      0.02500   
 324    47   1     0     7     7  324.       0.779      0.02500   
 324    48   1     0     5     5  324.       0.804      0.02500   
 324    49   1     0     6     6  324.       0.829      0.02500   
 324    50   1     0    10    10  324.       0.854      0.02500   
 324    51   1     0    11    11  324.       0.879      0.02500   
 324    52   1     0    10    10  324.       0.898      0.01875   
 324    53   1     0    10    10  324.       0.917      0.01875   
 324    54   1     0     8     8  324.       0.936      0.01875   
 324    55   1     0     8     8  324.       0.954      0.01875   
 324    56   1     0     6     6  324.       0.973      0.01875   
 324    57   1     0     6     6  324.       0.992      0.01875   
 324    58   1     0    10    10  324.       1.00       0.008125  
 325     1   1     0    10    10  324.       0.00500    0.005000  
 325     2   1     0     8     8  324.       0.0100     0.005000  
 325     3   1     0     9     9  324.       0.0150     0.005000  
 325     4   1     0     6     6  324.       0.0200     0.005000  
 325     5   1     0     5     5  324.       0.0250     0.005000  
 325     6   1     0     3     3  324.       0.0300     0.005000  
 325     7   1     0     1     1  324.       0.0350     0.005000  
 325     8   1     0     9     9  324.       0.0425     0.007500  
 325     9   1     0     2     2  324.       0.0500     0.007500  
 325    10   1     0     5     5  324.       0.0575     0.007500  
 325    11   1     0     3     3  324.       0.0650     0.007500  
 325    12   1     0     2     2  324.       0.0725     0.007500  
 325    13   1     0     8     8  324.       0.0838     0.01125   
 325    14   1     0     3     3  324.       0.0950     0.01125   
 325    15   1     0     4     4  324.       0.106      0.01125   
 325    16   1     0     9     9  324.       0.123      0.01688   
 325    17   1     0     5     5  324.       0.140      0.01688   
 325    18   1     0     4     4  324.       0.157      0.01688   
 325    19   1     0     3     3  324.       0.174      0.01688   
 325    20   1     0     7     7  324.       0.199      0.02500   
 325    21   1     0     5     5  324.       0.224      0.02500   
 325    22   1     0     5     5  324.       0.249      0.02500   
 325    23   1     0     6     6  324.       0.274      0.02500   
 325    24   1     0     1     1  324.       0.299      0.02500   
 325    25   1     0     9     9  324.       0.324      0.02500   
 325    26   1     0    10    10  324.       0.349      0.02500   
 325    27   1     0    12    12  324.       0.374      0.02500   
 325    28   1     0    12    12  324.       0.393      0.01875   
 325    29   1     0    10    10  324.       0.407      0.01406   
 325    30   1     0     8     8  324.       0.421      0.01406   
 325    31   1     0     8     8  324.       0.435      0.01406   
 325    32   1     0     6     6  324.       0.449      0.01406   
 325    33   1     0     7     7  324.       0.463      0.01406   
 325    34   1     0     6     6  324.       0.477      0.01406   
 325    35   1     0     6     6  324.       0.491      0.01406   
 325    36   1     0     5     5  325.       0.505      0.01406   
 325    37   1     0     5     5  325.       0.519      0.01406   
 325    38   1     0     5     5  325.       0.533      0.01406   
 325    39   1     0     4     4  325.       0.547      0.01406   
 325    40   1     0     4     4  325.       0.561      0.01406   
 325    41   1     0     9     9  325.       0.582      0.02109   
 325    42   1     0     5     5  325.       0.603      0.02109   
 325    43   1     0     5     5  325.       0.625      0.02109   
 325    44   1     0     4     4  325.       0.646      0.02109   
 325    45   1     0     4     4  325.       0.667      0.02109   
 325    46   1     0     6     6  325.       0.692      0.02500   
 325    47   1     0     5     5  325.       0.717      0.02500   
 325    48   1     0     4     4  325.       0.742      0.02500   
 325    49   1     0    10    10  325.       0.767      0.02500   
 325    50   1     0     7     7  325.       0.792      0.02500   
 325    51   1     0     4     4  325.       0.817      0.02500   
 325    52   1     0    10    10  325.       0.842      0.02500   
 325    53   1     0    10    10  325.       0.867      0.02500   
 325    54   1     0    10    10  325.       0.892      0.02500   
 325    55   1     0    10    10  325.       0.917      0.02500   
 325    56   1     0     9     9  325.       0.942      0.02500   
 325    57   1     0     6     6  325.       0.967      0.02500   
 325    58   1     0     5     5  325.       0.992      0.02500   
 325    59   1     0    10    10  325.       1.00       0.008281  
 326     1   1     0    11    11  325.       0.00500    0.005000  
 326     2   1     0     7     7  325.       0.00875    0.003750  
 326     3   1     0    10    10  325.       0.0125     0.003750  
 326     4   1     0    10    10  325.       0.0163     0.003750  
 326     5   1     0     8     8  325.       0.0200     0.003750  
 326     6   1     0     7     7  325.       0.0238     0.003750  
 326     7   1     0     6     6  325.       0.0275     0.003750  
 326     8   1     0     4     4  325.       0.0312     0.003750  
 326     9   1     0     2     2  325.       0.0350     0.003750  
 326    10   1     0     8     8  325.       0.0406     0.005625  
 326    11   1     0     2     2  325.       0.0462     0.005625  
 326    12   1     0     4     4  325.       0.0519     0.005625  
 326    13   1     0     6     6  325.       0.0603     0.008438  
 326    14   1     0     2     2  325.       0.0688     0.008438  
 326    15   1     0     6     6  325.       0.0772     0.008438  
 326    16   1     0     4     4  325.       0.0856     0.008438  
 326    17   1     0     2     2  325.       0.0941     0.008438  
 326    18   1     0     9     9  325.       0.107      0.01266   
 326    19   1     0     4     4  325.       0.119      0.01266   
 326    20   1     0     4     4  325.       0.132      0.01266   
 326    21   1     0     8     8  325.       0.151      0.01898   
 326    22   1     0     5     5  325.       0.170      0.01898   
 326    23   1     0     4     4  325.       0.189      0.01898   
 326    24   1     0     4     4  325.       0.208      0.01898   
 326    25   1     0     7     7  325.       0.233      0.02500   
 326    26   1     0    10    10  325.       0.258      0.02500   
 326    27   1     0     6     6  325.       0.283      0.02500   
 326    28   1     0     3     3  325.       0.308      0.02500   
 326    29   1     0    10    10  325.       0.333      0.02500   
 326    30   1     0    10    10  325.       0.358      0.02500   
 326    31   1     0    11    11  325.       0.383      0.02500   
 326    32   1     0    10    10  325.       0.402      0.01875   
 326    33   1     0    10    10  325.       0.420      0.01875   
 326    34   1     0     9     9  325.       0.439      0.01875   
 326    35   1     0     7     7  325.       0.458      0.01875   
 326    36   1     0     5     5  325.       0.477      0.01875   
 326    37   1     0     5     5  325.       0.495      0.01875   
 326    38   1     0     5     5  326.       0.514      0.01875   
 326    39   1     0     5     5  326.       0.533      0.01875   
 326    40   1     0     4     4  326.       0.552      0.01875   
 326    41   1     0     4     4  326.       0.570      0.01875   
 326    42   1     0     7     7  326.       0.595      0.02500   
 326    43   1     0     5     5  326.       0.620      0.02500   
 326    44   1     0     4     4  326.       0.645      0.02500   
 326    45   1     0     4     4  326.       0.670      0.02500   
 326    46   1     0     4     4  326.       0.695      0.02500   
 326    47   1     0     3     3  326.       0.720      0.02500   
 326    48   1     0     3     3  326.       0.745      0.02500   
 326    49   1     0     8     8  326.       0.770      0.02500   
 326    50   1     0     8     8  326.       0.795      0.02500   
 326    51   1     0     4     4  326.       0.820      0.02500   
 326    52   1     0    10    10  326.       0.845      0.02500   
 326    53   1     0    11    11  326.       0.870      0.02500   
 326    54   1     0    10    10  326.       0.889      0.01875   
 326    55   1     0    11    11  326.       0.908      0.01875   
 326    56   1     0    10    10  326.       0.922      0.01406   
 326    57   1     0     7     7  326.       0.936      0.01406   
 326    58   1     0     5     5  326.       0.950      0.01406   
 326    59   1     0     6     6  326.       0.964      0.01406   
 326    60   1     0     8     8  326.       0.978      0.01406   
 326    61   1     0     5     5  326.       0.992      0.01406   
 326    62   1     0    10    10  326.       1.00       0.007656  
 327     1   1     0    10    10  326.       0.00500    0.005000  
 327     2   1     0     4     4  326.       0.0100     0.005000  
 327     3   1     0     5     5  326.       0.0150     0.005000  
 327     4   1     0     3     3  326.       0.0200     0.005000  
 327     5   1     0     1     1  326.       0.0250     0.005000  
 327     6   1     0     8     8  326.       0.0325     0.007500  
 327     7   1     0     2     2  326.       0.0400     0.007500  
 327     8   1     0     5     5  326.       0.0475     0.007500  
 327     9   1     0     3     3  326.       0.0550     0.007500  
 327    10   1     0     3     3  326.       0.0625     0.007500  
 327    11   1     0    10    10  326.       0.0737     0.01125   
 327    12   1     0     3     3  326.       0.0850     0.01125   
 327    13   1     0     4     4  326.       0.0962     0.01125   
 327    14   1     0     8     8  326.       0.113      0.01688   
 327    15   1     0     4     4  326.       0.130      0.01688   
 327    16   1     0     5     5  326.       0.147      0.01688   
 327    17   1     0     3     3  326.       0.164      0.01688   
 327    18   1     0     2     2  326.       0.181      0.01688   
 327    19   1     0     7     7  326.       0.206      0.02500   
 327    20   1     0     6     6  326.       0.231      0.02500   
 327    21   1     0    10    10  326.       0.256      0.02500   
 327    22   1     0     6     6  326.       0.281      0.02500   
 327    23   1     0     1     1  326.       0.306      0.02500   
 327    24   1     0    10    10  326.       0.331      0.02500   
 327    25   1     0    10    10  326.       0.356      0.02500   
 327    26   1     0    11    11  326.       0.381      0.02500   
 327    27   1     0    10    10  326.       0.399      0.01875   
 327    28   1     0    10    10  326.       0.418      0.01875   
 327    29   1     0     9     9  326.       0.437      0.01875   
 327    30   1     0     7     7  326.       0.456      0.01875   
 327    31   1     0     5     5  326.       0.474      0.01875   
 327    32   1     0     5     5  326.       0.493      0.01875   
 327    33   1     0     5     5  327.       0.512      0.01875   
 327    34   1     0     5     5  327.       0.531      0.01875   
 327    35   1     0     4     4  327.       0.549      0.01875   
 327    36   1     0     4     4  327.       0.568      0.01875   
 327    37   1     0     7     7  327.       0.593      0.02500   
 327    38   1     0     5     5  327.       0.618      0.02500   
 327    39   1     0     4     4  327.       0.643      0.02500   
 327    40   1     0     4     4  327.       0.668      0.02500   
 327    41   1     0     4     4  327.       0.693      0.02500   
 327    42   1     0     3     3  327.       0.718      0.02500   
 327    43   1     0     3     3  327.       0.743      0.02500   
 327    44   1     0     9     9  327.       0.768      0.02500   
 327    45   1     0     7     7  327.       0.793      0.02500   
 327    46   1     0     4     4  327.       0.818      0.02500   
 327    47   1     0    10    10  327.       0.843      0.02500   
 327    48   1     0    12    12  327.       0.868      0.02500   
 327    49   1     0    10    10  327.       0.887      0.01875   
 327    50   1     0    11    11  327.       0.906      0.01875   
 327    51   1     0    10    10  327.       0.920      0.01406   
 327    52   1     0    10    10  327.       0.934      0.01406   
 327    53   1     0     8     8  327.       0.948      0.01406   
 327    54   1     0     6     6  327.       0.962      0.01406   
 327    55   1     0     7     7  327.       0.976      0.01406   
 327    56   1     0     5     5  327.       0.990      0.01406   
 327    57   1     0    10    10  327.       1.00       0.01000   
 328     1   1     0    10    10  327.       0.00500    0.005000  
 328     2   1     0     5     5  327.       0.0100     0.005000  
 328     3   1     0     5     5  327.       0.0150     0.005000  
 328     4   1     0     3     3  327.       0.0200     0.005000  
 328     5   1     0     2     2  327.       0.0250     0.005000  
 328     6   1     0     7     7  327.       0.0325     0.007500  
 328     7   1     0     2     2  327.       0.0400     0.007500  
 328     8   1     0     5     5  327.       0.0475     0.007500  
 328     9   1     0     3     3  327.       0.0550     0.007500  
 328    10   1     0     3     3  327.       0.0625     0.007500  
 328    11   1     0    10    10  327.       0.0737     0.01125   
 328    12   1     0     4     4  327.       0.0850     0.01125   
 328    13   1     0     4     4  327.       0.0962     0.01125   
 328    14   1     0     9     9  327.       0.113      0.01688   
 328    15   1     0     5     5  327.       0.130      0.01688   
 328    16   1     0     5     5  327.       0.147      0.01688   
 328    17   1     0     3     3  327.       0.164      0.01688   
 328    18   1     0     2     2  327.       0.181      0.01688   
 328    19   1     0     7     7  327.       0.206      0.02500   
 328    20   1     0     6     6  327.       0.231      0.02500   
 328    21   1     0    10    10  327.       0.256      0.02500   
 328    22   1     0     6     6  327.       0.281      0.02500   
 328    23   1     0     1     1  327.       0.306      0.02500   
 328    24   1     0    10    10  327.       0.331      0.02500   
 328    25   1     0    10    10  327.       0.356      0.02500   
 328    26   1     0    11    11  327.       0.381      0.02500   
 328    27   1     0    10    10  327.       0.399      0.01875   
 328    28   1     0    10    10  327.       0.418      0.01875   
 328    29   1     0     9     9  327.       0.437      0.01875   
 328    30   1     0     7     7  327.       0.456      0.01875   
 328    31   1     0     5     5  327.       0.474      0.01875   
 328    32   1     0     5     5  327.       0.493      0.01875   
 328    33   1     0     5     5  328.       0.512      0.01875   
 328    34   1     0     5     5  328.       0.531      0.01875   
 328    35   1     0     4     4  328.       0.549      0.01875   
 328    36   1     0     4     4  328.       0.568      0.01875   
 328    37   1     0     7     7  328.       0.593      0.02500   
 328    38   1     0     5     5  328.       0.618      0.02500   
 328    39   1     0     4     4  328.       0.643      0.02500   
 328    40   1     0     4     4  328.       0.668      0.02500   
 328    41   1     0     4     4  328.       0.693      0.02500   
 328    42   1     0     3     3  328.       0.718      0.02500   
 328    43   1     0     3     3  328.       0.743      0.02500   
 328    44   1     0     9     9  328.       0.768      0.02500   
 328    45   1     0     7     7  328.       0.793      0.02500   
 328    46   1     0     4     4  328.       0.818      0.02500   
 328    47   1     0    10    10  328.       0.843      0.02500   
 328    48   1U    0     9     9  328.       0.843      0.02500   
 328    48   2     0    11    11  328.       0.856      0.01250   
 328    49   1     0    11    11  328.       0.865      0.009375  
 328    50   1     0    10    10  328.       0.872      0.007031  
 328    51   1     0    10    10  328.       0.879      0.007031  
 328    52   1     0    10    10  328.       0.886      0.007031  
 328    53   1     0     9     9  328.       0.893      0.007031  
 328    54   1     0     5     5  328.       0.900      0.007031  
 328    55   1     0     6     6  328.       0.907      0.007031  
 328    56   1     0     7     7  328.       0.914      0.007031  
 328    57   1     0     5     5  328.       0.921      0.007031  
 328    58   1     0     3     3  328.       0.928      0.007031  
 328    59   1     0     3     3  328.       0.935      0.007031  
 328    60   1     0     4     4  328.       0.946      0.01055   
 328    61   1     0     3     3  328.       0.962      0.01582   
 328    62   1     0     6     6  328.       0.985      0.02373   
 328    63   1     0    10    10  328.       1.00       0.01459   
 329     1   1     0    10    10  328.       0.00500    0.005000  
 329     2   1     0     9     9  328.       0.0100     0.005000  
 329     3   1     0     9     9  328.       0.0150     0.005000  
 329     4   1     0     7     7  328.       0.0200     0.005000  
 329     5   1     0     5     5  328.       0.0250     0.005000  
 329     6   1     0     3     3  328.       0.0300     0.005000  
 329     7   1     0     1     1  328.       0.0350     0.005000  
 329     8   1     0     8     8  328.       0.0425     0.007500  
 329     9   1     0     2     2  328.       0.0500     0.007500  
 329    10   1     0     4     4  328.       0.0575     0.007500  
 329    11   1U    0     5     5  328.       0.0575     0.01125   
 329    11   2     0    10    10  328.       0.0603     0.002812  
 329    12   1     0     4     4  328.       0.0631     0.002812  
 329    13   1     0     5     5  328.       0.0659     0.002812  
 329    14   1     0     4     4  328.       0.0687     0.002812  
 329    15   1     0     3     3  328.       0.0716     0.002812  
 329    16   1     0     7     7  328.       0.0758     0.004219  
 329    17   1     0     1     1  328.       0.0800     0.004219  
 329    18   1     0     1     1  328.       0.0842     0.004219  
 329    19   1     0     5     5  328.       0.0905     0.006328  
 329    20   1     0     1     1  328.       0.0969     0.006328  
 329    21   1     0     2     2  328.       0.103      0.006328  
 329    22   1     0     5     5  328.       0.113      0.009492  
 329    23   1     0     2     2  328.       0.122      0.009492  
 329    24   1     0     3     3  328.       0.132      0.009492  
 329    25   1     0     7     7  328.       0.146      0.01424   
 329    26   1     0     4     4  328.       0.160      0.01424   
 329    27   1     0     4     4  328.       0.174      0.01424   
 329    28   1     0     7     7  328.       0.196      0.02136   
 329    29   1     0     4     4  328.       0.217      0.02136   
 329    30   1     0     4     4  328.       0.238      0.02136   
 329    31   1     0    10    10  328.       0.263      0.02500   
 329    32   1     0     2     2  328.       0.288      0.02500   
 329    33   1     0     7     7  328.       0.313      0.02500   
 329    34   1     0    10    10  328.       0.338      0.02500   
 329    35   1     0    10    10  328.       0.363      0.02500   
 329    36   1     0    11    11  328.       0.388      0.02500   
 329    37   1     0    10    10  328.       0.407      0.01875   
 329    38   1     0    10    10  328.       0.426      0.01875   
 329    39   1     0     9     9  328.       0.445      0.01875   
 329    40   1     0     6     6  328.       0.463      0.01875   
 329    41   1     0     5     5  328.       0.482      0.01875   
 329    42   1     0     5     5  329.       0.501      0.01875   
 329    43   1     0     5     5  329.       0.520      0.01875   
 329    44   1     0     5     5  329.       0.538      0.01875   
 329    45   1     0     4     4  329.       0.557      0.01875   
 329    46   1     0     3     3  329.       0.576      0.01875   
 329    47   1     0     7     7  329.       0.601      0.02500   
 329    48   1     0     5     5  329.       0.626      0.02500   
 329    49   1     0     4     4  329.       0.651      0.02500   
 329    50   1     0     4     4  329.       0.676      0.02500   
 329    51   1     0     4     4  329.       0.701      0.02500   
 329    52   1     0     3     3  329.       0.726      0.02500   
 329    53   1     0     7     7  329.       0.751      0.02500   
 329    54   1     0     7     7  329.       0.776      0.02500   
 329    55   1     0     5     5  329.       0.801      0.02500   
 329    56   1     0     4     4  329.       0.826      0.02500   
 329    57   1     0    10    10  329.       0.851      0.02500   
 329    58   1     0    10    10  329.       0.876      0.02500   
 329    59   1     0    10    10  329.       0.901      0.02500   
 329    60   1     0    10    10  329.       0.926      0.02500   
 329    61   1     0     6     6  329.       0.951      0.02500   
 329    62   1     0     6     6  329.       0.976      0.02500   
 329    63   1     0     5     5  329.       1.00       0.02403   
 330     1   1     0    10    10  329.       0.00500    0.005000  
 330     2   1     0    10    10  329.       0.0100     0.005000  
 330     3   1     0    10    10  329.       0.0150     0.005000  
 330     4   1     0     7     7  329.       0.0200     0.005000  
 330     5   1     0     6     6  329.       0.0250     0.005000  
 330     6   1     0     4     4  329.       0.0300     0.005000  
 330     7   1     0     1     1  329.       0.0350     0.005000  
 330     8   1     0     7     7  329.       0.0425     0.007500  
 330     9   1     0     2     2  329.       0.0500     0.007500  
 330    10   1     0     4     4  329.       0.0575     0.007500  
 330    11   1U    0     4     4  329.       0.0575     0.01125   
 330    11   2     0     9     9  329.       0.0603     0.002812  
 330    12   1     0     3     3  329.       0.0631     0.002812  
 330    13   1     0     4     4  329.       0.0659     0.002812  
 330    14   1     0     8     8  329.       0.0702     0.004219  
 330    15   1     0     1     1  329.       0.0744     0.004219  
 330    16   1     0     2     2  329.       0.0786     0.004219  
 330    17   1     0     6     6  329.       0.0849     0.006328  
 330    18   1     0     1     1  329.       0.0912     0.006328  
 330    19   1     0     2     2  329.       0.0976     0.006328  
 330    20   1     0     4     4  329.       0.107      0.009492  
 330    21   1     0     7     7  329.       0.121      0.01424   
 330    22   1     0     5     5  329.       0.136      0.01424   
 330    23   1     0     5     5  329.       0.150      0.01424   
 330    24   1     0     3     3  329.       0.164      0.01424   
 330    25   1     0     2     2  329.       0.178      0.01424   
 330    26   1     0     8     8  329.       0.200      0.02136   
 330    27   1     0     4     4  329.       0.221      0.02136   
 330    28   1     0     4     4  329.       0.242      0.02136   
 330    29   1     0     7     7  329.       0.267      0.02500   
 330    30   1     0     2     2  329.       0.292      0.02500   
 330    31   1     0     7     7  329.       0.317      0.02500   
 330    32   1     0    10    10  329.       0.342      0.02500   
 330    33   1     0    10    10  329.       0.367      0.02500   
 330    34   1     0    10    10  329.       0.392      0.02500   
 330    35   1     0    10    10  329.       0.417      0.02500   
 330    36   1     0    10    10  329.       0.442      0.02500   
 330    37   1     0     8     8  329.       0.467      0.02500   
 330    38   1     0     5     5  329.       0.492      0.02500   
 330    39   1     0     4     4  330.       0.517      0.02500   
 330    40   1     0     5     5  330.       0.542      0.02500   
 330    41   1     0     4     4  330.       0.567      0.02500   
 330    42   1     0     4     4  330.       0.592      0.02500   
 330    43   1     0     4     4  330.       0.617      0.02500   
 330    44   1     0     4     4  330.       0.642      0.02500   
 330    45   1     0     3     3  330.       0.667      0.02500   
 330    46   1     0     4     4  330.       0.692      0.02500   
 330    47   1     0     3     3  330.       0.717      0.02500   
 330    48   1     0     2     2  330.       0.742      0.02500   
 330    49   1     0    10    10  330.       0.767      0.02500   
 330    50   1     0     8     8  330.       0.792      0.02500   
 330    51   1     0     5     5  330.       0.817      0.02500   
 330    52   1     0    10    10  330.       0.842      0.02500   
 330    53   1     0    10    10  330.       0.867      0.02500   
 330    54   1     0    10    10  330.       0.892      0.02500   
 330    55   1     0    10    10  330.       0.917      0.02500   
 330    56   1     0     9     9  330.       0.942      0.02500   
 330    57   1     0     7     7  330.       0.967      0.02500   
 330    58   1     0     5     5  330.       0.992      0.02500   
 330    59   1     0    10    10  330.       1.00       0.007666  
 331     1   1     0    10    10  330.       0.00500    0.005000  
 331     2   1     0     7     7  330.       0.0100     0.005000  
 331     3   1     0     5     5  330.       0.0150     0.005000  
 331     4   1     0     3     3  330.       0.0200     0.005000  
 331     5   1     0     1     1  330.       0.0250     0.005000  
 331     6   1     0     5     5  330.       0.0325     0.007500  
 331     7   1     0     2     2  330.       0.0400     0.007500  
 331     8   1     0     4     4  330.       0.0475     0.007500  
 331     9   1     0     5     5  330.       0.0587     0.01125   
 331    10   1     0     4     4  330.       0.0700     0.01125   
 331    11   1     0     6     6  330.       0.0812     0.01125   
 331    12   1     0     4     4  330.       0.0925     0.01125   
 331    13   1     0     3     3  330.       0.104      0.01125   
 331    14   1     0     9     9  330.       0.121      0.01688   
 331    15   1     0     4     4  330.       0.137      0.01688   
 331    16   1     0     4     4  330.       0.154      0.01688   
 331    17   1     0     7     7  330.       0.179      0.02500   
 331    18   1     0     6     6  330.       0.204      0.02500   
 331    19   1     0     4     4  330.       0.229      0.02500   
 331    20   1     0    10    10  330.       0.254      0.02500   
 331    21   1     0     6     6  330.       0.279      0.02500   
 331    22   1     0     1     1  330.       0.304      0.02500   
 331    23   1     0    10    10  330.       0.329      0.02500   
 331    24   1     0    10    10  330.       0.354      0.02500   
 331    25   1     0    11    11  330.       0.379      0.02500   
 331    26   1     0    11    11  330.       0.398      0.01875   
 331    27   1     0    10    10  330.       0.412      0.01406   
 331    28   1     0     9     9  330.       0.426      0.01406   
 331    29   1     0     7     7  330.       0.440      0.01406   
 331    30   1     0     6     6  330.       0.454      0.01406   
 331    31   1     0     7     7  330.       0.468      0.01406   
 331    32   1     0     6     6  330.       0.482      0.01406   
 331    33   1     0     5     5  330.       0.497      0.01406   
 331    34   1     0     5     5  331.       0.511      0.01406   
 331    35   1     0     5     5  331.       0.525      0.01406   
 331    36   1     0     4     4  331.       0.539      0.01406   
 331    37   1     0     4     4  331.       0.553      0.01406   
 331    38   1     0     9     9  331.       0.574      0.02109   
 331    39   1     0     5     5  331.       0.595      0.02109   
 331    40   1     0     4     4  331.       0.616      0.02109   
 331    41   1     0     5     5  331.       0.637      0.02109   
 331    42   1     0     4     4  331.       0.658      0.02109   
 331    43   1     0     4     4  331.       0.679      0.02109   
 331    44   1     0     6     6  331.       0.704      0.02500   
 331    45   1     0     5     5  331.       0.729      0.02500   
 331    46   1     0    10    10  331.       0.754      0.02500   
 331    47   1     0     7     7  331.       0.779      0.02500   
 331    48   1     0     5     5  331.       0.804      0.02500   
 331    49   1     0     6     6  331.       0.829      0.02500   
 331    50   1     0    10    10  331.       0.854      0.02500   
 331    51   1     0    11    11  331.       0.879      0.02500   
 331    52   1     0    10    10  331.       0.898      0.01875   
 331    53   1     0    10    10  331.       0.917      0.01875   
 331    54   1     0     8     8  331.       0.936      0.01875   
 331    55   1     0     8     8  331.       0.954      0.01875   
 331    56   1     0     6     6  331.       0.973      0.01875   
 331    57   1     0     6     6  331.       0.992      0.01875   
 331    58   1     0    10    10  331.       1.00       0.008125  
 332     1   1     0    10    10  331.       0.00500    0.005000  
 332     2   1     0     8     8  331.       0.0100     0.005000  
 332     3   1     0     9     9  331.       0.0150     0.005000  
 332     4   1     0     6     6  331.       0.0200     0.005000  
 332     5   1     0     5     5  331.       0.0250     0.005000  
 332     6   1     0     3     3  331.       0.0300     0.005000  
 332     7   1     0     1     1  331.       0.0350     0.005000  
 332     8   1     0     9     9  331.       0.0425     0.007500  
 332     9   1     0     2     2  331.       0.0500     0.007500  
 332    10   1     0     5     5  331.       0.0575     0.007500  
 332    11   1     0     3     3  331.       0.0650     0.007500  
 332    12   1     0     2     2  331.       0.0725     0.007500  
 332    13   1     0     8     8  331.       0.0838     0.01125   
 332    14   1     0     3     3  331.       0.0950     0.01125   
 332    15   1     0     4     4  331.       0.106      0.01125   
 332    16   1     0     9     9  331.       0.123      0.01688   
 332    17   1     0     5     5  331.       0.140      0.01688   
 332    18   1     0     4     4  331.       0.157      0.01688   
 332    19   1     0     3     3  331.       0.174      0.01688   
 332    20   1     0     7     7  331.       0.199      0.02500   
 332    21   1     0     5     5  331.       0.224      0.02500   
 332    22   1     0     5     5  331.       0.249      0.02500   
 332    23   1     0     6     6  331.       0.274      0.02500   
 332    24   1     0     1     1  331.       0.299      0.02500   
 332    25   1     0     9     9  331.       0.324      0.02500   
 332    26   1     0    10    10  331.       0.349      0.02500   
 332    27   1     0    12    12  331.       0.374      0.02500   
 332    28   1     0    12    12  331.       0.393      0.01875   
 332    29   1     0    10    10  331.       0.407      0.01406   
 332    30   1     0     8     8  331.       0.421      0.01406   
 332    31   1     0     8     8  331.       0.435      0.01406   
 332    32   1     0     6     6  331.       0.449      0.01406   
 332    33   1     0     7     7  331.       0.463      0.01406   
 332    34   1     0     6     6  331.       0.477      0.01406   
 332    35   1     0     6     6  331.       0.491      0.01406   
 332    36   1     0     5     5  332.       0.505      0.01406   
 332    37   1     0     5     5  332.       0.519      0.01406   
 332    38   1     0     5     5  332.       0.533      0.01406   
 332    39   1     0     4     4  332.       0.547      0.01406   
 332    40   1     0     4     4  332.       0.561      0.01406   
 332    41   1     0     9     9  332.       0.582      0.02109   
 332    42   1     0     5     5  332.       0.603      0.02109   
 332    43   1     0     5     5  332.       0.625      0.02109   
 332    44   1     0     4     4  332.       0.646      0.02109   
 332    45   1     0     4     4  332.       0.667      0.02109   
 332    46   1     0     6     6  332.       0.692      0.02500   
 332    47   1     0     5     5  332.       0.717      0.02500   
 332    48   1     0     4     4  332.       0.742      0.02500   
 332    49   1     0    10    10  332.       0.767      0.02500   
 332    50   1     0     7     7  332.       0.792      0.02500   
 332    51   1     0     4     4  332.       0.817      0.02500   
 332    52   1     0    10    10  332.       0.842      0.02500   
 332    53   1     0    10    10  332.       0.867      0.02500   
 332    54   1     0    10    10  332.       0.892      0.02500   
 332    55   1     0    10    10  332.       0.917      0.02500   
 332    56   1     0     9     9  332.       0.942      0.02500   
 332    57   1     0     6     6  332.       0.967      0.02500   
 332    58   1     0     5     5  332.       0.992      0.02500   
 332    59   1     0    10    10  332.       1.00       0.008281  
 333     1   1     0    11    11  332.       0.00500    0.005000  
 333     2   1     0     7     7  332.       0.00875    0.003750  
 333     3   1     0    10    10  332.       0.0125     0.003750  
 333     4   1     0    10    10  332.       0.0163     0.003750  
 333     5   1     0     8     8  332.       0.0200     0.003750  
 333     6   1     0     7     7  332.       0.0238     0.003750  
 333     7   1     0     6     6  332.       0.0275     0.003750  
 333     8   1     0     4     4  332.       0.0312     0.003750  
 333     9   1     0     2     2  332.       0.0350     0.003750  
 333    10   1     0     8     8  332.       0.0406     0.005625  
 333    11   1     0     2     2  332.       0.0462     0.005625  
 333    12   1     0     4     4  332.       0.0519     0.005625  
 333    13   1     0     6     6  332.       0.0603     0.008438  
 333    14   1     0     2     2  332.       0.0688     0.008438  
 333    15   1     0     6     6  332.       0.0772     0.008438  
 333    16   1     0     4     4  332.       0.0856     0.008438  
 333    17   1     0     2     2  332.       0.0941     0.008438  
 333    18   1     0     9     9  332.       0.107      0.01266   
 333    19   1     0     4     4  332.       0.119      0.01266   
 333    20   1     0     4     4  332.       0.132      0.01266   
 333    21   1     0     8     8  332.       0.151      0.01898   
 333    22   1     0     5     5  332.       0.170      0.01898   
 333    23   1     0     4     4  332.       0.189      0.01898   
 333    24   1     0     4     4  332.       0.208      0.01898   
 333    25   1     0     7     7  332.       0.233      0.02500   
 333    26   1     0    10    10  332.       0.258      0.02500   
 333    27   1     0     6     6  332.       0.283      0.02500   
 333    28   1     0     3     3  332.       0.308      0.02500   
 333    29   1     0    10    10  332.       0.333      0.02500   
 333    30   1     0    10    10  332.       0.358      0.02500   
 333    31   1     0    11    11  332.       0.383      0.02500   
 333    32   1     0    10    10  332.       0.402      0.01875   
 333    33   1     0    10    10  332.       0.420      0.01875   
 333    34   1     0     9     9  332.       0.439      0.01875   
 333    35   1     0     7     7  332.       0.458      0.01875   
 333    36   1     0     5     5  332.       0.477      0.01875   
 333    37   1     0     5     5  332.       0.495      0.01875   
 333    38   1     0     5     5  333.       0.514      0.01875   
 333    39   1     0     5     5  333.       0.533      0.01875   
 333    40   1     0     4     4  333.       0.552      0.01875   
 333    41   1     0     4     4  333.       0.570      0.01875   
 333    42   1     0     7     7  333.       0.595      0.02500   
 333    43   1     0     5     5  333.       0.620      0.02500   
 333    44   1     0     4     4  333.       0.645      0.02500   
 333    45   1     0     4     4  333.       0.670      0.02500   
 333    46   1     0     4     4  333.       0.695      0.02500   
 333    47   1     0     3     3  333.       0.720      0.02500   
 333    48   1     0     3     3  333.       0.745      0.02500   
 333    49   1     0     8     8  333.       0.770      0.02500   
 333    50   1     0     8     8  333.       0.795      0.02500   
 333    51   1     0     4     4  333.       0.820      0.02500   
 333    52   1     0    10    10  333.       0.845      0.02500   
 333    53   1     0    11    11  333.       0.870      0.02500   
 333    54   1     0    10    10  333.       0.889      0.01875   
 333    55   1     0    11    11  333.       0.908      0.01875   
 333    56   1     0    10    10  333.       0.922      0.01406   
 333    57   1     0     7     7  333.       0.936      0.01406   
 333    58   1     0     5     5  333.       0.950      0.01406   
 333    59   1     0     6     6  333.       0.964      0.01406   
 333    60   1     0     8     8  333.       0.978      0.01406   
 333    61   1     0     5     5  333.       0.992      0.01406   
 333    62   1     0    10    10  333.       1.00       0.007656  
 334     1   1     0    10    10  333.       0.00500    0.005000  
 334     2   1     0     4     4  333.       0.0100     0.005000  
 334     3   1     0     5     5  333.       0.0150     0.005000  
 334     4   1     0     3     3  333.       0.0200     0.005000  
 334     5   1     0     1     1  333.       0.0250     0.005000  
 334     6   1     0     8     8  333.       0.0325     0.007500  
 334     7   1     0     2     2  333.       0.0400     0.007500  
 334     8   1     0     5     5  333.       0.0475     0.007500  
 334     9   1     0     3     3  333.       0.0550     0.007500  
 334    10   1     0     3     3  333.       0.0625     0.007500  
 334    11   1     0    10    10  333.       0.0737     0.01125   
 334    12   1     0     3     3  333.       0.0850     0.01125   
 334    13   1     0     4     4  333.       0.0962     0.01125   
 334    14   1     0     8     8  333.       0.113      0.01688   
 334    15   1     0     4     4  333.       0.130      0.01688   
 334    16   1     0     5     5  333.       0.147      0.01688   
 334    17   1     0     3     3  333.       0.164      0.01688   
 334    18   1     0     2     2  333.       0.181      0.01688   
 334    19   1     0     7     7  333.       0.206      0.02500   
 334    20   1     0     6     6  333.       0.231      0.02500   
 334    21   1     0    10    10  333.       0.256      0.02500   
 334    22   1     0     6     6  333.       0.281      0.02500   
 334    23   1     0     1     1  333.       0.306      0.02500   
 334    24   1     0    10    10  333.       0.331      0.02500   
 334    25   1     0    10    10  333.       0.356      0.02500   
 334    26   1     0    11    11  333.       0.381      0.02500   
 334    27   1     0    10    10  333.       0.399      0.01875   
 334    28   1     0    10    10  333.       0.418      0.01875   
 334    29   1     0     9     9  333.       0.437      0.01875   
 334    30   1     0     7     7  333.       0.456      0.01875   
 334    31   1     0     5     5  333.       0.474      0.01875   
 334    32   1     0     5     5  333.       0.493      0.01875   
 334    33   1     0     5     5  334.       0.512      0.01875   
 334    34   1     0     5     5  334.       0.531      0.01875   
 334    35   1     0     4     4  334.       0.549      0.01875   
 334    36   1     0     4     4  334.       0.568      0.01875   
 334    37   1     0     7     7  334.       0.593      0.02500   
 334    38   1     0     5     5  334.       0.618      0.02500   
 334    39   1     0     4     4  334.       0.643      0.02500   
 334    40   1     0     4     4  334.       0.668      0.02500   
 334    41   1     0     4     4  334.       0.693      0.02500   
 334    42   1     0     3     3  334.       0.718      0.02500   
 334    43   1     0     3     3  334.       0.743      0.02500   
 334    44   1     0     9     9  334.       0.768      0.02500   
 334    45   1     0     7     7  334.       0.793      0.02500   
 334    46   1     0     4     4  334.       0.818      0.02500   
 334    47   1     0    10    10  334.       0.843      0.02500   
 334    48   1     0    12    12  334.       0.868      0.02500   
 334    49   1     0    10    10  334.       0.887      0.01875   
 334    50   1     0    11    11  334.       0.906      0.01875   
 334    51   1     0    10    10  334.       0.920      0.01406   
 334    52   1     0    10    10  334.       0.934      0.01406   
 334    53   1     0     8     8  334.       0.948      0.01406   
 334    54   1     0     6     6  334.       0.962      0.01406   
 334    55   1     0     7     7  334.       0.976      0.01406   
 334    56   1     0     5     5  334.       0.990      0.01406   
 334    57   1     0    10    10  334.       1.00       0.01000   
 335     1   1     0    10    10  334.       0.00500    0.005000  
 335     2   1     0     5     5  334.       0.0100     0.005000  
 335     3   1     0     5     5  334.       0.0150     0.005000  
 335     4   1     0     3     3  334.       0.0200     0.005000  
 335     5   1     0     2     2  334.       0.0250     0.005000  
 335     6   1     0     7     7  334.       0.0325     0.007500  
 335     7   1     0     2     2  334.       0.0400     0.007500  
 335     8   1     0     5     5  334.       0.0475     0.007500  
 335     9   1     0     3     3  334.       0.0550     0.007500  
 335    10   1     0     3     3  334.       0.0625     0.007500  
 335    11   1     0    10    10  334.       0.0737     0.01125   
 335    12   1     0     4     4  334.       0.0850     0.01125   
 335    13   1     0     4     4  334.       0.0962     0.01125   
 335    14   1     0     9     9  334.       0.113      0.01688   
 335    15   1     0     5     5  334.       0.130      0.01688   
 335    16   1     0     5     5  334.       0.147      0.01688   
 335    17   1     0     3     3  334.       0.164      0.01688   
 335    18   1     0     2     2  334.       0.181      0.01688   
 335    19   1     0     7     7  334.       0.206      0.02500   
 335    20   1     0     6     6  334.       0.231      0.02500   
 335    21   1     0    10    10  334.       0.256      0.02500   
 335    22   1     0     6     6  334.       0.281      0.02500   
 335    23   1     0     1     1  334.       0.306      0.02500   
 335    24   1     0    10    10  334.       0.331      0.02500   
 335    25   1     0    10    10  334.       0.356      0.02500   
 335    26   1     0    11    11  334.       0.381      0.02500   
 335    27   1     0    10    10  334.       0.399      0.01875   
 335    28   1     0    10    10  334.       0.418      0.01875   
 335    29   1     0     9     9  334.       0.437      0.01875   
 335    30   1     0     7     7  334.       0.456      0.01875   
 335    31   1     0     5     5  334.       0.474      0.01875   
 335    32   1     0     5     5  334.       0.493      0.01875   
 335    33   1     0     5     5  335.       0.512      0.01875   
 335    34   1     0     5     5  335.       0.531      0.01875   
 335    35   1     0     4     4  335.       0.549      0.01875   
 335    36   1     0     4     4  335.       0.568      0.01875   
 335    37   1     0     7     7  335.       0.593      0.02500   
 335    38   1     0     5     5  335.       0.618      0.02500   
 335    39   1     0     4     4  335.       0.643      0.02500   
 335    40   1     0     4     4  335.       0.668      0.02500   
 335    41   1     0     4     4  335.       0.693      0.02500   
 335    42   1     0     3     3  335.       0.718      0.02500   
 335    43   1     0     3     3  335.       0.743      0.02500   
 335    44   1     0     9     9  335.       0.768      0.02500   
 335    45   1     0     7     7  335.       0.793      0.02500   
 335    46   1     0     4     4  335.       0.818      0.02500   
 335    47   1     0    10    10  335.       0.843      0.02500   
 335    48   1U    0     9     9  335.       0.843      0.02500   
 335    48   2     0    11    11  335.       0.856      0.01250   
 335    49   1     0    11    11  335.       0.865      0.009375  
 335    50   1     0    10    10  335.       0.872      0.007031  
 335    51   1     0    10    10  335.       0.879      0.007031  
 335    52   1     0    10    10  335.       0.886      0.007031  
 335    53   1     0     9     9  335.       0.893      0.007031  
 335    54   1     0     5     5  335.       0.900      0.007031  
 335    55   1     0     6     6  335.       0.907      0.007031  
 335    56   1     0     7     7  335.       0.914      0.007031  
 335    57   1     0     5     5  335.       0.921      0.007031  
 335    58   1     0     3     3  335.       0.928      0.007031  
 335    59   1     0     3     3  335.       0.935      0.007031  
 335    60   1     0     4     4  335.       0.946      0.01055   
 335    61   1     0     3     3  335.       0.962      0.01582   
 335    62   1     0     6     6  335.       0.985      0.02373   
 335    63   1     0    10    10  335.       1.00       0.01459   
 336     1   1     0    10    10  335.       0.00500    0.005000  
 336     2   1     0     9     9  335.       0.0100     0.005000  
 336     3   1     0     9     9  335.       0.0150     0.005000  
 336     4   1     0     7     7  335.       0.0200     0.005000  
 336     5   1     0     5     5  335.       0.0250     0.005000  
 336     6   1     0     3     3  335.       0.0300     0.005000  
 336     7   1     0     1     1  335.       0.0350     0.005000  
 336     8   1     0     8     8  335.       0.0425     0.007500  
 336     9   1     0     2     2  335.       0.0500     0.007500  
 336    10   1     0     4     4  335.       0.0575     0.007500  
 336    11   1U    0     5     5  335.       0.0575     0.01125   
 336    11   2     0    10    10  335.       0.0603     0.002812  
 336    12   1     0     4     4  335.       0.0631     0.002812  
 336    13   1     0     5     5  335.       0.0659     0.002812  
 336    14   1     0     4     4  335.       0.0687     0.002812  
 336    15   1     0     3     3  335.       0.0716     0.002812  
 336    16   1     0     7     7  335.       0.0758     0.004219  
 336    17   1     0     1     1  335.       0.0800     0.004219  
 336    18   1     0     1     1  335.       0.0842     0.004219  
 336    19   1     0     5     5  335.       0.0905     0.006328  
 336    20   1     0     1     1  335.       0.0969     0.006328  
 336    21   1     0     2     2  335.       0.103      0.006328  
 336    22   1     0     5     5  335.       0.113      0.009492  
 336    23   1     0     2     2  335.       0.122      0.009492  
 336    24   1     0     3     3  335.       0.132      0.009492  
 336    25   1     0     7     7  335.       0.146      0.01424   
 336    26   1     0     4     4  335.       0.160      0.01424   
 336    27   1     0     4     4  335.       0.174      0.01424   
 336    28   1     0     7     7  335.       0.196      0.02136   
 336    29   1     0     4     4  335.       0.217      0.02136   
 336    30   1     0     4     4  335.       0.238      0.02136   
 336    31   1     0    10    10  335.       0.263      0.02500   
 336    32   1     0     2     2  335.       0.288      0.02500   
 336    33   1     0     7     7  335.       0.313      0.02500   
 336    34   1     0    10    10  335.       0.338      0.02500   
 336    35   1     0    10    10  335.       0.363      0.02500   
 336    36   1     0    11    11  335.       0.388      0.02500   
 336    37   1     0    10    10  335.       0.407      0.01875   
 336    38   1     0    10    10  335.       0.426      0.01875   
 336    39   1     0     9     9  335.       0.445      0.01875   
 336    40   1     0     6     6  335.       0.463      0.01875   
 336    41   1     0     5     5  335.       0.482      0.01875   
 336    42   1     0     5     5  336.       0.501      0.01875   
 336    43   1     0     5     5  336.       0.520      0.01875   
 336    44   1     0     5     5  336.       0.538      0.01875   
 336    45   1     0     4     4  336.       0.557      0.01875   
 336    46   1     0     3     3  336.       0.576      0.01875   
 336    47   1     0     7     7  336.       0.601      0.02500   
 336    48   1     0     5     5  336.       0.626      0.02500   
 336    49   1     0     4     4  336.       0.651      0.02500   
 336    50   1     0     4     4  336.       0.676      0.02500   
 336    51   1     0     4     4  336.       0.701      0.02500   
 336    52   1     0     3     3  336.       0.726      0.02500   
 336    53   1     0     7     7  336.       0.751      0.02500   
 336    54   1     0     7     7  336.       0.776      0.02500   
 336    55   1     0     5     5  336.       0.801      0.02500   
 336    56   1     0     4     4  336.       0.826      0.02500   
 336    57   1     0    10    10  336.       0.851      0.02500   
 336    58   1     0    10    10  336.       0.876      0.02500   
 336    59   1     0    10    10  336.       0.901      0.02500   
 336    60   1     0    10    10  336.       0.926      0.02500   
 336    61   1     0     6     6  336.       0.951      0.02500   
 336    62   1     0     6     6  336.       0.976      0.02500   
 336    63   1     0     5     5  336.       1.00       0.02403   
 337     1   1     0    10    10  336.       0.00500    0.005000  
 337     2   1     0    10    10  336.       0.0100     0.005000  
 337     3   1     0    10    10  336.       0.0150     0.005000  
 337     4   1     0     7     7  336.       0.0200     0.005000  
 337     5   1     0     6     6  336.       0.0250     0.005000  
 337     6   1     0     4     4  336.       0.0300     0.005000  
 337     7   1     0     1     1  336.       0.0350     0.005000  
 337     8   1     0     7     7  336.       0.0425     0.007500  
 337     9   1     0     2     2  336.       0.0500     0.007500  
 337    10   1     0     4     4  336.       0.0575     0.007500  
 337    11   1U    0     4     4  336.       0.0575     0.01125   
 337    11   2     0     9     9  336.       0.0603     0.002812  
 337    12   1     0     3     3  336.       0.0631     0.002812  
 337    13   1     0     4     4  336.       0.0659     0.002812  
 337    14   1     0     8     8  336.       0.0702     0.004219  
 337    15   1     0     1     1  336.       0.0744     0.004219  
 337    16   1     0     2     2  336.       0.0786     0.004219  
 337    17   1     0     6     6  336.       0.0849     0.006328  
 337    18   1     0     1     1  336.       0.0912     0.006328  
 337    19   1     0     2     2  336.       0.0976     0.006328  
 337    20   1     0     4     4  336.       0.107      0.009492  
 337    21   1     0     7     7  336.       0.121      0.01424   
 337    22   1     0     5     5  336.       0.136      0.01424   
 337    23   1     0     5     5  336.       0.150      0.01424   
 337    24   1     0     3     3  336.       0.164      0.01424   
 337    25   1     0     2     2  336.       0.178      0.01424   
 337    26   1     0     8     8  336.       0.200      0.02136   
 337    27   1     0     4     4  336.       0.221      0.02136   
 337    28   1     0     4     4  336.       0.242      0.02136   
 337    29   1     0     7     7  336.       0.267      0.02500   
 337    30   1     0     2     2  336.       0.292      0.02500   
 337    31   1     0     7     7  336.       0.317      0.02500   
 337    32   1     0    10    10  336.       0.342      0.02500   
 337    33   1     0    10    10  336.       0.367      0.02500   
 337    34   1     0    10    10  336.       0.392      0.02500   
 337    35   1     0    10    10  336.       0.417      0.02500   
 337    36   1     0    10    10  336.       0.442      0.02500   
 337    37   1     0     8     8  336.       0.467      0.02500   
 337    38   1     0     5     5  336.       0.492      0.02500   
 337    39   1     0     4     4  337.       0.517      0.02500   
 337    40   1     0     5     5  337.       0.542      0.02500   
 337    41   1     0     4     4  337.       0.567      0.02500   
 337    42   1     0     4     4  337.       0.592      0.02500   
 337    43   1     0     4     4  337.       0.617      0.02500   
 337    44   1     0     4     4  337.       0.642      0.02500   
 337    45   1     0     3     3  337.       0.667      0.02500   
 337    46   1     0     4     4  337.       0.692      0.02500   
 337    47   1     0     3     3  337.       0.717      0.02500   
 337    48   1     0     2     2  337.       0.742      0.02500   
 337    49   1     0    10    10  337.       0.767      0.02500   
 337    50   1     0     8     8  337.       0.792      0.02500   
 337    51   1     0     5     5  337.       0.817      0.02500   
 337    52   1     0    10    10  337.       0.842      0.02500   
 337    53   1     0    10    10  337.       0.867      0.02500   
 337    54   1     0    10    10  337.       0.892      0.02500   
 337    55   1     0    10    10  337.       0.917      0.02500   
 337    56   1     0     9     9  337.       0.942      0.02500   
 337    57   1     0     7     7  337.       0.967      0.02500   
 337    58   1     0     5     5  337.       0.992      0.02500   
 337    59   1     0    10    10  337.       1.00       0.007666  
 338     1   1     0    10    10  337.       0.00500    0.005000  
 338     2   1     0     7     7  337.       0.0100     0.005000  
 338     3   1     0     5     5  337.       0.0150     0.005000  
 338     4   1     0     3     3  337.       0.0200     0.005000  
 338     5   1     0     1     1  337.       0.0250     0.005000  
 338     6   1     0     5     5  337.       0.0325     0.007500  
 338     7   1     0     2     2  337.       0.0400     0.007500  
 338     8   1     0     4     4  337.       0.0475     0.007500  
 338     9   1     0     5     5  337.       0.0587     0.01125   
 338    10   1     0     4     4  337.       0.0700     0.01125   
 338    11   1     0     6     6  337.       0.0812     0.01125   
 338    12   1     0     4     4  337.       0.0925     0.01125   
 338    13   1     0     3     3  337.       0.104      0.01125   
 338    14   1     0     9     9  337.       0.121      0.01688   
 338    15   1     0     4     4  337.       0.137      0.01688   
 338    16   1     0     4     4  337.       0.154      0.01688   
 338    17   1     0     7     7  337.       0.179      0.02500   
 338    18   1     0     6     6  337.       0.204      0.02500   
 338    19   1     0     4     4  337.       0.229      0.02500   
 338    20   1     0    10    10  337.       0.254      0.02500   
 338    21   1     0     6     6  337.       0.279      0.02500   
 338    22   1     0     1     1  337.       0.304      0.02500   
 338    23   1     0    10    10  337.       0.329      0.02500   
 338    24   1     0    10    10  337.       0.354      0.02500   
 338    25   1     0    11    11  337.       0.379      0.02500   
 338    26   1     0    11    11  337.       0.398      0.01875   
 338    27   1     0    10    10  337.       0.412      0.01406   
 338    28   1     0     9     9  337.       0.426      0.01406   
 338    29   1     0     7     7  337.       0.440      0.01406   
 338    30   1     0     6     6  337.       0.454      0.01406   
 338    31   1     0     7     7  337.       0.468      0.01406   
 338    32   1     0     6     6  337.       0.482      0.01406   
 338    33   1     0     5     5  337.       0.497      0.01406   
 338    34   1     0     5     5  338.       0.511      0.01406   
 338    35   1     0     5     5  338.       0.525      0.01406   
 338    36   1     0     4     4  338.       0.539      0.01406   
 338    37   1     0     4     4  338.       0.553      0.01406   
 338    38   1     0     9     9  338.       0.574      0.02109   
 338    39   1     0     5     5  338.       0.595      0.02109   
 338    40   1     0     4     4  338.       0.616      0.02109   
 338    41   1     0     5     5  338.       0.637      0.02109   
 338    42   1     0     4     4  338.       0.658      0.02109   
 338    43   1     0     4     4  338.       0.679      0.02109   
 338    44   1     0     6     6  338.       0.704      0.02500   
 338    45   1     0     5     5  338.       0.729      0.02500   
 338    46   1     0    10    10  338.       0.754      0.02500   
 338    47   1     0     7     7  338.       0.779      0.02500   
 338    48   1     0     5     5  338.       0.804      0.02500   
 338    49   1     0     6     6  338.       0.829      0.02500   
 338    50   1     0    10    10  338.       0.854      0.02500   
 338    51   1     0    11    11  338.       0.879      0.02500   
 338    52   1     0    10    10  338.       0.898      0.01875   
 338    53   1     0    10    10  338.       0.917      0.01875   
 338    54   1     0     8     8  338.       0.936      0.01875   
 338    55   1     0     8     8  338.       0.954      0.01875   
 338    56   1     0     6     6  338.       0.973      0.01875   
 338    57   1     0     6     6  338.       0.992      0.01875   
 338    58   1     0    10    10  338.       1.00       0.008125  
 339     1   1     0    10    10  338.       0.00500    0.005000  
 339     2   1     0     8     8  338.       0.0100     0.005000  
 339     3   1     0     9     9  338.       0.0150     0.005000  
 339     4   1     0     6     6  338.       0.0200     0.005000  
 339     5   1     0     5     5  338.       0.0250     0.005000  
 339     6   1     0     3     3  338.       0.0300     0.005000  
 339     7   1     0     1     1  338.       0.0350     0.005000  
 339     8   1     0     9     9  338.       0.0425     0.007500  
 339     9   1     0     2     2  338.       0.0500     0.007500  
 339    10   1     0     5     5  338.       0.0575     0.007500  
 339    11   1     0     3     3  338.       0.0650     0.007500  
 339    12   1     0     2     2  338.       0.0725     0.007500  
 339    13   1     0     8     8  338.       0.0838     0.01125   
 339    14   1     0     3     3  338.       0.0950     0.01125   
 339    15   1     0     4     4  338.       0.106      0.01125   
 339    16   1     0     9     9  338.       0.123      0.01688   
 339    17   1     0     5     5  338.       0.140      0.01688   
 339    18   1     0     4     4  338.       0.157      0.01688   
 339    19   1     0     3     3  338.       0.174      0.01688   
 339    20   1     0     7     7  338.       0.199      0.02500   
 339    21   1     0     5     5  338.       0.224      0.02500   
 339    22   1     0     5     5  338.       0.249      0.02500   
 339    23   1     0     6     6  338.       0.274      0.02500   
 339    24   1     0     1     1  338.       0.299      0.02500   
 339    25   1     0     9     9  338.       0.324      0.02500   
 339    26   1     0    10    10  338.       0.349      0.02500   
 339    27   1     0    12    12  338.       0.374      0.02500   
 339    28   1     0    12    12  338.       0.393      0.01875   
 339    29   1     0    10    10  338.       0.407      0.01406   
 339    30   1     0     8     8  338.       0.421      0.01406   
 339    31   1     0     8     8  338.       0.435      0.01406   
 339    32   1     0     6     6  338.       0.449      0.01406   
 339    33   1     0     7     7  338.       0.463      0.01406   
 339    34   1     0     6     6  338.       0.477      0.01406   
 339    35   1     0     6     6  338.       0.491      0.01406   
 339    36   1     0     5     5  339.       0.505      0.01406   
 339    37   1     0     5     5  339.       0.519      0.01406   
 339    38   1     0     5     5  339.       0.533      0.01406   
 339    39   1     0     4     4  339.       0.547      0.01406   
 339    40   1     0     4     4  339.       0.561      0.01406   
 339    41   1     0     9     9  339.       0.582      0.02109   
 339    42   1     0     5     5  339.       0.603      0.02109   
 339    43   1     0     5     5  339.       0.625      0.02109   
 339    44   1     0     4     4  339.       0.646      0.02109   
 339    45   1     0     4     4  339.       0.667      0.02109   
 339    46   1     0     6     6  339.       0.692      0.02500   
 339    47   1     0     5     5  339.       0.717      0.02500   
 339    48   1     0     4     4  339.       0.742      0.02500   
 339    49   1     0    10    10  339.       0.767      0.02500   
 339    50   1     0     7     7  339.       0.792      0.02500   
 339    51   1     0     4     4  339.       0.817      0.02500   
 339    52   1     0    10    10  339.       0.842      0.02500   
 339    53   1     0    10    10  339.       0.867      0.02500   
 339    54   1     0    10    10  339.       0.892      0.02500   
 339    55   1     0    10    10  339.       0.917      0.02500   
 339    56   1     0     9     9  339.       0.942      0.02500   
 339    57   1     0     6     6  339.       0.967      0.02500   
 339    58   1     0     5     5  339.       0.992      0.02500   
 339    59   1     0    10    10  339.       1.00       0.008281  
 340     1   1     0    11    11  339.       0.00500    0.005000  
 340     2   1     0     7     7  339.       0.00875    0.003750  
 340     3   1     0    10    10  339.       0.0125     0.003750  
 340     4   1     0    10    10  339.       0.0163     0.003750  
 340     5   1     0     8     8  339.       0.0200     0.003750  
 340     6   1     0     7     7  339.       0.0238     0.003750  
 340     7   1     0     6     6  339.       0.0275     0.003750  
 340     8   1     0     4     4  339.       0.0312     0.003750  
 340     9   1     0     2     2  339.       0.0350     0.003750  
 340    10   1     0     8     8  339.       0.0406     0.005625  
 340    11   1     0     2     2  339.       0.0462     0.005625  
 340    12   1     0     4     4  339.       0.0519     0.005625  
 340    13   1     0     6     6  339.       0.0603     0.008438  
 340    14   1     0     2     2  339.       0.0688     0.008438  
 340    15   1     0     6     6  339.       0.0772     0.008438  
 340    16   1     0     4     4  339.       0.0856     0.008438  
 340    17   1     0     2     2  339.       0.0941     0.008438  
 340    18   1     0     9     9  339.       0.107      0.01266   
 340    19   1     0     4     4  339.       0.119      0.01266   
 340    20   1     0     4     4  339.       0.132      0.01266   
 340    21   1     0     8     8  339.       0.151      0.01898   
 340    22   1     0     5     5  339.       0.170      0.01898   
 340    23   1     0     4     4  339.       0.189      0.01898   
 340    24   1     0     4     4  339.       0.208      0.01898   
 340    25   1     0     7     7  339.       0.233      0.02500   
 340    26   1     0    10    10  339.       0.258      0.02500   
 340    27   1     0     6     6  339.       0.283      0.02500   
 340    28   1     0     3     3  339.       0.308      0.02500   
 340    29   1     0    10    10  339.       0.333      0.02500   
 340    30   1     0    10    10  339.       0.358      0.02500   
 340    31   1     0    11    11  339.       0.383      0.02500   
 340    32   1     0    10    10  339.       0.402      0.01875   
 340    33   1     0    10    10  339.       0.420      0.01875   
 340    34   1     0     9     9  339.       0.439      0.01875   
 340    35   1     0     7     7  339.       0.458      0.01875   
 340    36   1     0     5     5  339.       0.477      0.01875   
 340    37   1     0     5     5  339.       0.495      0.01875   
 340    38   1     0     5     5  340.       0.514      0.01875   
 340    39   1     0     5     5  340.       0.533      0.01875   
 340    40   1     0     4     4  340.       0.552      0.01875   
 340    41   1     0     4     4  340.       0.570      0.01875   
 340    42   1     0     7     7  340.       0.595      0.02500   
 340    43   1     0     5     5  340.       0.620      0.02500   
 340    44   1     0     4     4  340.       0.645      0.02500   
 340    45   1     0     4     4  340.       0.670      0.02500   
 340    46   1     0     4     4  340.       0.695      0.02500   
 340    47   1     0     3     3  340.       0.720      0.02500   
 340    48   1     0     3     3  340.       0.745      0.02500   
 340    49   1     0     8     8  340.       0.770      0.02500   
 340    50   1     0     8     8  340.       0.795      0.02500   
 340    51   1     0     4     4  340.       0.820      0.02500   
 340    52   1     0    10    10  340.       0.845      0.02500   
 340    53   1     0    11    11  340.       0.870      0.02500   
 340    54   1     0    10    10  340.       0.889      0.01875   
 340    55   1     0    11    11  340.       0.908      0.01875   
 340    56   1     0    10    10  340.       0.922      0.01406   
 340    57   1     0     7     7  340.       0.936      0.01406   
 340    58   1     0     5     5  340.       0.950      0.01406   
 340    59   1     0     6     6  340.       0.964      0.01406   
 340    60   1     0     8     8  340.       0.978      0.01406   
 340    61   1     0     5     5  340.       0.992      0.01406   
 340    62   1     0    10    10  340.       1.00       0.007656  
 341     1   1     0    10    10  340.       0.00500    0.005000  
 341     2   1     0     4     4  340.       0.0100     0.005000  
 341     3   1     0     5     5  340.       0.0150     0.005000  
 341     4   1     0     3     3  340.       0.0200     0.005000  
 341     5   1     0     1     1  340.       0.0250     0.005000  
 341     6   1     0     8     8  340.       0.0325     0.007500  
 341     7   1     0     2     2  340.       0.0400     0.007500  
 341     8   1     0     5     5  340.       0.0475     0.007500  
 341     9   1     0     3     3  340.       0.0550     0.007500  
 341    10   1     0     3     3  340.       0.0625     0.007500  
 341    11   1     0    10    10  340.       0.0737     0.01125   
 341    12   1     0     3     3  340.       0.0850     0.01125   
 341    13   1     0     4     4  340.       0.0962     0.01125   
 341    14   1     0     8     8  340.       0.113      0.01688   
 341    15   1     0     4     4  340.       0.130      0.01688   
 341    16   1     0     5     5  340.       0.147      0.01688   
 341    17   1     0     3     3  340.       0.164      0.01688   
 341    18   1     0     2     2  340.       0.181      0.01688   
 341    19   1     0     7     7  340.       0.206      0.02500   
 341    20   1     0     6     6  340.       0.231      0.02500   
 341    21   1     0    10    10  340.       0.256      0.02500   
 341    22   1     0     6     6  340.       0.281      0.02500   
 341    23   1     0     1     1  340.       0.306      0.02500   
 341    24   1     0    10    10  340.       0.331      0.02500   
 341    25   1     0    10    10  340.       0.356      0.02500   
 341    26   1     0    11    11  340.       0.381      0.02500   
 341    27   1     0    10    10  340.       0.399      0.01875   
 341    28   1     0    10    10  340.       0.418      0.01875   
 341    29   1     0     9     9  340.       0.437      0.01875   
 341    30   1     0     7     7  340.       0.456      0.01875   
 341    31   1     0     5     5  340.       0.474      0.01875   
 341    32   1     0     5     5  340.       0.493      0.01875   
 341    33   1     0     5     5  341.       0.512      0.01875   
 341    34   1     0     5     5  341.       0.531      0.01875   
 341    35   1     0     4     4  341.       0.549      0.01875   
 341    36   1     0     4     4  341.       0.568      0.01875   
 341    37   1     0     7     7  341.       0.593      0.02500   
 341    38   1     0     5     5  341.       0.618      0.02500   
 341    39   1     0     4     4  341.       0.643      0.02500   
 341    40   1     0     4     4  341.       0.668      0.02500   
 341    41   1     0     4     4  341.       0.693      0.02500   
 341    42   1     0     3     3  341.       0.718      0.02500   
 341    43   1     0     3     3  341.       0.743      0.02500   
 341    44   1     0     9     9  341.       0.768      0.02500   
 341    45   1     0     7     7  341.       0.793      0.02500   
 341    46   1     0     4     4  341.       0.818      0.02500   
 341    47   1     0    10    10  341.       0.843      0.02500   
 341    48   1     0    12    12  341.       0.868      0.02500   
 341    49   1     0    10    10  341.       0.887      0.01875   
 341    50   1     0    11    11  341.       0.906      0.01875   
 341    51   1     0    10    10  341.       0.920      0.01406   
 341    52   1     0    10    10  341.       0.934      0.01406   
 341    53   1     0     8     8  341.       0.948      0.01406   
 341    54   1     0     6     6  341.       0.962      0.01406   
 341    55   1     0     7     7  341.       0.976      0.01406   
 341    56   1     0     5     5  341.       0.990      0.01406   
 341    57   1     0    10    10  341.       1.00       0.01000   
 342     1   1     0    10    10  341.       0.00500    0.005000  
 342     2   1     0     5     5  341.       0.0100     0.005000  
 342     3   1     0     5     5  341.       0.0150     0.005000  
 342     4   1     0     3     3  341.       0.0200     0.005000  
 342     5   1     0     2     2  341.       0.0250     0.005000  
 342     6   1     0     7     7  341.       0.0325     0.007500  
 342     7   1     0     2     2  341.       0.0400     0.007500  
 342     8   1     0     5     5  341.       0.0475     0.007500  
 342     9   1     0     3     3  341.       0.0550     0.007500  
 342    10   1     0     3     3  341.       0.0625     0.007500  
 342    11   1     0    10    10  341.       0.0737     0.01125   
 342    12   1     0     4     4  341.       0.0850     0.01125   
 342    13   1     0     4     4  341.       0.0962     0.01125   
 342    14   1     0     9     9  341.       0.113      0.01688   
 342    15   1     0     5     5  341.       0.130      0.01688   
 342    16   1     0     5     5  341.       0.147      0.01688   
 342    17   1     0     3     3  341.       0.164      0.01688   
 342    18   1     0     2     2  341.       0.181      0.01688   
 342    19   1     0     7     7  341.       0.206      0.02500   
 342    20   1     0     6     6  341.       0.231      0.02500   
 342    21   1     0    10    10  341.       0.256      0.02500   
 342    22   1     0     6     6  341.       0.281      0.02500   
 342    23   1     0     1     1  341.       0.306      0.02500   
 342    24   1     0    10    10  341.       0.331      0.02500   
 342    25   1     0    10    10  341.       0.356      0.02500   
 342    26   1     0    11    11  341.       0.381      0.02500   
 342    27   1     0    10    10  341.       0.399      0.01875   
 342    28   1     0    10    10  341.       0.418      0.01875   
 342    29   1     0     9     9  341.       0.437      0.01875   
 342    30   1     0     7     7  341.       0.456      0.01875   
 342    31   1     0     5     5  341.       0.474      0.01875   
 342    32   1     0     5     5  341.       0.493      0.01875   
 342    33   1     0     5     5  342.       0.512      0.01875   
 342    34   1     0     5     5  342.       0.531      0.01875   
 342    35   1     0     4     4  342.       0.549      0.01875   
 342    36   1     0     4     4  342.       0.568      0.01875   
 342    37   1     0     7     7  342.       0.593      0.02500   
 342    38   1     0     5     5  342.       0.618      0.02500   
 342    39   1     0     4     4  342.       0.643      0.02500   
 342    40   1     0     4     4  342.       0.668      0.02500   
 342    41   1     0     4     4  342.       0.693      0.02500   
 342    42   1     0     3     3  342.       0.718      0.02500   
 342    43   1     0     3     3  342.       0.743      0.02500   
 342    44   1     0     9     9  342.       0.768      0.02500   
 342    45   1     0     7     7  342.       0.793      0.02500   
 342    46   1     0     4     4  342.       0.818      0.02500   
 342    47   1     0    10    10  342.       0.843      0.02500   
 342    48   1U    0     9     9  342.       0.843      0.02500   
 342    48   2     0    11    11  342.       0.856      0.01250   
 342    49   1     0    11    11  342.       0.865      0.009375  
 342    50   1     0    10    10  342.       0.872      0.007031  
 342    51   1     0    10    10  342.       0.879      0.007031  
 342    52   1     0    10    10  342.       0.886      0.007031  
 342    53   1     0     9     9  342.       0.893      0.007031  
 342    54   1     0     5     5  342.       0.900      0.007031  
 342    55   1     0     6     6  342.       0.907      0.007031  
 342    56   1     0     7     7  342.       0.914      0.007031  
 342    57   1     0     5     5  342.       0.921      0.007031  
 342    58   1     0     3     3  342.       0.928      0.007031  
 342    59   1     0     3     3  342.       0.935      0.007031  
 342    60   1     0     4     4  342.       0.946      0.01055   
 342    61   1     0     3     3  342.       0.962      0.01582   
 342    62   1     0     6     6  342.       0.985      0.02373   
 342    63   1     0    10    10  342.       1.00       0.01459   
 343     1   1     0    10    10  342.       0.00500    0.005000  
 343     2   1     0     9     9  342.       0.0100     0.005000  
 343     3   1     0     9     9  342.       0.0150     0.005000  
 343     4   1     0     7     7  342.       0.0200     0.005000  
 343     5   1     0     5     5  342.       0.0250     0.005000  
 343     6   1     0     3     3  342.       0.0300     0.005000  
 343     7   1     0     1     1  342.       0.0350     0.005000  
 343     8   1     0     8     8  342.       0.0425     0.007500  
 343     9   1     0     2     2  342.       0.0500     0.007500  
 343    10   1     0     4     4  342.       0.0575     0.007500  
 343    11   1U    0     5     5  342.       0.0575     0.01125   
 343    11   2     0    10    10  342.       0.0603     0.002812  
 343    12   1     0     4     4  342.       0.0631     0.002812  
 343    13   1     0     5     5  342.       0.0659     0.002812  
 343    14   1     0     4     4  342.       0.0687     0.002812  
 343    15   1     0     3     3  342.       0.0716     0.002812  
 343    16   1     0     7     7  342.       0.0758     0.004219  
 343    17   1     0     1     1  342.       0.0800     0.004219  
 343    18   1     0     1     1  342.       0.0842     0.004219  
 343    19   1     0     5     5  342.       0.0905     0.006328  
 343    20   1     0     1     1  342.       0.0969     0.006328  
 343    21   1     0     2     2  342.       0.103      0.006328  
 343    22   1     0     5     5  342.       0.113      0.009492  
 343    23   1     0     2     2  342.       0.122      0.009492  
 343    24   1     0     3     3  342.       0.132      0.009492  
 343    25   1     0     7     7  342.       0.146      0.01424   
 343    26   1     0     4     4  342.       0.160      0.01424   
 343    27   1     0     4     4  342.       0.174      0.01424   
 343    28   1     0     7     7  342.       0.196      0.02136   
 343    29   1     0     4     4  342.       0.217      0.02136   
 343    30   1     0     4     4  342.       0.238      0.02136   
 343    31   1     0    10    10  342.       0.263      0.02500   
 343    32   1     0     2     2  342.       0.288      0.02500   
 343    33   1     0     7     7  342.       0.313      0.02500   
 343    34   1     0    10    10  342.       0.338      0.02500   
 343    35   1     0    10    10  342.       0.363      0.02500   
 343    36   1     0    11    11  342.       0.388      0.02500   
 343    37   1     0    10    10  342.       0.407      0.01875   
 343    38   1     0    10    10  342.       0.426      0.01875   
 343    39   1     0     9     9  342.       0.445      0.01875   
 343    40   1     0     6     6  342.       0.463      0.01875   
 343    41   1     0     5     5  342.       0.482      0.01875   
 343    42   1     0     5     5  343.       0.501      0.01875   
 343    43   1     0     5     5  343.       0.520      0.01875   
 343    44   1     0     5     5  343.       0.538      0.01875   
 343    45   1     0     4     4  343.       0.557      0.01875   
 343    46   1     0     4     4  343.       0.576      0.01875   
 343    47   1     0     7     7  343.       0.601      0.02500   
 343    48   1     0     5     5  343.       0.626      0.02500   
 343    49   1     0     4     4  343.       0.651      0.02500   
 343    50   1     0     4     4  343.       0.676      0.02500   
 343    51   1     0     4     4  343.       0.701      0.02500   
 343    52   1     0     3     3  343.       0.726      0.02500   
 343    53   1     0     7     7  343.       0.751      0.02500   
 343    54   1     0     7     7  343.       0.776      0.02500   
 343    55   1     0     5     5  343.       0.801      0.02500   
 343    56   1     0     4     4  343.       0.826      0.02500   
 343    57   1     0    10    10  343.       0.851      0.02500   
 343    58   1     0    10    10  343.       0.876      0.02500   
 343    59   1     0    10    10  343.       0.901      0.02500   
 343    60   1     0    10    10  343.       0.926      0.02500   
 343    61   1     0     6     6  343.       0.951      0.02500   
 343    62   1     0     6     6  343.       0.976      0.02500   
 343    63   1     0     5     5  343.       1.00       0.02403   
 344     1   1     0    10    10  343.       0.00500    0.005000  
 344     2   1     0    10    10  343.       0.0100     0.005000  
 344     3   1     0    10    10  343.       0.0150     0.005000  
 344     4   1     0     7     7  343.       0.0200     0.005000  
 344     5   1     0     6     6  343.       0.0250     0.005000  
 344     6   1     0     4     4  343.       0.0300     0.005000  
 344     7   1     0     1     1  343.       0.0350     0.005000  
 344     8   1     0     7     7  343.       0.0425     0.007500  
 344     9   1     0     2     2  343.       0.0500     0.007500  
 344    10   1     0     4     4  343.       0.0575     0.007500  
 344    11   1U    0     4     4  343.       0.0575     0.01125   
 344    11   2     0     9     9  343.       0.0603     0.002812  
 344    12   1     0     3     3  343.       0.0631     0.002812  
 344    13   1     0     4     4  343.       0.0659     0.002812  
 344    14   1     0     8     8  343.       0.0702     0.004219  
 344    15   1     0     1     1  343.       0.0744     0.004219  
 344    16   1     0     2     2  343.       0.0786     0.004219  
 344    17   1     0     6     6  343.       0.0849     0.006328  
 344    18   1     0     1     1  343.       0.0912     0.006328  
 344    19   1     0     2     2  343.       0.0976     0.006328  
 344    20   1     0     4     4  343.       0.107      0.009492  
 344    21   1     0     7     7  343.       0.121      0.01424   
 344    22   1     0     5     5  343.       0.136      0.01424   
 344    23   1     0     5     5  343.       0.150      0.01424   
 344    24   1     0     3     3  343.       0.164      0.01424   
 344    25   1     0     2     2  343.       0.178      0.01424   
 344    26   1     0     8     8  343.       0.200      0.02136   
 344    27   1     0     4     4  343.       0.221      0.02136   
 344    28   1     0     4     4  343.       0.242      0.02136   
 344    29   1     0     7     7  343.       0.267      0.02500   
 344    30   1     0     2     2  343.       0.292      0.02500   
 344    31   1     0     8     8  343.       0.317      0.02500   
 344    32   1     0    10    10  343.       0.342      0.02500   
 344    33   1     0    10    10  343.       0.367      0.02500   
 344    34   1     0    10    10  343.       0.392      0.02500   
 344    35   1     0    10    10  343.       0.417      0.02500   
 344    36   1     0    10    10  343.       0.442      0.02500   
 344    37   1     0     8     8  343.       0.467      0.02500   
 344    38   1     0     5     5  343.       0.492      0.02500   
 344    39   1     0     4     4  344.       0.517      0.02500   
 344    40   1     0     5     5  344.       0.542      0.02500   
 344    41   1     0     4     4  344.       0.567      0.02500   
 344    42   1     0     4     4  344.       0.592      0.02500   
 344    43   1     0     4     4  344.       0.617      0.02500   
 344    44   1     0     4     4  344.       0.642      0.02500   
 344    45   1     0     3     3  344.       0.667      0.02500   
 344    46   1     0     4     4  344.       0.692      0.02500   
 344    47   1     0     3     3  344.       0.717      0.02500   
 344    48   1     0     2     2  344.       0.742      0.02500   
 344    49   1     0    10    10  344.       0.767      0.02500   
 344    50   1     0     8     8  344.       0.792      0.02500   
 344    51   1     0     5     5  344.       0.817      0.02500   
 344    52   1     0    10    10  344.       0.842      0.02500   
 344    53   1     0    10    10  344.       0.867      0.02500   
 344    54   1     0    10    10  344.       0.892      0.02500   
 344    55   1     0    10    10  344.       0.917      0.02500   
 344    56   1     0     9     9  344.       0.942      0.02500   
 344    57   1     0     7     7  344.       0.967      0.02500   
 344    58   1     0     5     5  344.       0.992      0.02500   
 344    59   1     0    10    10  344.       1.00       0.007666  
 345     1   1     0    10    10  344.       0.00500    0.005000  
 345     2   1     0     7     7  344.       0.0100     0.005000  
 345     3   1     0     5     5  344.       0.0150     0.005000  
 345     4   1     0     3     3  344.       0.0200     0.005000  
 345     5   1     0     1     1  344.       0.0250     0.005000  
 345     6   1     0     5     5  344.       0.0325     0.007500  
 345     7   1     0     2     2  344.       0.0400     0.007500  
 345     8   1     0     4     4  344.       0.0475     0.007500  
 345     9   1     0     5     5  344.       0.0587     0.01125   
 345    10   1     0     4     4  344.       0.0700     0.01125   
 345    11   1     0     6     6  344.       0.0812     0.01125   
 345    12   1     0     4     4  344.       0.0925     0.01125   
 345    13   1     0     3     3  344.       0.104      0.01125   
 345    14   1     0     9     9  344.       0.121      0.01688   
 345    15   1     0     4     4  344.       0.137      0.01688   
 345    16   1     0     4     4  344.       0.154      0.01688   
 345    17   1     0     7     7  344.       0.179      0.02500   
 345    18   1     0     6     6  344.       0.204      0.02500   
 345    19   1     0     4     4  344.       0.229      0.02500   
 345    20   1     0    10    10  344.       0.254      0.02500   
 345    21   1     0     6     6  344.       0.279      0.02500   
 345    22   1     0     1     1  344.       0.304      0.02500   
 345    23   1     0    10    10  344.       0.329      0.02500   
 345    24   1     0    10    10  344.       0.354      0.02500   
 345    25   1     0    11    11  344.       0.379      0.02500   
 345    26   1     0    11    11  344.       0.398      0.01875   
 345    27   1     0    10    10  344.       0.412      0.01406   
 345    28   1     0     9     9  344.       0.426      0.01406   
 345    29   1     0     7     7  344.       0.440      0.01406   
 345    30   1     0     6     6  344.       0.454      0.01406   
 345    31   1     0     7     7  344.       0.468      0.01406   
 345    32   1     0     6     6  344.       0.482      0.01406   
 345    33   1     0     5     5  344.       0.497      0.01406   
 345    34   1     0     5     5  345.       0.511      0.01406   
 345    35   1     0     5     5  345.       0.525      0.01406   
 345    36   1     0     4     4  345.       0.539      0.01406   
 345    37   1     0     4     4  345.       0.553      0.01406   
 345    38   1     0     9     9  345.       0.574      0.02109   
 345    39   1     0     5     5  345.       0.595      0.02109   
 345    40   1     0     4     4  345.       0.616      0.02109   
 345    41   1     0     5     5  345.       0.637      0.02109   
 345    42   1     0     4     4  345.       0.658      0.02109   
 345    43   1     0     4     4  345.       0.679      0.02109   
 345    44   1     0     6     6  345.       0.704      0.02500   
 345    45   1     0     5     5  345.       0.729      0.02500   
 345    46   1     0    10    10  345.       0.754      0.02500   
 345    47   1     0     7     7  345.       0.779      0.02500   
 345    48   1     0     5     5  345.       0.804      0.02500   
 345    49   1     0     6     6  345.       0.829      0.02500   
 345    50   1     0    10    10  345.       0.854      0.02500   
 345    51   1     0    11    11  345.       0.879      0.02500   
 345    52   1     0    10    10  345.       0.898      0.01875   
 345    53   1     0    10    10  345.       0.917      0.01875   
 345    54   1     0     8     8  345.       0.936      0.01875   
 345    55   1     0     8     8  345.       0.954      0.01875   
 345    56   1     0     6     6  345.       0.973      0.01875   
 345    57   1     0     6     6  345.       0.992      0.01875   
 345    58   1     0    10    10  345.       1.00       0.008125  
 346     1   1     0    10    10  345.       0.00500    0.005000  
 346     2   1     0     8     8  345.       0.0100     0.005000  
 346     3   1     0     9     9  345.       0.0150     0.005000  
 346     4   1     0     6     6  345.       0.0200     0.005000  
 346     5   1     0     5     5  345.       0.0250     0.005000  
 346     6   1     0     3     3  345.       0.0300     0.005000  
 346     7   1     0     1     1  345.       0.0350     0.005000  
 346     8   1     0     9     9  345.       0.0425     0.007500  
 346     9   1     0     2     2  345.       0.0500     0.007500  
 346    10   1     0     5     5  345.       0.0575     0.007500  
 346    11   1     0     3     3  345.       0.0650     0.007500  
 346    12   1     0     2     2  345.       0.0725     0.007500  
 346    13   1     0     8     8  345.       0.0838     0.01125   
 346    14   1     0     3     3  345.       0.0950     0.01125   
 346    15   1     0     4     4  345.       0.106      0.01125   
 346    16   1     0     9     9  345.       0.123      0.01688   
 346    17   1     0     5     5  345.       0.140      0.01688   
 346    18   1     0     4     4  345.       0.157      0.01688   
 346    19   1     0     3     3  345.       0.174      0.01688   
 346    20   1     0     7     7  345.       0.199      0.02500   
 346    21   1     0     5     5  345.       0.224      0.02500   
 346    22   1     0     5     5  345.       0.249      0.02500   
 346    23   1     0     6     6  345.       0.274      0.02500   
 346    24   1     0     1     1  345.       0.299      0.02500   
 346    25   1     0     9     9  345.       0.324      0.02500   
 346    26   1     0    10    10  345.       0.349      0.02500   
 346    27   1     0    12    12  345.       0.374      0.02500   
 346    28   1     0    12    12  345.       0.393      0.01875   
 346    29   1     0    10    10  345.       0.407      0.01406   
 346    30   1     0     8     8  345.       0.421      0.01406   
 346    31   1     0     8     8  345.       0.435      0.01406   
 346    32   1     0     6     6  345.       0.449      0.01406   
 346    33   1     0     7     7  345.       0.463      0.01406   
 346    34   1     0     6     6  345.       0.477      0.01406   
 346    35   1     0     6     6  345.       0.491      0.01406   
 346    36   1     0     5     5  346.       0.505      0.01406   
 346    37   1     0     5     5  346.       0.519      0.01406   
 346    38   1     0     5     5  346.       0.533      0.01406   
 346    39   1     0     4     4  346.       0.547      0.01406   
 346    40   1     0     4     4  346.       0.561      0.01406   
 346    41   1     0     9     9  346.       0.582      0.02109   
 346    42   1     0     5     5  346.       0.603      0.02109   
 346    43   1     0     5     5  346.       0.625      0.02109   
 346    44   1     0     4     4  346.       0.646      0.02109   
 346    45   1     0     4     4  346.       0.667      0.02109   
 346    46   1     0     6     6  346.       0.692      0.02500   
 346    47   1     0     5     5  346.       0.717      0.02500   
 346    48   1     0     4     4  346.       0.742      0.02500   
 346    49   1     0    10    10  346.       0.767      0.02500   
 346    50   1     0     7     7  346.       0.792      0.02500   
 346    51   1     0     4     4  346.       0.817      0.02500   
 346    52   1     0    10    10  346.       0.842      0.02500   
 346    53   1     0    10    10  346.       0.867      0.02500   
 346    54   1     0    10    10  346.       0.892      0.02500   
 346    55   1     0    10    10  346.       0.917      0.02500   
 346    56   1     0     9     9  346.       0.942      0.02500   
 346    57   1     0     6     6  346.       0.967      0.02500   
 346    58   1     0     5     5  346.       0.992      0.02500   
 346    59   1     0    10    10  346.       1.00       0.008281  
 347     1   1     0    11    11  346.       0.00500    0.005000  
 347     2   1     0     7     7  346.       0.00875    0.003750  
 347     3   1     0    10    10  346.       0.0125     0.003750  
 347     4   1     0    10    10  346.       0.0163     0.003750  
 347     5   1     0     8     8  346.       0.0200     0.003750  
 347     6   1     0     7     7  346.       0.0238     0.003750  
 347     7   1     0     6     6  346.       0.0275     0.003750  
 347     8   1     0     4     4  346.       0.0312     0.003750  
 347     9   1     0     2     2  346.       0.0350     0.003750  
 347    10   1     0     8     8  346.       0.0406     0.005625  
 347    11   1     0     2     2  346.       0.0462     0.005625  
 347    12   1     0     4     4  346.       0.0519     0.005625  
 347    13   1     0     6     6  346.       0.0603     0.008438  
 347    14   1     0     2     2  346.       0.0688     0.008438  
 347    15   1     0     6     6  346.       0.0772     0.008438  
 347    16   1     0     4     4  346.       0.0856     0.008438  
 347    17   1     0     2     2  346.       0.0941     0.008438  
 347    18   1     0     9     9  346.       0.107      0.01266   
 347    19   1     0     4     4  346.       0.119      0.01266   
 347    20   1     0     4     4  346.       0.132      0.01266   
 347    21   1     0     8     8  346.       0.151      0.01898   
 347    22   1     0     5     5  346.       0.170      0.01898   
 347    23   1     0     4     4  346.       0.189      0.01898   
 347    24   1     0     4     4  346.       0.208      0.01898   
 347    25   1     0     7     7  346.       0.233      0.02500   
 347    26   1     0    10    10  346.       0.258      0.02500   
 347    27   1     0     6     6  346.       0.283      0.02500   
 347    28   1     0     3     3  346.       0.308      0.02500   
 347    29   1     0    10    10  346.       0.333      0.02500   
 347    30   1     0    10    10  346.       0.358      0.02500   
 347    31   1     0    11    11  346.       0.383      0.02500   
 347    32   1     0    10    10  346.       0.402      0.01875   
 347    33   1     0    10    10  346.       0.420      0.01875   
 347    34   1     0     9     9  346.       0.439      0.01875   
 347    35   1     0     7     7  346.       0.458      0.01875   
 347    36   1     0     5     5  346.       0.477      0.01875   
 347    37   1     0     5     5  346.       0.495      0.01875   
 347    38   1     0     5     5  347.       0.514      0.01875   
 347    39   1     0     5     5  347.       0.533      0.01875   
 347    40   1     0     4     4  347.       0.552      0.01875   
 347    41   1     0     4     4  347.       0.570      0.01875   
 347    42   1     0     7     7  347.       0.595      0.02500   
 347    43   1     0     5     5  347.       0.620      0.02500   
 347    44   1     0     4     4  347.       0.645      0.02500   
 347    45   1     0     4     4  347.       0.670      0.02500   
 347    46   1     0     4     4  347.       0.695      0.02500   
 347    47   1     0     3     3  347.       0.720      0.02500   
 347    48   1     0     3     3  347.       0.745      0.02500   
 347    49   1     0     8     8  347.       0.770      0.02500   
 347    50   1     0     8     8  347.       0.795      0.02500   
 347    51   1     0     4     4  347.       0.820      0.02500   
 347    52   1     0    10    10  347.       0.845      0.02500   
 347    53   1     0    11    11  347.       0.870      0.02500   
 347    54   1     0    10    10  347.       0.889      0.01875   
 347    55   1     0    11    11  347.       0.908      0.01875   
 347    56   1     0    10    10  347.       0.922      0.01406   
 347    57   1     0     7     7  347.       0.936      0.01406   
 347    58   1     0     5     5  347.       0.950      0.01406   
 347    59   1     0     6     6  347.       0.964      0.01406   
 347    60   1     0     8     8  347.       0.978      0.01406   
 347    61   1     0     5     5  347.       0.992      0.01406   
 347    62   1     0    10    10  347.       1.00       0.007656  
 348     1   1     0    10    10  347.       0.00500    0.005000  
 348     2   1     0     4     4  347.       0.0100     0.005000  
 348     3   1     0     5     5  347.       0.0150     0.005000  
 348     4   1     0     3     3  347.       0.0200     0.005000  
 348     5   1     0     1     1  347.       0.0250     0.005000  
 348     6   1     0     8     8  347.       0.0325     0.007500  
 348     7   1     0     2     2  347.       0.0400     0.007500  
 348     8   1     0     5     5  347.       0.0475     0.007500  
 348     9   1     0     3     3  347.       0.0550     0.007500  
 348    10   1     0     3     3  347.       0.0625     0.007500  
 348    11   1     0    10    10  347.       0.0737     0.01125   
 348    12   1     0     3     3  347.       0.0850     0.01125   
 348    13   1     0     4     4  347.       0.0962     0.01125   
 348    14   1     0     8     8  347.       0.113      0.01688   
 348    15   1     0     4     4  347.       0.130      0.01688   
 348    16   1     0     5     5  347.       0.147      0.01688   
 348    17   1     0     3     3  347.       0.164      0.01688   
 348    18   1     0     2     2  347.       0.181      0.01688   
 348    19   1     0     7     7  347.       0.206      0.02500   
 348    20   1     0     6     6  347.       0.231      0.02500   
 348    21   1     0    10    10  347.       0.256      0.02500   
 348    22   1     0     6     6  347.       0.281      0.02500   
 348    23   1     0     1     1  347.       0.306      0.02500   
 348    24   1     0    10    10  347.       0.331      0.02500   
 348    25   1     0    10    10  347.       0.356      0.02500   
 348    26   1     0    11    11  347.       0.381      0.02500   
 348    27   1     0    10    10  347.       0.399      0.01875   
 348    28   1     0    10    10  347.       0.418      0.01875   
 348    29   1     0     9     9  347.       0.437      0.01875   
 348    30   1     0     7     7  347.       0.456      0.01875   
 348    31   1     0     5     5  347.       0.474      0.01875   
 348    32   1     0     5     5  347.       0.493      0.01875   
 348    33   1     0     5     5  348.       0.512      0.01875   
 348    34   1     0     5     5  348.       0.531      0.01875   
 348    35   1     0     4     4  348.       0.549      0.01875   
 348    36   1     0     4     4  348.       0.568      0.01875   
 348    37   1     0     7     7  348.       0.593      0.02500   
 348    38   1     0     5     5  348.       0.618      0.02500   
 348    39   1     0     4     4  348.       0.643      0.02500   
 348    40   1     0     4     4  348.       0.668      0.02500   
 348    41   1     0     4     4  348.       0.693      0.02500   
 348    42   1     0     3     3  348.       0.718      0.02500   
 348    43   1     0     3     3  348.       0.743      0.02500   
 348    44   1     0     9     9  348.       0.768      0.02500   
 348    45   1     0     7     7  348.       0.793      0.02500   
 348    46   1     0     4     4  348.       0.818      0.02500   
 348    47   1     0    10    10  348.       0.843      0.02500   
 348    48   1     0    12    12  348.       0.868      0.02500   
 348    49   1     0    10    10  348.       0.887      0.01875   
 348    50   1     0    11    11  348.       0.906      0.01875   
 348    51   1     0    10    10  348.       0.920      0.01406   
 348    52   1     0    10    10  348.       0.934      0.01406   
 348    53   1     0     8     8  348.       0.948      0.01406   
 348    54   1     0     6     6  348.       0.962      0.01406   
 348    55   1     0     7     7  348.       0.976      0.01406   
 348    56   1     0     5     5  348.       0.990      0.01406   
 348    57   1     0    10    10  348.       1.00       0.01000   
 349     1   1     0    10    10  348.       0.00500    0.005000  
 349     2   1     0     5     5  348.       0.0100     0.005000  
 349     3   1     0     5     5  348.       0.0150     0.005000  
 349     4   1     0     3     3  348.       0.0200     0.005000  
 349     5   1     0     2     2  348.       0.0250     0.005000  
 349     6   1     0     7     7  348.       0.0325     0.007500  
 349     7   1     0     2     2  348.       0.0400     0.007500  
 349     8   1     0     5     5  348.       0.0475     0.007500  
 349     9   1     0     3     3  348.       0.0550     0.007500  
 349    10   1     0     3     3  348.       0.0625     0.007500  
 349    11   1     0    10    10  348.       0.0737     0.01125   
 349    12   1     0     4     4  348.       0.0850     0.01125   
 349    13   1     0     4     4  348.       0.0962     0.01125   
 349    14   1     0     9     9  348.       0.113      0.01688   
 349    15   1     0     5     5  348.       0.130      0.01688   
 349    16   1     0     5     5  348.       0.147      0.01688   
 349    17   1     0     3     3  348.       0.164      0.01688   
 349    18   1     0     2     2  348.       0.181      0.01688   
 349    19   1     0     7     7  348.       0.206      0.02500   
 349    20   1     0     6     6  348.       0.231      0.02500   
 349    21   1     0    10    10  348.       0.256      0.02500   
 349    22   1     0     6     6  348.       0.281      0.02500   
 349    23   1     0     1     1  348.       0.306      0.02500   
 349    24   1     0    10    10  348.       0.331      0.02500   
 349    25   1     0    10    10  348.       0.356      0.02500   
 349    26   1     0    11    11  348.       0.381      0.02500   
 349    27   1     0    10    10  348.       0.399      0.01875   
 349    28   1     0    10    10  348.       0.418      0.01875   
 349    29   1     0     9     9  348.       0.437      0.01875   
 349    30   1     0     7     7  348.       0.456      0.01875   
 349    31   1     0     5     5  348.       0.474      0.01875   
 349    32   1     0     5     5  348.       0.493      0.01875   
 349    33   1     0     5     5  349.       0.512      0.01875   
 349    34   1     0     5     5  349.       0.531      0.01875   
 349    35   1     0     4     4  349.       0.549      0.01875   
 349    36   1     0     4     4  349.       0.568      0.01875   
 349    37   1     0     7     7  349.       0.593      0.02500   
 349    38   1     0     5     5  349.       0.618      0.02500   
 349    39   1     0     4     4  349.       0.643      0.02500   
 349    40   1     0     4     4  349.       0.668      0.02500   
 349    41   1     0     4     4  349.       0.693      0.02500   
 349    42   1     0     3     3  349.       0.718      0.02500   
 349    43   1     0     3     3  349.       0.743      0.02500   
 349    44   1     0     9     9  349.       0.768      0.02500   
 349    45   1     0     7     7  349.       0.793      0.02500   
 349    46   1     0     4     4  349.       0.818      0.02500   
 349    47   1     0    10    10  349.       0.843      0.02500   
 349    48   1U    0     9     9  349.       0.843      0.02500   
 349    48   2     0    11    11  349.       0.856      0.01250   
 349    49   1     0    11    11  349.       0.865      0.009375  
 349    50   1     0    10    10  349.       0.872      0.007031  
 349    51   1     0    10    10  349.       0.879      0.007031  
 349    52   1     0    10    10  349.       0.886      0.007031  
 349    53   1     0     9     9  349.       0.893      0.007031  
 349    54   1     0     5     5  349.       0.900      0.007031  
 349    55   1     0     6     6  349.       0.907      0.007031  
 349    56   1     0     7     7  349.       0.914      0.007031  
 349    57   1     0     5     5  349.       0.921      0.007031  
 349    58   1     0     3     3  349.       0.928      0.007031  
 349    59   1     0     3     3  349.       0.935      0.007031  
 349    60   1     0     4     4  349.       0.946      0.01055   
 349    61   1     0     3     3  349.       0.962      0.01582   
 349    62   1     0     6     6  349.       0.985      0.02373   
 349    63   1     0    10    10  349.       1.00       0.01459   
 350     1   1     0    10    10  349.       0.00500    0.005000  
 350     2   1     0     9     9  349.       0.0100     0.005000  
 350     3   1     0     9     9  349.       0.0150     0.005000  
 350     4   1     0     7     7  349.       0.0200     0.005000  
 350     5   1     0     5     5  349.       0.0250     0.005000  
 350     6   1     0     3     3  349.       0.0300     0.005000  
 350     7   1     0     1     1  349.       0.0350     0.005000  
 350     8   1     0     8     8  349.       0.0425     0.007500  
 350     9   1     0     2     2  349.       0.0500     0.007500  
 350    10   1     0     4     4  349.       0.0575     0.007500  
 350    11   1U    0     5     5  349.       0.0575     0.01125   
 350    11   2     0    10    10  349.       0.0603     0.002812  
 350    12   1     0     4     4  349.       0.0631     0.002812  
 350    13   1     0     5     5  349.       0.0659     0.002812  
 350    14   1     0     4     4  349.       0.0687     0.002812  
 350    15   1     0     3     3  349.       0.0716     0.002812  
 350    16   1     0     7     7  349.       0.0758     0.004219  
 350    17   1     0     1     1  349.       0.0800     0.004219  
 350    18   1     0     1     1  349.       0.0842     0.004219  
 350    19   1     0     5     5  349.       0.0905     0.006328  
 350    20   1     0     1     1  349.       0.0969     0.006328  
 350    21   1     0     2     2  349.       0.103      0.006328  
 350    22   1     0     5     5  349.       0.113      0.009492  
 350    23   1     0     2     2  349.       0.122      0.009492  
 350    24   1     0     3     3  349.       0.132      0.009492  
 350    25   1     0     7     7  349.       0.146      0.01424   
 350    26   1     0     4     4  349.       0.160      0.01424   
 350    27   1     0     4     4  349.       0.174      0.01424   
 350    28   1     0     7     7  349.       0.196      0.02136   
 350    29   1     0     4     4  349.       0.217      0.02136   
 350    30   1     0     4     4  349.       0.238      0.02136   
 350    31   1     0    10    10  349.       0.263      0.02500   
 350    32   1     0     2     2  349.       0.288      0.02500   
 350    33   1     0     7     7  349.       0.313      0.02500   
 350    34   1     0    10    10  349.       0.338      0.02500   
 350    35   1     0    10    10  349.       0.363      0.02500   
 350    36   1     0    11    11  349.       0.388      0.02500   
 350    37   1     0    10    10  349.       0.407      0.01875   
 350    38   1     0    10    10  349.       0.426      0.01875   
 350    39   1     0     9     9  349.       0.445      0.01875   
 350    40   1     0     6     6  349.       0.463      0.01875   
 350    41   1     0     5     5  349.       0.482      0.01875   
 350    42   1     0     5     5  350.       0.501      0.01875   
 350    43   1     0     5     5  350.       0.520      0.01875   
 350    44   1     0     5     5  350.       0.538      0.01875   
 350    45   1     0     4     4  350.       0.557      0.01875   
 350    46   1     0     4     4  350.       0.576      0.01875   
 350    47   1     0     7     7  350.       0.601      0.02500   
 350    48   1     0     5     5  350.       0.626      0.02500   
 350    49   1     0     4     4  350.       0.651      0.02500   
 350    50   1     0     4     4  350.       0.676      0.02500   
 350    51   1     0     4     4  350.       0.701      0.02500   
 350    52   1     0     3     3  350.       0.726      0.02500   
 350    53   1     0     7     7  350.       0.751      0.02500   
 350    54   1     0     7     7  350.       0.776      0.02500   
 350    55   1     0     5     5  350.       0.801      0.02500   
 350    56   1     0     4     4  350.       0.826      0.02500   
 350    57   1     0    10    10  350.       0.851      0.02500   
 350    58   1     0    10    10  350.       0.876      0.02500   
 350    59   1     0    10    10  350.       0.901      0.02500   
 350    60   1     0    10    10  350.       0.926      0.02500   
 350    61   1     0     6     6  350.       0.951      0.02500   
 350    62   1     0     6     6  350.       0.976      0.02500   
 350    63   1     0     5     5  350.       1.00       0.02403   
 351     1   1     0    10    10  350.       0.00500    0.005000  
 351     2   1     0    10    10  350.       0.0100     0.005000  
 351     3   1     0    10    10  350.       0.0150     0.005000  
 351     4   1     0     7     7  350.       0.0200     0.005000  
 351     5   1     0     6     6  350.       0.0250     0.005000  
 351     6   1     0     4     4  350.       0.0300     0.005000  
 351     7   1     0     1     1  350.       0.0350     0.005000  
 351     8   1     0     7     7  350.       0.0425     0.007500  
 351     9   1     0     2     2  350.       0.0500     0.007500  
 351    10   1     0     4     4  350.       0.0575     0.007500  
 351    11   1U    0     4     4  350.       0.0575     0.01125   
 351    11   2     0     9     9  350.       0.0603     0.002812  
 351    12   1     0     3     3  350.       0.0631     0.002812  
 351    13   1     0     4     4  350.       0.0659     0.002812  
 351    14   1     0     8     8  350.       0.0702     0.004219  
 351    15   1     0     1     1  350.       0.0744     0.004219  
 351    16   1     0     2     2  350.       0.0786     0.004219  
 351    17   1     0     6     6  350.       0.0849     0.006328  
 351    18   1     0     1     1  350.       0.0912     0.006328  
 351    19   1     0     2     2  350.       0.0976     0.006328  
 351    20   1     0     4     4  350.       0.107      0.009492  
 351    21   1     0     7     7  350.       0.121      0.01424   
 351    22   1     0     5     5  350.       0.136      0.01424   
 351    23   1     0     5     5  350.       0.150      0.01424   
 351    24   1     0     3     3  350.       0.164      0.01424   
 351    25   1     0     2     2  350.       0.178      0.01424   
 351    26   1     0     8     8  350.       0.200      0.02136   
 351    27   1     0     4     4  350.       0.221      0.02136   
 351    28   1     0     4     4  350.       0.242      0.02136   
 351    29   1     0     7     7  350.       0.267      0.02500   
 351    30   1     0     2     2  350.       0.292      0.02500   
 351    31   1     0     8     8  350.       0.317      0.02500   
 351    32   1     0    10    10  350.       0.342      0.02500   
 351    33   1     0    10    10  350.       0.367      0.02500   
 351    34   1     0    10    10  350.       0.392      0.02500   
 351    35   1     0    10    10  350.       0.417      0.02500   
 351    36   1     0    10    10  350.       0.442      0.02500   
 351    37   1     0     8     8  350.       0.467      0.02500   
 351    38   1     0     5     5  350.       0.492      0.02500   
 351    39   1     0     4     4  351.       0.517      0.02500   
 351    40   1     0     5     5  351.       0.542      0.02500   
 351    41   1     0     4     4  351.       0.567      0.02500   
 351    42   1     0     4     4  351.       0.592      0.02500   
 351    43   1     0     4     4  351.       0.617      0.02500   
 351    44   1     0     4     4  351.       0.642      0.02500   
 351    45   1     0     3     3  351.       0.667      0.02500   
 351    46   1     0     4     4  351.       0.692      0.02500   
 351    47   1     0     3     3  351.       0.717      0.02500   
 351    48   1     0     2     2  351.       0.742      0.02500   
 351    49   1     0    10    10  351.       0.767      0.02500   
 351    50   1     0     8     8  351.       0.792      0.02500   
 351    51   1     0     5     5  351.       0.817      0.02500   
 351    52   1     0    10    10  351.       0.842      0.02500   
 351    53   1     0    10    10  351.       0.867      0.02500   
 351    54   1     0    10    10  351.       0.892      0.02500   
 351    55   1     0    10    10  351.       0.917      0.02500   
 351    56   1     0     9     9  351.       0.942      0.02500   
 351    57   1     0     7     7  351.       0.967      0.02500   
 351    58   1     0     5     5  351.       0.992      0.02500   
 351    59   1     0    10    10  351.       1.00       0.007666  
 352     1   1     0    10    10  351.       0.00500    0.005000  
 352     2   1     0     7     7  351.       0.0100     0.005000  
 352     3   1     0     5     5  351.       0.0150     0.005000  
 352     4   1     0     3     3  351.       0.0200     0.005000  
 352     5   1     0     1     1  351.       0.0250     0.005000  
 352     6   1     0     5     5  351.       0.0325     0.007500  
 352     7   1     0     2     2  351.       0.0400     0.007500  
 352     8   1     0     4     4  351.       0.0475     0.007500  
 352     9   1     0     5     5  351.       0.0587     0.01125   
 352    10   1     0     4     4  351.       0.0700     0.01125   
 352    11   1     0     6     6  351.       0.0812     0.01125   
 352    12   1     0     4     4  351.       0.0925     0.01125   
 352    13   1     0     3     3  351.       0.104      0.01125   
 352    14   1     0     9     9  351.       0.121      0.01688   
 352    15   1     0     4     4  351.       0.137      0.01688   
 352    16   1     0     4     4  351.       0.154      0.01688   
 352    17   1     0     7     7  351.       0.179      0.02500   
 352    18   1     0     6     6  351.       0.204      0.02500   
 352    19   1     0     4     4  351.       0.229      0.02500   
 352    20   1     0    10    10  351.       0.254      0.02500   
 352    21   1     0     6     6  351.       0.279      0.02500   
 352    22   1     0     1     1  351.       0.304      0.02500   
 352    23   1     0    10    10  351.       0.329      0.02500   
 352    24   1     0    10    10  351.       0.354      0.02500   
 352    25   1     0    11    11  351.       0.379      0.02500   
 352    26   1     0    11    11  351.       0.398      0.01875   
 352    27   1     0    10    10  351.       0.412      0.01406   
 352    28   1     0     9     9  351.       0.426      0.01406   
 352    29   1     0     7     7  351.       0.440      0.01406   
 352    30   1     0     6     6  351.       0.454      0.01406   
 352    31   1     0     7     7  351.       0.468      0.01406   
 352    32   1     0     6     6  351.       0.482      0.01406   
 352    33   1     0     5     5  351.       0.497      0.01406   
 352    34   1     0     5     5  352.       0.511      0.01406   
 352    35   1     0     5     5  352.       0.525      0.01406   
 352    36   1     0     4     4  352.       0.539      0.01406   
 352    37   1     0     4     4  352.       0.553      0.01406   
 352    38   1     0     9     9  352.       0.574      0.02109   
 352    39   1     0     5     5  352.       0.595      0.02109   
 352    40   1     0     4     4  352.       0.616      0.02109   
 352    41   1     0     5     5  352.       0.637      0.02109   
 352    42   1     0     4     4  352.       0.658      0.02109   
 352    43   1     0     4     4  352.       0.679      0.02109   
 352    44   1     0     6     6  352.       0.704      0.02500   
 352    45   1     0     5     5  352.       0.729      0.02500   
 352    46   1     0    10    10  352.       0.754      0.02500   
 352    47   1     0     7     7  352.       0.779      0.02500   
 352    48   1     0     5     5  352.       0.804      0.02500   
 352    49   1     0     6     6  352.       0.829      0.02500   
 352    50   1     0    10    10  352.       0.854      0.02500   
 352    51   1     0    11    11  352.       0.879      0.02500   
 352    52   1     0    10    10  352.       0.898      0.01875   
 352    53   1     0    10    10  352.       0.917      0.01875   
 352    54   1     0     8     8  352.       0.936      0.01875   
 352    55   1     0     8     8  352.       0.954      0.01875   
 352    56   1     0     6     6  352.       0.973      0.01875   
 352    57   1     0     6     6  352.       0.992      0.01875   
 352    58   1     0    10    10  352.       1.00       0.008125  
 353     1   1     0    10    10  352.       0.00500    0.005000  
 353     2   1     0     8     8  352.       0.0100     0.005000  
 353     3   1     0     9     9  352.       0.0150     0.005000  
 353     4   1     0     6     6  352.       0.0200     0.005000  
 353     5   1     0     5     5  352.       0.0250     0.005000  
 353     6   1     0     3     3  352.       0.0300     0.005000  
 353     7   1     0     1     1  352.       0.0350     0.005000  
 353     8   1     0     9     9  352.       0.0425     0.007500  
 353     9   1     0     2     2  352.       0.0500     0.007500  
 353    10   1     0     5     5  352.       0.0575     0.007500  
 353    11   1     0     3     3  352.       0.0650     0.007500  
 353    12   1     0     2     2  352.       0.0725     0.007500  
 353    13   1     0     8     8  352.       0.0838     0.01125   
 353    14   1     0     3     3  352.       0.0950     0.01125   
 353    15   1     0     4     4  352.       0.106      0.01125   
 353    16   1     0     9     9  352.       0.123      0.01688   
 353    17   1     0     5     5  352.       0.140      0.01688   
 353    18   1     0     4     4  352.       0.157      0.01688   
 353    19   1     0     3     3  352.       0.174      0.01688   
 353    20   1     0     7     7  352.       0.199      0.02500   
 353    21   1     0     5     5  352.       0.224      0.02500   
 353    22   1     0     5     5  352.       0.249      0.02500   
 353    23   1     0     6     6  352.       0.274      0.02500   
 353    24   1     0     1     1  352.       0.299      0.02500   
 353    25   1     0     9     9  352.       0.324      0.02500   
 353    26   1     0    10    10  352.       0.349      0.02500   
 353    27   1     0    12    12  352.       0.374      0.02500   
 353    28   1     0    12    12  352.       0.393      0.01875   
 353    29   1     0    10    10  352.       0.407      0.01406   
 353    30   1     0     8     8  352.       0.421      0.01406   
 353    31   1     0     8     8  352.       0.435      0.01406   
 353    32   1     0     6     6  352.       0.449      0.01406   
 353    33   1     0     7     7  352.       0.463      0.01406   
 353    34   1     0     6     6  352.       0.477      0.01406   
 353    35   1     0     6     6  352.       0.491      0.01406   
 353    36   1     0     5     5  353.       0.505      0.01406   
 353    37   1     0     5     5  353.       0.519      0.01406   
 353    38   1     0     5     5  353.       0.533      0.01406   
 353    39   1     0     4     4  353.       0.547      0.01406   
 353    40   1     0     4     4  353.       0.561      0.01406   
 353    41   1     0     9     9  353.       0.582      0.02109   
 353    42   1     0     5     5  353.       0.603      0.02109   
 353    43   1     0     5     5  353.       0.625      0.02109   
 353    44   1     0     4     4  353.       0.646      0.02109   
 353    45   1     0     4     4  353.       0.667      0.02109   
 353    46   1     0     6     6  353.       0.692      0.02500   
 353    47   1     0     5     5  353.       0.717      0.02500   
 353    48   1     0     4     4  353.       0.742      0.02500   
 353    49   1     0    10    10  353.       0.767      0.02500   
 353    50   1     0     7     7  353.       0.792      0.02500   
 353    51   1     0     4     4  353.       0.817      0.02500   
 353    52   1     0    10    10  353.       0.842      0.02500   
 353    53   1     0    10    10  353.       0.867      0.02500   
 353    54   1     0    10    10  353.       0.892      0.02500   
 353    55   1     0    10    10  353.       0.917      0.02500   
 353    56   1     0     9     9  353.       0.942      0.02500   
 353    57   1     0     6     6  353.       0.967      0.02500   
 353    58   1     0     5     5  353.       0.992      0.02500   
 353    59   1     0    10    10  353.       1.00       0.008281  
 354     1   1     0    11    11  353.       0.00500    0.005000  
 354     2   1     0     7     7  353.       0.00875    0.003750  
 354     3   1     0    10    10  353.       0.0125     0.003750  
 354     4   1     0    10    10  353.       0.0163     0.003750  
 354     5   1     0     8     8  353.       0.0200     0.003750  
 354     6   1     0     7     7  353.       0.0238     0.003750  
 354     7   1     0     6     6  353.       0.0275     0.003750  
 354     8   1     0     4     4  353.       0.0312     0.003750  
 354     9   1     0     2     2  353.       0.0350     0.003750  
 354    10   1     0     8     8  353.       0.0406     0.005625  
 354    11   1     0     2     2  353.       0.0462     0.005625  
 354    12   1     0     4     4  353.       0.0519     0.005625  
 354    13   1     0     6     6  353.       0.0603     0.008438  
 354    14   1     0     2     2  353.       0.0688     0.008438  
 354    15   1     0     6     6  353.       0.0772     0.008438  
 354    16   1     0     4     4  353.       0.0856     0.008438  
 354    17   1     0     2     2  353.       0.0941     0.008438  
 354    18   1     0     9     9  353.       0.107      0.01266   
 354    19   1     0     4     4  353.       0.119      0.01266   
 354    20   1     0     4     4  353.       0.132      0.01266   
 354    21   1     0     8     8  353.       0.151      0.01898   
 354    22   1     0     5     5  353.       0.170      0.01898   
 354    23   1     0     4     4  353.       0.189      0.01898   
 354    24   1     0     4     4  353.       0.208      0.01898   
 354    25   1     0     7     7  353.       0.233      0.02500   
 354    26   1     0    10    10  353.       0.258      0.02500   
 354    27   1     0     6     6  353.       0.283      0.02500   
 354    28   1     0     3     3  353.       0.308      0.02500   
 354    29   1     0    10    10  353.       0.333      0.02500   
 354    30   1     0    10    10  353.       0.358      0.02500   
 354    31   1     0    11    11  353.       0.383      0.02500   
 354    32   1     0    10    10  353.       0.402      0.01875   
 354    33   1     0    10    10  353.       0.420      0.01875   
 354    34   1     0     9     9  353.       0.439      0.01875   
 354    35   1     0     7     7  353.       0.458      0.01875   
 354    36   1     0     5     5  353.       0.477      0.01875   
 354    37   1     0     5     5  353.       0.495      0.01875   
 354    38   1     0     5     5  354.       0.514      0.01875   
 354    39   1     0     5     5  354.       0.533      0.01875   
 354    40   1     0     4     4  354.       0.552      0.01875   
 354    41   1     0     4     4  354.       0.570      0.01875   
 354    42   1     0     7     7  354.       0.595      0.02500   
 354    43   1     0     5     5  354.       0.620      0.02500   
 354    44   1     0     4     4  354.       0.645      0.02500   
 354    45   1     0     4     4  354.       0.670      0.02500   
 354    46   1     0     4     4  354.       0.695      0.02500   
 354    47   1     0     3     3  354.       0.720      0.02500   
 354    48   1     0     3     3  354.       0.745      0.02500   
 354    49   1     0     8     8  354.       0.770      0.02500   
 354    50   1     0     8     8  354.       0.795      0.02500   
 354    51   1     0     4     4  354.       0.820      0.02500   
 354    52   1     0    10    10  354.       0.845      0.02500   
 354    53   1     0    11    11  354.       0.870      0.02500   
 354    54   1     0    10    10  354.       0.889      0.01875   
 354    55   1     0    11    11  354.       0.908      0.01875   
 354    56   1     0    10    10  354.       0.922      0.01406   
 354    57   1     0     7     7  354.       0.936      0.01406   
 354    58   1     0     5     5  354.       0.950      0.01406   
 354    59   1     0     6     6  354.       0.964      0.01406   
 354    60   1     0     8     8  354.       0.978      0.01406   
 354    61   1     0     5     5  354.       0.992      0.01406   
 354    62   1     0    10    10  354.       1.00       0.007656  
 355     1   1     0    10    10  354.       0.00500    0.005000  
 355     2   1     0     4     4  354.       0.0100     0.005000  
 355     3   1     0     5     5  354.       0.0150     0.005000  
 355     4   1     0     3     3  354.       0.0200     0.005000  
 355     5   1     0     1     1  354.       0.0250     0.005000  
 355     6   1     0     8     8  354.       0.0325     0.007500  
 355     7   1     0     2     2  354.       0.0400     0.007500  
 355     8   1     0     5     5  354.       0.0475     0.007500  
 355     9   1     0     3     3  354.       0.0550     0.007500  
 355    10   1     0     3     3  354.       0.0625     0.007500  
 355    11   1     0    10    10  354.       0.0737     0.01125   
 355    12   1     0     3     3  354.       0.0850     0.01125   
 355    13   1     0     4     4  354.       0.0962     0.01125   
 355    14   1     0     8     8  354.       0.113      0.01688   
 355    15   1     0     4     4  354.       0.130      0.01688   
 355    16   1     0     5     5  354.       0.147      0.01688   
 355    17   1     0     3     3  354.       0.164      0.01688   
 355    18   1     0     2     2  354.       0.181      0.01688   
 355    19   1     0     7     7  354.       0.206      0.02500   
 355    20   1     0     6     6  354.       0.231      0.02500   
 355    21   1     0    10    10  354.       0.256      0.02500   
 355    22   1     0     6     6  354.       0.281      0.02500   
 355    23   1     0     1     1  354.       0.306      0.02500   
 355    24   1     0    10    10  354.       0.331      0.02500   
 355    25   1     0    10    10  354.       0.356      0.02500   
 355    26   1     0    11    11  354.       0.381      0.02500   
 355    27   1     0    10    10  354.       0.399      0.01875   
 355    28   1     0    10    10  354.       0.418      0.01875   
 355    29   1     0     9     9  354.       0.437      0.01875   
 355    30   1     0     7     7  354.       0.456      0.01875   
 355    31   1     0     5     5  354.       0.474      0.01875   
 355    32   1     0     5     5  354.       0.493      0.01875   
 355    33   1     0     5     5  355.       0.512      0.01875   
 355    34   1     0     5     5  355.       0.531      0.01875   
 355    35   1     0     4     4  355.       0.549      0.01875   
 355    36   1     0     4     4  355.       0.568      0.01875   
 355    37   1     0     7     7  355.       0.593      0.02500   
 355    38   1     0     5     5  355.       0.618      0.02500   
 355    39   1     0     4     4  355.       0.643      0.02500   
 355    40   1     0     4     4  355.       0.668      0.02500   
 355    41   1     0     4     4  355.       0.693      0.02500   
 355    42   1     0     3     3  355.       0.718      0.02500   
 355    43   1     0     3     3  355.       0.743      0.02500   
 355    44   1     0     9     9  355.       0.768      0.02500   
 355    45   1     0     7     7  355.       0.793      0.02500   
 355    46   1     0     4     4  355.       0.818      0.02500   
 355    47   1     0    10    10  355.       0.843      0.02500   
 355    48   1     0    12    12  355.       0.868      0.02500   
 355    49   1     0    10    10  355.       0.887      0.01875   
 355    50   1     0    11    11  355.       0.906      0.01875   
 355    51   1     0    10    10  355.       0.920      0.01406   
 355    52   1     0    10    10  355.       0.934      0.01406   
 355    53   1     0     8     8  355.       0.948      0.01406   
 355    54   1     0     6     6  355.       0.962      0.01406   
 355    55   1     0     7     7  355.       0.976      0.01406   
 355    56   1     0     5     5  355.       0.990      0.01406   
 355    57   1     0    10    10  355.       1.00       0.01000   
 356     1   1     0    10    10  355.       0.00500    0.005000  
 356     2   1     0     5     5  355.       0.0100     0.005000  
 356     3   1     0     5     5  355.       0.0150     0.005000  
 356     4   1     0     3     3  355.       0.0200     0.005000  
 356     5   1     0     2     2  355.       0.0250     0.005000  
 356     6   1     0     7     7  355.       0.0325     0.007500  
 356     7   1     0     2     2  355.       0.0400     0.007500  
 356     8   1     0     5     5  355.       0.0475     0.007500  
 356     9   1     0     3     3  355.       0.0550     0.007500  
 356    10   1     0     3     3  355.       0.0625     0.007500  
 356    11   1     0    10    10  355.       0.0737     0.01125   
 356    12   1     0     4     4  355.       0.0850     0.01125   
 356    13   1     0     4     4  355.       0.0962     0.01125   
 356    14   1     0     9     9  355.       0.113      0.01688   
 356    15   1     0     5     5  355.       0.130      0.01688   
 356    16   1     0     5     5  355.       0.147      0.01688   
 356    17   1     0     3     3  355.       0.164      0.01688   
 356    18   1     0     2     2  355.       0.181      0.01688   
 356    19   1     0     7     7  355.       0.206      0.02500   
 356    20   1     0     6     6  355.       0.231      0.02500   
 356    21   1     0    10    10  355.       0.256      0.02500   
 356    22   1     0     6     6  355.       0.281      0.02500   
 356    23   1     0     1     1  355.       0.306      0.02500   
 356    24   1     0    10    10  355.       0.331      0.02500   
 356    25   1     0    10    10  355.       0.356      0.02500   
 356    26   1     0    11    11  355.       0.381      0.02500   
 356    27   1     0    10    10  355.       0.399      0.01875   
 356    28   1     0    10    10  355.       0.418      0.01875   
 356    29   1     0     9     9  355.       0.437      0.01875   
 356    30   1     0     7     7  355.       0.456      0.01875   
 356    31   1     0     5     5  355.       0.474      0.01875   
 356    32   1     0     5     5  355.       0.493      0.01875   
 356    33   1     0     5     5  356.       0.512      0.01875   
 356    34   1     0     5     5  356.       0.531      0.01875   
 356    35   1     0     4     4  356.       0.549      0.01875   
 356    36   1     0     4     4  356.       0.568      0.01875   
 356    37   1     0     7     7  356.       0.593      0.02500   
 356    38   1     0     5     5  356.       0.618      0.02500   
 356    39   1     0     4     4  356.       0.643      0.02500   
 356    40   1     0     4     4  356.       0.668      0.02500   
 356    41   1     0     4     4  356.       0.693      0.02500   
 356    42   1     0     3     3  356.       0.718      0.02500   
 356    43   1     0     3     3  356.       0.743      0.02500   
 356    44   1     0     9     9  356.       0.768      0.02500   
 356    45   1     0     7     7  356.       0.793      0.02500   
 356    46   1     0     4     4  356.       0.818      0.02500   
 356    47   1     0    10    10  356.       0.843      0.02500   
 356    48   1U    0     9     9  356.       0.843      0.02500   
 356    48   2     0    11    11  356.       0.856      0.01250   
 356    49   1     0    11    11  356.       0.865      0.009375  
 356    50   1     0    10    10  356.       0.872      0.007031  
 356    51   1     0    10    10  356.       0.879      0.007031  
 356    52   1     0    10    10  356.       0.886      0.007031  
 356    53   1     0     9     9  356.       0.893      0.007031  
 356    54   1     0     5     5  356.       0.900      0.007031  
 356    55   1     0     6     6  356.       0.907      0.007031  
 356    56   1     0     7     7  356.       0.914      0.007031  
 356    57   1     0     5     5  356.       0.921      0.007031  
 356    58   1     0     3     3  356.       0.928      0.007031  
 356    59   1     0     3     3  356.       0.935      0.007031  
 356    60   1     0     4     4  356.       0.946      0.01055   
 356    61   1     0     3     3  356.       0.962      0.01582   
 356    62   1     0     6     6  356.       0.985      0.02373   
 356    63   1     0    10    10  356.       1.00       0.01459   
 357     1   1     0    10    10  356.       0.00500    0.005000  
 357     2   1     0     9     9  356.       0.0100     0.005000  
 357     3   1     0     9     9  356.       0.0150     0.005000  
 357     4   1     0     7     7  356.       0.0200     0.005000  
 357     5   1     0     5     5  356.       0.0250     0.005000  
 357     6   1     0     3     3  356.       0.0300     0.005000  
 357     7   1     0     1     1  356.       0.0350     0.005000  
 357     8   1     0     8     8  356.       0.0425     0.007500  
 357     9   1     0     2     2  356.       0.0500     0.007500  
 357    10   1     0     4     4  356.       0.0575     0.007500  
 357    11   1U    0     5     5  356.       0.0575     0.01125   
 357    11   2     0    10    10  356.       0.0603     0.002812  
 357    12   1     0     4     4  356.       0.0631     0.002812  
 357    13   1     0     5     5  356.       0.0659     0.002812  
 357    14   1     0     4     4  356.       0.0687     0.002812  
 357    15   1     0     3     3  356.       0.0716     0.002812  
 357    16   1     0     7     7  356.       0.0758     0.004219  
 357    17   1     0     1     1  356.       0.0800     0.004219  
 357    18   1     0     1     1  356.       0.0842     0.004219  
 357    19   1     0     5     5  356.       0.0905     0.006328  
 357    20   1     0     1     1  356.       0.0969     0.006328  
 357    21   1     0     2     2  356.       0.103      0.006328  
 357    22   1     0     5     5  356.       0.113      0.009492  
 357    23   1     0     2     2  356.       0.122      0.009492  
 357    24   1     0     3     3  356.       0.132      0.009492  
 357    25   1     0     7     7  356.       0.146      0.01424   
 357    26   1     0     4     4  356.       0.160      0.01424   
 357    27   1     0     4     4  356.       0.174      0.01424   
 357    28   1     0     7     7  356.       0.196      0.02136   
 357    29   1     0     4     4  356.       0.217      0.02136   
 357    30   1     0     4     4  356.       0.238      0.02136   
 357    31   1     0    10    10  356.       0.263      0.02500   
 357    32   1     0     2     2  356.       0.288      0.02500   
 357    33   1     0     7     7  356.       0.313      0.02500   
 357    34   1     0    10    10  356.       0.338      0.02500   
 357    35   1     0    10    10  356.       0.363      0.02500   
 357    36   1     0    11    11  356.       0.388      0.02500   
 357    37   1     0    10    10  356.       0.407      0.01875   
 357    38   1     0    10    10  356.       0.426      0.01875   
 357    39   1     0     9     9  356.       0.445      0.01875   
 357    40   1     0     6     6  356.       0.463      0.01875   
 357    41   1     0     5     5  356.       0.482      0.01875   
 357    42   1     0     5     5  357.       0.501      0.01875   
 357    43   1     0     5     5  357.       0.520      0.01875   
 357    44   1     0     5     5  357.       0.538      0.01875   
 357    45   1     0     4     4  357.       0.557      0.01875   
 357    46   1     0     4     4  357.       0.576      0.01875   
 357    47   1     0     7     7  357.       0.601      0.02500   
 357    48   1     0     5     5  357.       0.626      0.02500   
 357    49   1     0     4     4  357.       0.651      0.02500   
 357    50   1     0     4     4  357.       0.676      0.02500   
 357    51   1     0     4     4  357.       0.701      0.02500   
 357    52   1     0     3     3  357.       0.726      0.02500   
 357    53   1     0     7     7  357.       0.751      0.02500   
 357    54   1     0     7     7  357.       0.776      0.02500   
 357    55   1     0     5     5  357.       0.801      0.02500   
 357    56   1     0     4     4  357.       0.826      0.02500   
 357    57   1     0    10    10  357.       0.851      0.02500   
 357    58   1     0    10    10  357.       0.876      0.02500   
 357    59   1     0    10    10  357.       0.901      0.02500   
 357    60   1     0    10    10  357.       0.926      0.02500   
 357    61   1     0     6     6  357.       0.951      0.02500   
 357    62   1     0     6     6  357.       0.976      0.02500   
 357    63   1     0     5     5  357.       1.00       0.02403   
 358     1   1     0    10    10  357.       0.00500    0.005000  
 358     2   1     0    10    10  357.       0.0100     0.005000  
 358     3   1     0    10    10  357.       0.0150     0.005000  
 358     4   1     0     7     7  357.       0.0200     0.005000  
 358     5   1     0     6     6  357.       0.0250     0.005000  
 358     6   1     0     4     4  357.       0.0300     0.005000  
 358     7   1     0     1     1  357.       0.0350     0.005000  
 358     8   1     0     7     7  357.       0.0425     0.007500  
 358     9   1     0     2     2  357.       0.0500     0.007500  
 358    10   1     0     4     4  357.       0.0575     0.007500  
 358    11   1U    0     4     4  357.       0.0575     0.01125   
 358    11   2     0     9     9  357.       0.0603     0.002812  
 358    12   1     0     3     3  357.       0.0631     0.002812  
 358    13   1     0     4     4  357.       0.0659     0.002812  
 358    14   1     0     8     8  357.       0.0702     0.004219  
 358    15   1     0     1     1  357.       0.0744     0.004219  
 358    16   1     0     2     2  357.       0.0786     0.004219  
 358    17   1     0     6     6  357.       0.0849     0.006328  
 358    18   1     0     1     1  357.       0.0912     0.006328  
 358    19   1     0     2     2  357.       0.0976     0.006328  
 358    20   1     0     4     4  357.       0.107      0.009492  
 358    21   1     0     7     7  357.       0.121      0.01424   
 358    22   1     0     5     5  357.       0.136      0.01424   
 358    23   1     0     5     5  357.       0.150      0.01424   
 358    24   1     0     3     3  357.       0.164      0.01424   
 358    25   1     0     2     2  357.       0.178      0.01424   
 358    26   1     0     8     8  357.       0.200      0.02136   
 358    27   1     0     4     4  357.       0.221      0.02136   
 358    28   1     0     4     4  357.       0.242      0.02136   
 358    29   1     0     7     7  357.       0.267      0.02500   
 358    30   1     0     2     2  357.       0.292      0.02500   
 358    31   1     0     8     8  357.       0.317      0.02500   
 358    32   1     0    10    10  357.       0.342      0.02500   
 358    33   1     0    10    10  357.       0.367      0.02500   
 358    34   1     0    10    10  357.       0.392      0.02500   
 358    35   1     0    10    10  357.       0.417      0.02500   
 358    36   1     0    10    10  357.       0.442      0.02500   
 358    37   1     0     8     8  357.       0.467      0.02500   
 358    38   1     0     5     5  357.       0.492      0.02500   
 358    39   1     0     4     4  358.       0.517      0.02500   
 358    40   1     0     5     5  358.       0.542      0.02500   
 358    41   1     0     4     4  358.       0.567      0.02500   
 358    42   1     0     4     4  358.       0.592      0.02500   
 358    43   1     0     4     4  358.       0.617      0.02500   
 358    44   1     0     4     4  358.       0.642      0.02500   
 358    45   1     0     3     3  358.       0.667      0.02500   
 358    46   1     0     4     4  358.       0.692      0.02500   
 358    47   1     0     3     3  358.       0.717      0.02500   
 358    48   1     0     2     2  358.       0.742      0.02500   
 358    49   1     0    10    10  358.       0.767      0.02500   
 358    50   1     0     8     8  358.       0.792      0.02500   
 358    51   1     0     5     5  358.       0.817      0.02500   
 358    52   1     0    10    10  358.       0.842      0.02500   
 358    53   1     0    10    10  358.       0.867      0.02500   
 358    54   1     0    10    10  358.       0.892      0.02500   
 358    55   1     0    10    10  358.       0.917      0.02500   
 358    56   1     0     9     9  358.       0.942      0.02500   
 358    57   1     0     7     7  358.       0.967      0.02500   
 358    58   1     0     5     5  358.       0.992      0.02500   
 358    59   1     0    10    10  358.       1.00       0.007666  
 359     1   1     0    10    10  358.       0.00500    0.005000  
 359     2   1     0     7     7  358.       0.0100     0.005000  
 359     3   1     0     5     5  358.       0.0150     0.005000  
 359     4   1     0     3     3  358.       0.0200     0.005000  
 359     5   1     0     1     1  358.       0.0250     0.005000  
 359     6   1     0     5     5  358.       0.0325     0.007500  
 359     7   1     0     2     2  358.       0.0400     0.007500  
 359     8   1     0     4     4  358.       0.0475     0.007500  
 359     9   1     0     5     5  358.       0.0587     0.01125   
 359    10   1     0     4     4  358.       0.0700     0.01125   
 359    11   1     0     6     6  358.       0.0812     0.01125   
 359    12   1     0     4     4  358.       0.0925     0.01125   
 359    13   1     0     3     3  358.       0.104      0.01125   
 359    14   1     0     9     9  358.       0.121      0.01688   
 359    15   1     0     4     4  358.       0.137      0.01688   
 359    16   1     0     4     4  358.       0.154      0.01688   
 359    17   1     0     7     7  358.       0.179      0.02500   
 359    18   1     0     6     6  358.       0.204      0.02500   
 359    19   1     0     4     4  358.       0.229      0.02500   
 359    20   1     0    10    10  358.       0.254      0.02500   
 359    21   1     0     6     6  358.       0.279      0.02500   
 359    22   1     0     1     1  358.       0.304      0.02500   
 359    23   1     0    10    10  358.       0.329      0.02500   
 359    24   1     0    10    10  358.       0.354      0.02500   
 359    25   1     0    11    11  358.       0.379      0.02500   
 359    26   1     0    11    11  358.       0.398      0.01875   
 359    27   1     0    10    10  358.       0.412      0.01406   
 359    28   1     0     9     9  358.       0.426      0.01406   
 359    29   1     0     7     7  358.       0.440      0.01406   
 359    30   1     0     6     6  358.       0.454      0.01406   
 359    31   1     0     7     7  358.       0.468      0.01406   
 359    32   1     0     6     6  358.       0.482      0.01406   
 359    33   1     0     5     5  358.       0.497      0.01406   
 359    34   1     0     5     5  359.       0.511      0.01406   
 359    35   1     0     5     5  359.       0.525      0.01406   
 359    36   1     0     4     4  359.       0.539      0.01406   
 359    37   1     0     4     4  359.       0.553      0.01406   
 359    38   1     0     9     9  359.       0.574      0.02109   
 359    39   1     0     5     5  359.       0.595      0.02109   
 359    40   1     0     4     4  359.       0.616      0.02109   
 359    41   1     0     5     5  359.       0.637      0.02109   
 359    42   1     0     4     4  359.       0.658      0.02109   
 359    43   1     0     4     4  359.       0.679      0.02109   
 359    44   1     0     6     6  359.       0.704      0.02500   
 359    45   1     0     5     5  359.       0.729      0.02500   
 359    46   1     0    10    10  359.       0.754      0.02500   
 359    47   1     0     7     7  359.       0.779      0.02500   
 359    48   1     0     5     5  359.       0.804      0.02500   
 359    49   1     0     6     6  359.       0.829      0.02500   
 359    50   1     0    10    10  359.       0.854      0.02500   
 359    51   1     0    11    11  359.       0.879      0.02500   
 359    52   1     0    10    10  359.       0.898      0.01875   
 359    53   1     0    10    10  359.       0.917      0.01875   
 359    54   1     0     8     8  359.       0.936      0.01875   
 359    55   1     0     8     8  359.       0.954      0.01875   
 359    56   1     0     6     6  359.       0.973      0.01875   
 359    57   1     0     6     6  359.       0.992      0.01875   
 359    58   1     0    10    10  359.       1.00       0.008125  
 360     1   1     0    10    10  359.       0.00500    0.005000  
 360     2   1     0     8     8  359.       0.0100     0.005000  
 360     3   1     0     9     9  359.       0.0150     0.005000  
 360     4   1     0     6     6  359.       0.0200     0.005000  
 360     5   1     0     5     5  359.       0.0250     0.005000  
 360     6   1     0     3     3  359.       0.0300     0.005000  
 360     7   1     0     1     1  359.       0.0350     0.005000  
 360     8   1     0     9     9  359.       0.0425     0.007500  
 360     9   1     0     2     2  359.       0.0500     0.007500  
 360    10   1     0     5     5  359.       0.0575     0.007500  
 360    11   1     0     3     3  359.       0.0650     0.007500  
 360    12   1     0     2     2  359.       0.0725     0.007500  
 360    13   1     0     8     8  359.       0.0838     0.01125   
 360    14   1     0     3     3  359.       0.0950     0.01125   
 360    15   1     0     4     4  359.       0.106      0.01125   
 360    16   1     0     9     9  359.       0.123      0.01688   
 360    17   1     0     5     5  359.       0.140      0.01688   
 360    18   1     0     4     4  359.       0.157      0.01688   
 360    19   1     0     3     3  359.       0.174      0.01688   
 360    20   1     0     7     7  359.       0.199      0.02500   
 360    21   1     0     5     5  359.       0.224      0.02500   
 360    22   1     0     5     5  359.       0.249      0.02500   
 360    23   1     0     6     6  359.       0.274      0.02500   
 360    24   1     0     1     1  359.       0.299      0.02500   
 360    25   1     0     9     9  359.       0.324      0.02500   
 360    26   1     0    10    10  359.       0.349      0.02500   
 360    27   1     0    12    12  359.       0.374      0.02500   
 360    28   1     0    12    12  359.       0.393      0.01875   
 360    29   1     0    10    10  359.       0.407      0.01406   
 360    30   1     0     8     8  359.       0.421      0.01406   
 360    31   1     0     8     8  359.       0.435      0.01406   
 360    32   1     0     6     6  359.       0.449      0.01406   
 360    33   1     0     7     7  359.       0.463      0.01406   
 360    34   1     0     6     6  359.       0.477      0.01406   
 360    35   1     0     6     6  359.       0.491      0.01406   
 360    36   1     0     5     5  360.       0.505      0.01406   
 360    37   1     0     5     5  360.       0.519      0.01406   
 360    38   1     0     5     5  360.       0.533      0.01406   
 360    39   1     0     4     4  360.       0.547      0.01406   
 360    40   1     0     4     4  360.       0.561      0.01406   
 360    41   1     0     9     9  360.       0.582      0.02109   
 360    42   1     0     5     5  360.       0.603      0.02109   
 360    43   1     0     5     5  360.       0.625      0.02109   
 360    44   1     0     4     4  360.       0.646      0.02109   
 360    45   1     0     4     4  360.       0.667      0.02109   
 360    46   1     0     6     6  360.       0.692      0.02500   
 360    47   1     0     5     5  360.       0.717      0.02500   
 360    48   1     0     4     4  360.       0.742      0.02500   
 360    49   1     0    10    10  360.       0.767      0.02500   
 360    50   1     0     7     7  360.       0.792      0.02500   
 360    51   1     0     4     4  360.       0.817      0.02500   
 360    52   1     0    10    10  360.       0.842      0.02500   
 360    53   1     0    10    10  360.       0.867      0.02500   
 360    54   1     0    10    10  360.       0.892      0.02500   
 360    55   1     0    10    10  360.       0.917      0.02500   
 360    56   1     0     9     9  360.       0.942      0.02500   
 360    57   1     0     6     6  360.       0.967      0.02500   
 360    58   1     0     5     5  360.       0.992      0.02500   
 360    59   1     0    10    10  360.       1.00       0.008281  
 361     1   1     0    11    11  360.       0.00500    0.005000  
 361     2   1     0     7     7  360.       0.00875    0.003750  
 361     3   1     0    10    10  360.       0.0125     0.003750  
 361     4   1     0    10    10  360.       0.0163     0.003750  
 361     5   1     0     8     8  360.       0.0200     0.003750  
 361     6   1     0     7     7  360.       0.0238     0.003750  
 361     7   1     0     6     6  360.       0.0275     0.003750  
 361     8   1     0     4     4  360.       0.0312     0.003750  
 361     9   1     0     2     2  360.       0.0350     0.003750  
 361    10   1     0     8     8  360.       0.0406     0.005625  
 361    11   1     0     2     2  360.       0.0462     0.005625  
 361    12   1     0     4     4  360.       0.0519     0.005625  
 361    13   1     0     6     6  360.       0.0603     0.008438  
 361    14   1     0     2     2  360.       0.0688     0.008438  
 361    15   1     0     6     6  360.       0.0772     0.008438  
 361    16   1     0     4     4  360.       0.0856     0.008438  
 361    17   1     0     2     2  360.       0.0941     0.008438  
 361    18   1     0     9     9  360.       0.107      0.01266   
 361    19   1     0     4     4  360.       0.119      0.01266   
 361    20   1     0     4     4  360.       0.132      0.01266   
 361    21   1     0     8     8  360.       0.151      0.01898   
 361    22   1     0     5     5  360.       0.170      0.01898   
 361    23   1     0     4     4  360.       0.189      0.01898   
 361    24   1     0     4     4  360.       0.208      0.01898   
 361    25   1     0     7     7  360.       0.233      0.02500   
 361    26   1     0    10    10  360.       0.258      0.02500   
 361    27   1     0     6     6  360.       0.283      0.02500   
 361    28   1     0     3     3  360.       0.308      0.02500   
 361    29   1     0    10    10  360.       0.333      0.02500   
 361    30   1     0    10    10  360.       0.358      0.02500   
 361    31   1     0    11    11  360.       0.383      0.02500   
 361    32   1     0    10    10  360.       0.402      0.01875   
 361    33   1     0    10    10  360.       0.420      0.01875   
 361    34   1     0     9     9  360.       0.439      0.01875   
 361    35   1     0     7     7  360.       0.458      0.01875   
 361    36   1     0     5     5  360.       0.477      0.01875   
 361    37   1     0     5     5  360.       0.495      0.01875   
 361    38   1     0     5     5  361.       0.514      0.01875   
 361    39   1     0     5     5  361.       0.533      0.01875   
 361    40   1     0     4     4  361.       0.552      0.01875   
 361    41   1     0     4     4  361.       0.570      0.01875   
 361    42   1     0     7     7  361.       0.595      0.02500   
 361    43   1     0     5     5  361.       0.620      0.02500   
 361    44   1     0     4     4  361.       0.645      0.02500   
 361    45   1     0     4     4  361.       0.670      0.02500   
 361    46   1     0     4     4  361.       0.695      0.02500   
 361    47   1     0     3     3  361.       0.720      0.02500   
 361    48   1     0     3     3  361.       0.745      0.02500   
 361    49   1     0     8     8  361.       0.770      0.02500   
 361    50   1     0     8     8  361.       0.795      0.02500   
 361    51   1     0     4     4  361.       0.820      0.02500   
 361    52   1     0    10    10  361.       0.845      0.02500   
 361    53   1     0    11    11  361.       0.870      0.02500   
 361    54   1     0    10    10  361.       0.889      0.01875   
 361    55   1     0    11    11  361.       0.908      0.01875   
 361    56   1     0    10    10  361.       0.922      0.01406   
 361    57   1     0     7     7  361.       0.936      0.01406   
 361    58   1     0     5     5  361.       0.950      0.01406   
 361    59   1     0     6     6  361.       0.964      0.01406   
 361    60   1     0     8     8  361.       0.978      0.01406   
 361    61   1     0     5     5  361.       0.992      0.01406   
 361    62   1     0    10    10  361.       1.00       0.007656  
 362     1   1     0    10    10  361.       0.00500    0.005000  
 362     2   1     0     4     4  361.       0.0100     0.005000  
 362     3   1     0     5     5  361.       0.0150     0.005000  
 362     4   1     0     3     3  361.       0.0200     0.005000  
 362     5   1     0     1     1  361.       0.0250     0.005000  
 362     6   1     0     8     8  361.       0.0325     0.007500  
 362     7   1     0     2     2  361.       0.0400     0.007500  
 362     8   1     0     5     5  361.       0.0475     0.007500  
 362     9   1     0     3     3  361.       0.0550     0.007500  
 362    10   1     0     3     3  361.       0.0625     0.007500  
 362    11   1     0    10    10  361.       0.0737     0.01125   
 362    12   1     0     3     3  361.       0.0850     0.01125   
 362    13   1     0     4     4  361.       0.0962     0.01125   
 362    14   1     0     8     8  361.       0.113      0.01688   
 362    15   1     0     4     4  361.       0.130      0.01688   
 362    16   1     0     5     5  361.       0.147      0.01688   
 362    17   1     0     3     3  361.       0.164      0.01688   
 362    18   1     0     2     2  361.       0.181      0.01688   
 362    19   1     0     7     7  361.       0.206      0.02500   
 362    20   1     0     6     6  361.       0.231      0.02500   
 362    21   1     0    10    10  361.       0.256      0.02500   
 362    22   1     0     6     6  361.       0.281      0.02500   
 362    23   1     0     1     1  361.       0.306      0.02500   
 362    24   1     0    10    10  361.       0.331      0.02500   
 362    25   1     0    10    10  361.       0.356      0.02500   
 362    26   1     0    11    11  361.       0.381      0.02500   
 362    27   1     0    10    10  361.       0.399      0.01875   
 362    28   1     0    10    10  361.       0.418      0.01875   
 362    29   1     0     9     9  361.       0.437      0.01875   
 362    30   1     0     7     7  361.       0.456      0.01875   
 362    31   1     0     5     5  361.       0.474      0.01875   
 362    32   1     0     5     5  361.       0.493      0.01875   
 362    33   1     0     5     5  362.       0.512      0.01875   
 362    34   1     0     5     5  362.       0.531      0.01875   
 362    35   1     0     4     4  362.       0.549      0.01875   
 362    36   1     0     4     4  362.       0.568      0.01875   
 362    37   1     0     7     7  362.       0.593      0.02500   
 362    38   1     0     5     5  362.       0.618      0.02500   
 362    39   1     0     4     4  362.       0.643      0.02500   
 362    40   1     0     4     4  362.       0.668      0.02500   
 362    41   1     0     4     4  362.       0.693      0.02500   
 362    42   1     0     3     3  362.       0.718      0.02500   
 362    43   1     0     3     3  362.       0.743      0.02500   
 362    44   1     0     9     9  362.       0.768      0.02500   
 362    45   1     0     7     7  362.       0.793      0.02500   
 362    46   1     0     4     4  362.       0.818      0.02500   
 362    47   1     0    10    10  362.       0.843      0.02500   
 362    48   1     0    12    12  362.       0.868      0.02500   
 362    49   1     0    10    10  362.       0.887      0.01875   
 362    50   1     0    11    11  362.       0.906      0.01875   
 362    51   1     0    10    10  362.       0.920      0.01406   
 362    52   1     0    10    10  362.       0.934      0.01406   
 362    53   1     0     8     8  362.       0.948      0.01406   
 362    54   1     0     6     6  362.       0.962      0.01406   
 362    55   1     0     7     7  362.       0.976      0.01406   
 362    56   1     0     5     5  362.       0.990      0.01406   
 362    57   1     0    10    10  362.       1.00       0.01000   
 363     1   1     0    10    10  362.       0.00500    0.005000  
 363     2   1     0     5     5  362.       0.0100     0.005000  
 363     3   1     0     5     5  362.       0.0150     0.005000  
 363     4   1     0     3     3  362.       0.0200     0.005000  
 363     5   1     0     2     2  362.       0.0250     0.005000  
 363     6   1     0     7     7  362.       0.0325     0.007500  
 363     7   1     0     2     2  362.       0.0400     0.007500  
 363     8   1     0     5     5  362.       0.0475     0.007500  
 363     9   1     0     3     3  362.       0.0550     0.007500  
 363    10   1     0     3     3  362.       0.0625     0.007500  
 363    11   1     0    10    10  362.       0.0737     0.01125   
 363    12   1     0     4     4  362.       0.0850     0.01125   
 363    13   1     0     4     4  362.       0.0962     0.01125   
 363    14   1     0     9     9  362.       0.113      0.01688   
 363    15   1     0     5     5  362.       0.130      0.01688   
 363    16   1     0     5     5  362.       0.147      0.01688   
 363    17   1     0     3     3  362.       0.164      0.01688   
 363    18   1     0     2     2  362.       0.181      0.01688   
 363    19   1     0     7     7  362.       0.206      0.02500   
 363    20   1     0     6     6  362.       0.231      0.02500   
 363    21   1     0    10    10  362.       0.256      0.02500   
 363    22   1     0     6     6  362.       0.281      0.02500   
 363    23   1     0     1     1  362.       0.306      0.02500   
 363    24   1     0    10    10  362.       0.331      0.02500   
 363    25   1     0    10    10  362.       0.356      0.02500   
 363    26   1     0    11    11  362.       0.381      0.02500   
 363    27   1     0    10    10  362.       0.399      0.01875   
 363    28   1     0    10    10  362.       0.418      0.01875   
 363    29   1     0     9     9  362.       0.437      0.01875   
 363    30   1     0     7     7  362.       0.456      0.01875   
 363    31   1     0     5     5  362.       0.474      0.01875   
 363    32   1     0     5     5  362.       0.493      0.01875   
 363    33   1     0     5     5  363.       0.512      0.01875   
 363    34   1     0     5     5  363.       0.531      0.01875   
 363    35   1     0     4     4  363.       0.549      0.01875   
 363    36   1     0     4     4  363.       0.568      0.01875   
 363    37   1     0     7     7  363.       0.593      0.02500   
 363    38   1     0     5     5  363.       0.618      0.02500   
 363    39   1     0     4     4  363.       0.643      0.02500   
 363    40   1     0     4     4  363.       0.668      0.02500   
 363    41   1     0     4     4  363.       0.693      0.02500   
 363    42   1     0     3     3  363.       0.718      0.02500   
 363    43   1     0     3     3  363.       0.743      0.02500   
 363    44   1     0     9     9  363.       0.768      0.02500   
 363    45   1     0     7     7  363.       0.793      0.02500   
 363    46   1     0     4     4  363.       0.818      0.02500   
 363    47   1     0    10    10  363.       0.843      0.02500   
 363    48   1U    0     9     9  363.       0.843      0.02500   
 363    48   2     0    11    11  363.       0.856      0.01250   
 363    49   1     0    11    11  363.       0.865      0.009375  
 363    50   1     0    10    10  363.       0.872      0.007031  
 363    51   1     0    10    10  363.       0.879      0.007031  
 363    52   1     0    10    10  363.       0.886      0.007031  
 363    53   1     0     9     9  363.       0.893      0.007031  
 363    54   1     0     5     5  363.       0.900      0.007031  
 363    55   1     0     6     6  363.       0.907      0.007031  
 363    56   1     0     7     7  363.       0.914      0.007031  
 363    57   1     0     5     5  363.       0.921      0.007031  
 363    58   1     0     3     3  363.       0.928      0.007031  
 363    59   1     0     3     3  363.       0.935      0.007031  
 363    60   1     0     4     4  363.       0.946      0.01055   
 363    61   1     0     3     3  363.       0.962      0.01582   
 363    62   1     0     6     6  363.       0.985      0.02373   
 363    63   1     0    10    10  363.       1.00       0.01459   
 364     1   1     0    10    10  363.       0.00500    0.005000  
 364     2   1     0     9     9  363.       0.0100     0.005000  
 364     3   1     0     9     9  363.       0.0150     0.005000  
 364     4   1     0     7     7  363.       0.0200     0.005000  
 364     5   1     0     5     5  363.       0.0250     0.005000  
 364     6   1     0     3     3  363.       0.0300     0.005000  
 364     7   1     0     1     1  363.       0.0350     0.005000  
 364     8   1     0     8     8  363.       0.0425     0.007500  
 364     9   1     0     2     2  363.       0.0500     0.007500  
 364    10   1     0     4     4  363.       0.0575     0.007500  
 364    11   1U    0     5     5  363.       0.0575     0.01125   
 364    11   2     0    10    10  363.       0.0603     0.002812  
 364    12   1     0     4     4  363.       0.0631     0.002812  
 364    13   1     0     5     5  363.       0.0659     0.002812  
 364    14   1     0     4     4  363.       0.0687     0.002812  
 364    15   1     0     3     3  363.       0.0716     0.002812  
 364    16   1     0     7     7  363.       0.0758     0.004219  
 364    17   1     0     1     1  363.       0.0800     0.004219  
 364    18   1     0     1     1  363.       0.0842     0.004219  
 364    19   1     0     5     5  363.       0.0905     0.006328  
 364    20   1     0     1     1  363.       0.0969     0.006328  
 364    21   1     0     2     2  363.       0.103      0.006328  
 364    22   1     0     5     5  363.       0.113      0.009492  
 364    23   1     0     2     2  363.       0.122      0.009492  
 364    24   1     0     3     3  363.       0.132      0.009492  
 364    25   1     0     7     7  363.       0.146      0.01424   
 364    26   1     0     4     4  363.       0.160      0.01424   
 364    27   1     0     4     4  363.       0.174      0.01424   
 364    28   1     0     7     7  363.       0.196      0.02136   
 364    29   1     0     4     4  363.       0.217      0.02136   
 364    30   1     0     4     4  363.       0.238      0.02136   
 364    31   1     0    10    10  363.       0.263      0.02500   
 364    32   1     0     2     2  363.       0.288      0.02500   
 364    33   1     0     7     7  363.       0.313      0.02500   
 364    34   1     0    10    10  363.       0.338      0.02500   
 364    35   1     0    10    10  363.       0.363      0.02500   
 364    36   1     0    11    11  363.       0.388      0.02500   
 364    37   1     0    10    10  363.       0.407      0.01875   
 364    38   1     0    10    10  363.       0.426      0.01875   
 364    39   1     0     9     9  363.       0.445      0.01875   
 364    40   1     0     6     6  363.       0.463      0.01875   
 364    41   1     0     5     5  363.       0.482      0.01875   
 364    42   1     0     5     5  364.       0.501      0.01875   
 364    43   1     0     5     5  364.       0.520      0.01875   
 364    44   1     0     5     5  364.       0.538      0.01875   
 364    45   1     0     4     4  364.       0.557      0.01875   
 364    46   1     0     4     4  364.       0.576      0.01875   
 364    47   1     0     7     7  364.       0.601      0.02500   
 364    48   1     0     5     5  364.       0.626      0.02500   
 364    49   1     0     4     4  364.       0.651      0.02500   
 364    50   1     0     4     4  364.       0.676      0.02500   
 364    51   1     0     4     4  364.       0.701      0.02500   
 364    52   1     0     3     3  364.       0.726      0.02500   
 364    53   1     0     7     7  364.       0.751      0.02500   
 364    54   1     0     7     7  364.       0.776      0.02500   
 364    55   1     0     5     5  364.       0.801      0.02500   
 364    56   1     0     4     4  364.       0.826      0.02500   
 364    57   1     0    10    10  364.       0.851      0.02500   
 364    58   1     0    10    10  364.       0.876      0.02500   
 364    59   1     0    10    10  364.       0.901      0.02500   
 364    60   1     0    10    10  364.       0.926      0.02500   
 364    61   1     0     6     6  364.       0.951      0.02500   
 364    62   1     0     6     6  364.       0.976      0.02500   
 364    63   1     0     5     5  364.       1.00       0.02403   
 365     1   1     0    10    10  364.       0.00500    0.005000  
 365     2   1     0    10    10  364.       0.0100     0.005000  
 365     3   1     0    10    10  364.       0.0150     0.005000  
 365     4   1     0     7     7  364.       0.0200     0.005000  
 365     5   1     0     6     6  364.       0.0250     0.005000  
 365     6   1     0     4     4  364.       0.0300     0.005000  
 365     7   1     0     1     1  364.       0.0350     0.005000  
 365     8   1     0     7     7  364.       0.0425     0.007500  
 365     9   1     0     2     2  364.       0.0500     0.007500  
 365    10   1     0     4     4  364.       0.0575     0.007500  
 365    11   1U    0     4     4  364.       0.0575     0.01125   
 365    11   2     0     9     9  364.       0.0603     0.002812  
 365    12   1     0     3     3  364.       0.0631     0.002812  
 365    13   1     0     4     4  364.       0.0659     0.002812  
 365    14   1     0     8     8  364.       0.0702     0.004219  
 365    15   1     0     1     1  364.       0.0744     0.004219  
 365    16   1     0     2     2  364.       0.0786     0.004219  
 365    17   1     0     6     6  364.       0.0849     0.006328  
 365    18   1     0     1     1  364.       0.0912     0.006328  
 365    19   1     0     2     2  364.       0.0976     0.006328  
 365    20   1     0     4     4  364.       0.107      0.009492  
 365    21   1     0     7     7  364.       0.121      0.01424   
 365    22   1     0     5     5  364.       0.136      0.01424   
 365    23   1     0     5     5  364.       0.150      0.01424   
 365    24   1     0     3     3  364.       0.164      0.01424   
 365    25   1     0     2     2  364.       0.178      0.01424   
 365    26   1     0     8     8  364.       0.200      0.02136   
 365    27   1     0     4     4  364.       0.221      0.02136   
 365    28   1     0     4     4  364.       0.242      0.02136   
 365    29   1     0     7     7  364.       0.267      0.02500   
 365    30   1     0     2     2  364.       0.292      0.02500   
 365    31   1     0     8     8  364.       0.317      0.02500   
 365    32   1     0    10    10  364.       0.342      0.02500   
 365    33   1     0    10    10  364.       0.367      0.02500   
 365    34   1     0    10    10  364.       0.392      0.02500   
 365    35   1     0    10    10  364.       0.417      0.02500   
 365    36   1     0    10    10  364.       0.442      0.02500   
 365    37   1     0     8     8  364.       0.467      0.02500   
 365    38   1     0     5     5  364.       0.492      0.02500   
 365    39   1     0     4     4  365.       0.517      0.02500   
 365    40   1     0     5     5  365.       0.542      0.02500   
 365    41   1     0     4     4  365.       0.567      0.02500   
 365    42   1     0     4     4  365.       0.592      0.02500   
 365    43   1     0     4     4  365.       0.617      0.02500   
 365    44   1     0     4     4  365.       0.642      0.02500   
 365    45   1     0     3     3  365.       0.667      0.02500   
 365    46   1     0     4     4  365.       0.692      0.02500   
 365    47   1     0     3     3  365.       0.717      0.02500   
 365    48   1     0     2     2  365.       0.742      0.02500   
 365    49   1     0    10    10  365.       0.767      0.02500   
 365    50   1     0     8     8  365.       0.792      0.02500   
 365    51   1     0     5     5  365.       0.817      0.02500   
 365    52   1     0    10    10  365.       0.842      0.02500   
 365    53   1     0    10    10  365.       0.867      0.02500   
 365    54   1     0    10    10  365.       0.892      0.02500   
 365    55   1     0    10    10  365.       0.917      0.02500   
 365    56   1     0     9     9  365.       0.942      0.02500   
 365    57   1     0     7     7  365.       0.967      0.02500   
 365    58   1     0     5     5  365.       0.992      0.02500   
 365    59   1     0    10    10  365.       1.00       0.007666  
 366     1   1     0    10    10  365.       0.00500    0.005000  
 366     2   1     0     7     7  365.       0.0100     0.005000  
 366     3   1     0     5     5  365.       0.0150     0.005000  
 366     4   1     0     3     3  365.       0.0200     0.005000  
 366     5   1     0     1     1  365.       0.0250     0.005000  
 366     6   1     0     5     5  365.       0.0325     0.007500  
 366     7   1     0     2     2  365.       0.0400     0.007500  
 366     8   1     0     4     4  365.       0.0475     0.007500  
 366     9   1     0     5     5  365.       0.0587     0.01125   
 366    10   1     0     4     4  365.       0.0700     0.01125   
 366    11   1     0     6     6  365.       0.0812     0.01125   
 366    12   1     0     4     4  365.       0.0925     0.01125   
 366    13   1     0     3     3  365.       0.104      0.01125   
 366    14   1     0     9     9  365.       0.121      0.01688   
 366    15   1     0     4     4  365.       0.137      0.01688   
 366    16   1     0     4     4  365.       0.154      0.01688   
 366    17   1     0     7     7  365.       0.179      0.02500   
 366    18   1     0     6     6  365.       0.204      0.02500   
 366    19   1     0     4     4  365.       0.229      0.02500   
 366    20   1     0    10    10  365.       0.254      0.02500   
 366    21   1     0     6     6  365.       0.279      0.02500   
 366    22   1     0     1     1  365.       0.304      0.02500   
 366    23   1     0    10    10  365.       0.329      0.02500   
 366    24   1     0    10    10  365.       0.354      0.02500   
 366    25   1     0    11    11  365.       0.379      0.02500   
 366    26   1     0    11    11  365.       0.398      0.01875   
 366    27   1     0    10    10  365.       0.412      0.01406   
 366    28   1     0     9     9  365.       0.426      0.01406   
 366    29   1     0     7     7  365.       0.440      0.01406   
 366    30   1     0     6     6  365.       0.454      0.01406   
 366    31   1     0     7     7  365.       0.468      0.01406   
 366    32   1     0     6     6  365.       0.482      0.01406   
 366    33   1     0     5     5  365.       0.497      0.01406   
 366    34   1     0     5     5  366.       0.511      0.01406   
 366    35   1     0     5     5  366.       0.525      0.01406   
 366    36   1     0     4     4  366.       0.539      0.01406   
 366    37   1     0     4     4  366.       0.553      0.01406   
 366    38   1     0     9     9  366.       0.574      0.02109   
 366    39   1     0     5     5  366.       0.595      0.02109   
 366    40   1     0     4     4  366.       0.616      0.02109   
 366    41   1     0     5     5  366.       0.637      0.02109   
 366    42   1     0     4     4  366.       0.658      0.02109   
 366    43   1     0     4     4  366.       0.679      0.02109   
 366    44   1     0     6     6  366.       0.704      0.02500   
 366    45   1     0     5     5  366.       0.729      0.02500   
 366    46   1     0    10    10  366.       0.754      0.02500   
 366    47   1     0     7     7  366.       0.779      0.02500   
 366    48   1     0     5     5  366.       0.804      0.02500   
 366    49   1     0     6     6  366.       0.829      0.02500   
 366    50   1     0    10    10  366.       0.854      0.02500   
 366    51   1     0    11    11  366.       0.879      0.02500   
 366    52   1     0    10    10  366.       0.898      0.01875   
 366    53   1     0    10    10  366.       0.917      0.01875   
 366    54   1     0     8     8  366.       0.936      0.01875   
 366    55   1     0     8     8  366.       0.954      0.01875   
 366    56   1     0     6     6  366.       0.973      0.01875   
 366    57   1     0     6     6  366.       0.992      0.01875   
 366    58   1     0    10    10  366.       1.00       0.008125  
 367     1   1     0    10    10  366.       0.00500    0.005000  
 367     2   1     0     8     8  366.       0.0100     0.005000  
 367     3   1     0     9     9  366.       0.0150     0.005000  
 367     4   1     0     6     6  366.       0.0200     0.005000  
 367     5   1     0     5     5  366.       0.0250     0.005000  
 367     6   1     0     3     3  366.       0.0300     0.005000  
 367     7   1     0     1     1  366.       0.0350     0.005000  
 367     8   1     0     9     9  366.       0.0425     0.007500  
 367     9   1     0     2     2  366.       0.0500     0.007500  
 367    10   1     0     5     5  366.       0.0575     0.007500  
 367    11   1     0     3     3  366.       0.0650     0.007500  
 367    12   1     0     2     2  366.       0.0725     0.007500  
 367    13   1     0     8     8  366.       0.0838     0.01125   
 367    14   1     0     3     3  366.       0.0950     0.01125   
 367    15   1     0     4     4  366.       0.106      0.01125   
 367    16   1     0     9     9  366.       0.123      0.01688   
 367    17   1     0     5     5  366.       0.140      0.01688   
 367    18   1     0     4     4  366.       0.157      0.01688   
 367    19   1     0     3     3  366.       0.174      0.01688   
 367    20   1     0     7     7  366.       0.199      0.02500   
 367    21   1     0     5     5  366.       0.224      0.02500   
 367    22   1     0     5     5  366.       0.249      0.02500   
 367    23   1     0     6     6  366.       0.274      0.02500   
 367    24   1     0     1     1  366.       0.299      0.02500   
 367    25   1     0     9     9  366.       0.324      0.02500   
 367    26   1     0    10    10  366.       0.349      0.02500   
 367    27   1     0    12    12  366.       0.374      0.02500   
 367    28   1     0    12    12  366.       0.393      0.01875   
 367    29   1     0    10    10  366.       0.407      0.01406   
 367    30   1     0     8     8  366.       0.421      0.01406   
 367    31   1     0     8     8  366.       0.435      0.01406   
 367    32   1     0     6     6  366.       0.449      0.01406   
 367    33   1     0     7     7  366.       0.463      0.01406   
 367    34   1     0     6     6  366.       0.477      0.01406   
 367    35   1     0     6     6  366.       0.491      0.01406   
 367    36   1     0     5     5  367.       0.505      0.01406   
 367    37   1     0     5     5  367.       0.519      0.01406   
 367    38   1     0     5     5  367.       0.533      0.01406   
 367    39   1     0     4     4  367.       0.547      0.01406   
 367    40   1     0     4     4  367.       0.561      0.01406   
 367    41   1     0     9     9  367.       0.582      0.02109   
 367    42   1     0     5     5  367.       0.603      0.02109   
 367    43   1     0     5     5  367.       0.625      0.02109   
 367    44   1     0     4     4  367.       0.646      0.02109   
 367    45   1     0     4     4  367.       0.667      0.02109   
 367    46   1     0     6     6  367.       0.692      0.02500   
 367    47   1     0     5     5  367.       0.717      0.02500   
 367    48   1     0     4     4  367.       0.742      0.02500   
 367    49   1     0    10    10  367.       0.767      0.02500   
 367    50   1     0     7     7  367.       0.792      0.02500   
 367    51   1     0     4     4  367.       0.817      0.02500   
 367    52   1     0    10    10  367.       0.842      0.02500   
 367    53   1     0    10    10  367.       0.867      0.02500   
 367    54   1     0    10    10  367.       0.892      0.02500   
 367    55   1     0    10    10  367.       0.917      0.02500   
 367    56   1     0     9     9  367.       0.942      0.02500   
 367    57   1     0     6     6  367.       0.967      0.02500   
 367    58   1     0     5     5  367.       0.992      0.02500   
 367    59   1     0    10    10  367.       1.00       0.008281  
 368     1   1     0    11    11  367.       0.00500    0.005000  
 368     2   1     0     7     7  367.       0.00875    0.003750  
 368     3   1     0    10    10  367.       0.0125     0.003750  
 368     4   1     0    10    10  367.       0.0163     0.003750  
 368     5   1     0     8     8  367.       0.0200     0.003750  
 368     6   1     0     7     7  367.       0.0238     0.003750  
 368     7   1     0     6     6  367.       0.0275     0.003750  
 368     8   1     0     4     4  367.       0.0312     0.003750  
 368     9   1     0     2     2  367.       0.0350     0.003750  
 368    10   1     0     8     8  367.       0.0406     0.005625  
 368    11   1     0     2     2  367.       0.0462     0.005625  
 368    12   1     0     4     4  367.       0.0519     0.005625  
 368    13   1     0     6     6  367.       0.0603     0.008438  
 368    14   1     0     2     2  367.       0.0688     0.008438  
 368    15   1     0     6     6  367.       0.0772     0.008438  
 368    16   1     0     4     4  367.       0.0856     0.008438  
 368    17   1     0     2     2  367.       0.0941     0.008438  
 368    18   1     0     9     9  367.       0.107      0.01266   
 368    19   1     0     4     4  367.       0.119      0.01266   
 368    20   1     0     4     4  367.       0.132      0.01266   
 368    21   1     0     8     8  367.       0.151      0.01898   
 368    22   1     0     5     5  367.       0.170      0.01898   
 368    23   1     0     4     4  367.       0.189      0.01898   
 368    24   1     0     4     4  367.       0.208      0.01898   
 368    25   1     0     7     7  367.       0.233      0.02500   
 368    26   1     0    10    10  367.       0.258      0.02500   
 368    27   1     0     6     6  367.       0.283      0.02500   
 368    28   1     0     3     3  367.       0.308      0.02500   
 368    29   1     0    10    10  367.       0.333      0.02500   
 368    30   1     0    10    10  367.       0.358      0.02500   
 368    31   1     0    11    11  367.       0.383      0.02500   
 368    32   1     0    10    10  367.       0.402      0.01875   
 368    33   1     0    10    10  367.       0.420      0.01875   
 368    34   1     0     9     9  367.       0.439      0.01875   
 368    35   1     0     7     7  367.       0.458      0.01875   
 368    36   1     0     5     5  367.       0.477      0.01875   
 368    37   1     0     5     5  367.       0.495      0.01875   
 368    38   1     0     5     5  368.       0.514      0.01875   
 368    39   1     0     5     5  368.       0.533      0.01875   
 368    40   1     0     4     4  368.       0.552      0.01875   
 368    41   1     0     4     4  368.       0.570      0.01875   
 368    42   1     0     7     7  368.       0.595      0.02500   
 368    43   1     0     5     5  368.       0.620      0.02500   
 368    44   1     0     4     4  368.       0.645      0.02500   
 368    45   1     0     4     4  368.       0.670      0.02500   
 368    46   1     0     4     4  368.       0.695      0.02500   
 368    47   1     0     3     3  368.       0.720      0.02500   
 368    48   1     0     3     3  368.       0.745      0.02500   
 368    49   1     0     8     8  368.       0.770      0.02500   
 368    50   1     0     8     8  368.       0.795      0.02500   
 368    51   1     0     4     4  368.       0.820      0.02500   
 368    52   1     0    10    10  368.       0.845      0.02500   
 368    53   1     0    11    11  368.       0.870      0.02500   
 368    54   1     0    10    10  368.       0.889      0.01875   
 368    55   1     0    11    11  368.       0.908      0.01875   
 368    56   1     0    10    10  368.       0.922      0.01406   
 368    57   1     0     7     7  368.       0.936      0.01406   
 368    58   1     0     5     5  368.       0.950      0.01406   
 368    59   1     0     6     6  368.       0.964      0.01406   
 368    60   1     0     8     8  368.       0.978      0.01406   
 368    61   1     0     5     5  368.       0.992      0.01406   
 368    62   1     0    10    10  368.       1.00       0.007656  
 369     1   1     0    10    10  368.       0.00500    0.005000  
 369     2   1     0     4     4  368.       0.0100     0.005000  
 369     3   1     0     5     5  368.       0.0150     0.005000  
 369     4   1     0     3     3  368.       0.0200     0.005000  
 369     5   1     0     1     1  368.       0.0250     0.005000  
 369     6   1     0     8     8  368.       0.0325     0.007500  
 369     7   1     0     2     2  368.       0.0400     0.007500  
 369     8   1     0     5     5  368.       0.0475     0.007500  
 369     9   1     0     3     3  368.       0.0550     0.007500  
 369    10   1     0     3     3  368.       0.0625     0.007500  
 369    11   1     0    10    10  368.       0.0737     0.01125   
 369    12   1     0     3     3  368.       0.0850     0.01125   
 369    13   1     0     4     4  368.       0.0962     0.01125   
 369    14   1     0     8     8  368.       0.113      0.01688   
 369    15   1     0     4     4  368.       0.130      0.01688   
 369    16   1     0     5     5  368.       0.147      0.01688   
 369    17   1     0     3     3  368.       0.164      0.01688   
 369    18   1     0     2     2  368.       0.181      0.01688   
 369    19   1     0     7     7  368.       0.206      0.02500   
 369    20   1     0     6     6  368.       0.231      0.02500   
 369    21   1     0    10    10  368.       0.256      0.02500   
 369    22   1     0     6     6  368.       0.281      0.02500   
 369    23   1     0     1     1  368.       0.306      0.02500   
 369    24   1     0    10    10  368.       0.331      0.02500   
 369    25   1     0    10    10  368.       0.356      0.02500   
 369    26   1     0    11    11  368.       0.381      0.02500   
 369    27   1     0    10    10  368.       0.399      0.01875   
 369    28   1     0    10    10  368.       0.418      0.01875   
 369    29   1     0     9     9  368.       0.437      0.01875   
 369    30   1     0     7     7  368.       0.456      0.01875   
 369    31   1     0     5     5  368.       0.474      0.01875   
 369    32   1     0     5     5  368.       0.493      0.01875   
 369    33   1     0     5     5  369.       0.512      0.01875   
 369    34   1     0     5     5  369.       0.531      0.01875   
 369    35   1     0     4     4  369.       0.549      0.01875   
 369    36   1     0     4     4  369.       0.568      0.01875   
 369    37   1     0     7     7  369.       0.593      0.02500   
 369    38   1     0     5     5  369.       0.618      0.02500   
 369    39   1     0     4     4  369.       0.643      0.02500   
 369    40   1     0     4     4  369.       0.668      0.02500   
 369    41   1     0     4     4  369.       0.693      0.02500   
 369    42   1     0     3     3  369.       0.718      0.02500   
 369    43   1     0     3     3  369.       0.743      0.02500   
 369    44   1     0     9     9  369.       0.768      0.02500   
 369    45   1     0     7     7  369.       0.793      0.02500   
 369    46   1     0     4     4  369.       0.818      0.02500   
 369    47   1     0    10    10  369.       0.843      0.02500   
 369    48   1     0    12    12  369.       0.868      0.02500   
 369    49   1     0    10    10  369.       0.887      0.01875   
 369    50   1     0    11    11  369.       0.906      0.01875   
 369    51   1     0    10    10  369.       0.920      0.01406   
 369    52   1     0    10    10  369.       0.934      0.01406   
 369    53   1     0     8     8  369.       0.948      0.01406   
 369    54   1     0     6     6  369.       0.962      0.01406   
 369    55   1     0     7     7  369.       0.976      0.01406   
 369    56   1     0     5     5  369.       0.990      0.01406   
 369    57   1     0    10    10  369.       1.00       0.01000   
 370     1   1     0    10    10  369.       0.00500    0.005000  
 370     2   1     0     5     5  369.       0.0100     0.005000  
 370     3   1     0     5     5  369.       0.0150     0.005000  
 370     4   1     0     3     3  369.       0.0200     0.005000  
 370     5   1     0     2     2  369.       0.0250     0.005000  
 370     6   1     0     7     7  369.       0.0325     0.007500  
 370     7   1     0     2     2  369.       0.0400     0.007500  
 370     8   1     0     5     5  369.       0.0475     0.007500  
 370     9   1     0     3     3  369.       0.0550     0.007500  
 370    10   1     0     3     3  369.       0.0625     0.007500  
 370    11   1     0    10    10  369.       0.0737     0.01125   
 370    12   1     0     4     4  369.       0.0850     0.01125   
 370    13   1     0     4     4  369.       0.0962     0.01125   
 370    14   1     0     9     9  369.       0.113      0.01688   
 370    15   1     0     5     5  369.       0.130      0.01688   
 370    16   1     0     5     5  369.       0.147      0.01688   
 370    17   1     0     3     3  369.       0.164      0.01688   
 370    18   1     0     2     2  369.       0.181      0.01688   
 370    19   1     0     7     7  369.       0.206      0.02500   
 370    20   1     0     6     6  369.       0.231      0.02500   
 370    21   1     0    10    10  369.       0.256      0.02500   
 370    22   1     0     6     6  369.       0.281      0.02500   
 370    23   1     0     1     1  369.       0.306      0.02500   
 370    24   1     0    10    10  369.       0.331      0.02500   
 370    25   1     0    10    10  369.       0.356      0.02500   
 370    26   1     0    11    11  369.       0.381      0.02500   
 370    27   1     0    10    10  369.       0.399      0.01875   
 370    28   1     0    10    10  369.       0.418      0.01875   
 370    29   1     0     9     9  369.       0.437      0.01875   
 370    30   1     0     7     7  369.       0.456      0.01875   
 370    31   1     0     5     5  369.       0.474      0.01875   
 370    32   1     0     5     5  369.       0.493      0.01875   
 370    33   1     0     5     5  370.       0.512      0.01875   
 370    34   1     0     5     5  370.       0.531      0.01875   
 370    35   1     0     4     4  370.       0.549      0.01875   
 370    36   1     0     4     4  370.       0.568      0.01875   
 370    37   1     0     7     7  370.       0.593      0.02500   
 370    38   1     0     5     5  370.       0.618      0.02500   
 370    39   1     0     4     4  370.       0.643      0.02500   
 370    40   1     0     4     4  370.       0.668      0.02500   
 370    41   1     0     4     4  370.       0.693      0.02500   
 370    42   1     0     3     3  370.       0.718      0.02500   
 370    43   1     0     3     3  370.       0.743      0.02500   
 370    44   1     0     9     9  370.       0.768      0.02500   
 370    45   1     0     7     7  370.       0.793      0.02500   
 370    46   1     0     4     4  370.       0.818      0.02500   
 370    47   1     0    10    10  370.       0.843      0.02500   
 370    48   1U    0     9     9  370.       0.843      0.02500   
 370    48   2     0    11    11  370.       0.856      0.01250   
 370    49   1     0    11    11  370.       0.865      0.009375  
 370    50   1     0    10    10  370.       0.872      0.007031  
 370    51   1     0    10    10  370.       0.879      0.007031  
 370    52   1     0    10    10  370.       0.886      0.007031  
 370    53   1     0     9     9  370.       0.893      0.007031  
 370    54   1     0     5     5  370.       0.900      0.007031  
 370    55   1     0     6     6  370.       0.907      0.007031  
 370    56   1     0     7     7  370.       0.914      0.007031  
 370    57   1     0     5     5  370.       0.921      0.007031  
 370    58   1     0     3     3  370.       0.928      0.007031  
 370    59   1     0     3     3  370.       0.935      0.007031  
 370    60   1     0     4     4  370.       0.946      0.01055   
 370    61   1     0     3     3  370.       0.962      0.01582   
 370    62   1     0     6     6  370.       0.985      0.02373   
 370    63   1     0    10    10  370.       1.00       0.01459   
 371     1   1     0    10    10  370.       0.00500    0.005000  
 371     2   1     0     9     9  370.       0.0100     0.005000  
 371     3   1     0     9     9  370.       0.0150     0.005000  
 371     4   1     0     7     7  370.       0.0200     0.005000  
 371     5   1     0     5     5  370.       0.0250     0.005000  
 371     6   1     0     3     3  370.       0.0300     0.005000  
 371     7   1     0     1     1  370.       0.0350     0.005000  
 371     8   1     0     8     8  370.       0.0425     0.007500  
 371     9   1     0     2     2  370.       0.0500     0.007500  
 371    10   1     0     4     4  370.       0.0575     0.007500  
 371    11   1U    0     5     5  370.       0.0575     0.01125   
 371    11   2     0    10    10  370.       0.0603     0.002812  
 371    12   1     0     4     4  370.       0.0631     0.002812  
 371    13   1     0     5     5  370.       0.0659     0.002812  
 371    14   1     0     4     4  370.       0.0687     0.002812  
 371    15   1     0     3     3  370.       0.0716     0.002812  
 371    16   1     0     7     7  370.       0.0758     0.004219  
 371    17   1     0     1     1  370.       0.0800     0.004219  
 371    18   1     0     1     1  370.       0.0842     0.004219  
 371    19   1     0     5     5  370.       0.0905     0.006328  
 371    20   1     0     1     1  370.       0.0969     0.006328  
 371    21   1     0     2     2  370.       0.103      0.006328  
 371    22   1     0     5     5  370.       0.113      0.009492  
 371    23   1     0     2     2  370.       0.122      0.009492  
 371    24   1     0     3     3  370.       0.132      0.009492  
 371    25   1     0     7     7  370.       0.146      0.01424   
 371    26   1     0     4     4  370.       0.160      0.01424   
 371    27   1     0     4     4  370.       0.174      0.01424   
 371    28   1     0     7     7  370.       0.196      0.02136   
 371    29   1     0     4     4  370.       0.217      0.02136   
 371    30   1     0     4     4  370.       0.238      0.02136   
 371    31   1     0    10    10  370.       0.263      0.02500   
 371    32   1     0     2     2  370.       0.288      0.02500   
 371    33   1     0     7     7  370.       0.313      0.02500   
 371    34   1     0    10    10  370.       0.338      0.02500   
 371    35   1     0    10    10  370.       0.363      0.02500   
 371    36   1     0    11    11  370.       0.388      0.02500   
 371    37   1     0    10    10  370.       0.407      0.01875   
 371    38   1     0    10    10  370.       0.426      0.01875   
 371    39   1     0     9     9  370.       0.445      0.01875   
 371    40   1     0     6     6  370.       0.463      0.01875   
 371    41   1     0     5     5  370.       0.482      0.01875   
 371    42   1     0     5     5  371.       0.501      0.01875   
 371    43   1     0     5     5  371.       0.520      0.01875   
 371    44   1     0     5     5  371.       0.538      0.01875   
 371    45   1     0     4     4  371.       0.557      0.01875   
 371    46   1     0     4     4  371.       0.576      0.01875   
 371    47   1     0     7     7  371.       0.601      0.02500   
 371    48   1     0     5     5  371.       0.626      0.02500   
 371    49   1     0     4     4  371.       0.651      0.02500   
 371    50   1     0     4     4  371.       0.676      0.02500   
 371    51   1     0     4     4  371.       0.701      0.02500   
 371    52   1     0     3     3  371.       0.726      0.02500   
 371    53   1     0     7     7  371.       0.751      0.02500   
 371    54   1     0     7     7  371.       0.776      0.02500   
 371    55   1     0     5     5  371.       0.801      0.02500   
 371    56   1     0     4     4  371.       0.826      0.02500   
 371    57   1     0    10    10  371.       0.851      0.02500   
 371    58   1     0    10    10  371.       0.876      0.02500   
 371    59   1     0    10    10  371.       0.901      0.02500   
 371    60   1     0    10    10  371.       0.926      0.02500   
 371    61   1     0     6     6  371.       0.951      0.02500   
 371    62   1     0     6     6  371.       0.976      0.02500   
 371    63   1     0     5     5  371.       1.00       0.02403   
 372     1   1     0    10    10  371.       0.00500    0.005000  
 372     2   1     0    10    10  371.       0.0100     0.005000  
 372     3   1     0    10    10  371.       0.0150     0.005000  
 372     4   1     0     7     7  371.       0.0200     0.005000  
 372     5   1     0     6     6  371.       0.0250     0.005000  
 372     6   1     0     4     4  371.       0.0300     0.005000  
 372     7   1     0     1     1  371.       0.0350     0.005000  
 372     8   1     0     7     7  371.       0.0425     0.007500  
 372     9   1     0     2     2  371.       0.0500     0.007500  
 372    10   1     0     4     4  371.       0.0575     0.007500  
 372    11   1U    0     4     4  371.       0.0575     0.01125   
 372    11   2     0     9     9  371.       0.0603     0.002812  
 372    12   1     0     3     3  371.       0.0631     0.002812  
 372    13   1     0     4     4  371.       0.0659     0.002812  
 372    14   1     0     8     8  371.       0.0702     0.004219  
 372    15   1     0     1     1  371.       0.0744     0.004219  
 372    16   1     0     2     2  371.       0.0786     0.004219  
 372    17   1     0     6     6  371.       0.0849     0.006328  
 372    18   1     0     1     1  371.       0.0912     0.006328  
 372    19   1     0     2     2  371.       0.0976     0.006328  
 372    20   1     0     4     4  371.       0.107      0.009492  
 372    21   1     0     7     7  371.       0.121      0.01424   
 372    22   1     0     5     5  371.       0.136      0.01424   
 372    23   1     0     5     5  371.       0.150      0.01424   
 372    24   1     0     3     3  371.       0.164      0.01424   
 372    25   1     0     2     2  371.       0.178      0.01424   
 372    26   1     0     8     8  371.       0.200      0.02136   
 372    27   1     0     4     4  371.       0.221      0.02136   
 372    28   1     0     4     4  371.       0.242      0.02136   
 372    29   1     0     7     7  371.       0.267      0.02500   
 372    30   1     0     2     2  371.       0.292      0.02500   
 372    31   1     0     8     8  371.       0.317      0.02500   
 372    32   1     0    10    10  371.       0.342      0.02500   
 372    33   1     0    10    10  371.       0.367      0.02500   
 372    34   1     0    10    10  371.       0.392      0.02500   
 372    35   1     0    10    10  371.       0.417      0.02500   
 372    36   1     0    10    10  371.       0.442      0.02500   
 372    37   1     0     8     8  371.       0.467      0.02500   
 372    38   1     0     5     5  371.       0.492      0.02500   
 372    39   1     0     4     4  372.       0.517      0.02500   
 372    40   1     0     5     5  372.       0.542      0.02500   
 372    41   1     0     4     4  372.       0.567      0.02500   
 372    42   1     0     4     4  372.       0.592      0.02500   
 372    43   1     0     4     4  372.       0.617      0.02500   
 372    44   1     0     4     4  372.       0.642      0.02500   
 372    45   1     0     3     3  372.       0.667      0.02500   
 372    46   1     0     4     4  372.       0.692      0.02500   
 372    47   1     0     3     3  372.       0.717      0.02500   
 372    48   1     0     2     2  372.       0.742      0.02500   
 372    49   1     0    10    10  372.       0.767      0.02500   
 372    50   1     0     8     8  372.       0.792      0.02500   
 372    51   1     0     5     5  372.       0.817      0.02500   
 372    52   1     0    10    10  372.       0.842      0.02500   
 372    53   1     0    10    10  372.       0.867      0.02500   
 372    54   1     0    10    10  372.       0.892      0.02500   
 372    55   1     0    10    10  372.       0.917      0.02500   
 372    56   1     0     9     9  372.       0.942      0.02500   
 372    57   1     0     7     7  372.       0.967      0.02500   
 372    58   1     0     5     5  372.       0.992      0.02500   
 372    59   1     0    10    10  372.       1.00       0.007666  
 373     1   1     0    10    10  372.       0.00500    0.005000  
 373     2   1     0     7     7  372.       0.0100     0.005000  
 373     3   1     0     5     5  372.       0.0150     0.005000  
 373     4   1     0     3     3  372.       0.0200     0.005000  
 373     5   1     0     1     1  372.       0.0250     0.005000  
 373     6   1     0     5     5  372.       0.0325     0.007500  
 373     7   1     0     2     2  372.       0.0400     0.007500  
 373     8   1     0     4     4  372.       0.0475     0.007500  
 373     9   1     0     5     5  372.       0.0587     0.01125   
 373    10   1     0     4     4  372.       0.0700     0.01125   
 373    11   1     0     6     6  372.       0.0812     0.01125   
 373    12   1     0     4     4  372.       0.0925     0.01125   
 373    13   1     0     3     3  372.       0.104      0.01125   
 373    14   1     0     9     9  372.       0.121      0.01688   
 373    15   1     0     4     4  372.       0.137      0.01688   
 373    16   1     0     4     4  372.       0.154      0.01688   
 373    17   1     0     7     7  372.       0.179      0.02500   
 373    18   1     0     6     6  372.       0.204      0.02500   
 373    19   1     0     4     4  372.       0.229      0.02500   
 373    20   1     0    10    10  372.       0.254      0.02500   
 373    21   1     0     6     6  372.       0.279      0.02500   
 373    22   1     0     1     1  372.       0.304      0.02500   
 373    23   1     0    10    10  372.       0.329      0.02500   
 373    24   1     0    10    10  372.       0.354      0.02500   
 373    25   1     0    11    11  372.       0.379      0.02500   
 373    26   1     0    11    11  372.       0.398      0.01875   
 373    27   1     0    10    10  372.       0.412      0.01406   
 373    28   1     0     9     9  372.       0.426      0.01406   
 373    29   1     0     7     7  372.       0.440      0.01406   
 373    30   1     0     6     6  372.       0.454      0.01406   
 373    31   1     0     7     7  372.       0.468      0.01406   
 373    32   1     0     6     6  372.       0.482      0.01406   
 373    33   1     0     5     5  372.       0.497      0.01406   
 373    34   1     0     5     5  373.       0.511      0.01406   
 373    35   1     0     5     5  373.       0.525      0.01406   
 373    36   1     0     4     4  373.       0.539      0.01406   
 373    37   1     0     4     4  373.       0.553      0.01406   
 373    38   1     0     9     9  373.       0.574      0.02109   
 373    39   1     0     5     5  373.       0.595      0.02109   
 373    40   1     0     4     4  373.       0.616      0.02109   
 373    41   1     0     5     5  373.       0.637      0.02109   
 373    42   1     0     4     4  373.       0.658      0.02109   
 373    43   1     0     4     4  373.       0.679      0.02109   
 373    44   1     0     6     6  373.       0.704      0.02500   
 373    45   1     0     5     5  373.       0.729      0.02500   
 373    46   1     0    10    10  373.       0.754      0.02500   
 373    47   1     0     7     7  373.       0.779      0.02500   
 373    48   1     0     5     5  373.       0.804      0.02500   
 373    49   1     0     6     6  373.       0.829      0.02500   
 373    50   1     0    10    10  373.       0.854      0.02500   
 373    51   1     0    11    11  373.       0.879      0.02500   
 373    52   1     0    10    10  373.       0.898      0.01875   
 373    53   1     0    10    10  373.       0.917      0.01875   
 373    54   1     0     8     8  373.       0.936      0.01875   
 373    55   1     0     8     8  373.       0.954      0.01875   
 373    56   1     0     6     6  373.       0.973      0.01875   
 373    57   1     0     6     6  373.       0.992      0.01875   
 373    58   1     0    10    10  373.       1.00       0.008125  
 374     1   1     0    10    10  373.       0.00500    0.005000  
 374     2   1     0     8     8  373.       0.0100     0.005000  
 374     3   1     0     9     9  373.       0.0150     0.005000  
 374     4   1     0     6     6  373.       0.0200     0.005000  
 374     5   1     0     5     5  373.       0.0250     0.005000  
 374     6   1     0     3     3  373.       0.0300     0.005000  
 374     7   1     0     1     1  373.       0.0350     0.005000  
 374     8   1     0     9     9  373.       0.0425     0.007500  
 374     9   1     0     2     2  373.       0.0500     0.007500  
 374    10   1     0     5     5  373.       0.0575     0.007500  
 374    11   1     0     3     3  373.       0.0650     0.007500  
 374    12   1     0     2     2  373.       0.0725     0.007500  
 374    13   1     0     8     8  373.       0.0838     0.01125   
 374    14   1     0     3     3  373.       0.0950     0.01125   
 374    15   1     0     4     4  373.       0.106      0.01125   
 374    16   1     0     9     9  373.       0.123      0.01688   
 374    17   1     0     5     5  373.       0.140      0.01688   
 374    18   1     0     4     4  373.       0.157      0.01688   
 374    19   1     0     3     3  373.       0.174      0.01688   
 374    20   1     0     7     7  373.       0.199      0.02500   
 374    21   1     0     5     5  373.       0.224      0.02500   
 374    22   1     0     5     5  373.       0.249      0.02500   
 374    23   1     0     6     6  373.       0.274      0.02500   
 374    24   1     0     1     1  373.       0.299      0.02500   
 374    25   1     0     9     9  373.       0.324      0.02500   
 374    26   1     0    10    10  373.       0.349      0.02500   
 374    27   1     0    12    12  373.       0.374      0.02500   
 374    28   1     0    12    12  373.       0.393      0.01875   
 374    29   1     0    10    10  373.       0.407      0.01406   
 374    30   1     0     8     8  373.       0.421      0.01406   
 374    31   1     0     8     8  373.       0.435      0.01406   
 374    32   1     0     6     6  373.       0.449      0.01406   
 374    33   1     0     7     7  373.       0.463      0.01406   
 374    34   1     0     6     6  373.       0.477      0.01406   
 374    35   1     0     6     6  373.       0.491      0.01406   
 374    36   1     0     5     5  374.       0.505      0.01406   
 374    37   1     0     5     5  374.       0.519      0.01406   
 374    38   1     0     5     5  374.       0.533      0.01406   
 374    39   1     0     4     4  374.       0.547      0.01406   
 374    40   1     0     4     4  374.       0.561      0.01406   
 374    41   1     0     9     9  374.       0.582      0.02109   
 374    42   1     0     5     5  374.       0.603      0.02109   
 374    43   1     0     5     5  374.       0.625      0.02109   
 374    44   1     0     4     4  374.       0.646      0.02109   
 374    45   1     0     4     4  374.       0.667      0.02109   
 374    46   1     0     6     6  374.       0.692      0.02500   
 374    47   1     0     5     5  374.       0.717      0.02500   
 374    48   1     0     4     4  374.       0.742      0.02500   
 374    49   1     0    10    10  374.       0.767      0.02500   
 374    50   1     0     7     7  374.       0.792      0.02500   
 374    51   1     0     4     4  374.       0.817      0.02500   
 374    52   1     0    10    10  374.       0.842      0.02500   
 374    53   1     0    10    10  374.       0.867      0.02500   
 374    54   1     0    10    10  374.       0.892      0.02500   
 374    55   1     0    10    10  374.       0.917      0.02500   
 374    56   1     0     9     9  374.       0.942      0.02500   
 374    57   1     0     6     6  374.       0.967      0.02500   
 374    58   1     0     5     5  374.       0.992      0.02500   
 374    59   1     0    10    10  374.       1.00       0.008281  
 375     1   1     0    11    11  374.       0.00500    0.005000  
 375     2   1     0     7     7  374.       0.00875    0.003750  
 375     3   1     0    10    10  374.       0.0125     0.003750  
 375     4   1     0    10    10  374.       0.0163     0.003750  
 375     5   1     0     8     8  374.       0.0200     0.003750  
 375     6   1     0     7     7  374.       0.0238     0.003750  
 375     7   1     0     6     6  374.       0.0275     0.003750  
 375     8   1     0     4     4  374.       0.0312     0.003750  
 375     9   1     0     2     2  374.       0.0350     0.003750  
 375    10   1     0     8     8  374.       0.0406     0.005625  
 375    11   1     0     2     2  374.       0.0462     0.005625  
 375    12   1     0     4     4  374.       0.0519     0.005625  
 375    13   1     0     6     6  374.       0.0603     0.008438  
 375    14   1     0     2     2  374.       0.0688     0.008438  
 375    15   1     0     6     6  374.       0.0772     0.008438  
 375    16   1     0     4     4  374.       0.0856     0.008438  
 375    17   1     0     2     2  374.       0.0941     0.008438  
 375    18   1     0     9     9  374.       0.107      0.01266   
 375    19   1     0     4     4  374.       0.119      0.01266   
 375    20   1     0     4     4  374.       0.132      0.01266   
 375    21   1     0     8     8  374.       0.151      0.01898   
 375    22   1     0     5     5  374.       0.170      0.01898   
 375    23   1     0     4     4  374.       0.189      0.01898   
 375    24   1     0     4     4  374.       0.208      0.01898   
 375    25   1     0     7     7  374.       0.233      0.02500   
 375    26   1     0    10    10  374.       0.258      0.02500   
 375    27   1     0     6     6  374.       0.283      0.02500   
 375    28   1     0     3     3  374.       0.308      0.02500   
 375    29   1     0    10    10  374.       0.333      0.02500   
 375    30   1     0    10    10  374.       0.358      0.02500   
 375    31   1     0    11    11  374.       0.383      0.02500   
 375    32   1     0    10    10  374.       0.402      0.01875   
 375    33   1     0    10    10  374.       0.420      0.01875   
 375    34   1     0     9     9  374.       0.439      0.01875   
 375    35   1     0     7     7  374.       0.458      0.01875   
 375    36   1     0     5     5  374.       0.477      0.01875   
 375    37   1     0     5     5  374.       0.495      0.01875   
 375    38   1     0     5     5  375.       0.514      0.01875   
 375    39   1     0     5     5  375.       0.533      0.01875   
 375    40   1     0     4     4  375.       0.552      0.01875   
 375    41   1     0     4     4  375.       0.570      0.01875   
 375    42   1     0     7     7  375.       0.595      0.02500   
 375    43   1     0     5     5  375.       0.620      0.02500   
 375    44   1     0     4     4  375.       0.645      0.02500   
 375    45   1     0     4     4  375.       0.670      0.02500   
 375    46   1     0     4     4  375.       0.695      0.02500   
 375    47   1     0     3     3  375.       0.720      0.02500   
 375    48   1     0     3     3  375.       0.745      0.02500   
 375    49   1     0     8     8  375.       0.770      0.02500   
 375    50   1     0     8     8  375.       0.795      0.02500   
 375    51   1     0     4     4  375.       0.820      0.02500   
 375    52   1     0    10    10  375.       0.845      0.02500   
 375    53   1     0    11    11  375.       0.870      0.02500   
 375    54   1     0    10    10  375.       0.889      0.01875   
 375    55   1     0    11    11  375.       0.908      0.01875   
 375    56   1     0    10    10  375.       0.922      0.01406   
 375    57   1     0     7     7  375.       0.936      0.01406   
 375    58   1     0     5     5  375.       0.950      0.01406   
 375    59   1     0     6     6  375.       0.964      0.01406   
 375    60   1     0     8     8  375.       0.978      0.01406   
 375    61   1     0     5     5  375.       0.992      0.01406   
 375    62   1     0    10    10  375.       1.00       0.007656  
 376     1   1     0    10    10  375.       0.00500    0.005000  
 376     2   1     0     4     4  375.       0.0100     0.005000  
 376     3   1     0     5     5  375.       0.0150     0.005000  
 376     4   1     0     3     3  375.       0.0200     0.005000  
 376     5   1     0     1     1  375.       0.0250     0.005000  
 376     6   1     0     8     8  375.       0.0325     0.007500  
 376     7   1     0     2     2  375.       0.0400     0.007500  
 376     8   1     0     5     5  375.       0.0475     0.007500  
 376     9   1     0     3     3  375.       0.0550     0.007500  
 376    10   1     0     3     3  375.       0.0625     0.007500  
 376    11   1     0    10    10  375.       0.0737     0.01125   
 376    12   1     0     3     3  375.       0.0850     0.01125   
 376    13   1     0     4     4  375.       0.0962     0.01125   
 376    14   1     0     8     8  375.       0.113      0.01688   
 376    15   1     0     4     4  375.       0.130      0.01688   
 376    16   1     0     5     5  375.       0.147      0.01688   
 376    17   1     0     3     3  375.       0.164      0.01688   
 376    18   1     0     2     2  375.       0.181      0.01688   
 376    19   1     0     7     7  375.       0.206      0.02500   
 376    20   1     0     6     6  375.       0.231      0.02500   
 376    21   1     0    10    10  375.       0.256      0.02500   
 376    22   1     0     6     6  375.       0.281      0.02500   
 376    23   1     0     1     1  375.       0.306      0.02500   
 376    24   1     0    10    10  375.       0.331      0.02500   
 376    25   1     0    10    10  375.       0.356      0.02500   
 376    26   1     0    11    11  375.       0.381      0.02500   
 376    27   1     0    10    10  375.       0.399      0.01875   
 376    28   1     0    10    10  375.       0.418      0.01875   
 376    29   1     0     9     9  375.       0.437      0.01875   
 376    30   1     0     7     7  375.       0.456      0.01875   
 376    31   1     0     5     5  375.       0.474      0.01875   
 376    32   1     0     5     5  375.       0.493      0.01875   
 376    33   1     0     5     5  376.       0.512      0.01875   
 376    34   1     0     5     5  376.       0.531      0.01875   
 376    35   1     0     4     4  376.       0.549      0.01875   
 376    36   1     0     4     4  376.       0.568      0.01875   
 376    37   1     0     7     7  376.       0.593      0.02500   
 376    38   1     0     5     5  376.       0.618      0.02500   
 376    39   1     0     4     4  376.       0.643      0.02500   
 376    40   1     0     4     4  376.       0.668      0.02500   
 376    41   1     0     4     4  376.       0.693      0.02500   
 376    42   1     0     3     3  376.       0.718      0.02500   
 376    43   1     0     3     3  376.       0.743      0.02500   
 376    44   1     0     9     9  376.       0.768      0.02500   
 376    45   1     0     7     7  376.       0.793      0.02500   
 376    46   1     0     4     4  376.       0.818      0.02500   
 376    47   1     0    10    10  376.       0.843      0.02500   
 376    48   1     0    12    12  376.       0.868      0.02500   
 376    49   1     0    10    10  376.       0.887      0.01875   
 376    50   1     0    11    11  376.       0.906      0.01875   
 376    51   1     0    10    10  376.       0.920      0.01406   
 376    52   1     0    10    10  376.       0.934      0.01406   
 376    53   1     0     8     8  376.       0.948      0.01406   
 376    54   1     0     6     6  376.       0.962      0.01406   
 376    55   1     0     7     7  376.       0.976      0.01406   
 376    56   1     0     5     5  376.       0.990      0.01406   
 376    57   1     0    10    10  376.       1.00       0.01000   
 377     1   1     0    10    10  376.       0.00500    0.005000  
 377     2   1     0     5     5  376.       0.0100     0.005000  
 377     3   1     0     5     5  376.       0.0150     0.005000  
 377     4   1     0     3     3  376.       0.0200     0.005000  
 377     5   1     0     2     2  376.       0.0250     0.005000  
 377     6   1     0     7     7  376.       0.0325     0.007500  
 377     7   1     0     2     2  376.       0.0400     0.007500  
 377     8   1     0     5     5  376.       0.0475     0.007500  
 377     9   1     0     3     3  376.       0.0550     0.007500  
 377    10   1     0     3     3  376.       0.0625     0.007500  
 377    11   1     0    10    10  376.       0.0737     0.01125   
 377    12   1     0     4     4  376.       0.0850     0.01125   
 377    13   1     0     4     4  376.       0.0962     0.01125   
 377    14   1     0     9     9  376.       0.113      0.01688   
 377    15   1     0     5     5  376.       0.130      0.01688   
 377    16   1     0     5     5  376.       0.147      0.01688   
 377    17   1     0     3     3  376.       0.164      0.01688   
 377    18   1     0     2     2  376.       0.181      0.01688   
 377    19   1     0     7     7  376.       0.206      0.02500   
 377    20   1     0     6     6  376.       0.231      0.02500   
 377    21   1     0    10    10  376.       0.256      0.02500   
 377    22   1     0     6     6  376.       0.281      0.02500   
 377    23   1     0     1     1  376.       0.306      0.02500   
 377    24   1     0    10    10  376.       0.331      0.02500   
 377    25   1     0    10    10  376.       0.356      0.02500   
 377    26   1     0    11    11  376.       0.381      0.02500   
 377    27   1     0    10    10  376.       0.399      0.01875   
 377    28   1     0    10    10  376.       0.418      0.01875   
 377    29   1     0     9     9  376.       0.437      0.01875   
 377    30   1     0     7     7  376.       0.456      0.01875   
 377    31   1     0     5     5  376.       0.474      0.01875   
 377    32   1     0     5     5  376.       0.493      0.01875   
 377    33   1     0     5     5  377.       0.512      0.01875   
 377    34   1     0     5     5  377.       0.531      0.01875   
 377    35   1     0     4     4  377.       0.549      0.01875   
 377    36   1     0     4     4  377.       0.568      0.01875   
 377    37   1     0     7     7  377.       0.593      0.02500   
 377    38   1     0     5     5  377.       0.618      0.02500   
 377    39   1     0     4     4  377.       0.643      0.02500   
 377    40   1     0     4     4  377.       0.668      0.02500   
 377    41   1     0     4     4  377.       0.693      0.02500   
 377    42   1     0     3     3  377.       0.718      0.02500   
 377    43   1     0     3     3  377.       0.743      0.02500   
 377    44   1     0     9     9  377.       0.768      0.02500   
 377    45   1     0     7     7  377.       0.793      0.02500   
 377    46   1     0     4     4  377.       0.818      0.02500   
 377    47   1     0    10    10  377.       0.843      0.02500   
 377    48   1U    0     9     9  377.       0.843      0.02500   
 377    48   2     0    11    11  377.       0.856      0.01250   
 377    49   1     0    11    11  377.       0.865      0.009375  
 377    50   1     0    10    10  377.       0.872      0.007031  
 377    51   1     0    10    10  377.       0.879      0.007031  
 377    52   1     0    10    10  377.       0.886      0.007031  
 377    53   1     0     9     9  377.       0.893      0.007031  
 377    54   1     0     5     5  377.       0.900      0.007031  
 377    55   1     0     6     6  377.       0.907      0.007031  
 377    56   1     0     7     7  377.       0.914      0.007031  
 377    57   1     0     5     5  377.       0.921      0.007031  
 377    58   1     0     3     3  377.       0.928      0.007031  
 377    59   1     0     3     3  377.       0.935      0.007031  
 377    60   1     0     4     4  377.       0.946      0.01055   
 377    61   1     0     3     3  377.       0.962      0.01582   
 377    62   1     0     6     6  377.       0.985      0.02373   
 377    63   1     0    10    10  377.       1.00       0.01459   
 378     1   1     0    10    10  377.       0.00500    0.005000  
 378     2   1     0     9     9  377.       0.0100     0.005000  
 378     3   1     0     9     9  377.       0.0150     0.005000  
 378     4   1     0     7     7  377.       0.0200     0.005000  
 378     5   1     0     5     5  377.       0.0250     0.005000  
 378     6   1     0     3     3  377.       0.0300     0.005000  
 378     7   1     0     1     1  377.       0.0350     0.005000  
 378     8   1     0     8     8  377.       0.0425     0.007500  
 378     9   1     0     2     2  377.       0.0500     0.007500  
 378    10   1     0     4     4  377.       0.0575     0.007500  
 378    11   1U    0     5     5  377.       0.0575     0.01125   
 378    11   2     0    10    10  377.       0.0603     0.002812  
 378    12   1     0     4     4  377.       0.0631     0.002812  
 378    13   1     0     5     5  377.       0.0659     0.002812  
 378    14   1     0     4     4  377.       0.0687     0.002812  
 378    15   1     0     3     3  377.       0.0716     0.002812  
 378    16   1     0     7     7  377.       0.0758     0.004219  
 378    17   1     0     1     1  377.       0.0800     0.004219  
 378    18   1     0     1     1  377.       0.0842     0.004219  
 378    19   1     0     5     5  377.       0.0905     0.006328  
 378    20   1     0     1     1  377.       0.0969     0.006328  
 378    21   1     0     2     2  377.       0.103      0.006328  
 378    22   1     0     5     5  377.       0.113      0.009492  
 378    23   1     0     2     2  377.       0.122      0.009492  
 378    24   1     0     3     3  377.       0.132      0.009492  
 378    25   1     0     7     7  377.       0.146      0.01424   
 378    26   1     0     4     4  377.       0.160      0.01424   
 378    27   1     0     4     4  377.       0.174      0.01424   
 378    28   1     0     7     7  377.       0.196      0.02136   
 378    29   1     0     4     4  377.       0.217      0.02136   
 378    30   1     0     4     4  377.       0.238      0.02136   
 378    31   1     0    10    10  377.       0.263      0.02500   
 378    32   1     0     2     2  377.       0.288      0.02500   
 378    33   1     0     7     7  377.       0.313      0.02500   
 378    34   1     0    10    10  377.       0.338      0.02500   
 378    35   1     0    10    10  377.       0.363      0.02500   
 378    36   1     0    11    11  377.       0.388      0.02500   
 378    37   1     0    10    10  377.       0.407      0.01875   
 378    38   1     0    10    10  377.       0.426      0.01875   
 378    39   1     0     9     9  377.       0.445      0.01875   
 378    40   1     0     6     6  377.       0.463      0.01875   
 378    41   1     0     5     5  377.       0.482      0.01875   
 378    42   1     0     5     5  378.       0.501      0.01875   
 378    43   1     0     5     5  378.       0.520      0.01875   
 378    44   1     0     5     5  378.       0.538      0.01875   
 378    45   1     0     4     4  378.       0.557      0.01875   
 378    46   1     0     4     4  378.       0.576      0.01875   
 378    47   1     0     7     7  378.       0.601      0.02500   
 378    48   1     0     5     5  378.       0.626      0.02500   
 378    49   1     0     4     4  378.       0.651      0.02500   
 378    50   1     0     4     4  378.       0.676      0.02500   
 378    51   1     0     4     4  378.       0.701      0.02500   
 378    52   1     0     3     3  378.       0.726      0.02500   
 378    53   1     0     7     7  378.       0.751      0.02500   
 378    54   1     0     7     7  378.       0.776      0.02500   
 378    55   1     0     5     5  378.       0.801      0.02500   
 378    56   1     0     4     4  378.       0.826      0.02500   
 378    57   1     0    10    10  378.       0.851      0.02500   
 378    58   1     0    10    10  378.       0.876      0.02500   
 378    59   1     0    10    10  378.       0.901      0.02500   
 378    60   1     0    10    10  378.       0.926      0.02500   
 378    61   1     0     6     6  378.       0.951      0.02500   
 378    62   1     0     6     6  378.       0.976      0.02500   
 378    63   1     0     5     5  378.       1.00       0.02403   
 379     1   1     0    10    10  378.       0.00500    0.005000  
 379     2   1     0    10    10  378.       0.0100     0.005000  
 379     3   1     0    10    10  378.       0.0150     0.005000  
 379     4   1     0     7     7  378.       0.0200     0.005000  
 379     5   1     0     6     6  378.       0.0250     0.005000  
 379     6   1     0     4     4  378.       0.0300     0.005000  
 379     7   1     0     1     1  378.       0.0350     0.005000  
 379     8   1     0     7     7  378.       0.0425     0.007500  
 379     9   1     0     2     2  378.       0.0500     0.007500  
 379    10   1     0     4     4  378.       0.0575     0.007500  
 379    11   1U    0     4     4  378.       0.0575     0.01125   
 379    11   2     0     9     9  378.       0.0603     0.002812  
 379    12   1     0     3     3  378.       0.0631     0.002812  
 379    13   1     0     4     4  378.       0.0659     0.002812  
 379    14   1     0     8     8  378.       0.0702     0.004219  
 379    15   1     0     1     1  378.       0.0744     0.004219  
 379    16   1     0     2     2  378.       0.0786     0.004219  
 379    17   1     0     6     6  378.       0.0849     0.006328  
 379    18   1     0     1     1  378.       0.0912     0.006328  
 379    19   1     0     2     2  378.       0.0976     0.006328  
 379    20   1     0     4     4  378.       0.107      0.009492  
 379    21   1     0     7     7  378.       0.121      0.01424   
 379    22   1     0     5     5  378.       0.136      0.01424   
 379    23   1     0     5     5  378.       0.150      0.01424   
 379    24   1     0     3     3  378.       0.164      0.01424   
 379    25   1     0     2     2  378.       0.178      0.01424   
 379    26   1     0     8     8  378.       0.200      0.02136   
 379    27   1     0     4     4  378.       0.221      0.02136   
 379    28   1     0     4     4  378.       0.242      0.02136   
 379    29   1     0     7     7  378.       0.267      0.02500   
 379    30   1     0     2     2  378.       0.292      0.02500   
 379    31   1     0     8     8  378.       0.317      0.02500   
 379    32   1     0    10    10  378.       0.342      0.02500   
 379    33   1     0    10    10  378.       0.367      0.02500   
 379    34   1     0    10    10  378.       0.392      0.02500   
 379    35   1     0    10    10  378.       0.417      0.02500   
 379    36   1     0    10    10  378.       0.442      0.02500   
 379    37   1     0     8     8  378.       0.467      0.02500   
 379    38   1     0     5     5  378.       0.492      0.02500   
 379    39   1     0     4     4  379.       0.517      0.02500   
 379    40   1     0     5     5  379.       0.542      0.02500   
 379    41   1     0     4     4  379.       0.567      0.02500   
 379    42   1     0     4     4  379.       0.592      0.02500   
 379    43   1     0     4     4  379.       0.617      0.02500   
 379    44   1     0     4     4  379.       0.642      0.02500   
 379    45   1     0     3     3  379.       0.667      0.02500   
 379    46   1     0     4     4  379.       0.692      0.02500   
 379    47   1     0     3     3  379.       0.717      0.02500   
 379    48   1     0     2     2  379.       0.742      0.02500   
 379    49   1     0    10    10  379.       0.767      0.02500   
 379    50   1     0     8     8  379.       0.792      0.02500   
 379    51   1     0     5     5  379.       0.817      0.02500   
 379    52   1     0    10    10  379.       0.842      0.02500   
 379    53   1     0    10    10  379.       0.867      0.02500   
 379    54   1     0    10    10  379.       0.892      0.02500   
 379    55   1     0    10    10  379.       0.917      0.02500   
 379    56   1     0     9     9  379.       0.942      0.02500   
 379    57   1     0     7     7  379.       0.967      0.02500   
 379    58   1     0     5     5  379.       0.992      0.02500   
 379    59   1     0    10    10  379.       1.00       0.007666  
 380     1   1     0    10    10  379.       0.00500    0.005000  
 380     2   1     0     7     7  379.       0.0100     0.005000  
 380     3   1     0     5     5  379.       0.0150     0.005000  
 380     4   1     0     3     3  379.       0.0200     0.005000  
 380     5   1     0     1     1  379.       0.0250     0.005000  
 380     6   1     0     5     5  379.       0.0325     0.007500  
 380     7   1     0     2     2  379.       0.0400     0.007500  
 380     8   1     0     4     4  379.       0.0475     0.007500  
 380     9   1     0     5     5  379.       0.0587     0.01125   
 380    10   1     0     4     4  379.       0.0700     0.01125   
 380    11   1     0     6     6  379.       0.0812     0.01125   
 380    12   1     0     4     4  379.       0.0925     0.01125   
 380    13   1     0     3     3  379.       0.104      0.01125   
 380    14   1     0     9     9  379.       0.121      0.01688   
 380    15   1     0     4     4  379.       0.137      0.01688   
 380    16   1     0     4     4  379.       0.154      0.01688   
 380    17   1     0     7     7  379.       0.179      0.02500   
 380    18   1     0     6     6  379.       0.204      0.02500   
 380    19   1     0     4     4  379.       0.229      0.02500   
 380    20   1     0    10    10  379.       0.254      0.02500   
 380    21   1     0     6     6  379.       0.279      0.02500   
 380    22   1     0     1     1  379.       0.304      0.02500   
 380    23   1     0    10    10  379.       0.329      0.02500   
 380    24   1     0    10    10  379.       0.354      0.02500   
 380    25   1     0    11    11  379.       0.379      0.02500   
 380    26   1     0    11    11  379.       0.398      0.01875   
 380    27   1     0    10    10  379.       0.412      0.01406   
 380    28   1     0     9     9  379.       0.426      0.01406   
 380    29   1     0     7     7  379.       0.440      0.01406   
 380    30   1     0     6     6  379.       0.454      0.01406   
 380    31   1     0     7     7  379.       0.468      0.01406   
 380    32   1     0     6     6  379.       0.482      0.01406   
 380    33   1     0     5     5  379.       0.497      0.01406   
 380    34   1     0     5     5  380.       0.511      0.01406   
 380    35   1     0     5     5  380.       0.525      0.01406   
 380    36   1     0     4     4  380.       0.539      0.01406   
 380    37   1     0     4     4  380.       0.553      0.01406   
 380    38   1     0     9     9  380.       0.574      0.02109   
 380    39   1     0     5     5  380.       0.595      0.02109   
 380    40   1     0     4     4  380.       0.616      0.02109   
 380    41   1     0     5     5  380.       0.637      0.02109   
 380    42   1     0     4     4  380.       0.658      0.02109   
 380    43   1     0     4     4  380.       0.679      0.02109   
 380    44   1     0     6     6  380.       0.704      0.02500   
 380    45   1     0     5     5  380.       0.729      0.02500   
 380    46   1     0    10    10  380.       0.754      0.02500   
 380    47   1     0     7     7  380.       0.779      0.02500   
 380    48   1     0     5     5  380.       0.804      0.02500   
 380    49   1     0     6     6  380.       0.829      0.02500   
 380    50   1     0    10    10  380.       0.854      0.02500   
 380    51   1     0    11    11  380.       0.879      0.02500   
 380    52   1     0    10    10  380.       0.898      0.01875   
 380    53   1     0    10    10  380.       0.917      0.01875   
 380    54   1     0     8     8  380.       0.936      0.01875   
 380    55   1     0     8     8  380.       0.954      0.01875   
 380    56   1     0     6     6  380.       0.973      0.01875   
 380    57   1     0     6     6  380.       0.992      0.01875   
 380    58   1     0    10    10  380.       1.00       0.008125  
 381     1   1     0    10    10  380.       0.00500    0.005000  
 381     2   1     0     8     8  380.       0.0100     0.005000  
 381     3   1     0     9     9  380.       0.0150     0.005000  
 381     4   1     0     6     6  380.       0.0200     0.005000  
 381     5   1     0     5     5  380.       0.0250     0.005000  
 381     6   1     0     3     3  380.       0.0300     0.005000  
 381     7   1     0     1     1  380.       0.0350     0.005000  
 381     8   1     0     9     9  380.       0.0425     0.007500  
 381     9   1     0     2     2  380.       0.0500     0.007500  
 381    10   1     0     5     5  380.       0.0575     0.007500  
 381    11   1     0     3     3  380.       0.0650     0.007500  
 381    12   1     0     2     2  380.       0.0725     0.007500  
 381    13   1     0     8     8  380.       0.0838     0.01125   
 381    14   1     0     3     3  380.       0.0950     0.01125   
 381    15   1     0     4     4  380.       0.106      0.01125   
 381    16   1     0     9     9  380.       0.123      0.01688   
 381    17   1     0     5     5  380.       0.140      0.01688   
 381    18   1     0     4     4  380.       0.157      0.01688   
 381    19   1     0     3     3  380.       0.174      0.01688   
 381    20   1     0     7     7  380.       0.199      0.02500   
 381    21   1     0     5     5  380.       0.224      0.02500   
 381    22   1     0     5     5  380.       0.249      0.02500   
 381    23   1     0     6     6  380.       0.274      0.02500   
 381    24   1     0     1     1  380.       0.299      0.02500   
 381    25   1     0     9     9  380.       0.324      0.02500   
 381    26   1     0    10    10  380.       0.349      0.02500   
 381    27   1     0    12    12  380.       0.374      0.02500   
 381    28   1     0    12    12  380.       0.393      0.01875   
 381    29   1     0    10    10  380.       0.407      0.01406   
 381    30   1     0     8     8  380.       0.421      0.01406   
 381    31   1     0     8     8  380.       0.435      0.01406   
 381    32   1     0     6     6  380.       0.449      0.01406   
 381    33   1     0     7     7  380.       0.463      0.01406   
 381    34   1     0     6     6  380.       0.477      0.01406   
 381    35   1     0     6     6  380.       0.491      0.01406   
 381    36   1     0     5     5  381.       0.505      0.01406   
 381    37   1     0     5     5  381.       0.519      0.01406   
 381    38   1     0     5     5  381.       0.533      0.01406   
 381    39   1     0     4     4  381.       0.547      0.01406   
 381    40   1     0     4     4  381.       0.561      0.01406   
 381    41   1     0     9     9  381.       0.582      0.02109   
 381    42   1     0     5     5  381.       0.603      0.02109   
 381    43   1     0     5     5  381.       0.625      0.02109   
 381    44   1     0     4     4  381.       0.646      0.02109   
 381    45   1     0     4     4  381.       0.667      0.02109   
 381    46   1     0     6     6  381.       0.692      0.02500   
 381    47   1     0     5     5  381.       0.717      0.02500   
 381    48   1     0     4     4  381.       0.742      0.02500   
 381    49   1     0    10    10  381.       0.767      0.02500   
 381    50   1     0     7     7  381.       0.792      0.02500   
 381    51   1     0     4     4  381.       0.817      0.02500   
 381    52   1     0    10    10  381.       0.842      0.02500   
 381    53   1     0    10    10  381.       0.867      0.02500   
 381    54   1     0    10    10  381.       0.892      0.02500   
 381    55   1     0    10    10  381.       0.917      0.02500   
 381    56   1     0     9     9  381.       0.942      0.02500   
 381    57   1     0     6     6  381.       0.967      0.02500   
 381    58   1     0     5     5  381.       0.992      0.02500   
 381    59   1     0    10    10  381.       1.00       0.008281  
 382     1   1     0    11    11  381.       0.00500    0.005000  
 382     2   1     0     7     7  381.       0.00875    0.003750  
 382     3   1     0    10    10  381.       0.0125     0.003750  
 382     4   1     0    10    10  381.       0.0163     0.003750  
 382     5   1     0     8     8  381.       0.0200     0.003750  
 382     6   1     0     7     7  381.       0.0238     0.003750  
 382     7   1     0     6     6  381.       0.0275     0.003750  
 382     8   1     0     4     4  381.       0.0312     0.003750  
 382     9   1     0     2     2  381.       0.0350     0.003750  
 382    10   1     0     8     8  381.       0.0406     0.005625  
 382    11   1     0     2     2  381.       0.0462     0.005625  
 382    12   1     0     4     4  381.       0.0519     0.005625  
 382    13   1     0     6     6  381.       0.0603     0.008438  
 382    14   1     0     2     2  381.       0.0688     0.008438  
 382    15   1     0     6     6  381.       0.0772     0.008438  
 382    16   1     0     4     4  381.       0.0856     0.008438  
 382    17   1     0     2     2  381.       0.0941     0.008438  
 382    18   1     0     9     9  381.       0.107      0.01266   
 382    19   1     0     4     4  381.       0.119      0.01266   
 382    20   1     0     4     4  381.       0.132      0.01266   
 382    21   1     0     8     8  381.       0.151      0.01898   
 382    22   1     0     5     5  381.       0.170      0.01898   
 382    23   1     0     4     4  381.       0.189      0.01898   
 382    24   1     0     4     4  381.       0.208      0.01898   
 382    25   1     0     7     7  381.       0.233      0.02500   
 382    26   1     0    10    10  381.       0.258      0.02500   
 382    27   1     0     6     6  381.       0.283      0.02500   
 382    28   1     0     3     3  381.       0.308      0.02500   
 382    29   1     0    10    10  381.       0.333      0.02500   
 382    30   1     0    10    10  381.       0.358      0.02500   
 382    31   1     0    11    11  381.       0.383      0.02500   
 382    32   1     0    10    10  381.       0.402      0.01875   
 382    33   1     0    10    10  381.       0.420      0.01875   
 382    34   1     0     9     9  381.       0.439      0.01875   
 382    35   1     0     7     7  381.       0.458      0.01875   
 382    36   1     0     5     5  381.       0.477      0.01875   
 382    37   1     0     5     5  381.       0.495      0.01875   
 382    38   1     0     5     5  382.       0.514      0.01875   
 382    39   1     0     5     5  382.       0.533      0.01875   
 382    40   1     0     4     4  382.       0.552      0.01875   
 382    41   1     0     4     4  382.       0.570      0.01875   
 382    42   1     0     7     7  382.       0.595      0.02500   
 382    43   1     0     5     5  382.       0.620      0.02500   
 382    44   1     0     4     4  382.       0.645      0.02500   
 382    45   1     0     4     4  382.       0.670      0.02500   
 382    46   1     0     4     4  382.       0.695      0.02500   
 382    47   1     0     3     3  382.       0.720      0.02500   
 382    48   1     0     3     3  382.       0.745      0.02500   
 382    49   1     0     8     8  382.       0.770      0.02500   
 382    50   1     0     8     8  382.       0.795      0.02500   
 382    51   1     0     4     4  382.       0.820      0.02500   
 382    52   1     0    10    10  382.       0.845      0.02500   
 382    53   1     0    11    11  382.       0.870      0.02500   
 382    54   1     0    10    10  382.       0.889      0.01875   
 382    55   1     0    11    11  382.       0.908      0.01875   
 382    56   1     0    10    10  382.       0.922      0.01406   
 382    57   1     0     7     7  382.       0.936      0.01406   
 382    58   1     0     5     5  382.       0.950      0.01406   
 382    59   1     0     6     6  382.       0.964      0.01406   
 382    60   1     0     8     8  382.       0.978      0.01406   
 382    61   1     0     5     5  382.       0.992      0.01406   
 382    62   1     0    10    10  382.       1.00       0.007656  
 383     1   1     0    10    10  382.       0.00500    0.005000  
 383     2   1     0     4     4  382.       0.0100     0.005000  
 383     3   1     0     5     5  382.       0.0150     0.005000  
 383     4   1     0     3     3  382.       0.0200     0.005000  
 383     5   1     0     1     1  382.       0.0250     0.005000  
 383     6   1     0     8     8  382.       0.0325     0.007500  
 383     7   1     0     2     2  382.       0.0400     0.007500  
 383     8   1     0     5     5  382.       0.0475     0.007500  
 383     9   1     0     3     3  382.       0.0550     0.007500  
 383    10   1     0     3     3  382.       0.0625     0.007500  
 383    11   1     0    10    10  382.       0.0737     0.01125   
 383    12   1     0     3     3  382.       0.0850     0.01125   
 383    13   1     0     4     4  382.       0.0962     0.01125   
 383    14   1     0     8     8  382.       0.113      0.01688   
 383    15   1     0     4     4  382.       0.130      0.01688   
 383    16   1     0     5     5  382.       0.147      0.01688   
 383    17   1     0     3     3  382.       0.164      0.01688   
 383    18   1     0     2     2  382.       0.181      0.01688   
 383    19   1     0     7     7  382.       0.206      0.02500   
 383    20   1     0     6     6  382.       0.231      0.02500   
 383    21   1     0    10    10  382.       0.256      0.02500   
 383    22   1     0     6     6  382.       0.281      0.02500   
 383    23   1     0     1     1  382.       0.306      0.02500   
 383    24   1     0    10    10  382.       0.331      0.02500   
 383    25   1     0    10    10  382.       0.356      0.02500   
 383    26   1     0    11    11  382.       0.381      0.02500   
 383    27   1     0    10    10  382.       0.399      0.01875   
 383    28   1     0    10    10  382.       0.418      0.01875   
 383    29   1     0     9     9  382.       0.437      0.01875   
 383    30   1     0     7     7  382.       0.456      0.01875   
 383    31   1     0     5     5  382.       0.474      0.01875   
 383    32   1     0     5     5  382.       0.493      0.01875   
 383    33   1     0     5     5  383.       0.512      0.01875   
 383    34   1     0     5     5  383.       0.531      0.01875   
 383    35   1     0     4     4  383.       0.549      0.01875   
 383    36   1     0     4     4  383.       0.568      0.01875   
 383    37   1     0     7     7  383.       0.593      0.02500   
 383    38   1     0     5     5  383.       0.618      0.02500   
 383    39   1     0     4     4  383.       0.643      0.02500   
 383    40   1     0     4     4  383.       0.668      0.02500   
 383    41   1     0     4     4  383.       0.693      0.02500   
 383    42   1     0     3     3  383.       0.718      0.02500   
 383    43   1     0     3     3  383.       0.743      0.02500   
 383    44   1     0     9     9  383.       0.768      0.02500   
 383    45   1     0     7     7  383.       0.793      0.02500   
 383    46   1     0     4     4  383.       0.818      0.02500   
 383    47   1     0    10    10  383.       0.843      0.02500   
 383    48   1     0    12    12  383.       0.868      0.02500   
 383    49   1     0    10    10  383.       0.887      0.01875   
 383    50   1     0    11    11  383.       0.906      0.01875   
 383    51   1     0    10    10  383.       0.920      0.01406   
 383    52   1     0    10    10  383.       0.934      0.01406   
 383    53   1     0     8     8  383.       0.948      0.01406   
 383    54   1     0     6     6  383.       0.962      0.01406   
 383    55   1     0     7     7  383.       0.976      0.01406   
 383    56   1     0     5     5  383.       0.990      0.01406   
 383    57   1     0    10    10  383.       1.00       0.01000   
 384     1   1     0    10    10  383.       0.00500    0.005000  
 384     2   1     0     5     5  383.       0.0100     0.005000  
 384     3   1     0     5     5  383.       0.0150     0.005000  
 384     4   1     0     3     3  383.       0.0200     0.005000  
 384     5   1     0     2     2  383.       0.0250     0.005000  
 384     6   1     0     7     7  383.       0.0325     0.007500  
 384     7   1     0     2     2  383.       0.0400     0.007500  
 384     8   1     0     5     5  383.       0.0475     0.007500  
 384     9   1     0     3     3  383.       0.0550     0.007500  
 384    10   1     0     3     3  383.       0.0625     0.007500  
 384    11   1     0    10    10  383.       0.0737     0.01125   
 384    12   1     0     4     4  383.       0.0850     0.01125   
 384    13   1     0     4     4  383.       0.0962     0.01125   
 384    14   1     0     9     9  383.       0.113      0.01688   
 384    15   1     0     5     5  383.       0.130      0.01688   
 384    16   1     0     5     5  383.       0.147      0.01688   
 384    17   1     0     3     3  383.       0.164      0.01688   
 384    18   1     0     2     2  383.       0.181      0.01688   
 384    19   1     0     7     7  383.       0.206      0.02500   
 384    20   1     0     6     6  383.       0.231      0.02500   
 384    21   1     0    10    10  383.       0.256      0.02500   
 384    22   1     0     6     6  383.       0.281      0.02500   
 384    23   1     0     1     1  383.       0.306      0.02500   
 384    24   1     0    10    10  383.       0.331      0.02500   
 384    25   1     0    10    10  383.       0.356      0.02500   
 384    26   1     0    11    11  383.       0.381      0.02500   
 384    27   1     0    10    10  383.       0.399      0.01875   
 384    28   1     0    10    10  383.       0.418      0.01875   
 384    29   1     0     9     9  383.       0.437      0.01875   
 384    30   1     0     7     7  383.       0.456      0.01875   
 384    31   1     0     5     5  383.       0.474      0.01875   
 384    32   1     0     5     5  383.       0.493      0.01875   
 384    33   1     0     5     5  384.       0.512      0.01875   
 384    34   1     0     5     5  384.       0.531      0.01875   
 384    35   1     0     4     4  384.       0.549      0.01875   
 384    36   1     0     4     4  384.       0.568      0.01875   
 384    37   1     0     7     7  384.       0.593      0.02500   
 384    38   1     0     5     5  384.       0.618      0.02500   
 384    39   1     0     4     4  384.       0.643      0.02500   
 384    40   1     0     4     4  384.       0.668      0.02500   
 384    41   1     0     4     4  384.       0.693      0.02500   
 384    42   1     0     3     3  384.       0.718      0.02500   
 384    43   1     0     3     3  384.       0.743      0.02500   
 384    44   1     0     9     9  384.       0.768      0.02500   
 384    45   1     0     7     7  384.       0.793      0.02500   
 384    46   1     0     4     4  384.       0.818      0.02500   
 384    47   1     0    10    10  384.       0.843      0.02500   
 384    48   1U    0     9     9  384.       0.843      0.02500   
 384    48   2     0    11    11  384.       0.856      0.01250   
 384    49   1     0    11    11  384.       0.865      0.009375  
 384    50   1     0    10    10  384.       0.872      0.007031  
 384    51   1     0    10    10  384.       0.879      0.007031  
 384    52   1     0    10    10  384.       0.886      0.007031  
 384    53   1     0     9     9  384.       0.893      0.007031  
 384    54   1     0     5     5  384.       0.900      0.007031  
 384    55   1     0     6     6  384.       0.907      0.007031  
 384    56   1     0     7     7  384.       0.914      0.007031  
 384    57   1     0     5     5  384.       0.921      0.007031  
 384    58   1     0     3     3  384.       0.928      0.007031  
 384    59   1     0     3     3  384.       0.935      0.007031  
 384    60   1     0     4     4  384.       0.946      0.01055   
 384    61   1     0     3     3  384.       0.962      0.01582   
 384    62   1     0     6     6  384.       0.985      0.02373   
 384    63   1     0    10    10  384.       1.00       0.01459   
 385     1   1     0    10    10  384.       0.00500    0.005000  
 385     2   1     0     9     9  384.       0.0100     0.005000  
 385     3   1     0     9     9  384.       0.0150     0.005000  
 385     4   1     0     7     7  384.       0.0200     0.005000  
 385     5   1     0     5     5  384.       0.0250     0.005000  
 385     6   1     0     3     3  384.       0.0300     0.005000  
 385     7   1     0     1     1  384.       0.0350     0.005000  
 385     8   1     0     8     8  384.       0.0425     0.007500  
 385     9   1     0     2     2  384.       0.0500     0.007500  
 385    10   1     0     4     4  384.       0.0575     0.007500  
 385    11   1U    0     5     5  384.       0.0575     0.01125   
 385    11   2     0    10    10  384.       0.0603     0.002812  
 385    12   1     0     4     4  384.       0.0631     0.002812  
 385    13   1     0     5     5  384.       0.0659     0.002812  
 385    14   1     0     4     4  384.       0.0687     0.002812  
 385    15   1     0     3     3  384.       0.0716     0.002812  
 385    16   1     0     7     7  384.       0.0758     0.004219  
 385    17   1     0     1     1  384.       0.0800     0.004219  
 385    18   1     0     1     1  384.       0.0842     0.004219  
 385    19   1     0     5     5  384.       0.0905     0.006328  
 385    20   1     0     1     1  384.       0.0969     0.006328  
 385    21   1     0     2     2  384.       0.103      0.006328  
 385    22   1     0     5     5  384.       0.113      0.009492  
 385    23   1     0     2     2  384.       0.122      0.009492  
 385    24   1     0     3     3  384.       0.132      0.009492  
 385    25   1     0     7     7  384.       0.146      0.01424   
 385    26   1     0     4     4  384.       0.160      0.01424   
 385    27   1     0     4     4  384.       0.174      0.01424   
 385    28   1     0     7     7  384.       0.196      0.02136   
 385    29   1     0     4     4  384.       0.217      0.02136   
 385    30   1     0     4     4  384.       0.238      0.02136   
 385    31   1     0    10    10  384.       0.263      0.02500   
 385    32   1     0     2     2  384.       0.288      0.02500   
 385    33   1     0     7     7  384.       0.313      0.02500   
 385    34   1     0    10    10  384.       0.338      0.02500   
 385    35   1     0    10    10  384.       0.363      0.02500   
 385    36   1     0    11    11  384.       0.388      0.02500   
 385    37   1     0    10    10  384.       0.407      0.01875   
 385    38   1     0    10    10  384.       0.426      0.01875   
 385    39   1     0     9     9  384.       0.445      0.01875   
 385    40   1     0     6     6  384.       0.463      0.01875   
 385    41   1     0     5     5  384.       0.482      0.01875   
 385    42   1     0     5     5  385.       0.501      0.01875   
 385    43   1     0     5     5  385.       0.520      0.01875   
 385    44   1     0     5     5  385.       0.538      0.01875   
 385    45   1     0     4     4  385.       0.557      0.01875   
 385    46   1     0     4     4  385.       0.576      0.01875   
 385    47   1     0     7     7  385.       0.601      0.02500   
 385    48   1     0     5     5  385.       0.626      0.02500   
 385    49   1     0     4     4  385.       0.651      0.02500   
 385    50   1     0     4     4  385.       0.676      0.02500   
 385    51   1     0     4     4  385.       0.701      0.02500   
 385    52   1     0     3     3  385.       0.726      0.02500   
 385    53   1     0     7     7  385.       0.751      0.02500   
 385    54   1     0     7     7  385.       0.776      0.02500   
 385    55   1     0     5     5  385.       0.801      0.02500   
 385    56   1     0     4     4  385.       0.826      0.02500   
 385    57   1     0    10    10  385.       0.851      0.02500   
 385    58   1     0    10    10  385.       0.876      0.02500   
 385    59   1     0    10    10  385.       0.901      0.02500   
 385    60   1     0    10    10  385.       0.926      0.02500   
 385    61   1     0     6     6  385.       0.951      0.02500   
 385    62   1     0     6     6  385.       0.976      0.02500   
 385    63   1     0     5     5  385.       1.00       0.02403   
 386     1   1     0    10    10  385.       0.00500    0.005000  
 386     2   1     0    10    10  385.       0.0100     0.005000  
 386     3   1     0    10    10  385.       0.0150     0.005000  
 386     4   1     0     7     7  385.       0.0200     0.005000  
 386     5   1     0     6     6  385.       0.0250     0.005000  
 386     6   1     0     4     4  385.       0.0300     0.005000  
 386     7   1     0     1     1  385.       0.0350     0.005000  
 386     8   1     0     7     7  385.       0.0425     0.007500  
 386     9   1     0     2     2  385.       0.0500     0.007500  
 386    10   1     0     4     4  385.       0.0575     0.007500  
 386    11   1U    0     4     4  385.       0.0575     0.01125   
 386    11   2     0     9     9  385.       0.0603     0.002812  
 386    12   1     0     3     3  385.       0.0631     0.002812  
 386    13   1     0     4     4  385.       0.0659     0.002812  
 386    14   1     0     8     8  385.       0.0702     0.004219  
 386    15   1     0     1     1  385.       0.0744     0.004219  
 386    16   1     0     2     2  385.       0.0786     0.004219  
 386    17   1     0     6     6  385.       0.0849     0.006328  
 386    18   1     0     1     1  385.       0.0912     0.006328  
 386    19   1     0     2     2  385.       0.0976     0.006328  
 386    20   1     0     4     4  385.       0.107      0.009492  
 386    21   1     0     7     7  385.       0.121      0.01424   
 386    22   1     0     5     5  385.       0.136      0.01424   
 386    23   1     0     5     5  385.       0.150      0.01424   
 386    24   1     0     3     3  385.       0.164      0.01424   
 386    25   1     0     2     2  385.       0.178      0.01424   
 386    26   1     0     8     8  385.       0.200      0.02136   
 386    27   1     0     4     4  385.       0.221      0.02136   
 386    28   1     0     4     4  385.       0.242      0.02136   
 386    29   1     0     7     7  385.       0.267      0.02500   
 386    30   1     0     2     2  385.       0.292      0.02500   
 386    31   1     0     8     8  385.       0.317      0.02500   
 386    32   1     0    10    10  385.       0.342      0.02500   
 386    33   1     0    10    10  385.       0.367      0.02500   
 386    34   1     0    10    10  385.       0.392      0.02500   
 386    35   1     0    10    10  385.       0.417      0.02500   
 386    36   1     0    10    10  385.       0.442      0.02500   
 386    37   1     0     8     8  385.       0.467      0.02500   
 386    38   1     0     5     5  385.       0.492      0.02500   
 386    39   1     0     4     4  386.       0.517      0.02500   
 386    40   1     0     5     5  386.       0.542      0.02500   
 386    41   1     0     4     4  386.       0.567      0.02500   
 386    42   1     0     4     4  386.       0.592      0.02500   
 386    43   1     0     4     4  386.       0.617      0.02500   
 386    44   1     0     4     4  386.       0.642      0.02500   
 386    45   1     0     3     3  386.       0.667      0.02500   
 386    46   1     0     4     4  386.       0.692      0.02500   
 386    47   1     0     3     3  386.       0.717      0.02500   
 386    48   1     0     2     2  386.       0.742      0.02500   
 386    49   1     0    10    10  386.       0.767      0.02500   
 386    50   1     0     8     8  386.       0.792      0.02500   
 386    51   1     0     5     5  386.       0.817      0.02500   
 386    52   1     0    10    10  386.       0.842      0.02500   
 386    53   1     0    10    10  386.       0.867      0.02500   
 386    54   1     0    10    10  386.       0.892      0.02500   
 386    55   1     0    10    10  386.       0.917      0.02500   
 386    56   1     0     9     9  386.       0.942      0.02500   
 386    57   1     0     7     7  386.       0.967      0.02500   
 386    58   1     0     5     5  386.       0.992      0.02500   
 386    59   1     0    10    10  386.       1.00       0.007666  
 387     1   1     0    10    10  386.       0.00500    0.005000  
 387     2   1     0     7     7  386.       0.0100     0.005000  
 387     3   1     0     5     5  386.       0.0150     0.005000  
 387     4   1     0     3     3  386.       0.0200     0.005000  
 387     5   1     0     1     1  386.       0.0250     0.005000  
 387     6   1     0     5     5  386.       0.0325     0.007500  
 387     7   1     0     2     2  386.       0.0400     0.007500  
 387     8   1     0     4     4  386.       0.0475     0.007500  
 387     9   1     0     5     5  386.       0.0587     0.01125   
 387    10   1     0     4     4  386.       0.0700     0.01125   
 387    11   1     0     6     6  386.       0.0812     0.01125   
 387    12   1     0     4     4  386.       0.0925     0.01125   
 387    13   1     0     3     3  386.       0.104      0.01125   
 387    14   1     0     9     9  386.       0.121      0.01688   
 387    15   1     0     4     4  386.       0.137      0.01688   
 387    16   1     0     4     4  386.       0.154      0.01688   
 387    17   1     0     7     7  386.       0.179      0.02500   
 387    18   1     0     6     6  386.       0.204      0.02500   
 387    19   1     0     4     4  386.       0.229      0.02500   
 387    20   1     0    10    10  386.       0.254      0.02500   
 387    21   1     0     6     6  386.       0.279      0.02500   
 387    22   1     0     1     1  386.       0.304      0.02500   
 387    23   1     0    10    10  386.       0.329      0.02500   
 387    24   1     0    10    10  386.       0.354      0.02500   
 387    25   1     0    11    11  386.       0.379      0.02500   
 387    26   1     0    11    11  386.       0.398      0.01875   
 387    27   1     0    10    10  386.       0.412      0.01406   
 387    28   1     0     9     9  386.       0.426      0.01406   
 387    29   1     0     7     7  386.       0.440      0.01406   
 387    30   1     0     6     6  386.       0.454      0.01406   
 387    31   1     0     7     7  386.       0.468      0.01406   
 387    32   1     0     6     6  386.       0.482      0.01406   
 387    33   1     0     5     5  386.       0.497      0.01406   
 387    34   1     0     5     5  387.       0.511      0.01406   
 387    35   1     0     5     5  387.       0.525      0.01406   
 387    36   1     0     4     4  387.       0.539      0.01406   
 387    37   1     0     4     4  387.       0.553      0.01406   
 387    38   1     0     9     9  387.       0.574      0.02109   
 387    39   1     0     5     5  387.       0.595      0.02109   
 387    40   1     0     4     4  387.       0.616      0.02109   
 387    41   1     0     5     5  387.       0.637      0.02109   
 387    42   1     0     4     4  387.       0.658      0.02109   
 387    43   1     0     4     4  387.       0.679      0.02109   
 387    44   1     0     6     6  387.       0.704      0.02500   
 387    45   1     0     5     5  387.       0.729      0.02500   
 387    46   1     0    10    10  387.       0.754      0.02500   
 387    47   1     0     7     7  387.       0.779      0.02500   
 387    48   1     0     5     5  387.       0.804      0.02500   
 387    49   1     0     6     6  387.       0.829      0.02500   
 387    50   1     0    10    10  387.       0.854      0.02500   
 387    51   1     0    11    11  387.       0.879      0.02500   
 387    52   1     0    10    10  387.       0.898      0.01875   
 387    53   1     0    10    10  387.       0.917      0.01875   
 387    54   1     0     8     8  387.       0.936      0.01875   
 387    55   1     0     8     8  387.       0.954      0.01875   
 387    56   1     0     6     6  387.       0.973      0.01875   
 387    57   1     0     6     6  387.       0.992      0.01875   
 387    58   1     0    10    10  387.       1.00       0.008125  
 388     1   1     0    10    10  387.       0.00500    0.005000  
 388     2   1     0     8     8  387.       0.0100     0.005000  
 388     3   1     0     9     9  387.       0.0150     0.005000  
 388     4   1     0     6     6  387.       0.0200     0.005000  
 388     5   1     0     5     5  387.       0.0250     0.005000  
 388     6   1     0     3     3  387.       0.0300     0.005000  
 388     7   1     0     1     1  387.       0.0350     0.005000  
 388     8   1     0     9     9  387.       0.0425     0.007500  
 388     9   1     0     2     2  387.       0.0500     0.007500  
 388    10   1     0     5     5  387.       0.0575     0.007500  
 388    11   1     0     3     3  387.       0.0650     0.007500  
 388    12   1     0     2     2  387.       0.0725     0.007500  
 388    13   1     0     8     8  387.       0.0838     0.01125   
 388    14   1     0     3     3  387.       0.0950     0.01125   
 388    15   1     0     4     4  387.       0.106      0.01125   
 388    16   1     0     9     9  387.       0.123      0.01688   
 388    17   1     0     5     5  387.       0.140      0.01688   
 388    18   1     0     4     4  387.       0.157      0.01688   
 388    19   1     0     3     3  387.       0.174      0.01688   
 388    20   1     0     7     7  387.       0.199      0.02500   
 388    21   1     0     5     5  387.       0.224      0.02500   
 388    22   1     0     5     5  387.       0.249      0.02500   
 388    23   1     0     6     6  387.       0.274      0.02500   
 388    24   1     0     1     1  387.       0.299      0.02500   
 388    25   1     0     9     9  387.       0.324      0.02500   
 388    26   1     0    10    10  387.       0.349      0.02500   
 388    27   1     0    12    12  387.       0.374      0.02500   
 388    28   1     0    12    12  387.       0.393      0.01875   
 388    29   1     0    10    10  387.       0.407      0.01406   
 388    30   1     0     8     8  387.       0.421      0.01406   
 388    31   1     0     8     8  387.       0.435      0.01406   
 388    32   1     0     6     6  387.       0.449      0.01406   
 388    33   1     0     7     7  387.       0.463      0.01406   
 388    34   1     0     6     6  387.       0.477      0.01406   
 388    35   1     0     6     6  387.       0.491      0.01406   
 388    36   1     0     5     5  388.       0.505      0.01406   
 388    37   1     0     5     5  388.       0.519      0.01406   
 388    38   1     0     5     5  388.       0.533      0.01406   
 388    39   1     0     4     4  388.       0.547      0.01406   
 388    40   1     0     4     4  388.       0.561      0.01406   
 388    41   1     0     9     9  388.       0.582      0.02109   
 388    42   1     0     5     5  388.       0.603      0.02109   
 388    43   1     0     5     5  388.       0.625      0.02109   
 388    44   1     0     4     4  388.       0.646      0.02109   
 388    45   1     0     4     4  388.       0.667      0.02109   
 388    46   1     0     6     6  388.       0.692      0.02500   
 388    47   1     0     5     5  388.       0.717      0.02500   
 388    48   1     0     4     4  388.       0.742      0.02500   
 388    49   1     0    10    10  388.       0.767      0.02500   
 388    50   1     0     7     7  388.       0.792      0.02500   
 388    51   1     0     4     4  388.       0.817      0.02500   
 388    52   1     0    10    10  388.       0.842      0.02500   
 388    53   1     0    10    10  388.       0.867      0.02500   
 388    54   1     0    10    10  388.       0.892      0.02500   
 388    55   1     0    10    10  388.       0.917      0.02500   
 388    56   1     0     9     9  388.       0.942      0.02500   
 388    57   1     0     6     6  388.       0.967      0.02500   
 388    58   1     0     5     5  388.       0.992      0.02500   
 388    59   1     0    10    10  388.       1.00       0.008281  
 389     1   1     0    11    11  388.       0.00500    0.005000  
 389     2   1     0     7     7  388.       0.00875    0.003750  
 389     3   1     0    10    10  388.       0.0125     0.003750  
 389     4   1     0    10    10  388.       0.0163     0.003750  
 389     5   1     0     8     8  388.       0.0200     0.003750  
 389     6   1     0     7     7  388.       0.0238     0.003750  
 389     7   1     0     6     6  388.       0.0275     0.003750  
 389     8   1     0     4     4  388.       0.0312     0.003750  
 389     9   1     0     2     2  388.       0.0350     0.003750  
 389    10   1     0     8     8  388.       0.0406     0.005625  
 389    11   1     0     2     2  388.       0.0462     0.005625  
 389    12   1     0     4     4  388.       0.0519     0.005625  
 389    13   1     0     6     6  388.       0.0603     0.008438  
 389    14   1     0     2     2  388.       0.0688     0.008438  
 389    15   1     0     6     6  388.       0.0772     0.008438  
 389    16   1     0     4     4  388.       0.0856     0.008438  
 389    17   1     0     2     2  388.       0.0941     0.008438  
 389    18   1     0     9     9  388.       0.107      0.01266   
 389    19   1     0     4     4  388.       0.119      0.01266   
 389    20   1     0     4     4  388.       0.132      0.01266   
 389    21   1     0     8     8  388.       0.151      0.01898   
 389    22   1     0     5     5  388.       0.170      0.01898   
 389    23   1     0     4     4  388.       0.189      0.01898   
 389    24   1     0     4     4  388.       0.208      0.01898   
 389    25   1     0     7     7  388.       0.233      0.02500   
 389    26   1     0    10    10  388.       0.258      0.02500   
 389    27   1     0     6     6  388.       0.283      0.02500   
 389    28   1     0     3     3  388.       0.308      0.02500   
 389    29   1     0    10    10  388.       0.333      0.02500   
 389    30   1     0    10    10  388.       0.358      0.02500   
 389    31   1     0    11    11  388.       0.383      0.02500   
 389    32   1     0    10    10  388.       0.402      0.01875   
 389    33   1     0    10    10  388.       0.420      0.01875   
 389    34   1     0     9     9  388.       0.439      0.01875   
 389    35   1     0     7     7  388.       0.458      0.01875   
 389    36   1     0     5     5  388.       0.477      0.01875   
 389    37   1     0     5     5  388.       0.495      0.01875   
 389    38   1     0     5     5  389.       0.514      0.01875   
 389    39   1     0     5     5  389.       0.533      0.01875   
 389    40   1     0     4     4  389.       0.552      0.01875   
 389    41   1     0     4     4  389.       0.570      0.01875   
 389    42   1     0     7     7  389.       0.595      0.02500   
 389    43   1     0     5     5  389.       0.620      0.02500   
 389    44   1     0     4     4  389.       0.645      0.02500   
 389    45   1     0     4     4  389.       0.670      0.02500   
 389    46   1     0     4     4  389.       0.695      0.02500   
 389    47   1     0     3     3  389.       0.720      0.02500   
 389    48   1     0     3     3  389.       0.745      0.02500   
 389    49   1     0     8     8  389.       0.770      0.02500   
 389    50   1     0     8     8  389.       0.795      0.02500   
 389    51   1     0     4     4  389.       0.820      0.02500   
 389    52   1     0    10    10  389.       0.845      0.02500   
 389    53   1     0    11    11  389.       0.870      0.02500   
 389    54   1     0    10    10  389.       0.889      0.01875   
 389    55   1     0    11    11  389.       0.908      0.01875   
 389    56   1     0    10    10  389.       0.922      0.01406   
 389    57   1     0     7     7  389.       0.936      0.01406   
 389    58   1     0     5     5  389.       0.950      0.01406   
 389    59   1     0     6     6  389.       0.964      0.01406   
 389    60   1     0     8     8  389.       0.978      0.01406   
 389    61   1     0     5     5  389.       0.992      0.01406   
 389    62   1     0    10    10  389.       1.00       0.007656  
 390     1   1     0    10    10  389.       0.00500    0.005000  
 390     2   1     0     4     4  389.       0.0100     0.005000  
 390     3   1     0     5     5  389.       0.0150     0.005000  
 390     4   1     0     3     3  389.       0.0200     0.005000  
 390     5   1     0     1     1  389.       0.0250     0.005000  
 390     6   1     0     8     8  389.       0.0325     0.007500  
 390     7   1     0     2     2  389.       0.0400     0.007500  
 390     8   1     0     5     5  389.       0.0475     0.007500  
 390     9   1     0     3     3  389.       0.0550     0.007500  
 390    10   1     0     3     3  389.       0.0625     0.007500  
 390    11   1     0    10    10  389.       0.0737     0.01125   
 390    12   1     0     3     3  389.       0.0850     0.01125   
 390    13   1     0     4     4  389.       0.0962     0.01125   
 390    14   1     0     8     8  389.       0.113      0.01688   
 390    15   1     0     4     4  389.       0.130      0.01688   
 390    16   1     0     5     5  389.       0.147      0.01688   
 390    17   1     0     3     3  389.       0.164      0.01688   
 390    18   1     0     2     2  389.       0.181      0.01688   
 390    19   1     0     7     7  389.       0.206      0.02500   
 390    20   1     0     6     6  389.       0.231      0.02500   
 390    21   1     0    10    10  389.       0.256      0.02500   
 390    22   1     0     6     6  389.       0.281      0.02500   
 390    23   1     0     1     1  389.       0.306      0.02500   
 390    24   1     0    10    10  389.       0.331      0.02500   
 390    25   1     0    10    10  389.       0.356      0.02500   
 390    26   1     0    11    11  389.       0.381      0.02500   
 390    27   1     0    10    10  389.       0.399      0.01875   
 390    28   1     0    10    10  389.       0.418      0.01875   
 390    29   1     0     9     9  389.       0.437      0.01875   
 390    30   1     0     7     7  389.       0.456      0.01875   
 390    31   1     0     5     5  389.       0.474      0.01875   
 390    32   1     0     5     5  389.       0.493      0.01875   
 390    33   1     0     5     5  390.       0.512      0.01875   
 390    34   1     0     5     5  390.       0.531      0.01875   
 390    35   1     0     4     4  390.       0.549      0.01875   
 390    36   1     0     4     4  390.       0.568      0.01875   
 390    37   1     0     7     7  390.       0.593      0.02500   
 390    38   1     0     5     5  390.       0.618      0.02500   
 390    39   1     0     4     4  390.       0.643      0.02500   
 390    40   1     0     4     4  390.       0.668      0.02500   
 390    41   1     0     4     4  390.       0.693      0.02500   
 390    42   1     0     3     3  390.       0.718      0.02500   
 390    43   1     0     3     3  390.       0.743      0.02500   
 390    44   1     0     9     9  390.       0.768      0.02500   
 390    45   1     0     7     7  390.       0.793      0.02500   
 390    46   1     0     4     4  390.       0.818      0.02500   
 390    47   1     0    10    10  390.       0.843      0.02500   
 390    48   1     0    12    12  390.       0.868      0.02500   
 390    49   1     0    10    10  390.       0.887      0.01875   
 390    50   1     0    11    11  390.       0.906      0.01875   
 390    51   1     0    10    10  390.       0.920      0.01406   
 390    52   1     0    10    10  390.       0.934      0.01406   
 390    53   1     0     8     8  390.       0.948      0.01406   
 390    54   1     0     6     6  390.       0.962      0.01406   
 390    55   1     0     7     7  390.       0.976      0.01406   
 390    56   1     0     5     5  390.       0.990      0.01406   
 390    57   1     0    10    10  390.       1.00       0.01000   
 391     1   1     0    10    10  390.       0.00500    0.005000  
 391     2   1     0     5     5  390.       0.0100     0.005000  
 391     3   1     0     5     5  390.       0.0150     0.005000  
 391     4   1     0     3     3  390.       0.0200     0.005000  
 391     5   1     0     2     2  390.       0.0250     0.005000  
 391     6   1     0     7     7  390.       0.0325     0.007500  
 391     7   1     0     2     2  390.       0.0400     0.007500  
 391     8   1     0     5     5  390.       0.0475     0.007500  
 391     9   1     0     3     3  390.       0.0550     0.007500  
 391    10   1     0     3     3  390.       0.0625     0.007500  
 391    11   1     0    10    10  390.       0.0737     0.01125   
 391    12   1     0     4     4  390.       0.0850     0.01125   
 391    13   1     0     4     4  390.       0.0962     0.01125   
 391    14   1     0     9     9  390.       0.113      0.01688   
 391    15   1     0     5     5  390.       0.130      0.01688   
 391    16   1     0     5     5  390.       0.147      0.01688   
 391    17   1     0     3     3  390.       0.164      0.01688   
 391    18   1     0     2     2  390.       0.181      0.01688   
 391    19   1     0     7     7  390.       0.206      0.02500   
 391    20   1     0     6     6  390.       0.231      0.02500   
 391    21   1     0    10    10  390.       0.256      0.02500   
 391    22   1     0     6     6  390.       0.281      0.02500   
 391    23   1     0     1     1  390.       0.306      0.02500   
 391    24   1     0    10    10  390.       0.331      0.02500   
 391    25   1     0    10    10  390.       0.356      0.02500   
 391    26   1     0    11    11  390.       0.381      0.02500   
 391    27   1     0    10    10  390.       0.399      0.01875   
 391    28   1     0    10    10  390.       0.418      0.01875   
 391    29   1     0     9     9  390.       0.437      0.01875   
 391    30   1     0     7     7  390.       0.456      0.01875   
 391    31   1     0     5     5  390.       0.474      0.01875   
 391    32   1     0     5     5  390.       0.493      0.01875   
 391    33   1     0     5     5  391.       0.512      0.01875   
 391    34   1     0     5     5  391.       0.531      0.01875   
 391    35   1     0     4     4  391.       0.549      0.01875   
 391    36   1     0     4     4  391.       0.568      0.01875   
 391    37   1     0     7     7  391.       0.593      0.02500   
 391    38   1     0     5     5  391.       0.618      0.02500   
 391    39   1     0     4     4  391.       0.643      0.02500   
 391    40   1     0     4     4  391.       0.668      0.02500   
 391    41   1     0     4     4  391.       0.693      0.02500   
 391    42   1     0     3     3  391.       0.718      0.02500   
 391    43   1     0     3     3  391.       0.743      0.02500   
 391    44   1     0     9     9  391.       0.768      0.02500   
 391    45   1     0     7     7  391.       0.793      0.02500   
 391    46   1     0     4     4  391.       0.818      0.02500   
 391    47   1     0    10    10  391.       0.843      0.02500   
 391    48   1U    0     9     9  391.       0.843      0.02500   
 391    48   2     0    11    11  391.       0.856      0.01250   
 391    49   1     0    11    11  391.       0.865      0.009375  
 391    50   1     0    10    10  391.       0.872      0.007031  
 391    51   1     0    10    10  391.       0.879      0.007031  
 391    52   1     0    10    10  391.       0.886      0.007031  
 391    53   1     0     9     9  391.       0.893      0.007031  
 391    54   1     0     5     5  391.       0.900      0.007031  
 391    55   1     0     6     6  391.       0.907      0.007031  
 391    56   1     0     7     7  391.       0.914      0.007031  
 391    57   1     0     5     5  391.       0.921      0.007031  
 391    58   1     0     3     3  391.       0.928      0.007031  
 391    59   1     0     3     3  391.       0.935      0.007031  
 391    60   1     0     4     4  391.       0.946      0.01055   
 391    61   1     0     3     3  391.       0.962      0.01582   
 391    62   1     0     6     6  391.       0.985      0.02373   
 391    63   1     0    10    10  391.       1.00       0.01459   
 392     1   1     0    10    10  391.       0.00500    0.005000  
 392     2   1     0     9     9  391.       0.0100     0.005000  
 392     3   1     0     9     9  391.       0.0150     0.005000  
 392     4   1     0     7     7  391.       0.0200     0.005000  
 392     5   1     0     5     5  391.       0.0250     0.005000  
 392     6   1     0     3     3  391.       0.0300     0.005000  
 392     7   1     0     1     1  391.       0.0350     0.005000  
 392     8   1     0     8     8  391.       0.0425     0.007500  
 392     9   1     0     2     2  391.       0.0500     0.007500  
 392    10   1     0     4     4  391.       0.0575     0.007500  
 392    11   1U    0     5     5  391.       0.0575     0.01125   
 392    11   2     0    10    10  391.       0.0603     0.002812  
 392    12   1     0     4     4  391.       0.0631     0.002812  
 392    13   1     0     5     5  391.       0.0659     0.002812  
 392    14   1     0     4     4  391.       0.0687     0.002812  
 392    15   1     0     3     3  391.       0.0716     0.002812  
 392    16   1     0     7     7  391.       0.0758     0.004219  
 392    17   1     0     1     1  391.       0.0800     0.004219  
 392    18   1     0     1     1  391.       0.0842     0.004219  
 392    19   1     0     5     5  391.       0.0905     0.006328  
 392    20   1     0     1     1  391.       0.0969     0.006328  
 392    21   1     0     2     2  391.       0.103      0.006328  
 392    22   1     0     5     5  391.       0.113      0.009492  
 392    23   1     0     2     2  391.       0.122      0.009492  
 392    24   1     0     3     3  391.       0.132      0.009492  
 392    25   1     0     7     7  391.       0.146      0.01424   
 392    26   1     0     4     4  391.       0.160      0.01424   
 392    27   1     0     4     4  391.       0.174      0.01424   
 392    28   1     0     7     7  391.       0.196      0.02136   
 392    29   1     0     4     4  391.       0.217      0.02136   
 392    30   1     0     4     4  391.       0.238      0.02136   
 392    31   1     0    10    10  391.       0.263      0.02500   
 392    32   1     0     2     2  391.       0.288      0.02500   
 392    33   1     0     7     7  391.       0.313      0.02500   
 392    34   1     0    10    10  391.       0.338      0.02500   
 392    35   1     0    10    10  391.       0.363      0.02500   
 392    36   1     0    11    11  391.       0.388      0.02500   
 392    37   1     0    10    10  391.       0.407      0.01875   
 392    38   1     0    10    10  391.       0.426      0.01875   
 392    39   1     0     9     9  391.       0.445      0.01875   
 392    40   1     0     6     6  391.       0.463      0.01875   
 392    41   1     0     5     5  391.       0.482      0.01875   
 392    42   1     0     5     5  392.       0.501      0.01875   
 392    43   1     0     5     5  392.       0.520      0.01875   
 392    44   1     0     5     5  392.       0.538      0.01875   
 392    45   1     0     4     4  392.       0.557      0.01875   
 392    46   1     0     4     4  392.       0.576      0.01875   
 392    47   1     0     7     7  392.       0.601      0.02500   
 392    48   1     0     5     5  392.       0.626      0.02500   
 392    49   1     0     4     4  392.       0.651      0.02500   
 392    50   1     0     4     4  392.       0.676      0.02500   
 392    51   1     0     4     4  392.       0.701      0.02500   
 392    52   1     0     3     3  392.       0.726      0.02500   
 392    53   1     0     7     7  392.       0.751      0.02500   
 392    54   1     0     7     7  392.       0.776      0.02500   
 392    55   1     0     5     5  392.       0.801      0.02500   
 392    56   1     0     4     4  392.       0.826      0.02500   
 392    57   1     0    10    10  392.       0.851      0.02500   
 392    58   1     0    10    10  392.       0.876      0.02500   
 392    59   1     0    10    10  392.       0.901      0.02500   
 392    60   1     0    10    10  392.       0.926      0.02500   
 392    61   1     0     6     6  392.       0.951      0.02500   
 392    62   1     0     6     6  392.       0.976      0.02500   
 392    63   1     0     5     5  392.       1.00       0.02403   
 393     1   1     0    10    10  392.       0.00500    0.005000  
 393     2   1     0    10    10  392.       0.0100     0.005000  
 393     3   1     0    10    10  392.       0.0150     0.005000  
 393     4   1     0     7     7  392.       0.0200     0.005000  
 393     5   1     0     6     6  392.       0.0250     0.005000  
 393     6   1     0     4     4  392.       0.0300     0.005000  
 393     7   1     0     1     1  392.       0.0350     0.005000  
 393     8   1     0     7     7  392.       0.0425     0.007500  
 393     9   1     0     2     2  392.       0.0500     0.007500  
 393    10   1     0     4     4  392.       0.0575     0.007500  
 393    11   1U    0     4     4  392.       0.0575     0.01125   
 393    11   2     0     9     9  392.       0.0603     0.002812  
 393    12   1     0     3     3  392.       0.0631     0.002812  
 393    13   1     0     4     4  392.       0.0659     0.002812  
 393    14   1     0     8     8  392.       0.0702     0.004219  
 393    15   1     0     1     1  392.       0.0744     0.004219  
 393    16   1     0     2     2  392.       0.0786     0.004219  
 393    17   1     0     6     6  392.       0.0849     0.006328  
 393    18   1     0     1     1  392.       0.0912     0.006328  
 393    19   1     0     2     2  392.       0.0976     0.006328  
 393    20   1     0     4     4  392.       0.107      0.009492  
 393    21   1     0     7     7  392.       0.121      0.01424   
 393    22   1     0     5     5  392.       0.136      0.01424   
 393    23   1     0     5     5  392.       0.150      0.01424   
 393    24   1     0     3     3  392.       0.164      0.01424   
 393    25   1     0     2     2  392.       0.178      0.01424   
 393    26   1     0     8     8  392.       0.200      0.02136   
 393    27   1     0     4     4  392.       0.221      0.02136   
 393    28   1     0     4     4  392.       0.242      0.02136   
 393    29   1     0     7     7  392.       0.267      0.02500   
 393    30   1     0     2     2  392.       0.292      0.02500   
 393    31   1     0     8     8  392.       0.317      0.02500   
 393    32   1     0    10    10  392.       0.342      0.02500   
 393    33   1     0    10    10  392.       0.367      0.02500   
 393    34   1     0    10    10  392.       0.392      0.02500   
 393    35   1     0    10    10  392.       0.417      0.02500   
 393    36   1     0    10    10  392.       0.442      0.02500   
 393    37   1     0     8     8  392.       0.467      0.02500   
 393    38   1     0     5     5  392.       0.492      0.02500   
 393    39   1     0     4     4  393.       0.517      0.02500   
 393    40   1     0     5     5  393.       0.542      0.02500   
 393    41   1     0     4     4  393.       0.567      0.02500   
 393    42   1     0     4     4  393.       0.592      0.02500   
 393    43   1     0     4     4  393.       0.617      0.02500   
 393    44   1     0     4     4  393.       0.642      0.02500   
 393    45   1     0     3     3  393.       0.667      0.02500   
 393    46   1     0     4     4  393.       0.692      0.02500   
 393    47   1     0     3     3  393.       0.717      0.02500   
 393    48   1     0     2     2  393.       0.742      0.02500   
 393    49   1     0    10    10  393.       0.767      0.02500   
 393    50   1     0     8     8  393.       0.792      0.02500   
 393    51   1     0     5     5  393.       0.817      0.02500   
 393    52   1     0    10    10  393.       0.842      0.02500   
 393    53   1     0    10    10  393.       0.867      0.02500   
 393    54   1     0    10    10  393.       0.892      0.02500   
 393    55   1     0    10    10  393.       0.917      0.02500   
 393    56   1     0     9     9  393.       0.942      0.02500   
 393    57   1     0     7     7  393.       0.967      0.02500   
 393    58   1     0     5     5  393.       0.992      0.02500   
 393    59   1     0    10    10  393.       1.00       0.007666  
 394     1   1     0    10    10  393.       0.00500    0.005000  
 394     2   1     0     7     7  393.       0.0100     0.005000  
 394     3   1     0     5     5  393.       0.0150     0.005000  
 394     4   1     0     3     3  393.       0.0200     0.005000  
 394     5   1     0     1     1  393.       0.0250     0.005000  
 394     6   1     0     5     5  393.       0.0325     0.007500  
 394     7   1     0     2     2  393.       0.0400     0.007500  
 394     8   1     0     4     4  393.       0.0475     0.007500  
 394     9   1     0     5     5  393.       0.0587     0.01125   
 394    10   1     0     4     4  393.       0.0700     0.01125   
 394    11   1     0     6     6  393.       0.0812     0.01125   
 394    12   1     0     4     4  393.       0.0925     0.01125   
 394    13   1     0     3     3  393.       0.104      0.01125   
 394    14   1     0     9     9  393.       0.121      0.01688   
 394    15   1     0     4     4  393.       0.137      0.01688   
 394    16   1     0     4     4  393.       0.154      0.01688   
 394    17   1     0     7     7  393.       0.179      0.02500   
 394    18   1     0     6     6  393.       0.204      0.02500   
 394    19   1     0     4     4  393.       0.229      0.02500   
 394    20   1     0    10    10  393.       0.254      0.02500   
 394    21   1     0     6     6  393.       0.279      0.02500   
 394    22   1     0     1     1  393.       0.304      0.02500   
 394    23   1     0    10    10  393.       0.329      0.02500   
 394    24   1     0    10    10  393.       0.354      0.02500   
 394    25   1     0    11    11  393.       0.379      0.02500   
 394    26   1     0    11    11  393.       0.398      0.01875   
 394    27   1     0    10    10  393.       0.412      0.01406   
 394    28   1     0     9     9  393.       0.426      0.01406   
 394    29   1     0     7     7  393.       0.440      0.01406   
 394    30   1     0     6     6  393.       0.454      0.01406   
 394    31   1     0     7     7  393.       0.468      0.01406   
 394    32   1     0     6     6  393.       0.482      0.01406   
 394    33   1     0     5     5  393.       0.497      0.01406   
 394    34   1     0     5     5  394.       0.511      0.01406   
 394    35   1     0     5     5  394.       0.525      0.01406   
 394    36   1     0     4     4  394.       0.539      0.01406   
 394    37   1     0     4     4  394.       0.553      0.01406   
 394    38   1     0     9     9  394.       0.574      0.02109   
 394    39   1     0     6     6  394.       0.595      0.02109   
 394    40   1     0     4     4  394.       0.616      0.02109   
 394    41   1     0     5     5  394.       0.637      0.02109   
 394    42   1     0     4     4  394.       0.658      0.02109   
 394    43   1     0     4     4  394.       0.679      0.02109   
 394    44   1     0     6     6  394.       0.704      0.02500   
 394    45   1     0     5     5  394.       0.729      0.02500   
 394    46   1     0    10    10  394.       0.754      0.02500   
 394    47   1     0     7     7  394.       0.779      0.02500   
 394    48   1     0     5     5  394.       0.804      0.02500   
 394    49   1     0     6     6  394.       0.829      0.02500   
 394    50   1     0    10    10  394.       0.854      0.02500   
 394    51   1     0    11    11  394.       0.879      0.02500   
 394    52   1     0    10    10  394.       0.898      0.01875   
 394    53   1     0    10    10  394.       0.917      0.01875   
 394    54   1     0     8     8  394.       0.936      0.01875   
 394    55   1     0     8     8  394.       0.954      0.01875   
 394    56   1     0     6     6  394.       0.973      0.01875   
 394    57   1     0     6     6  394.       0.992      0.01875   
 394    58   1     0    10    10  394.       1.00       0.008125  
 395     1   1     0    10    10  394.       0.00500    0.005000  
 395     2   1     0     8     8  394.       0.0100     0.005000  
 395     3   1     0     9     9  394.       0.0150     0.005000  
 395     4   1     0     6     6  394.       0.0200     0.005000  
 395     5   1     0     5     5  394.       0.0250     0.005000  
 395     6   1     0     3     3  394.       0.0300     0.005000  
 395     7   1     0     1     1  394.       0.0350     0.005000  
 395     8   1     0     9     9  394.       0.0425     0.007500  
 395     9   1     0     2     2  394.       0.0500     0.007500  
 395    10   1     0     5     5  394.       0.0575     0.007500  
 395    11   1     0     3     3  394.       0.0650     0.007500  
 395    12   1     0     2     2  394.       0.0725     0.007500  
 395    13   1     0     8     8  394.       0.0838     0.01125   
 395    14   1     0     3     3  394.       0.0950     0.01125   
 395    15   1     0     4     4  394.       0.106      0.01125   
 395    16   1     0     9     9  394.       0.123      0.01688   
 395    17   1     0     5     5  394.       0.140      0.01688   
 395    18   1     0     4     4  394.       0.157      0.01688   
 395    19   1     0     3     3  394.       0.174      0.01688   
 395    20   1     0     7     7  394.       0.199      0.02500   
 395    21   1     0     5     5  394.       0.224      0.02500   
 395    22   1     0     5     5  394.       0.249      0.02500   
 395    23   1     0     6     6  394.       0.274      0.02500   
 395    24   1     0     1     1  394.       0.299      0.02500   
 395    25   1     0     9     9  394.       0.324      0.02500   
 395    26   1     0    10    10  394.       0.349      0.02500   
 395    27   1     0    12    12  394.       0.374      0.02500   
 395    28   1     0    12    12  394.       0.393      0.01875   
 395    29   1     0    10    10  394.       0.407      0.01406   
 395    30   1     0     8     8  394.       0.421      0.01406   
 395    31   1     0     8     8  394.       0.435      0.01406   
 395    32   1     0     6     6  394.       0.449      0.01406   
 395    33   1     0     7     7  394.       0.463      0.01406   
 395    34   1     0     6     6  394.       0.477      0.01406   
 395    35   1     0     6     6  394.       0.491      0.01406   
 395    36   1     0     5     5  395.       0.505      0.01406   
 395    37   1     0     5     5  395.       0.519      0.01406   
 395    38   1     0     5     5  395.       0.533      0.01406   
 395    39   1     0     4     4  395.       0.547      0.01406   
 395    40   1     0     4     4  395.       0.561      0.01406   
 395    41   1     0     9     9  395.       0.582      0.02109   
 395    42   1     0     5     5  395.       0.603      0.02109   
 395    43   1     0     5     5  395.       0.625      0.02109   
 395    44   1     0     4     4  395.       0.646      0.02109   
 395    45   1     0     4     4  395.       0.667      0.02109   
 395    46   1     0     6     6  395.       0.692      0.02500   
 395    47   1     0     5     5  395.       0.717      0.02500   
 395    48   1     0     4     4  395.       0.742      0.02500   
 395    49   1     0    10    10  395.       0.767      0.02500   
 395    50   1     0     7     7  395.       0.792      0.02500   
 395    51   1     0     4     4  395.       0.817      0.02500   
 395    52   1     0    10    10  395.       0.842      0.02500   
 395    53   1     0    10    10  395.       0.867      0.02500   
 395    54   1     0    10    10  395.       0.892      0.02500   
 395    55   1     0    10    10  395.       0.917      0.02500   
 395    56   1     0     9     9  395.       0.942      0.02500   
 395    57   1     0     6     6  395.       0.967      0.02500   
 395    58   1     0     5     5  395.       0.992      0.02500   
 395    59   1     0    10    10  395.       1.00       0.008281  
 396     1   1     0    11    11  395.       0.00500    0.005000  
 396     2   1     0     7     7  395.       0.00875    0.003750  
 396     3   1     0    10    10  395.       0.0125     0.003750  
 396     4   1     0    10    10  395.       0.0163     0.003750  
 396     5   1     0     8     8  395.       0.0200     0.003750  
 396     6   1     0     7     7  395.       0.0238     0.003750  
 396     7   1     0     6     6  395.       0.0275     0.003750  
 396     8   1     0     4     4  395.       0.0312     0.003750  
 396     9   1     0     2     2  395.       0.0350     0.003750  
 396    10   1     0     8     8  395.       0.0406     0.005625  
 396    11   1     0     2     2  395.       0.0462     0.005625  
 396    12   1     0     4     4  395.       0.0519     0.005625  
 396    13   1     0     6     6  395.       0.0603     0.008438  
 396    14   1     0     2     2  395.       0.0688     0.008438  
 396    15   1     0     6     6  395.       0.0772     0.008438  
 396    16   1     0     4     4  395.       0.0856     0.008438  
 396    17   1     0     2     2  395.       0.0941     0.008438  
 396    18   1     0     9     9  395.       0.107      0.01266   
 396    19   1     0     4     4  395.       0.119      0.01266   
 396    20   1     0     4     4  395.       0.132      0.01266   
 396    21   1     0     8     8  395.       0.151      0.01898   
 396    22   1     0     5     5  395.       0.170      0.01898   
 396    23   1     0     4     4  395.       0.189      0.01898   
 396    24   1     0     4     4  395.       0.208      0.01898   
 396    25   1     0     7     7  395.       0.233      0.02500   
 396    26   1     0    10    10  395.       0.258      0.02500   
 396    27   1     0     6     6  395.       0.283      0.02500   
 396    28   1     0     3     3  395.       0.308      0.02500   
 396    29   1     0    10    10  395.       0.333      0.02500   
 396    30   1     0    10    10  395.       0.358      0.02500   
 396    31   1     0    11    11  395.       0.383      0.02500   
 396    32   1     0    10    10  395.       0.402      0.01875   
 396    33   1     0    10    10  395.       0.420      0.01875   
 396    34   1     0     9     9  395.       0.439      0.01875   
 396    35   1     0     7     7  395.       0.458      0.01875   
 396    36   1     0     5     5  395.       0.477      0.01875   
 396    37   1     0     5     5  395.       0.495      0.01875   
 396    38   1     0     5     5  396.       0.514      0.01875   
 396    39   1     0     5     5  396.       0.533      0.01875   
 396    40   1     0     4     4  396.       0.552      0.01875   
 396    41   1     0     4     4  396.       0.570      0.01875   
 396    42   1     0     7     7  396.       0.595      0.02500   
 396    43   1     0     5     5  396.       0.620      0.02500   
 396    44   1     0     4     4  396.       0.645      0.02500   
 396    45   1     0     4     4  396.       0.670      0.02500   
 396    46   1     0     4     4  396.       0.695      0.02500   
 396    47   1     0     3     3  396.       0.720      0.02500   
 396    48   1     0     3     3  396.       0.745      0.02500   
 396    49   1     0     8     8  396.       0.770      0.02500   
 396    50   1     0     8     8  396.       0.795      0.02500   
 396    51   1     0     4     4  396.       0.820      0.02500   
 396    52   1     0    10    10  396.       0.845      0.02500   
 396    53   1     0    11    11  396.       0.870      0.02500   
 396    54   1     0    10    10  396.       0.889      0.01875   
 396    55   1     0    11    11  396.       0.908      0.01875   
 396    56   1     0    10    10  396.       0.922      0.01406   
 396    57   1     0     7     7  396.       0.936      0.01406   
 396    58   1     0     5     5  396.       0.950      0.01406   
 396    59   1     0     6     6  396.       0.964      0.01406   
 396    60   1     0     8     8  396.       0.978      0.01406   
 396    61   1     0     5     5  396.       0.992      0.01406   
 396    62   1     0    10    10  396.       1.00       0.007656  
 397     1   1     0    10    10  396.       0.00500    0.005000  
 397     2   1     0     4     4  396.       0.0100     0.005000  
 397     3   1     0     5     5  396.       0.0150     0.005000  
 397     4   1     0     3     3  396.       0.0200     0.005000  
 397     5   1     0     1     1  396.       0.0250     0.005000  
 397     6   1     0     8     8  396.       0.0325     0.007500  
 397     7   1     0     2     2  396.       0.0400     0.007500  
 397     8   1     0     5     5  396.       0.0475     0.007500  
 397     9   1     0     3     3  396.       0.0550     0.007500  
 397    10   1     0     3     3  396.       0.0625     0.007500  
 397    11   1     0    10    10  396.       0.0737     0.01125   
 397    12   1     0     3     3  396.       0.0850     0.01125   
 397    13   1     0     4     4  396.       0.0962     0.01125   
 397    14   1     0     8     8  396.       0.113      0.01688   
 397    15   1     0     4     4  396.       0.130      0.01688   
 397    16   1     0     5     5  396.       0.147      0.01688   
 397    17   1     0     3     3  396.       0.164      0.01688   
 397    18   1     0     2     2  396.       0.181      0.01688   
 397    19   1     0     7     7  396.       0.206      0.02500   
 397    20   1     0     6     6  396.       0.231      0.02500   
 397    21   1     0    10    10  396.       0.256      0.02500   
 397    22   1     0     6     6  396.       0.281      0.02500   
 397    23   1     0     1     1  396.       0.306      0.02500   
 397    24   1     0    10    10  396.       0.331      0.02500   
 397    25   1     0    10    10  396.       0.356      0.02500   
 397    26   1     0    11    11  396.       0.381      0.02500   
 397    27   1     0    10    10  396.       0.399      0.01875   
 397    28   1     0    10    10  396.       0.418      0.01875   
 397    29   1     0     9     9  396.       0.437      0.01875   
 397    30   1     0     7     7  396.       0.456      0.01875   
 397    31   1     0     5     5  396.       0.474      0.01875   
 397    32   1     0     5     5  396.       0.493      0.01875   
 397    33   1     0     5     5  397.       0.512      0.01875   
 397    34   1     0     5     5  397.       0.531      0.01875   
 397    35   1     0     4     4  397.       0.549      0.01875   
 397    36   1     0     4     4  397.       0.568      0.01875   
 397    37   1     0     7     7  397.       0.593      0.02500   
 397    38   1     0     5     5  397.       0.618      0.02500   
 397    39   1     0     4     4  397.       0.643      0.02500   
 397    40   1     0     4     4  397.       0.668      0.02500   
 397    41   1     0     4     4  397.       0.693      0.02500   
 397    42   1     0     3     3  397.       0.718      0.02500   
 397    43   1     0     3     3  397.       0.743      0.02500   
 397    44   1     0     9     9  397.       0.768      0.02500   
 397    45   1     0     7     7  397.       0.793      0.02500   
 397    46   1     0     4     4  397.       0.818      0.02500   
 397    47   1     0    10    10  397.       0.843      0.02500   
 397    48   1     0    12    12  397.       0.868      0.02500   
 397    49   1     0    10    10  397.       0.887      0.01875   
 397    50   1     0    11    11  397.       0.906      0.01875   
 397    51   1     0    10    10  397.       0.920      0.01406   
 397    52   1     0    10    10  397.       0.934      0.01406   
 397    53   1     0     8     8  397.       0.948      0.01406   
 397    54   1     0     6     6  397.       0.962      0.01406   
 397    55   1     0     7     7  397.       0.976      0.01406   
 397    56   1     0     5     5  397.       0.990      0.01406   
 397    57   1     0    10    10  397.       1.00       0.01000   
 398     1   1     0    10    10  397.       0.00500    0.005000  
 398     2   1     0     5     5  397.       0.0100     0.005000  
 398     3   1     0     5     5  397.       0.0150     0.005000  
 398     4   1     0     3     3  397.       0.0200     0.005000  
 398     5   1     0     2     2  397.       0.0250     0.005000  
 398     6   1     0     7     7  397.       0.0325     0.007500  
 398     7   1     0     2     2  397.       0.0400     0.007500  
 398     8   1     0     5     5  397.       0.0475     0.007500  
 398     9   1     0     3     3  397.       0.0550     0.007500  
 398    10   1     0     3     3  397.       0.0625     0.007500  
 398    11   1     0    10    10  397.       0.0737     0.01125   
 398    12   1     0     4     4  397.       0.0850     0.01125   
 398    13   1     0     4     4  397.       0.0962     0.01125   
 398    14   1     0     9     9  397.       0.113      0.01688   
 398    15   1     0     5     5  397.       0.130      0.01688   
 398    16   1     0     5     5  397.       0.147      0.01688   
 398    17   1     0     3     3  397.       0.164      0.01688   
 398    18   1     0     2     2  397.       0.181      0.01688   
 398    19   1     0     7     7  397.       0.206      0.02500   
 398    20   1     0     6     6  397.       0.231      0.02500   
 398    21   1     0    10    10  397.       0.256      0.02500   
 398    22   1     0     6     6  397.       0.281      0.02500   
 398    23   1     0     1     1  397.       0.306      0.02500   
 398    24   1     0    10    10  397.       0.331      0.02500   
 398    25   1     0    10    10  397.       0.356      0.02500   
 398    26   1     0    11    11  397.       0.381      0.02500   
 398    27   1     0    10    10  397.       0.399      0.01875   
 398    28   1     0    10    10  397.       0.418      0.01875   
 398    29   1     0     9     9  397.       0.437      0.01875   
 398    30   1     0     7     7  397.       0.456      0.01875   
 398    31   1     0     5     5  397.       0.474      0.01875   
 398    32   1     0     5     5  397.       0.493      0.01875   
 398    33   1     0     5     5  398.       0.512      0.01875   
 398    34   1     0     5     5  398.       0.531      0.01875   
 398    35   1     0     4     4  398.       0.549      0.01875   
 398    36   1     0     4     4  398.       0.568      0.01875   
 398    37   1     0     7     7  398.       0.593      0.02500   
 398    38   1     0     5     5  398.       0.618      0.02500   
 398    39   1     0     4     4  398.       0.643      0.02500   
 398    40   1     0     4     4  398.       0.668      0.02500   
 398    41   1     0     4     4  398.       0.693      0.02500   
 398    42   1     0     3     3  398.       0.718      0.02500   
 398    43   1     0     3     3  398.       0.743      0.02500   
 398    44   1     0     9     9  398.       0.768      0.02500   
 398    45   1     0     7     7  398.       0.793      0.02500   
 398    46   1     0     4     4  398.       0.818      0.02500   
 398    47   1     0    10    10  398.       0.843      0.02500   
 398    48   1U    0     9     9  398.       0.843      0.02500   
 398    48   2     0    11    11  398.       0.856      0.01250   
 398    49   1     0    11    11  398.       0.865      0.009375  
 398    50   1     0    10    10  398.       0.872      0.007031  
 398    51   1     0    10    10  398.       0.879      0.007031  
 398    52   1     0    10    10  398.       0.886      0.007031  
 398    53   1     0     9     9  398.       0.893      0.007031  
 398    54   1     0     5     5  398.       0.900      0.007031  
 398    55   1     0     6     6  398.       0.907      0.007031  
 398    56   1     0     7     7  398.       0.914      0.007031  
 398    57   1     0     5     5  398.       0.921      0.007031  
 398    58   1     0     3     3  398.       0.928      0.007031  
 398    59   1     0     3     3  398.       0.935      0.007031  
 398    60   1     0     4     4  398.       0.946      0.01055   
 398    61   1     0     3     3  398.       0.962      0.01582   
 398    62   1     0     6     6  398.       0.985      0.02373   
 398    63   1     0    10    10  398.       1.00       0.01459   
 399     1   1     0    10    10  398.       0.00500    0.005000  
 399     2   1     0     9     9  398.       0.0100     0.005000  
 399     3   1     0     9     9  398.       0.0150     0.005000  
 399     4   1     0     7     7  398.       0.0200     0.005000  
 399     5   1     0     5     5  398.       0.0250     0.005000  
 399     6   1     0     3     3  398.       0.0300     0.005000  
 399     7   1     0     1     1  398.       0.0350     0.005000  
 399     8   1     0     8     8  398.       0.0425     0.007500  
 399     9   1     0     2     2  398.       0.0500     0.007500  
 399    10   1     0     4     4  398.       0.0575     0.007500  
 399    11   1U    0     5     5  398.       0.0575     0.01125   
 399    11   2     0    10    10  398.       0.0603     0.002812  
 399    12   1     0     4     4  398.       0.0631     0.002812  
 399    13   1     0     5     5  398.       0.0659     0.002812  
 399    14   1     0     4     4  398.       0.0687     0.002812  
 399    15   1     0     3     3  398.       0.0716     0.002812  
 399    16   1     0     7     7  398.       0.0758     0.004219  
 399    17   1     0     1     1  398.       0.0800     0.004219  
 399    18   1     0     1     1  398.       0.0842     0.004219  
 399    19   1     0     5     5  398.       0.0905     0.006328  
 399    20   1     0     1     1  398.       0.0969     0.006328  
 399    21   1     0     2     2  398.       0.103      0.006328  
 399    22   1     0     5     5  398.       0.113      0.009492  
 399    23   1     0     2     2  398.       0.122      0.009492  
 399    24   1     0     3     3  398.       0.132      0.009492  
 399    25   1     0     7     7  398.       0.146      0.01424   
 399    26   1     0     4     4  398.       0.160      0.01424   
 399    27   1     0     4     4  398.       0.174      0.01424   
 399    28   1     0     7     7  398.       0.196      0.02136   
 399    29   1     0     4     4  398.       0.217      0.02136   
 399    30   1     0     4     4  398.       0.238      0.02136   
 399    31   1     0    10    10  398.       0.263      0.02500   
 399    32   1     0     2     2  398.       0.288      0.02500   
 399    33   1     0     7     7  398.       0.313      0.02500   
 399    34   1     0    10    10  398.       0.338      0.02500   
 399    35   1     0    10    10  398.       0.363      0.02500   
 399    36   1     0    11    11  398.       0.388      0.02500   
 399    37   1     0    10    10  398.       0.407      0.01875   
 399    38   1     0    10    10  398.       0.426      0.01875   
 399    39   1     0     9     9  398.       0.445      0.01875   
 399    40   1     0     6     6  398.       0.463      0.01875   
 399    41   1     0     5     5  398.       0.482      0.01875   
 399    42   1     0     5     5  399.       0.501      0.01875   
 399    43   1     0     5     5  399.       0.520      0.01875   
 399    44   1     0     5     5  399.       0.538      0.01875   
 399    45   1     0     4     4  399.       0.557      0.01875   
 399    46   1     0     4     4  399.       0.576      0.01875   
 399    47   1     0     7     7  399.       0.601      0.02500   
 399    48   1     0     5     5  399.       0.626      0.02500   
 399    49   1     0     4     4  399.       0.651      0.02500   
 399    50   1     0     4     4  399.       0.676      0.02500   
 399    51   1     0     4     4  399.       0.701      0.02500   
 399    52   1     0     3     3  399.       0.726      0.02500   
 399    53   1     0     7     7  399.       0.751      0.02500   
 399    54   1     0     7     7  399.       0.776      0.02500   
 399    55   1     0     5     5  399.       0.801      0.02500   
 399    56   1     0     4     4  399.       0.826      0.02500   
 399    57   1     0    10    10  399.       0.851      0.02500   
 399    58   1     0    10    10  399.       0.876      0.02500   
 399    59   1     0    10    10  399.       0.901      0.02500   
 399    60   1     0    10    10  399.       0.926      0.02500   
 399    61   1     0     6     6  399.       0.951      0.02500   
 399    62   1     0     6     6  399.       0.976      0.02500   
 399    63   1     0     5     5  399.       1.00       0.02403   
 400     1   1     0    10    10  399.       0.00500    0.005000  
 400     2   1     0    10    10  399.       0.0100     0.005000  
 400     3   1     0    10    10  399.       0.0150     0.005000  
 400     4   1     0     7     7  399.       0.0200     0.005000  
 400     5   1     0     6     6  399.       0.0250     0.005000  
 400     6   1     0     4     4  399.       0.0300     0.005000  
 400     7   1     0     1     1  399.       0.0350     0.005000  
 400     8   1     0     7     7  399.       0.0425     0.007500  
 400     9   1     0     2     2  399.       0.0500     0.007500  
 400    10   1     0     4     4  399.       0.0575     0.007500  
 400    11   1U    0     4     4  399.       0.0575     0.01125   
 400    11   2     0     9     9  399.       0.0603     0.002812  
 400    12   1     0     3     3  399.       0.0631     0.002812  
 400    13   1     0     4     4  399.       0.0659     0.002812  
 400    14   1     0     8     8  399.       0.0702     0.004219  
 400    15   1     0     1     1  399.       0.0744     0.004219  
 400    16   1     0     2     2  399.       0.0786     0.004219  
 400    17   1     0     6     6  399.       0.0849     0.006328  
 400    18   1     0     1     1  399.       0.0912     0.006328  
 400    19   1     0     2     2  399.       0.0976     0.006328  
 400    20   1     0     4     4  399.       0.107      0.009492  
 400    21   1     0     7     7  399.       0.121      0.01424   
 400    22   1     0     5     5  399.       0.136      0.01424   
 400    23   1     0     5     5  399.       0.150      0.01424   
 400    24   1     0     3     3  399.       0.164      0.01424   
 400    25   1     0     2     2  399.       0.178      0.01424   
 400    26   1     0     8     8  399.       0.200      0.02136   
 400    27   1     0     4     4  399.       0.221      0.02136   
 400    28   1     0     4     4  399.       0.242      0.02136   
 400    29   1     0     7     7  399.       0.267      0.02500   
 400    30   1     0     2     2  399.       0.292      0.02500   
 400    31   1     0     8     8  399.       0.317      0.02500   
 400    32   1     0    10    10  399.       0.342      0.02500   
 400    33   1     0    10    10  399.       0.367      0.02500   
 400    34   1     0    10    10  399.       0.392      0.02500   
 400    35   1     0    10    10  399.       0.417      0.02500   
 400    36   1     0    10    10  399.       0.442      0.02500   
 400    37   1     0     8     8  399.       0.467      0.02500   
 400    38   1     0     5     5  399.       0.492      0.02500   
 400    39   1     0     4     4  400.       0.517      0.02500   
 400    40   1     0     5     5  400.       0.542      0.02500   
 400    41   1     0     4     4  400.       0.567      0.02500   
 400    42   1     0     4     4  400.       0.592      0.02500   
 400    43   1     0     4     4  400.       0.617      0.02500   
 400    44   1     0     4     4  400.       0.642      0.02500   
 400    45   1     0     3     3  400.       0.667      0.02500   
 400    46   1     0     4     4  400.       0.692      0.02500   
 400    47   1     0     3     3  400.       0.717      0.02500   
 400    48   1     0     2     2  400.       0.742      0.02500   
 400    49   1     0    10    10  400.       0.767      0.02500   
 400    50   1     0     8     8  400.       0.792      0.02500   
 400    51   1     0     5     5  400.       0.817      0.02500   
 400    52   1     0    10    10  400.       0.842      0.02500   
 400    53   1     0    10    10  400.       0.867      0.02500   
 400    54   1     0    10    10  400.       0.892      0.02500   
 400    55   1     0    10    10  400.       0.917      0.02500   
 400    56   1     0     9     9  400.       0.942      0.02500   
 400    57   1     0     7     7  400.       0.967      0.02500   
 400    58   1     0     5     5  400.       0.992      0.02500   
 400    59   1     0    10    10  400.       1.00       0.007666  
 401     1   1     0    10    10  400.       0.00500    0.005000  
 401     2   1     0     7     7  400.       0.0100     0.005000  
 401     3   1     0     5     5  400.       0.0150     0.005000  
 401     4   1     0     3     3  400.       0.0200     0.005000  
 401     5   1     0     1     1  400.       0.0250     0.005000  
 401     6   1     0     5     5  400.       0.0325     0.007500  
 401     7   1     0     2     2  400.       0.0400     0.007500  
 401     8   1     0     4     4  400.       0.0475     0.007500  
 401     9   1     0     5     5  400.       0.0587     0.01125   
 401    10   1     0     4     4  400.       0.0700     0.01125   
 401    11   1     0     6     6  400.       0.0812     0.01125   
 401    12   1     0     4     4  400.       0.0925     0.01125   
 401    13   1     0     3     3  400.       0.104      0.01125   
 401    14   1     0     9     9  400.       0.121      0.01688   
 401    15   1     0     4     4  400.       0.137      0.01688   
 401    16   1     0     4     4  400.       0.154      0.01688   
 401    17   1     0     7     7  400.       0.179      0.02500   
 401    18   1     0     6     6  400.       0.204      0.02500   
 401    19   1     0     4     4  400.       0.229      0.02500   
 401    20   1     0    10    10  400.       0.254      0.02500   
 401    21   1     0     6     6  400.       0.279      0.02500   
 401    22   1     0     1     1  400.       0.304      0.02500   
 401    23   1     0    10    10  400.       0.329      0.02500   
 401    24   1     0    10    10  400.       0.354      0.02500   
 401    25   1     0    11    11  400.       0.379      0.02500   
 401    26   1     0    11    11  400.       0.398      0.01875   
 401    27   1     0    10    10  400.       0.412      0.01406   
 401    28   1     0     9     9  400.       0.426      0.01406   
 401    29   1     0     7     7  400.       0.440      0.01406   
 401    30   1     0     6     6  400.       0.454      0.01406   
 401    31   1     0     7     7  400.       0.468      0.01406   
 401    32   1     0     6     6  400.       0.482      0.01406   
 401    33   1     0     5     5  400.       0.497      0.01406   
 401    34   1     0     5     5  401.       0.511      0.01406   
 401    35   1     0     5     5  401.       0.525      0.01406   
 401    36   1     0     4     4  401.       0.539      0.01406   
 401    37   1     0     4     4  401.       0.553      0.01406   
 401    38   1     0     9     9  401.       0.574      0.02109   
 401    39   1     0     6     6  401.       0.595      0.02109   
 401    40   1     0     4     4  401.       0.616      0.02109   
 401    41   1     0     5     5  401.       0.637      0.02109   
 401    42   1     0     4     4  401.       0.658      0.02109   
 401    43   1     0     4     4  401.       0.679      0.02109   
 401    44   1     0     6     6  401.       0.704      0.02500   
 401    45   1     0     5     5  401.       0.729      0.02500   
 401    46   1     0    10    10  401.       0.754      0.02500   
 401    47   1     0     7     7  401.       0.779      0.02500   
 401    48   1     0     5     5  401.       0.804      0.02500   
 401    49   1     0     6     6  401.       0.829      0.02500   
 401    50   1     0    10    10  401.       0.854      0.02500   
 401    51   1     0    11    11  401.       0.879      0.02500   
 401    52   1     0    10    10  401.       0.898      0.01875   
 401    53   1     0    10    10  401.       0.917      0.01875   
 401    54   1     0     8     8  401.       0.936      0.01875   
 401    55   1     0     8     8  401.       0.954      0.01875   
 401    56   1     0     6     6  401.       0.973      0.01875   
 401    57   1     0     6     6  401.       0.992      0.01875   
 401    58   1     0    10    10  401.       1.00       0.008125  
 402     1   1     0    10    10  401.       0.00500    0.005000  
 402     2   1     0     8     8  401.       0.0100     0.005000  
 402     3   1     0     9     9  401.       0.0150     0.005000  
 402     4   1     0     6     6  401.       0.0200     0.005000  
 402     5   1     0     5     5  401.       0.0250     0.005000  
 402     6   1     0     3     3  401.       0.0300     0.005000  
 402     7   1     0     1     1  401.       0.0350     0.005000  
 402     8   1     0     9     9  401.       0.0425     0.007500  
 402     9   1     0     2     2  401.       0.0500     0.007500  
 402    10   1     0     5     5  401.       0.0575     0.007500  
 402    11   1     0     3     3  401.       0.0650     0.007500  
 402    12   1     0     2     2  401.       0.0725     0.007500  
 402    13   1     0     8     8  401.       0.0838     0.01125   
 402    14   1     0     3     3  401.       0.0950     0.01125   
 402    15   1     0     4     4  401.       0.106      0.01125   
 402    16   1     0     9     9  401.       0.123      0.01688   
 402    17   1     0     5     5  401.       0.140      0.01688   
 402    18   1     0     4     4  401.       0.157      0.01688   
 402    19   1     0     3     3  401.       0.174      0.01688   
 402    20   1     0     7     7  401.       0.199      0.02500   
 402    21   1     0     5     5  401.       0.224      0.02500   
 402    22   1     0     5     5  401.       0.249      0.02500   
 402    23   1     0     6     6  401.       0.274      0.02500   
 402    24   1     0     1     1  401.       0.299      0.02500   
 402    25   1     0     9     9  401.       0.324      0.02500   
 402    26   1     0    10    10  401.       0.349      0.02500   
 402    27   1     0    12    12  401.       0.374      0.02500   
 402    28   1     0    12    12  401.       0.393      0.01875   
 402    29   1     0    10    10  401.       0.407      0.01406   
 402    30   1     0     8     8  401.       0.421      0.01406   
 402    31   1     0     8     8  401.       0.435      0.01406   
 402    32   1     0     6     6  401.       0.449      0.01406   
 402    33   1     0     7     7  401.       0.463      0.01406   
 402    34   1     0     6     6  401.       0.477      0.01406   
 402    35   1     0     6     6  401.       0.491      0.01406   
 402    36   1     0     5     5  402.       0.505      0.01406   
 402    37   1     0     5     5  402.       0.519      0.01406   
 402    38   1     0     5     5  402.       0.533      0.01406   
 402    39   1     0     4     4  402.       0.547      0.01406   
 402    40   1     0     4     4  402.       0.561      0.01406   
 402    41   1     0     9     9  402.       0.582      0.02109   
 402    42   1     0     5     5  402.       0.603      0.02109   
 402    43   1     0     5     5  402.       0.625      0.02109   
 402    44   1     0     4     4  402.       0.646      0.02109   
 402    45   1     0     4     4  402.       0.667      0.02109   
 402    46   1     0     6     6  402.       0.692      0.02500   
 402    47   1     0     5     5  402.       0.717      0.02500   
 402    48   1     0     4     4  402.       0.742      0.02500   
 402    49   1     0    10    10  402.       0.767      0.02500   
 402    50   1     0     7     7  402.       0.792      0.02500   
 402    51   1     0     4     4  402.       0.817      0.02500   
 402    52   1     0    10    10  402.       0.842      0.02500   
 402    53   1     0    10    10  402.       0.867      0.02500   
 402    54   1     0    10    10  402.       0.892      0.02500   
 402    55   1     0    10    10  402.       0.917      0.02500   
 402    56   1     0     9     9  402.       0.942      0.02500   
 402    57   1     0     6     6  402.       0.967      0.02500   
 402    58   1     0     5     5  402.       0.992      0.02500   
 402    59   1     0    10    10  402.       1.00       0.008281  
 403     1   1     0    11    11  402.       0.00500    0.005000  
 403     2   1     0     7     7  402.       0.00875    0.003750  
 403     3   1     0    10    10  402.       0.0125     0.003750  
 403     4   1     0    10    10  402.       0.0163     0.003750  
 403     5   1     0     8     8  402.       0.0200     0.003750  
 403     6   1     0     7     7  402.       0.0238     0.003750  
 403     7   1     0     6     6  402.       0.0275     0.003750  
 403     8   1     0     4     4  402.       0.0312     0.003750  
 403     9   1     0     2     2  402.       0.0350     0.003750  
 403    10   1     0     8     8  402.       0.0406     0.005625  
 403    11   1     0     2     2  402.       0.0462     0.005625  
 403    12   1     0     4     4  402.       0.0519     0.005625  
 403    13   1     0     6     6  402.       0.0603     0.008438  
 403    14   1     0     2     2  402.       0.0688     0.008438  
 403    15   1     0     6     6  402.       0.0772     0.008438  
 403    16   1     0     4     4  402.       0.0856     0.008438  
 403    17   1     0     2     2  402.       0.0941     0.008438  
 403    18   1     0     9     9  402.       0.107      0.01266   
 403    19   1     0     4     4  402.       0.119      0.01266   
 403    20   1     0     4     4  402.       0.132      0.01266   
 403    21   1     0     8     8  402.       0.151      0.01898   
 403    22   1     0     5     5  402.       0.170      0.01898   
 403    23   1     0     4     4  402.       0.189      0.01898   
 403    24   1     0     4     4  402.       0.208      0.01898   
 403    25   1     0     7     7  402.       0.233      0.02500   
 403    26   1     0    10    10  402.       0.258      0.02500   
 403    27   1     0     6     6  402.       0.283      0.02500   
 403    28   1     0     3     3  402.       0.308      0.02500   
 403    29   1     0    10    10  402.       0.333      0.02500   
 403    30   1     0    10    10  402.       0.358      0.02500   
 403    31   1     0    11    11  402.       0.383      0.02500   
 403    32   1     0    10    10  402.       0.402      0.01875   
 403    33   1     0    10    10  402.       0.420      0.01875   
 403    34   1     0     9     9  402.       0.439      0.01875   
 403    35   1     0     7     7  402.       0.458      0.01875   
 403    36   1     0     5     5  402.       0.477      0.01875   
 403    37   1     0     5     5  402.       0.495      0.01875   
 403    38   1     0     5     5  403.       0.514      0.01875   
 403    39   1     0     5     5  403.       0.533      0.01875   
 403    40   1     0     4     4  403.       0.552      0.01875   
 403    41   1     0     4     4  403.       0.570      0.01875   
 403    42   1     0     7     7  403.       0.595      0.02500   
 403    43   1     0     5     5  403.       0.620      0.02500   
 403    44   1     0     4     4  403.       0.645      0.02500   
 403    45   1     0     4     4  403.       0.670      0.02500   
 403    46   1     0     4     4  403.       0.695      0.02500   
 403    47   1     0     3     3  403.       0.720      0.02500   
 403    48   1     0     3     3  403.       0.745      0.02500   
 403    49   1     0     8     8  403.       0.770      0.02500   
 403    50   1     0     8     8  403.       0.795      0.02500   
 403    51   1     0     4     4  403.       0.820      0.02500   
 403    52   1     0    10    10  403.       0.845      0.02500   
 403    53   1     0    11    11  403.       0.870      0.02500   
 403    54   1     0    10    10  403.       0.889      0.01875   
 403    55   1     0    11    11  403.       0.908      0.01875   
 403    56   1     0    10    10  403.       0.922      0.01406   
 403    57   1     0     7     7  403.       0.936      0.01406   
 403    58   1     0     5     5  403.       0.950      0.01406   
 403    59   1     0     6     6  403.       0.964      0.01406   
 403    60   1     0     8     8  403.       0.978      0.01406   
 403    61   1     0     5     5  403.       0.992      0.01406   
 403    62   1     0    10    10  403.       1.00       0.007656  
 404     1   1     0    10    10  403.       0.00500    0.005000  
 404     2   1     0     4     4  403.       0.0100     0.005000  
 404     3   1     0     5     5  403.       0.0150     0.005000  
 404     4   1     0     3     3  403.       0.0200     0.005000  
 404     5   1     0     1     1  403.       0.0250     0.005000  
 404     6   1     0     8     8  403.       0.0325     0.007500  
 404     7   1     0     2     2  403.       0.0400     0.007500  
 404     8   1     0     5     5  403.       0.0475     0.007500  
 404     9   1     0     3     3  403.       0.0550     0.007500  
 404    10   1     0     3     3  403.       0.0625     0.007500  
 404    11   1     0    10    10  403.       0.0737     0.01125   
 404    12   1     0     3     3  403.       0.0850     0.01125   
 404    13   1     0     4     4  403.       0.0962     0.01125   
 404    14   1     0     8     8  403.       0.113      0.01688   
 404    15   1     0     4     4  403.       0.130      0.01688   
 404    16   1     0     5     5  403.       0.147      0.01688   
 404    17   1     0     3     3  403.       0.164      0.01688   
 404    18   1     0     2     2  403.       0.181      0.01688   
 404    19   1     0     7     7  403.       0.206      0.02500   
 404    20   1     0     6     6  403.       0.231      0.02500   
 404    21   1     0    10    10  403.       0.256      0.02500   
 404    22   1     0     6     6  403.       0.281      0.02500   
 404    23   1     0     1     1  403.       0.306      0.02500   
 404    24   1     0    10    10  403.       0.331      0.02500   
 404    25   1     0    10    10  403.       0.356      0.02500   
 404    26   1     0    11    11  403.       0.381      0.02500   
 404    27   1     0    10    10  403.       0.399      0.01875   
 404    28   1     0    10    10  403.       0.418      0.01875   
 404    29   1     0     9     9  403.       0.437      0.01875   
 404    30   1     0     7     7  403.       0.456      0.01875   
 404    31   1     0     5     5  403.       0.474      0.01875   
 404    32   1     0     5     5  403.       0.493      0.01875   
 404    33   1     0     5     5  404.       0.512      0.01875   
 404    34   1     0     5     5  404.       0.531      0.01875   
 404    35   1     0     4     4  404.       0.549      0.01875   
 404    36   1     0     4     4  404.       0.568      0.01875   
 404    37   1     0     7     7  404.       0.593      0.02500   
 404    38   1     0     5     5  404.       0.618      0.02500   
 404    39   1     0     4     4  404.       0.643      0.02500   
 404    40   1     0     4     4  404.       0.668      0.02500   
 404    41   1     0     4     4  404.       0.693      0.02500   
 404    42   1     0     3     3  404.       0.718      0.02500   
 404    43   1     0     3     3  404.       0.743      0.02500   
 404    44   1     0     9     9  404.       0.768      0.02500   
 404    45   1     0     7     7  404.       0.793      0.02500   
 404    46   1     0     4     4  404.       0.818      0.02500   
 404    47   1     0    10    10  404.       0.843      0.02500   
 404    48   1     0    12    12  404.       0.868      0.02500   
 404    49   1     0    10    10  404.       0.887      0.01875   
 404    50   1     0    11    11  404.       0.906      0.01875   
 404    51   1     0    10    10  404.       0.920      0.01406   
 404    52   1     0    10    10  404.       0.934      0.01406   
 404    53   1     0     8     8  404.       0.948      0.01406   
 404    54   1     0     6     6  404.       0.962      0.01406   
 404    55   1     0     7     7  404.       0.976      0.01406   
 404    56   1     0     5     5  404.       0.990      0.01406   
 404    57   1     0    10    10  404.       1.00       0.01000   
 405     1   1     0    10    10  404.       0.00500    0.005000  
 405     2   1     0     5     5  404.       0.0100     0.005000  
 405     3   1     0     5     5  404.       0.0150     0.005000  
 405     4   1     0     3     3  404.       0.0200     0.005000  
 405     5   1     0     2     2  404.       0.0250     0.005000  
 405     6   1     0     7     7  404.       0.0325     0.007500  
 405     7   1     0     2     2  404.       0.0400     0.007500  
 405     8   1     0     5     5  404.       0.0475     0.007500  
 405     9   1     0     3     3  404.       0.0550     0.007500  
 405    10   1     0     3     3  404.       0.0625     0.007500  
 405    11   1     0    10    10  404.       0.0737     0.01125   
 405    12   1     0     4     4  404.       0.0850     0.01125   
 405    13   1     0     4     4  404.       0.0962     0.01125   
 405    14   1     0     9     9  404.       0.113      0.01688   
 405    15   1     0     5     5  404.       0.130      0.01688   
 405    16   1     0     5     5  404.       0.147      0.01688   
 405    17   1     0     3     3  404.       0.164      0.01688   
 405    18   1     0     2     2  404.       0.181      0.01688   
 405    19   1     0     7     7  404.       0.206      0.02500   
 405    20   1     0     6     6  404.       0.231      0.02500   
 405    21   1     0    10    10  404.       0.256      0.02500   
 405    22   1     0     6     6  404.       0.281      0.02500   
 405    23   1     0     1     1  404.       0.306      0.02500   
 405    24   1     0    10    10  404.       0.331      0.02500   
 405    25   1     0    10    10  404.       0.356      0.02500   
 405    26   1     0    11    11  404.       0.381      0.02500   
 405    27   1     0    10    10  404.       0.399      0.01875   
 405    28   1     0    10    10  404.       0.418      0.01875   
 405    29   1     0     9     9  404.       0.437      0.01875   
 405    30   1     0     7     7  404.       0.456      0.01875   
 405    31   1     0     5     5  404.       0.474      0.01875   
 405    32   1     0     5     5  404.       0.493      0.01875   
 405    33   1     0     5     5  405.       0.512      0.01875   
 405    34   1     0     5     5  405.       0.531      0.01875   
 405    35   1     0     4     4  405.       0.549      0.01875   
 405    36   1     0     4     4  405.       0.568      0.01875   
 405    37   1     0     7     7  405.       0.593      0.02500   
 405    38   1     0     5     5  405.       0.618      0.02500   
 405    39   1     0     4     4  405.       0.643      0.02500   
 405    40   1     0     4     4  405.       0.668      0.02500   
 405    41   1     0     4     4  405.       0.693      0.02500   
 405    42   1     0     3     3  405.       0.718      0.02500   
 405    43   1     0     3     3  405.       0.743      0.02500   
 405    44   1     0     9     9  405.       0.768      0.02500   
 405    45   1     0     7     7  405.       0.793      0.02500   
 405    46   1     0     4     4  405.       0.818      0.02500   
 405    47   1     0    10    10  405.       0.843      0.02500   
 405    48   1U    0     9     9  405.       0.843      0.02500   
 405    48   2     0    11    11  405.       0.856      0.01250   
 405    49   1     0    11    11  405.       0.865      0.009375  
 405    50   1     0    10    10  405.       0.872      0.007031  
 405    51   1     0    10    10  405.       0.879      0.007031  
 405    52   1     0    10    10  405.       0.886      0.007031  
 405    53   1     0     9     9  405.       0.893      0.007031  
 405    54   1     0     5     5  405.       0.900      0.007031  
 405    55   1     0     6     6  405.       0.907      0.007031  
 405    56   1     0     7     7  405.       0.914      0.007031  
 405    57   1     0     5     5  405.       0.921      0.007031  
 405    58   1     0     3     3  405.       0.928      0.007031  
 405    59   1     0     3     3  405.       0.935      0.007031  
 405    60   1     0     4     4  405.       0.946      0.01055   
 405    61   1     0     3     3  405.       0.962      0.01582   
 405    62   1     0     6     6  405.       0.985      0.02373   
 405    63   1     0    10    10  405.       1.00       0.01459   
 406     1   1     0    10    10  405.       0.00500    0.005000  
 406     2   1     0     9     9  405.       0.0100     0.005000  
 406     3   1     0     9     9  405.       0.0150     0.005000  
 406     4   1     0     7     7  405.       0.0200     0.005000  
 406     5   1     0     5     5  405.       0.0250     0.005000  
 406     6   1     0     3     3  405.       0.0300     0.005000  
 406     7   1     0     1     1  405.       0.0350     0.005000  
 406     8   1     0     8     8  405.       0.0425     0.007500  
 406     9   1     0     2     2  405.       0.0500     0.007500  
 406    10   1     0     4     4  405.       0.0575     0.007500  
 406    11   1U    0     5     5  405.       0.0575     0.01125   
 406    11   2     0    10    10  405.       0.0603     0.002812  
 406    12   1     0     4     4  405.       0.0631     0.002812  
 406    13   1     0     5     5  405.       0.0659     0.002812  
 406    14   1     0     4     4  405.       0.0687     0.002812  
 406    15   1     0     3     3  405.       0.0716     0.002812  
 406    16   1     0     7     7  405.       0.0758     0.004219  
 406    17   1     0     1     1  405.       0.0800     0.004219  
 406    18   1     0     1     1  405.       0.0842     0.004219  
 406    19   1     0     5     5  405.       0.0905     0.006328  
 406    20   1     0     1     1  405.       0.0969     0.006328  
 406    21   1     0     2     2  405.       0.103      0.006328  
 406    22   1     0     5     5  405.       0.113      0.009492  
 406    23   1     0     2     2  405.       0.122      0.009492  
 406    24   1     0     3     3  405.       0.132      0.009492  
 406    25   1     0     7     7  405.       0.146      0.01424   
 406    26   1     0     4     4  405.       0.160      0.01424   
 406    27   1     0     4     4  405.       0.174      0.01424   
 406    28   1     0     7     7  405.       0.196      0.02136   
 406    29   1     0     4     4  405.       0.217      0.02136   
 406    30   1     0     4     4  405.       0.238      0.02136   
 406    31   1     0    10    10  405.       0.263      0.02500   
 406    32   1     0     2     2  405.       0.288      0.02500   
 406    33   1     0     7     7  405.       0.313      0.02500   
 406    34   1     0    10    10  405.       0.338      0.02500   
 406    35   1     0    10    10  405.       0.363      0.02500   
 406    36   1     0    11    11  405.       0.388      0.02500   
 406    37   1     0    10    10  405.       0.407      0.01875   
 406    38   1     0    10    10  405.       0.426      0.01875   
 406    39   1     0     9     9  405.       0.445      0.01875   
 406    40   1     0     6     6  405.       0.463      0.01875   
 406    41   1     0     5     5  405.       0.482      0.01875   
 406    42   1     0     5     5  406.       0.501      0.01875   
 406    43   1     0     5     5  406.       0.520      0.01875   
 406    44   1     0     5     5  406.       0.538      0.01875   
 406    45   1     0     4     4  406.       0.557      0.01875   
 406    46   1     0     4     4  406.       0.576      0.01875   
 406    47   1     0     7     7  406.       0.601      0.02500   
 406    48   1     0     5     5  406.       0.626      0.02500   
 406    49   1     0     4     4  406.       0.651      0.02500   
 406    50   1     0     4     4  406.       0.676      0.02500   
 406    51   1     0     4     4  406.       0.701      0.02500   
 406    52   1     0     3     3  406.       0.726      0.02500   
 406    53   1     0     7     7  406.       0.751      0.02500   
 406    54   1     0     7     7  406.       0.776      0.02500   
 406    55   1     0     5     5  406.       0.801      0.02500   
 406    56   1     0     4     4  406.       0.826      0.02500   
 406    57   1     0    10    10  406.       0.851      0.02500   
 406    58   1     0    10    10  406.       0.876      0.02500   
 406    59   1     0    10    10  406.       0.901      0.02500   
 406    60   1     0    10    10  406.       0.926      0.02500   
 406    61   1     0     6     6  406.       0.951      0.02500   
 406    62   1     0     6     6  406.       0.976      0.02500   
 406    63   1     0     5     5  406.       1.00       0.02403   
 407     1   1     0    10    10  406.       0.00500    0.005000  
 407     2   1     0    10    10  406.       0.0100     0.005000  
 407     3   1     0    10    10  406.       0.0150     0.005000  
 407     4   1     0     7     7  406.       0.0200     0.005000  
 407     5   1     0     6     6  406.       0.0250     0.005000  
 407     6   1     0     4     4  406.       0.0300     0.005000  
 407     7   1     0     1     1  406.       0.0350     0.005000  
 407     8   1     0     7     7  406.       0.0425     0.007500  
 407     9   1     0     2     2  406.       0.0500     0.007500  
 407    10   1     0     4     4  406.       0.0575     0.007500  
 407    11   1U    0     4     4  406.       0.0575     0.01125   
 407    11   2     0     9     9  406.       0.0603     0.002812  
 407    12   1     0     3     3  406.       0.0631     0.002812  
 407    13   1     0     4     4  406.       0.0659     0.002812  
 407    14   1     0     8     8  406.       0.0702     0.004219  
 407    15   1     0     1     1  406.       0.0744     0.004219  
 407    16   1     0     2     2  406.       0.0786     0.004219  
 407    17   1     0     6     6  406.       0.0849     0.006328  
 407    18   1     0     1     1  406.       0.0912     0.006328  
 407    19   1     0     2     2  406.       0.0976     0.006328  
 407    20   1     0     4     4  406.       0.107      0.009492  
 407    21   1     0     7     7  406.       0.121      0.01424   
 407    22   1     0     5     5  406.       0.136      0.01424   
 407    23   1     0     5     5  406.       0.150      0.01424   
 407    24   1     0     3     3  406.       0.164      0.01424   
 407    25   1     0     2     2  406.       0.178      0.01424   
 407    26   1     0     8     8  406.       0.200      0.02136   
 407    27   1     0     4     4  406.       0.221      0.02136   
 407    28   1     0     4     4  406.       0.242      0.02136   
 407    29   1     0     7     7  406.       0.267      0.02500   
 407    30   1     0     2     2  406.       0.292      0.02500   
 407    31   1     0     8     8  406.       0.317      0.02500   
 407    32   1     0    10    10  406.       0.342      0.02500   
 407    33   1     0    10    10  406.       0.367      0.02500   
 407    34   1     0    10    10  406.       0.392      0.02500   
 407    35   1     0    10    10  406.       0.417      0.02500   
 407    36   1     0    10    10  406.       0.442      0.02500   
 407    37   1     0     8     8  406.       0.467      0.02500   
 407    38   1     0     5     5  406.       0.492      0.02500   
 407    39   1     0     4     4  407.       0.517      0.02500   
 407    40   1     0     5     5  407.       0.542      0.02500   
 407    41   1     0     4     4  407.       0.567      0.02500   
 407    42   1     0     4     4  407.       0.592      0.02500   
 407    43   1     0     4     4  407.       0.617      0.02500   
 407    44   1     0     4     4  407.       0.642      0.02500   
 407    45   1     0     3     3  407.       0.667      0.02500   
 407    46   1     0     4     4  407.       0.692      0.02500   
 407    47   1     0     3     3  407.       0.717      0.02500   
 407    48   1     0     2     2  407.       0.742      0.02500   
 407    49   1     0    10    10  407.       0.767      0.02500   
 407    50   1     0     8     8  407.       0.792      0.02500   
 407    51   1     0     5     5  407.       0.817      0.02500   
 407    52   1     0    10    10  407.       0.842      0.02500   
 407    53   1     0    10    10  407.       0.867      0.02500   
 407    54   1     0    10    10  407.       0.892      0.02500   
 407    55   1     0    10    10  407.       0.917      0.02500   
 407    56   1     0     9     9  407.       0.942      0.02500   
 407    57   1     0     7     7  407.       0.967      0.02500   
 407    58   1     0     5     5  407.       0.992      0.02500   
 407    59   1     0    10    10  407.       1.00       0.007666  
 408     1   1     0    10    10  407.       0.00500    0.005000  
 408     2   1     0     7     7  407.       0.0100     0.005000  
 408     3   1     0     5     5  407.       0.0150     0.005000  
 408     4   1     0     3     3  407.       0.0200     0.005000  
 408     5   1     0     1     1  407.       0.0250     0.005000  
 408     6   1     0     5     5  407.       0.0325     0.007500  
 408     7   1     0     2     2  407.       0.0400     0.007500  
 408     8   1     0     4     4  407.       0.0475     0.007500  
 408     9   1     0     5     5  407.       0.0587     0.01125   
 408    10   1     0     4     4  407.       0.0700     0.01125   
 408    11   1     0     6     6  407.       0.0812     0.01125   
 408    12   1     0     4     4  407.       0.0925     0.01125   
 408    13   1     0     3     3  407.       0.104      0.01125   
 408    14   1     0     9     9  407.       0.121      0.01688   
 408    15   1     0     4     4  407.       0.137      0.01688   
 408    16   1     0     4     4  407.       0.154      0.01688   
 408    17   1     0     7     7  407.       0.179      0.02500   
 408    18   1     0     6     6  407.       0.204      0.02500   
 408    19   1     0     4     4  407.       0.229      0.02500   
 408    20   1     0    10    10  407.       0.254      0.02500   
 408    21   1     0     6     6  407.       0.279      0.02500   
 408    22   1     0     1     1  407.       0.304      0.02500   
 408    23   1     0    10    10  407.       0.329      0.02500   
 408    24   1     0    10    10  407.       0.354      0.02500   
 408    25   1     0    11    11  407.       0.379      0.02500   
 408    26   1     0    11    11  407.       0.398      0.01875   
 408    27   1     0    10    10  407.       0.412      0.01406   
 408    28   1     0     9     9  407.       0.426      0.01406   
 408    29   1     0     7     7  407.       0.440      0.01406   
 408    30   1     0     6     6  407.       0.454      0.01406   
 408    31   1     0     7     7  407.       0.468      0.01406   
 408    32   1     0     6     6  407.       0.482      0.01406   
 408    33   1     0     5     5  407.       0.497      0.01406   
 408    34   1     0     5     5  408.       0.511      0.01406   
 408    35   1     0     5     5  408.       0.525      0.01406   
 408    36   1     0     4     4  408.       0.539      0.01406   
 408    37   1     0     4     4  408.       0.553      0.01406   
 408    38   1     0     9     9  408.       0.574      0.02109   
 408    39   1     0     6     6  408.       0.595      0.02109   
 408    40   1     0     4     4  408.       0.616      0.02109   
 408    41   1     0     5     5  408.       0.637      0.02109   
 408    42   1     0     4     4  408.       0.658      0.02109   
 408    43   1     0     4     4  408.       0.679      0.02109   
 408    44   1     0     6     6  408.       0.704      0.02500   
 408    45   1     0     5     5  408.       0.729      0.02500   
 408    46   1     0    10    10  408.       0.754      0.02500   
 408    47   1     0     7     7  408.       0.779      0.02500   
 408    48   1     0     5     5  408.       0.804      0.02500   
 408    49   1     0     6     6  408.       0.829      0.02500   
 408    50   1     0    10    10  408.       0.854      0.02500   
 408    51   1     0    11    11  408.       0.879      0.02500   
 408    52   1     0    10    10  408.       0.898      0.01875   
 408    53   1     0    10    10  408.       0.917      0.01875   
 408    54   1     0     8     8  408.       0.936      0.01875   
 408    55   1     0     8     8  408.       0.954      0.01875   
 408    56   1     0     6     6  408.       0.973      0.01875   
 408    57   1     0     6     6  408.       0.992      0.01875   
 408    58   1     0    10    10  408.       1.00       0.008125  
 409     1   1     0    10    10  408.       0.00500    0.005000  
 409     2   1     0     8     8  408.       0.0100     0.005000  
 409     3   1     0     9     9  408.       0.0150     0.005000  
 409     4   1     0     6     6  408.       0.0200     0.005000  
 409     5   1     0     5     5  408.       0.0250     0.005000  
 409     6   1     0     3     3  408.       0.0300     0.005000  
 409     7   1     0     1     1  408.       0.0350     0.005000  
 409     8   1     0     9     9  408.       0.0425     0.007500  
 409     9   1     0     2     2  408.       0.0500     0.007500  
 409    10   1     0     5     5  408.       0.0575     0.007500  
 409    11   1     0     3     3  408.       0.0650     0.007500  
 409    12   1     0     2     2  408.       0.0725     0.007500  
 409    13   1     0     8     8  408.       0.0838     0.01125   
 409    14   1     0     3     3  408.       0.0950     0.01125   
 409    15   1     0     4     4  408.       0.106      0.01125   
 409    16   1     0     9     9  408.       0.123      0.01688   
 409    17   1     0     5     5  408.       0.140      0.01688   
 409    18   1     0     4     4  408.       0.157      0.01688   
 409    19   1     0     3     3  408.       0.174      0.01688   
 409    20   1     0     7     7  408.       0.199      0.02500   
 409    21   1     0     5     5  408.       0.224      0.02500   
 409    22   1     0     5     5  408.       0.249      0.02500   
 409    23   1     0     6     6  408.       0.274      0.02500   
 409    24   1     0     1     1  408.       0.299      0.02500   
 409    25   1     0     9     9  408.       0.324      0.02500   
 409    26   1     0    10    10  408.       0.349      0.02500   
 409    27   1     0    12    12  408.       0.374      0.02500   
 409    28   1     0    12    12  408.       0.393      0.01875   
 409    29   1     0    10    10  408.       0.407      0.01406   
 409    30   1     0     8     8  408.       0.421      0.01406   
 409    31   1     0     8     8  408.       0.435      0.01406   
 409    32   1     0     6     6  408.       0.449      0.01406   
 409    33   1     0     7     7  408.       0.463      0.01406   
 409    34   1     0     6     6  408.       0.477      0.01406   
 409    35   1     0     6     6  408.       0.491      0.01406   
 409    36   1     0     5     5  409.       0.505      0.01406   
 409    37   1     0     5     5  409.       0.519      0.01406   
 409    38   1     0     5     5  409.       0.533      0.01406   
 409    39   1     0     4     4  409.       0.547      0.01406   
 409    40   1     0     4     4  409.       0.561      0.01406   
 409    41   1     0     9     9  409.       0.582      0.02109   
 409    42   1     0     5     5  409.       0.603      0.02109   
 409    43   1     0     5     5  409.       0.625      0.02109   
 409    44   1     0     4     4  409.       0.646      0.02109   
 409    45   1     0     4     4  409.       0.667      0.02109   
 409    46   1     0     6     6  409.       0.692      0.02500   
 409    47   1     0     5     5  409.       0.717      0.02500   
 409    48   1     0     4     4  409.       0.742      0.02500   
 409    49   1     0    10    10  409.       0.767      0.02500   
 409    50   1     0     7     7  409.       0.792      0.02500   
 409    51   1     0     4     4  409.       0.817      0.02500   
 409    52   1     0    10    10  409.       0.842      0.02500   
 409    53   1     0    10    10  409.       0.867      0.02500   
 409    54   1     0    10    10  409.       0.892      0.02500   
 409    55   1     0    10    10  409.       0.917      0.02500   
 409    56   1     0     9     9  409.       0.942      0.02500   
 409    57   1     0     6     6  409.       0.967      0.02500   
 409    58   1     0     5     5  409.       0.992      0.02500   
 409    59   1     0    10    10  409.       1.00       0.008281  
 410     1   1     0    11    11  409.       0.00500    0.005000  
 410     2   1     0     7     7  409.       0.00875    0.003750  
 410     3   1     0    10    10  409.       0.0125     0.003750  
 410     4   1     0    10    10  409.       0.0163     0.003750  
 410     5   1     0     8     8  409.       0.0200     0.003750  
 410     6   1     0     7     7  409.       0.0238     0.003750  
 410     7   1     0     6     6  409.       0.0275     0.003750  
 410     8   1     0     4     4  409.       0.0312     0.003750  
 410     9   1     0     2     2  409.       0.0350     0.003750  
 410    10   1     0     8     8  409.       0.0406     0.005625  
 410    11   1     0     2     2  409.       0.0462     0.005625  
 410    12   1     0     4     4  409.       0.0519     0.005625  
 410    13   1     0     6     6  409.       0.0603     0.008438  
 410    14   1     0     2     2  409.       0.0688     0.008438  
 410    15   1     0     6     6  409.       0.0772     0.008438  
 410    16   1     0     4     4  409.       0.0856     0.008438  
 410    17   1     0     2     2  409.       0.0941     0.008438  
 410    18   1     0     9     9  409.       0.107      0.01266   
 410    19   1     0     4     4  409.       0.119      0.01266   
 410    20   1     0     4     4  409.       0.132      0.01266   
 410    21   1     0     8     8  409.       0.151      0.01898   
 410    22   1     0     5     5  409.       0.170      0.01898   
 410    23   1     0     4     4  409.       0.189      0.01898   
 410    24   1     0     4     4  409.       0.208      0.01898   
 410    25   1     0     7     7  409.       0.233      0.02500   
 410    26   1     0    10    10  409.       0.258      0.02500   
 410    27   1     0     6     6  409.       0.283      0.02500   
 410    28   1     0     3     3  409.       0.308      0.02500   
 410    29   1     0    10    10  409.       0.333      0.02500   
 410    30   1     0    10    10  409.       0.358      0.02500   
 410    31   1     0    11    11  409.       0.383      0.02500   
 410    32   1     0    10    10  409.       0.402      0.01875   
 410    33   1     0    10    10  409.       0.420      0.01875   
 410    34   1     0     9     9  409.       0.439      0.01875   
 410    35   1     0     7     7  409.       0.458      0.01875   
 410    36   1     0     5     5  409.       0.477      0.01875   
 410    37   1     0     5     5  409.       0.495      0.01875   
 410    38   1     0     5     5  410.       0.514      0.01875   
 410    39   1     0     5     5  410.       0.533      0.01875   
 410    40   1     0     4     4  410.       0.552      0.01875   
 410    41   1     0     4     4  410.       0.570      0.01875   
 410    42   1     0     7     7  410.       0.595      0.02500   
 410    43   1     0     5     5  410.       0.620      0.02500   
 410    44   1     0     4     4  410.       0.645      0.02500   
 410    45   1     0     4     4  410.       0.670      0.02500   
 410    46   1     0     4     4  410.       0.695      0.02500   
 410    47   1     0     3     3  410.       0.720      0.02500   
 410    48   1     0     3     3  410.       0.745      0.02500   
 410    49   1     0     8     8  410.       0.770      0.02500   
 410    50   1     0     8     8  410.       0.795      0.02500   
 410    51   1     0     4     4  410.       0.820      0.02500   
 410    52   1     0    10    10  410.       0.845      0.02500   
 410    53   1     0    11    11  410.       0.870      0.02500   
 410    54   1     0    10    10  410.       0.889      0.01875   
 410    55   1     0    11    11  410.       0.908      0.01875   
 410    56   1     0    10    10  410.       0.922      0.01406   
 410    57   1     0     7     7  410.       0.936      0.01406   
 410    58   1     0     5     5  410.       0.950      0.01406   
 410    59   1     0     6     6  410.       0.964      0.01406   
 410    60   1     0     8     8  410.       0.978      0.01406   
 410    61   1     0     5     5  410.       0.992      0.01406   
 410    62   1     0    10    10  410.       1.00       0.007656  
 411     1   1     0    10    10  410.       0.00500    0.005000  
 411     2   1     0     4     4  410.       0.0100     0.005000  
 411     3   1     0     5     5  410.       0.0150     0.005000  
 411     4   1     0     3     3  410.       0.0200     0.005000  
 411     5   1     0     1     1  410.       0.0250     0.005000  
 411     6   1     0     8     8  410.       0.0325     0.007500  
 411     7   1     0     2     2  410.       0.0400     0.007500  
 411     8   1     0     5     5  410.       0.0475     0.007500  
 411     9   1     0     3     3  410.       0.0550     0.007500  
 411    10   1     0     3     3  410.       0.0625     0.007500  
 411    11   1     0    10    10  410.       0.0737     0.01125   
 411    12   1     0     3     3  410.       0.0850     0.01125   
 411    13   1     0     4     4  410.       0.0962     0.01125   
 411    14   1     0     8     8  410.       0.113      0.01688   
 411    15   1     0     4     4  410.       0.130      0.01688   
 411    16   1     0     5     5  410.       0.147      0.01688   
 411    17   1     0     3     3  410.       0.164      0.01688   
 411    18   1     0     2     2  410.       0.181      0.01688   
 411    19   1     0     7     7  410.       0.206      0.02500   
 411    20   1     0     6     6  410.       0.231      0.02500   
 411    21   1     0    10    10  410.       0.256      0.02500   
 411    22   1     0     6     6  410.       0.281      0.02500   
 411    23   1     0     1     1  410.       0.306      0.02500   
 411    24   1     0    10    10  410.       0.331      0.02500   
 411    25   1     0    10    10  410.       0.356      0.02500   
 411    26   1     0    11    11  410.       0.381      0.02500   
 411    27   1     0    10    10  410.       0.399      0.01875   
 411    28   1     0    10    10  410.       0.418      0.01875   
 411    29   1     0     9     9  410.       0.437      0.01875   
 411    30   1     0     7     7  410.       0.456      0.01875   
 411    31   1     0     5     5  410.       0.474      0.01875   
 411    32   1     0     5     5  410.       0.493      0.01875   
 411    33   1     0     5     5  411.       0.512      0.01875   
 411    34   1     0     5     5  411.       0.531      0.01875   
 411    35   1     0     4     4  411.       0.549      0.01875   
 411    36   1     0     4     4  411.       0.568      0.01875   
 411    37   1     0     7     7  411.       0.593      0.02500   
 411    38   1     0     5     5  411.       0.618      0.02500   
 411    39   1     0     4     4  411.       0.643      0.02500   
 411    40   1     0     4     4  411.       0.668      0.02500   
 411    41   1     0     4     4  411.       0.693      0.02500   
 411    42   1     0     3     3  411.       0.718      0.02500   
 411    43   1     0     3     3  411.       0.743      0.02500   
 411    44   1     0     9     9  411.       0.768      0.02500   
 411    45   1     0     7     7  411.       0.793      0.02500   
 411    46   1     0     4     4  411.       0.818      0.02500   
 411    47   1     0    10    10  411.       0.843      0.02500   
 411    48   1     0    12    12  411.       0.868      0.02500   
 411    49   1     0    10    10  411.       0.887      0.01875   
 411    50   1     0    11    11  411.       0.906      0.01875   
 411    51   1     0    10    10  411.       0.920      0.01406   
 411    52   1     0    10    10  411.       0.934      0.01406   
 411    53   1     0     8     8  411.       0.948      0.01406   
 411    54   1     0     6     6  411.       0.962      0.01406   
 411    55   1     0     7     7  411.       0.976      0.01406   
 411    56   1     0     5     5  411.       0.990      0.01406   
 411    57   1     0    10    10  411.       1.00       0.01000   
 412     1   1     0    10    10  411.       0.00500    0.005000  
 412     2   1     0     5     5  411.       0.0100     0.005000  
 412     3   1     0     5     5  411.       0.0150     0.005000  
 412     4   1     0     3     3  411.       0.0200     0.005000  
 412     5   1     0     2     2  411.       0.0250     0.005000  
 412     6   1     0     7     7  411.       0.0325     0.007500  
 412     7   1     0     2     2  411.       0.0400     0.007500  
 412     8   1     0     5     5  411.       0.0475     0.007500  
 412     9   1     0     3     3  411.       0.0550     0.007500  
 412    10   1     0     3     3  411.       0.0625     0.007500  
 412    11   1     0    10    10  411.       0.0737     0.01125   
 412    12   1     0     4     4  411.       0.0850     0.01125   
 412    13   1     0     4     4  411.       0.0962     0.01125   
 412    14   1     0     9     9  411.       0.113      0.01688   
 412    15   1     0     5     5  411.       0.130      0.01688   
 412    16   1     0     5     5  411.       0.147      0.01688   
 412    17   1     0     3     3  411.       0.164      0.01688   
 412    18   1     0     2     2  411.       0.181      0.01688   
 412    19   1     0     7     7  411.       0.206      0.02500   
 412    20   1     0     6     6  411.       0.231      0.02500   
 412    21   1     0    10    10  411.       0.256      0.02500   
 412    22   1     0     6     6  411.       0.281      0.02500   
 412    23   1     0     1     1  411.       0.306      0.02500   
 412    24   1     0    10    10  411.       0.331      0.02500   
 412    25   1     0    10    10  411.       0.356      0.02500   
 412    26   1     0    11    11  411.       0.381      0.02500   
 412    27   1     0    10    10  411.       0.399      0.01875   
 412    28   1     0    10    10  411.       0.418      0.01875   
 412    29   1     0     9     9  411.       0.437      0.01875   
 412    30   1     0     7     7  411.       0.456      0.01875   
 412    31   1     0     5     5  411.       0.474      0.01875   
 412    32   1     0     5     5  411.       0.493      0.01875   
 412    33   1     0     5     5  412.       0.512      0.01875   
 412    34   1     0     5     5  412.       0.531      0.01875   
 412    35   1     0     4     4  412.       0.549      0.01875   
 412    36   1     0     4     4  412.       0.568      0.01875   
 412    37   1     0     7     7  412.       0.593      0.02500   
 412    38   1     0     5     5  412.       0.618      0.02500   
 412    39   1     0     4     4  412.       0.643      0.02500   
 412    40   1     0     4     4  412.       0.668      0.02500   
 412    41   1     0     4     4  412.       0.693      0.02500   
 412    42   1     0     3     3  412.       0.718      0.02500   
 412    43   1     0     3     3  412.       0.743      0.02500   
 412    44   1     0     9     9  412.       0.768      0.02500   
 412    45   1     0     7     7  412.       0.793      0.02500   
 412    46   1     0     4     4  412.       0.818      0.02500   
 412    47   1     0    10    10  412.       0.843      0.02500   
 412    48   1U    0     9     9  412.       0.843      0.02500   
 412    48   2     0    11    11  412.       0.856      0.01250   
 412    49   1     0    11    11  412.       0.865      0.009375  
 412    50   1     0    10    10  412.       0.872      0.007031  
 412    51   1     0    10    10  412.       0.879      0.007031  
 412    52   1     0    10    10  412.       0.886      0.007031  
 412    53   1     0     9     9  412.       0.893      0.007031  
 412    54   1     0     5     5  412.       0.900      0.007031  
 412    55   1     0     6     6  412.       0.907      0.007031  
 412    56   1     0     7     7  412.       0.914      0.007031  
 412    57   1     0     5     5  412.       0.921      0.007031  
 412    58   1     0     3     3  412.       0.928      0.007031  
 412    59   1     0     3     3  412.       0.935      0.007031  
 412    60   1     0     4     4  412.       0.946      0.01055   
 412    61   1     0     3     3  412.       0.962      0.01582   
 412    62   1     0     6     6  412.       0.985      0.02373   
 412    63   1     0    10    10  412.       1.00       0.01459   
 413     1   1     0    10    10  412.       0.00500    0.005000  
 413     2   1     0     9     9  412.       0.0100     0.005000  
 413     3   1     0     9     9  412.       0.0150     0.005000  
 413     4   1     0     7     7  412.       0.0200     0.005000  
 413     5   1     0     5     5  412.       0.0250     0.005000  
 413     6   1     0     3     3  412.       0.0300     0.005000  
 413     7   1     0     1     1  412.       0.0350     0.005000  
 413     8   1     0     8     8  412.       0.0425     0.007500  
 413     9   1     0     2     2  412.       0.0500     0.007500  
 413    10   1     0     4     4  412.       0.0575     0.007500  
 413    11   1U    0     5     5  412.       0.0575     0.01125   
 413    11   2     0    10    10  412.       0.0603     0.002812  
 413    12   1     0     4     4  412.       0.0631     0.002812  
 413    13   1     0     5     5  412.       0.0659     0.002812  
 413    14   1     0     4     4  412.       0.0687     0.002812  
 413    15   1     0     3     3  412.       0.0716     0.002812  
 413    16   1     0     7     7  412.       0.0758     0.004219  
 413    17   1     0     1     1  412.       0.0800     0.004219  
 413    18   1     0     1     1  412.       0.0842     0.004219  
 413    19   1     0     5     5  412.       0.0905     0.006328  
 413    20   1     0     1     1  412.       0.0969     0.006328  
 413    21   1     0     2     2  412.       0.103      0.006328  
 413    22   1     0     5     5  412.       0.113      0.009492  
 413    23   1     0     2     2  412.       0.122      0.009492  
 413    24   1     0     3     3  412.       0.132      0.009492  
 413    25   1     0     7     7  412.       0.146      0.01424   
 413    26   1     0     4     4  412.       0.160      0.01424   
 413    27   1     0     4     4  412.       0.174      0.01424   
 413    28   1     0     7     7  412.       0.196      0.02136   
 413    29   1     0     4     4  412.       0.217      0.02136   
 413    30   1     0     4     4  412.       0.238      0.02136   
 413    31   1     0    10    10  412.       0.263      0.02500   
 413    32   1     0     2     2  412.       0.288      0.02500   
 413    33   1     0     7     7  412.       0.313      0.02500   
 413    34   1     0    10    10  412.       0.338      0.02500   
 413    35   1     0    10    10  412.       0.363      0.02500   
 413    36   1     0    11    11  412.       0.388      0.02500   
 413    37   1     0    10    10  412.       0.407      0.01875   
 413    38   1     0    10    10  412.       0.426      0.01875   
 413    39   1     0     9     9  412.       0.445      0.01875   
 413    40   1     0     6     6  412.       0.463      0.01875   
 413    41   1     0     5     5  412.       0.482      0.01875   
 413    42   1     0     5     5  413.       0.501      0.01875   
 413    43   1     0     5     5  413.       0.520      0.01875   
 413    44   1     0     5     5  413.       0.538      0.01875   
 413    45   1     0     4     4  413.       0.557      0.01875   
 413    46   1     0     4     4  413.       0.576      0.01875   
 413    47   1     0     7     7  413.       0.601      0.02500   
 413    48   1     0     5     5  413.       0.626      0.02500   
 413    49   1     0     4     4  413.       0.651      0.02500   
 413    50   1     0     4     4  413.       0.676      0.02500   
 413    51   1     0     4     4  413.       0.701      0.02500   
 413    52   1     0     3     3  413.       0.726      0.02500   
 413    53   1     0     7     7  413.       0.751      0.02500   
 413    54   1     0     7     7  413.       0.776      0.02500   
 413    55   1     0     5     5  413.       0.801      0.02500   
 413    56   1     0     4     4  413.       0.826      0.02500   
 413    57   1     0    10    10  413.       0.851      0.02500   
 413    58   1     0    10    10  413.       0.876      0.02500   
 413    59   1     0    10    10  413.       0.901      0.02500   
 413    60   1     0    10    10  413.       0.926      0.02500   
 413    61   1     0     6     6  413.       0.951      0.02500   
 413    62   1     0     6     6  413.       0.976      0.02500   
 413    63   1     0     5     5  413.       1.00       0.02403   
 414     1   1     0    10    10  413.       0.00500    0.005000  
 414     2   1     0    10    10  413.       0.0100     0.005000  
 414     3   1     0    10    10  413.       0.0150     0.005000  
 414     4   1     0     7     7  413.       0.0200     0.005000  
 414     5   1     0     6     6  413.       0.0250     0.005000  
 414     6   1     0     4     4  413.       0.0300     0.005000  
 414     7   1     0     1     1  413.       0.0350     0.005000  
 414     8   1     0     7     7  413.       0.0425     0.007500  
 414     9   1     0     2     2  413.       0.0500     0.007500  
 414    10   1     0     4     4  413.       0.0575     0.007500  
 414    11   1U    0     4     4  413.       0.0575     0.01125   
 414    11   2     0     9     9  413.       0.0603     0.002812  
 414    12   1     0     3     3  413.       0.0631     0.002812  
 414    13   1     0     4     4  413.       0.0659     0.002812  
 414    14   1     0     8     8  413.       0.0702     0.004219  
 414    15   1     0     1     1  413.       0.0744     0.004219  
 414    16   1     0     2     2  413.       0.0786     0.004219  
 414    17   1     0     6     6  413.       0.0849     0.006328  
 414    18   1     0     1     1  413.       0.0912     0.006328  
 414    19   1     0     2     2  413.       0.0976     0.006328  
 414    20   1     0     4     4  413.       0.107      0.009492  
 414    21   1     0     7     7  413.       0.121      0.01424   
 414    22   1     0     5     5  413.       0.136      0.01424   
 414    23   1     0     5     5  413.       0.150      0.01424   
 414    24   1     0     3     3  413.       0.164      0.01424   
 414    25   1     0     2     2  413.       0.178      0.01424   
 414    26   1     0     8     8  413.       0.200      0.02136   
 414    27   1     0     4     4  413.       0.221      0.02136   
 414    28   1     0     4     4  413.       0.242      0.02136   
 414    29   1     0     7     7  413.       0.267      0.02500   
 414    30   1     0     2     2  413.       0.292      0.02500   
 414    31   1     0     8     8  413.       0.317      0.02500   
 414    32   1     0    10    10  413.       0.342      0.02500   
 414    33   1     0    10    10  413.       0.367      0.02500   
 414    34   1     0    10    10  413.       0.392      0.02500   
 414    35   1     0    10    10  413.       0.417      0.02500   
 414    36   1     0    10    10  413.       0.442      0.02500   
 414    37   1     0     8     8  413.       0.467      0.02500   
 414    38   1     0     5     5  413.       0.492      0.02500   
 414    39   1     0     4     4  414.       0.517      0.02500   
 414    40   1     0     5     5  414.       0.542      0.02500   
 414    41   1     0     4     4  414.       0.567      0.02500   
 414    42   1     0     4     4  414.       0.592      0.02500   
 414    43   1     0     4     4  414.       0.617      0.02500   
 414    44   1     0     4     4  414.       0.642      0.02500   
 414    45   1     0     3     3  414.       0.667      0.02500   
 414    46   1     0     4     4  414.       0.692      0.02500   
 414    47   1     0     3     3  414.       0.717      0.02500   
 414    48   1     0     2     2  414.       0.742      0.02500   
 414    49   1     0    10    10  414.       0.767      0.02500   
 414    50   1     0     8     8  414.       0.792      0.02500   
 414    51   1     0     5     5  414.       0.817      0.02500   
 414    52   1     0    10    10  414.       0.842      0.02500   
 414    53   1     0    10    10  414.       0.867      0.02500   
 414    54   1     0    10    10  414.       0.892      0.02500   
 414    55   1     0    10    10  414.       0.917      0.02500   
 414    56   1     0     9     9  414.       0.942      0.02500   
 414    57   1     0     7     7  414.       0.967      0.02500   
 414    58   1     0     5     5  414.       0.992      0.02500   
 414    59   1     0    10    10  414.       1.00       0.007666  
 415     1   1     0    10    10  414.       0.00500    0.005000  
 415     2   1     0     7     7  414.       0.0100     0.005000  
 415     3   1     0     5     5  414.       0.0150     0.005000  
 415     4   1     0     3     3  414.       0.0200     0.005000  
 415     5   1     0     1     1  414.       0.0250     0.005000  
 415     6   1     0     5     5  414.       0.0325     0.007500  
 415     7   1     0     2     2  414.       0.0400     0.007500  
 415     8   1     0     4     4  414.       0.0475     0.007500  
 415     9   1     0     5     5  414.       0.0587     0.01125   
 415    10   1     0     4     4  414.       0.0700     0.01125   
 415    11   1     0     6     6  414.       0.0812     0.01125   
 415    12   1     0     4     4  414.       0.0925     0.01125   
 415    13   1     0     3     3  414.       0.104      0.01125   
 415    14   1     0     9     9  414.       0.121      0.01688   
 415    15   1     0     4     4  414.       0.137      0.01688   
 415    16   1     0     4     4  414.       0.154      0.01688   
 415    17   1     0     7     7  414.       0.179      0.02500   
 415    18   1     0     6     6  414.       0.204      0.02500   
 415    19   1     0     4     4  414.       0.229      0.02500   
 415    20   1     0    10    10  414.       0.254      0.02500   
 415    21   1     0     6     6  414.       0.279      0.02500   
 415    22   1     0     1     1  414.       0.304      0.02500   
 415    23   1     0    10    10  414.       0.329      0.02500   
 415    24   1     0    10    10  414.       0.354      0.02500   
 415    25   1     0    11    11  414.       0.379      0.02500   
 415    26   1     0    11    11  414.       0.398      0.01875   
 415    27   1     0    10    10  414.       0.412      0.01406   
 415    28   1     0     9     9  414.       0.426      0.01406   
 415    29   1     0     7     7  414.       0.440      0.01406   
 415    30   1     0     6     6  414.       0.454      0.01406   
 415    31   1     0     7     7  414.       0.468      0.01406   
 415    32   1     0     6     6  414.       0.482      0.01406   
 415    33   1     0     5     5  414.       0.497      0.01406   
 415    34   1     0     5     5  415.       0.511      0.01406   
 415    35   1     0     5     5  415.       0.525      0.01406   
 415    36   1     0     4     4  415.       0.539      0.01406   
 415    37   1     0     4     4  415.       0.553      0.01406   
 415    38   1     0     9     9  415.       0.574      0.02109   
 415    39   1     0     6     6  415.       0.595      0.02109   
 415    40   1     0     4     4  415.       0.616      0.02109   
 415    41   1     0     5     5  415.       0.637      0.02109   
 415    42   1     0     4     4  415.       0.658      0.02109   
 415    43   1     0     4     4  415.       0.679      0.02109   
 415    44   1     0     6     6  415.       0.704      0.02500   
 415    45   1     0     5     5  415.       0.729      0.02500   
 415    46   1     0    10    10  415.       0.754      0.02500   
 415    47   1     0     7     7  415.       0.779      0.02500   
 415    48   1     0     5     5  415.       0.804      0.02500   
 415    49   1     0     6     6  415.       0.829      0.02500   
 415    50   1     0    10    10  415.       0.854      0.02500   
 415    51   1     0    11    11  415.       0.879      0.02500   
 415    52   1     0    10    10  415.       0.898      0.01875   
 415    53   1     0    10    10  415.       0.917      0.01875   
 415    54   1     0     8     8  415.       0.936      0.01875   
 415    55   1     0     8     8  415.       0.954      0.01875   
 415    56   1     0     6     6  415.       0.973      0.01875   
 415    57   1     0     6     6  415.       0.992      0.01875   
 415    58   1     0    10    10  415.       1.00       0.008125  
 416     1   1     0    10    10  415.       0.00500    0.005000  
 416     2   1     0     8     8  415.       0.0100     0.005000  
 416     3   1     0     9     9  415.       0.0150     0.005000  
 416     4   1     0     6     6  415.       0.0200     0.005000  
 416     5   1     0     5     5  415.       0.0250     0.005000  
 416     6   1     0     3     3  415.       0.0300     0.005000  
 416     7   1     0     1     1  415.       0.0350     0.005000  
 416     8   1     0     9     9  415.       0.0425     0.007500  
 416     9   1     0     2     2  415.       0.0500     0.007500  
 416    10   1     0     5     5  415.       0.0575     0.007500  
 416    11   1     0     3     3  415.       0.0650     0.007500  
 416    12   1     0     2     2  415.       0.0725     0.007500  
 416    13   1     0     8     8  415.       0.0838     0.01125   
 416    14   1     0     3     3  415.       0.0950     0.01125   
 416    15   1     0     4     4  415.       0.106      0.01125   
 416    16   1     0     9     9  415.       0.123      0.01688   
 416    17   1     0     5     5  415.       0.140      0.01688   
 416    18   1     0     4     4  415.       0.157      0.01688   
 416    19   1     0     3     3  415.       0.174      0.01688   
 416    20   1     0     7     7  415.       0.199      0.02500   
 416    21   1     0     5     5  415.       0.224      0.02500   
 416    22   1     0     5     5  415.       0.249      0.02500   
 416    23   1     0     6     6  415.       0.274      0.02500   
 416    24   1     0     1     1  415.       0.299      0.02500   
 416    25   1     0     9     9  415.       0.324      0.02500   
 416    26   1     0    10    10  415.       0.349      0.02500   
 416    27   1     0    12    12  415.       0.374      0.02500   
 416    28   1     0    12    12  415.       0.393      0.01875   
 416    29   1     0    10    10  415.       0.407      0.01406   
 416    30   1     0     8     8  415.       0.421      0.01406   
 416    31   1     0     8     8  415.       0.435      0.01406   
 416    32   1     0     6     6  415.       0.449      0.01406   
 416    33   1     0     7     7  415.       0.463      0.01406   
 416    34   1     0     6     6  415.       0.477      0.01406   
 416    35   1     0     6     6  415.       0.491      0.01406   
 416    36   1     0     5     5  416.       0.505      0.01406   
 416    37   1     0     5     5  416.       0.519      0.01406   
 416    38   1     0     5     5  416.       0.533      0.01406   
 416    39   1     0     4     4  416.       0.547      0.01406   
 416    40   1     0     4     4  416.       0.561      0.01406   
 416    41   1     0     9     9  416.       0.582      0.02109   
 416    42   1     0     5     5  416.       0.603      0.02109   
 416    43   1     0     5     5  416.       0.625      0.02109   
 416    44   1     0     4     4  416.       0.646      0.02109   
 416    45   1     0     4     4  416.       0.667      0.02109   
 416    46   1     0     6     6  416.       0.692      0.02500   
 416    47   1     0     5     5  416.       0.717      0.02500   
 416    48   1     0     4     4  416.       0.742      0.02500   
 416    49   1     0    10    10  416.       0.767      0.02500   
 416    50   1     0     7     7  416.       0.792      0.02500   
 416    51   1     0     4     4  416.       0.817      0.02500   
 416    52   1     0    10    10  416.       0.842      0.02500   
 416    53   1     0    10    10  416.       0.867      0.02500   
 416    54   1     0    10    10  416.       0.892      0.02500   
 416    55   1     0    10    10  416.       0.917      0.02500   
 416    56   1     0     9     9  416.       0.942      0.02500   
 416    57   1     0     6     6  416.       0.967      0.02500   
 416    58   1     0     5     5  416.       0.992      0.02500   
 416    59   1     0    10    10  416.       1.00       0.008281  
 417     1   1     0    11    11  416.       0.00500    0.005000  
 417     2   1     0     7     7  416.       0.00875    0.003750  
 417     3   1     0    10    10  416.       0.0125     0.003750  
 417     4   1     0    10    10  416.       0.0163     0.003750  
 417     5   1     0     8     8  416.       0.0200     0.003750  
 417     6   1     0     7     7  416.       0.0238     0.003750  
 417     7   1     0     6     6  416.       0.0275     0.003750  
 417     8   1     0     4     4  416.       0.0312     0.003750  
 417     9   1     0     2     2  416.       0.0350     0.003750  
 417    10   1     0     8     8  416.       0.0406     0.005625  
 417    11   1     0     2     2  416.       0.0462     0.005625  
 417    12   1     0     4     4  416.       0.0519     0.005625  
 417    13   1     0     6     6  416.       0.0603     0.008438  
 417    14   1     0     2     2  416.       0.0688     0.008438  
 417    15   1     0     6     6  416.       0.0772     0.008438  
 417    16   1     0     4     4  416.       0.0856     0.008438  
 417    17   1     0     2     2  416.       0.0941     0.008438  
 417    18   1     0     9     9  416.       0.107      0.01266   
 417    19   1     0     4     4  416.       0.119      0.01266   
 417    20   1     0     4     4  416.       0.132      0.01266   
 417    21   1     0     8     8  416.       0.151      0.01898   
 417    22   1     0     5     5  416.       0.170      0.01898   
 417    23   1     0     4     4  416.       0.189      0.01898   
 417    24   1     0     4     4  416.       0.208      0.01898   
 417    25   1     0     7     7  416.       0.233      0.02500   
 417    26   1     0    10    10  416.       0.258      0.02500   
 417    27   1     0     6     6  416.       0.283      0.02500   
 417    28   1     0     3     3  416.       0.308      0.02500   
 417    29   1     0    10    10  416.       0.333      0.02500   
 417    30   1     0    10    10  416.       0.358      0.02500   
 417    31   1     0    11    11  416.       0.383      0.02500   
 417    32   1     0    10    10  416.       0.402      0.01875   
 417    33   1     0    10    10  416.       0.420      0.01875   
 417    34   1     0     9     9  416.       0.439      0.01875   
 417    35   1     0     7     7  416.       0.458      0.01875   
 417    36   1     0     5     5  416.       0.477      0.01875   
 417    37   1     0     5     5  416.       0.495      0.01875   
 417    38   1     0     5     5  417.       0.514      0.01875   
 417    39   1     0     5     5  417.       0.533      0.01875   
 417    40   1     0     4     4  417.       0.552      0.01875   
 417    41   1     0     4     4  417.       0.570      0.01875   
 417    42   1     0     7     7  417.       0.595      0.02500   
 417    43   1     0     5     5  417.       0.620      0.02500   
 417    44   1     0     4     4  417.       0.645      0.02500   
 417    45   1     0     4     4  417.       0.670      0.02500   
 417    46   1     0     4     4  417.       0.695      0.02500   
 417    47   1     0     3     3  417.       0.720      0.02500   
 417    48   1     0     3     3  417.       0.745      0.02500   
 417    49   1     0     8     8  417.       0.770      0.02500   
 417    50   1     0     8     8  417.       0.795      0.02500   
 417    51   1     0     4     4  417.       0.820      0.02500   
 417    52   1     0    10    10  417.       0.845      0.02500   
 417    53   1     0    11    11  417.       0.870      0.02500   
 417    54   1     0    10    10  417.       0.889      0.01875   
 417    55   1     0    11    11  417.       0.908      0.01875   
 417    56   1     0    10    10  417.       0.922      0.01406   
 417    57   1     0     7     7  417.       0.936      0.01406   
 417    58   1     0     5     5  417.       0.950      0.01406   
 417    59   1     0     6     6  417.       0.964      0.01406   
 417    60   1     0     8     8  417.       0.978      0.01406   
 417    61   1     0     5     5  417.       0.992      0.01406   
 417    62   1     0    10    10  417.       1.00       0.007656  
 418     1   1     0    10    10  417.       0.00500    0.005000  
 418     2   1     0     4     4  417.       0.0100     0.005000  
 418     3   1     0     5     5  417.       0.0150     0.005000  
 418     4   1     0     3     3  417.       0.0200     0.005000  
 418     5   1     0     1     1  417.       0.0250     0.005000  
 418     6   1     0     8     8  417.       0.0325     0.007500  
 418     7   1     0     2     2  417.       0.0400     0.007500  
 418     8   1     0     5     5  417.       0.0475     0.007500  
 418     9   1     0     3     3  417.       0.0550     0.007500  
 418    10   1     0     3     3  417.       0.0625     0.007500  
 418    11   1     0    10    10  417.       0.0737     0.01125   
 418    12   1     0     3     3  417.       0.0850     0.01125   
 418    13   1     0     4     4  417.       0.0962     0.01125   
 418    14   1     0     8     8  417.       0.113      0.01688   
 418    15   1     0     4     4  417.       0.130      0.01688   
 418    16   1     0     5     5  417.       0.147      0.01688   
 418    17   1     0     3     3  417.       0.164      0.01688   
 418    18   1     0     2     2  417.       0.181      0.01688   
 418    19   1     0     7     7  417.       0.206      0.02500   
 418    20   1     0     6     6  417.       0.231      0.02500   
 418    21   1     0    10    10  417.       0.256      0.02500   
 418    22   1     0     6     6  417.       0.281      0.02500   
 418    23   1     0     1     1  417.       0.306      0.02500   
 418    24   1     0    10    10  417.       0.331      0.02500   
 418    25   1     0    10    10  417.       0.356      0.02500   
 418    26   1     0    11    11  417.       0.381      0.02500   
 418    27   1     0    10    10  417.       0.399      0.01875   
 418    28   1     0    10    10  417.       0.418      0.01875   
 418    29   1     0     9     9  417.       0.437      0.01875   
 418    30   1     0     7     7  417.       0.456      0.01875   
 418    31   1     0     5     5  417.       0.474      0.01875   
 418    32   1     0     5     5  417.       0.493      0.01875   
 418    33   1     0     5     5  418.       0.512      0.01875   
 418    34   1     0     5     5  418.       0.531      0.01875   
 418    35   1     0     4     4  418.       0.549      0.01875   
 418    36   1     0     4     4  418.       0.568      0.01875   
 418    37   1     0     7     7  418.       0.593      0.02500   
 418    38   1     0     5     5  418.       0.618      0.02500   
 418    39   1     0     4     4  418.       0.643      0.02500   
 418    40   1     0     4     4  418.       0.668      0.02500   
 418    41   1     0     4     4  418.       0.693      0.02500   
 418    42   1     0     3     3  418.       0.718      0.02500   
 418    43   1     0     3     3  418.       0.743      0.02500   
 418    44   1     0     9     9  418.       0.768      0.02500   
 418    45   1     0     7     7  418.       0.793      0.02500   
 418    46   1     0     4     4  418.       0.818      0.02500   
 418    47   1     0    10    10  418.       0.843      0.02500   
 418    48   1     0    12    12  418.       0.868      0.02500   
 418    49   1     0    10    10  418.       0.887      0.01875   
 418    50   1     0    11    11  418.       0.906      0.01875   
 418    51   1     0    10    10  418.       0.920      0.01406   
 418    52   1     0    10    10  418.       0.934      0.01406   
 418    53   1     0     8     8  418.       0.948      0.01406   
 418    54   1     0     6     6  418.       0.962      0.01406   
 418    55   1     0     7     7  418.       0.976      0.01406   
 418    56   1     0     5     5  418.       0.990      0.01406   
 418    57   1     0    10    10  418.       1.00       0.01000   
 419     1   1     0    10    10  418.       0.00500    0.005000  
 419     2   1     0     5     5  418.       0.0100     0.005000  
 419     3   1     0     5     5  418.       0.0150     0.005000  
 419     4   1     0     3     3  418.       0.0200     0.005000  
 419     5   1     0     2     2  418.       0.0250     0.005000  
 419     6   1     0     7     7  418.       0.0325     0.007500  
 419     7   1     0     2     2  418.       0.0400     0.007500  
 419     8   1     0     5     5  418.       0.0475     0.007500  
 419     9   1     0     3     3  418.       0.0550     0.007500  
 419    10   1     0     3     3  418.       0.0625     0.007500  
 419    11   1     0    10    10  418.       0.0737     0.01125   
 419    12   1     0     4     4  418.       0.0850     0.01125   
 419    13   1     0     4     4  418.       0.0962     0.01125   
 419    14   1     0     9     9  418.       0.113      0.01688   
 419    15   1     0     5     5  418.       0.130      0.01688   
 419    16   1     0     5     5  418.       0.147      0.01688   
 419    17   1     0     3     3  418.       0.164      0.01688   
 419    18   1     0     2     2  418.       0.181      0.01688   
 419    19   1     0     7     7  418.       0.206      0.02500   
 419    20   1     0     6     6  418.       0.231      0.02500   
 419    21   1     0    10    10  418.       0.256      0.02500   
 419    22   1     0     6     6  418.       0.281      0.02500   
 419    23   1     0     1     1  418.       0.306      0.02500   
 419    24   1     0    10    10  418.       0.331      0.02500   
 419    25   1     0    10    10  418.       0.356      0.02500   
 419    26   1     0    11    11  418.       0.381      0.02500   
 419    27   1     0    10    10  418.       0.399      0.01875   
 419    28   1     0    10    10  418.       0.418      0.01875   
 419    29   1     0     9     9  418.       0.437      0.01875   
 419    30   1     0     7     7  418.       0.456      0.01875   
 419    31   1     0     5     5  418.       0.474      0.01875   
 419    32   1     0     5     5  418.       0.493      0.01875   
 419    33   1     0     5     5  419.       0.512      0.01875   
 419    34   1     0     5     5  419.       0.531      0.01875   
 419    35   1     0     4     4  419.       0.549      0.01875   
 419    36   1     0     4     4  419.       0.568      0.01875   
 419    37   1     0     7     7  419.       0.593      0.02500   
 419    38   1     0     5     5  419.       0.618      0.02500   
 419    39   1     0     4     4  419.       0.643      0.02500   
 419    40   1     0     4     4  419.       0.668      0.02500   
 419    41   1     0     4     4  419.       0.693      0.02500   
 419    42   1     0     3     3  419.       0.718      0.02500   
 419    43   1     0     3     3  419.       0.743      0.02500   
 419    44   1     0     9     9  419.       0.768      0.02500   
 419    45   1     0     7     7  419.       0.793      0.02500   
 419    46   1     0     4     4  419.       0.818      0.02500   
 419    47   1     0    10    10  419.       0.843      0.02500   
 419    48   1U    0     9     9  419.       0.843      0.02500   
 419    48   2     0    11    11  419.       0.856      0.01250   
 419    49   1     0    11    11  419.       0.865      0.009375  
 419    50   1     0    10    10  419.       0.872      0.007031  
 419    51   1     0    10    10  419.       0.879      0.007031  
 419    52   1     0    10    10  419.       0.886      0.007031  
 419    53   1     0     9     9  419.       0.893      0.007031  
 419    54   1     0     5     5  419.       0.900      0.007031  
 419    55   1     0     6     6  419.       0.907      0.007031  
 419    56   1     0     7     7  419.       0.914      0.007031  
 419    57   1     0     5     5  419.       0.921      0.007031  
 419    58   1     0     3     3  419.       0.928      0.007031  
 419    59   1     0     3     3  419.       0.935      0.007031  
 419    60   1     0     4     4  419.       0.946      0.01055   
 419    61   1     0     3     3  419.       0.962      0.01582   
 419    62   1     0     6     6  419.       0.985      0.02373   
 419    63   1     0    10    10  419.       1.00       0.01459   
 420     1   1     0    10    10  419.       0.00500    0.005000  
 420     2   1     0     9     9  419.       0.0100     0.005000  
 420     3   1     0     9     9  419.       0.0150     0.005000  
 420     4   1     0     7     7  419.       0.0200     0.005000  
 420     5   1     0     5     5  419.       0.0250     0.005000  
 420     6   1     0     3     3  419.       0.0300     0.005000  
 420     7   1     0     1     1  419.       0.0350     0.005000  
 420     8   1     0     8     8  419.       0.0425     0.007500  
 420     9   1     0     2     2  419.       0.0500     0.007500  
 420    10   1     0     4     4  419.       0.0575     0.007500  
 420    11   1U    0     5     5  419.       0.0575     0.01125   
 420    11   2     0    10    10  419.       0.0603     0.002812  
 420    12   1     0     4     4  419.       0.0631     0.002812  
 420    13   1     0     5     5  419.       0.0659     0.002812  
 420    14   1     0     4     4  419.       0.0687     0.002812  
 420    15   1     0     3     3  419.       0.0716     0.002812  
 420    16   1     0     7     7  419.       0.0758     0.004219  
 420    17   1     0     1     1  419.       0.0800     0.004219  
 420    18   1     0     1     1  419.       0.0842     0.004219  
 420    19   1     0     5     5  419.       0.0905     0.006328  
 420    20   1     0     1     1  419.       0.0969     0.006328  
 420    21   1     0     2     2  419.       0.103      0.006328  
 420    22   1     0     5     5  419.       0.113      0.009492  
 420    23   1     0     2     2  419.       0.122      0.009492  
 420    24   1     0     3     3  419.       0.132      0.009492  
 420    25   1     0     7     7  419.       0.146      0.01424   
 420    26   1     0     4     4  419.       0.160      0.01424   
 420    27   1     0     4     4  419.       0.174      0.01424   
 420    28   1     0     7     7  419.       0.196      0.02136   
 420    29   1     0     4     4  419.       0.217      0.02136   
 420    30   1     0     4     4  419.       0.238      0.02136   
 420    31   1     0    10    10  419.       0.263      0.02500   
 420    32   1     0     2     2  419.       0.288      0.02500   
 420    33   1     0     7     7  419.       0.313      0.02500   
 420    34   1     0    10    10  419.       0.338      0.02500   
 420    35   1     0    10    10  419.       0.363      0.02500   
 420    36   1     0    11    11  419.       0.388      0.02500   
 420    37   1     0    10    10  419.       0.407      0.01875   
 420    38   1     0    10    10  419.       0.426      0.01875   
 420    39   1     0     9     9  419.       0.445      0.01875   
 420    40   1     0     6     6  419.       0.463      0.01875   
 420    41   1     0     5     5  419.       0.482      0.01875   
 420    42   1     0     5     5  420.       0.501      0.01875   
 420    43   1     0     5     5  420.       0.520      0.01875   
 420    44   1     0     5     5  420.       0.538      0.01875   
 420    45   1     0     4     4  420.       0.557      0.01875   
 420    46   1     0     4     4  420.       0.576      0.01875   
 420    47   1     0     7     7  420.       0.601      0.02500   
 420    48   1     0     5     5  420.       0.626      0.02500   
 420    49   1     0     4     4  420.       0.651      0.02500   
 420    50   1     0     4     4  420.       0.676      0.02500   
 420    51   1     0     4     4  420.       0.701      0.02500   
 420    52   1     0     3     3  420.       0.726      0.02500   
 420    53   1     0     7     7  420.       0.751      0.02500   
 420    54   1     0     7     7  420.       0.776      0.02500   
 420    55   1     0     5     5  420.       0.801      0.02500   
 420    56   1     0     4     4  420.       0.826      0.02500   
 420    57   1     0    10    10  420.       0.851      0.02500   
 420    58   1     0    10    10  420.       0.876      0.02500   
 420    59   1     0    10    10  420.       0.901      0.02500   
 420    60   1     0    10    10  420.       0.926      0.02500   
 420    61   1     0     6     6  420.       0.951      0.02500   
 420    62   1     0     6     6  420.       0.976      0.02500   
 420    63   1     0     5     5  420.       1.00       0.02403   
 421     1   1     0    10    10  420.       0.00500    0.005000  
 421     2   1     0    10    10  420.       0.0100     0.005000  
 421     3   1     0    10    10  420.       0.0150     0.005000  
 421     4   1     0     7     7  420.       0.0200     0.005000  
 421     5   1     0     6     6  420.       0.0250     0.005000  
 421     6   1     0     4     4  420.       0.0300     0.005000  
 421     7   1     0     1     1  420.       0.0350     0.005000  
 421     8   1     0     7     7  420.       0.0425     0.007500  
 421     9   1     0     2     2  420.       0.0500     0.007500  
 421    10   1     0     4     4  420.       0.0575     0.007500  
 421    11   1U    0     4     4  420.       0.0575     0.01125   
 421    11   2     0     9     9  420.       0.0603     0.002812  
 421    12   1     0     3     3  420.       0.0631     0.002812  
 421    13   1     0     4     4  420.       0.0659     0.002812  
 421    14   1     0     8     8  420.       0.0702     0.004219  
 421    15   1     0     1     1  420.       0.0744     0.004219  
 421    16   1     0     2     2  420.       0.0786     0.004219  
 421    17   1     0     6     6  420.       0.0849     0.006328  
 421    18   1     0     1     1  420.       0.0912     0.006328  
 421    19   1     0     2     2  420.       0.0976     0.006328  
 421    20   1     0     4     4  420.       0.107      0.009492  
 421    21   1     0     7     7  420.       0.121      0.01424   
 421    22   1     0     5     5  420.       0.136      0.01424   
 421    23   1     0     5     5  420.       0.150      0.01424   
 421    24   1     0     3     3  420.       0.164      0.01424   
 421    25   1     0     2     2  420.       0.178      0.01424   
 421    26   1     0     8     8  420.       0.200      0.02136   
 421    27   1     0     4     4  420.       0.221      0.02136   
 421    28   1     0     4     4  420.       0.242      0.02136   
 421    29   1     0     7     7  420.       0.267      0.02500   
 421    30   1     0     2     2  420.       0.292      0.02500   
 421    31   1     0     8     8  420.       0.317      0.02500   
 421    32   1     0    10    10  420.       0.342      0.02500   
 421    33   1     0    10    10  420.       0.367      0.02500   
 421    34   1     0    10    10  420.       0.392      0.02500   
 421    35   1     0    10    10  420.       0.417      0.02500   
 421    36   1     0    10    10  420.       0.442      0.02500   
 421    37   1     0     8     8  420.       0.467      0.02500   
 421    38   1     0     5     5  420.       0.492      0.02500   
 421    39   1     0     4     4  421.       0.517      0.02500   
 421    40   1     0     5     5  421.       0.542      0.02500   
 421    41   1     0     4     4  421.       0.567      0.02500   
 421    42   1     0     4     4  421.       0.592      0.02500   
 421    43   1     0     4     4  421.       0.617      0.02500   
 421    44   1     0     4     4  421.       0.642      0.02500   
 421    45   1     0     3     3  421.       0.667      0.02500   
 421    46   1     0     4     4  421.       0.692      0.02500   
 421    47   1     0     3     3  421.       0.717      0.02500   
 421    48   1     0     2     2  421.       0.742      0.02500   
 421    49   1     0    10    10  421.       0.767      0.02500   
 421    50   1     0     8     8  421.       0.792      0.02500   
 421    51   1     0     5     5  421.       0.817      0.02500   
 421    52   1     0    10    10  421.       0.842      0.02500   
 421    53   1     0    10    10  421.       0.867      0.02500   
 421    54   1     0    10    10  421.       0.892      0.02500   
 421    55   1     0    10    10  421.       0.917      0.02500   
 421    56   1     0     9     9  421.       0.942      0.02500   
 421    57   1     0     7     7  421.       0.967      0.02500   
 421    58   1     0     5     5  421.       0.992      0.02500   
 421    59   1     0    10    10  421.       1.00       0.007666  
 422     1   1     0    10    10  421.       0.00500    0.005000  
 422     2   1     0     7     7  421.       0.0100     0.005000  
 422     3   1     0     5     5  421.       0.0150     0.005000  
 422     4   1     0     3     3  421.       0.0200     0.005000  
 422     5   1     0     1     1  421.       0.0250     0.005000  
 422     6   1     0     5     5  421.       0.0325     0.007500  
 422     7   1     0     2     2  421.       0.0400     0.007500  
 422     8   1     0     4     4  421.       0.0475     0.007500  
 422     9   1     0     5     5  421.       0.0587     0.01125   
 422    10   1     0     4     4  421.       0.0700     0.01125   
 422    11   1     0     6     6  421.       0.0812     0.01125   
 422    12   1     0     4     4  421.       0.0925     0.01125   
 422    13   1     0     3     3  421.       0.104      0.01125   
 422    14   1     0     9     9  421.       0.121      0.01688   
 422    15   1     0     4     4  421.       0.137      0.01688   
 422    16   1     0     4     4  421.       0.154      0.01688   
 422    17   1     0     7     7  421.       0.179      0.02500   
 422    18   1     0     6     6  421.       0.204      0.02500   
 422    19   1     0     4     4  421.       0.229      0.02500   
 422    20   1     0    10    10  421.       0.254      0.02500   
 422    21   1     0     6     6  421.       0.279      0.02500   
 422    22   1     0     1     1  421.       0.304      0.02500   
 422    23   1     0    10    10  421.       0.329      0.02500   
 422    24   1     0    10    10  421.       0.354      0.02500   
 422    25   1     0    11    11  421.       0.379      0.02500   
 422    26   1     0    11    11  421.       0.398      0.01875   
 422    27   1     0    10    10  421.       0.412      0.01406   
 422    28   1     0     9     9  421.       0.426      0.01406   
 422    29   1     0     7     7  421.       0.440      0.01406   
 422    30   1     0     6     6  421.       0.454      0.01406   
 422    31   1     0     7     7  421.       0.468      0.01406   
 422    32   1     0     6     6  421.       0.482      0.01406   
 422    33   1     0     5     5  421.       0.497      0.01406   
 422    34   1     0     5     5  422.       0.511      0.01406   
 422    35   1     0     5     5  422.       0.525      0.01406   
 422    36   1     0     4     4  422.       0.539      0.01406   
 422    37   1     0     4     4  422.       0.553      0.01406   
 422    38   1     0     9     9  422.       0.574      0.02109   
 422    39   1     0     6     6  422.       0.595      0.02109   
 422    40   1     0     4     4  422.       0.616      0.02109   
 422    41   1     0     5     5  422.       0.637      0.02109   
 422    42   1     0     4     4  422.       0.658      0.02109   
 422    43   1     0     4     4  422.       0.679      0.02109   
 422    44   1     0     6     6  422.       0.704      0.02500   
 422    45   1     0     5     5  422.       0.729      0.02500   
 422    46   1     0    10    10  422.       0.754      0.02500   
 422    47   1     0     7     7  422.       0.779      0.02500   
 422    48   1     0     5     5  422.       0.804      0.02500   
 422    49   1     0     6     6  422.       0.829      0.02500   
 422    50   1     0    10    10  422.       0.854      0.02500   
 422    51   1     0    11    11  422.       0.879      0.02500   
 422    52   1     0    10    10  422.       0.898      0.01875   
 422    53   1     0    10    10  422.       0.917      0.01875   
 422    54   1     0     8     8  422.       0.936      0.01875   
 422    55   1     0     8     8  422.       0.954      0.01875   
 422    56   1     0     6     6  422.       0.973      0.01875   
 422    57   1     0     6     6  422.       0.992      0.01875   
 422    58   1     0    10    10  422.       1.00       0.008125  
 423     1   1     0    10    10  422.       0.00500    0.005000  
 423     2   1     0     8     8  422.       0.0100     0.005000  
 423     3   1     0     9     9  422.       0.0150     0.005000  
 423     4   1     0     6     6  422.       0.0200     0.005000  
 423     5   1     0     5     5  422.       0.0250     0.005000  
 423     6   1     0     3     3  422.       0.0300     0.005000  
 423     7   1     0     1     1  422.       0.0350     0.005000  
 423     8   1     0     9     9  422.       0.0425     0.007500  
 423     9   1     0     2     2  422.       0.0500     0.007500  
 423    10   1     0     5     5  422.       0.0575     0.007500  
 423    11   1     0     3     3  422.       0.0650     0.007500  
 423    12   1     0     2     2  422.       0.0725     0.007500  
 423    13   1     0     8     8  422.       0.0838     0.01125   
 423    14   1     0     3     3  422.       0.0950     0.01125   
 423    15   1     0     4     4  422.       0.106      0.01125   
 423    16   1     0     9     9  422.       0.123      0.01688   
 423    17   1     0     5     5  422.       0.140      0.01688   
 423    18   1     0     4     4  422.       0.157      0.01688   
 423    19   1     0     3     3  422.       0.174      0.01688   
 423    20   1     0     7     7  422.       0.199      0.02500   
 423    21   1     0     5     5  422.       0.224      0.02500   
 423    22   1     0     5     5  422.       0.249      0.02500   
 423    23   1     0     6     6  422.       0.274      0.02500   
 423    24   1     0     1     1  422.       0.299      0.02500   
 423    25   1     0     9     9  422.       0.324      0.02500   
 423    26   1     0    10    10  422.       0.349      0.02500   
 423    27   1     0    12    12  422.       0.374      0.02500   
 423    28   1     0    12    12  422.       0.393      0.01875   
 423    29   1     0    10    10  422.       0.407      0.01406   
 423    30   1     0     8     8  422.       0.421      0.01406   
 423    31   1     0     8     8  422.       0.435      0.01406   
 423    32   1     0     6     6  422.       0.449      0.01406   
 423    33   1     0     7     7  422.       0.463      0.01406   
 423    34   1     0     6     6  422.       0.477      0.01406   
 423    35   1     0     6     6  422.       0.491      0.01406   
 423    36   1     0     5     5  423.       0.505      0.01406   
 423    37   1     0     5     5  423.       0.519      0.01406   
 423    38   1     0     5     5  423.       0.533      0.01406   
 423    39   1     0     4     4  423.       0.547      0.01406   
 423    40   1     0     4     4  423.       0.561      0.01406   
 423    41   1     0     9     9  423.       0.582      0.02109   
 423    42   1     0     5     5  423.       0.603      0.02109   
 423    43   1     0     5     5  423.       0.625      0.02109   
 423    44   1     0     4     4  423.       0.646      0.02109   
 423    45   1     0     4     4  423.       0.667      0.02109   
 423    46   1     0     6     6  423.       0.692      0.02500   
 423    47   1     0     5     5  423.       0.717      0.02500   
 423    48   1     0     4     4  423.       0.742      0.02500   
 423    49   1     0    10    10  423.       0.767      0.02500   
 423    50   1     0     7     7  423.       0.792      0.02500   
 423    51   1     0     4     4  423.       0.817      0.02500   
 423    52   1     0    10    10  423.       0.842      0.02500   
 423    53   1     0    10    10  423.       0.867      0.02500   
 423    54   1     0    10    10  423.       0.892      0.02500   
 423    55   1     0    10    10  423.       0.917      0.02500   
 423    56   1     0     9     9  423.       0.942      0.02500   
 423    57   1     0     6     6  423.       0.967      0.02500   
 423    58   1     0     5     5  423.       0.992      0.02500   
 423    59   1     0    10    10  423.       1.00       0.008281  
 424     1   1     0    11    11  423.       0.00500    0.005000  
 424     2   1     0     7     7  423.       0.00875    0.003750  
 424     3   1     0    10    10  423.       0.0125     0.003750  
 424     4   1     0    10    10  423.       0.0163     0.003750  
 424     5   1     0     8     8  423.       0.0200     0.003750  
 424     6   1     0     7     7  423.       0.0238     0.003750  
 424     7   1     0     6     6  423.       0.0275     0.003750  
 424     8   1     0     4     4  423.       0.0312     0.003750  
 424     9   1     0     2     2  423.       0.0350     0.003750  
 424    10   1     0     8     8  423.       0.0406     0.005625  
 424    11   1     0     2     2  423.       0.0462     0.005625  
 424    12   1     0     4     4  423.       0.0519     0.005625  
 424    13   1     0     6     6  423.       0.0603     0.008438  
 424    14   1     0     2     2  423.       0.0688     0.008438  
 424    15   1     0     6     6  423.       0.0772     0.008438  
 424    16   1     0     4     4  423.       0.0856     0.008438  
 424    17   1     0     2     2  423.       0.0941     0.008438  
 424    18   1     0     9     9  423.       0.107      0.01266   
 424    19   1     0     4     4  423.       0.119      0.01266   
 424    20   1     0     4     4  423.       0.132      0.01266   
 424    21   1     0     8     8  423.       0.151      0.01898   
 424    22   1     0     5     5  423.       0.170      0.01898   
 424    23   1     0     4     4  423.       0.189      0.01898   
 424    24   1     0     4     4  423.       0.208      0.01898   
 424    25   1     0     7     7  423.       0.233      0.02500   
 424    26   1     0    10    10  423.       0.258      0.02500   
 424    27   1     0     6     6  423.       0.283      0.02500   
 424    28   1     0     3     3  423.       0.308      0.02500   
 424    29   1     0    10    10  423.       0.333      0.02500   
 424    30   1     0    10    10  423.       0.358      0.02500   
 424    31   1     0    11    11  423.       0.383      0.02500   
 424    32   1     0    10    10  423.       0.402      0.01875   
 424    33   1     0    10    10  423.       0.420      0.01875   
 424    34   1     0     9     9  423.       0.439      0.01875   
 424    35   1     0     7     7  423.       0.458      0.01875   
 424    36   1     0     5     5  423.       0.477      0.01875   
 424    37   1     0     5     5  423.       0.495      0.01875   
 424    38   1     0     5     5  424.       0.514      0.01875   
 424    39   1     0     5     5  424.       0.533      0.01875   
 424    40   1     0     4     4  424.       0.552      0.01875   
 424    41   1     0     4     4  424.       0.570      0.01875   
 424    42   1     0     7     7  424.       0.595      0.02500   
 424    43   1     0     5     5  424.       0.620      0.02500   
 424    44   1     0     4     4  424.       0.645      0.02500   
 424    45   1     0     4     4  424.       0.670      0.02500   
 424    46   1     0     4     4  424.       0.695      0.02500   
 424    47   1     0     3     3  424.       0.720      0.02500   
 424    48   1     0     3     3  424.       0.745      0.02500   
 424    49   1     0     8     8  424.       0.770      0.02500   
 424    50   1     0     8     8  424.       0.795      0.02500   
 424    51   1     0     4     4  424.       0.820      0.02500   
 424    52   1     0    10    10  424.       0.845      0.02500   
 424    53   1     0    11    11  424.       0.870      0.02500   
 424    54   1     0    10    10  424.       0.889      0.01875   
 424    55   1     0    11    11  424.       0.908      0.01875   
 424    56   1     0    10    10  424.       0.922      0.01406   
 424    57   1     0     7     7  424.       0.936      0.01406   
 424    58   1     0     5     5  424.       0.950      0.01406   
 424    59   1     0     6     6  424.       0.964      0.01406   
 424    60   1     0     8     8  424.       0.978      0.01406   
 424    61   1     0     5     5  424.       0.992      0.01406   
 424    62   1     0    10    10  424.       1.00       0.007656  
 425     1   1     0    10    10  424.       0.00500    0.005000  
 425     2   1     0     4     4  424.       0.0100     0.005000  
 425     3   1     0     5     5  424.       0.0150     0.005000  
 425     4   1     0     3     3  424.       0.0200     0.005000  
 425     5   1     0     1     1  424.       0.0250     0.005000  
 425     6   1     0     8     8  424.       0.0325     0.007500  
 425     7   1     0     2     2  424.       0.0400     0.007500  
 425     8   1     0     5     5  424.       0.0475     0.007500  
 425     9   1     0     3     3  424.       0.0550     0.007500  
 425    10   1     0     3     3  424.       0.0625     0.007500  
 425    11   1     0    10    10  424.       0.0737     0.01125   
 425    12   1     0     3     3  424.       0.0850     0.01125   
 425    13   1     0     4     4  424.       0.0962     0.01125   
 425    14   1     0     8     8  424.       0.113      0.01688   
 425    15   1     0     4     4  424.       0.130      0.01688   
 425    16   1     0     5     5  424.       0.147      0.01688   
 425    17   1     0     3     3  424.       0.164      0.01688   
 425    18   1     0     2     2  424.       0.181      0.01688   
 425    19   1     0     7     7  424.       0.206      0.02500   
 425    20   1     0     6     6  424.       0.231      0.02500   
 425    21   1     0    10    10  424.       0.256      0.02500   
 425    22   1     0     6     6  424.       0.281      0.02500   
 425    23   1     0     1     1  424.       0.306      0.02500   
 425    24   1     0    10    10  424.       0.331      0.02500   
 425    25   1     0    10    10  424.       0.356      0.02500   
 425    26   1     0    11    11  424.       0.381      0.02500   
 425    27   1     0    10    10  424.       0.399      0.01875   
 425    28   1     0    10    10  424.       0.418      0.01875   
 425    29   1     0     9     9  424.       0.437      0.01875   
 425    30   1     0     7     7  424.       0.456      0.01875   
 425    31   1     0     5     5  424.       0.474      0.01875   
 425    32   1     0     5     5  424.       0.493      0.01875   
 425    33   1     0     5     5  425.       0.512      0.01875   
 425    34   1     0     5     5  425.       0.531      0.01875   
 425    35   1     0     4     4  425.       0.549      0.01875   
 425    36   1     0     4     4  425.       0.568      0.01875   
 425    37   1     0     7     7  425.       0.593      0.02500   
 425    38   1     0     5     5  425.       0.618      0.02500   
 425    39   1     0     4     4  425.       0.643      0.02500   
 425    40   1     0     4     4  425.       0.668      0.02500   
 425    41   1     0     4     4  425.       0.693      0.02500   
 425    42   1     0     3     3  425.       0.718      0.02500   
 425    43   1     0     3     3  425.       0.743      0.02500   
 425    44   1     0     9     9  425.       0.768      0.02500   
 425    45   1     0     7     7  425.       0.793      0.02500   
 425    46   1     0     4     4  425.       0.818      0.02500   
 425    47   1     0    10    10  425.       0.843      0.02500   
 425    48   1     0    12    12  425.       0.868      0.02500   
 425    49   1     0    10    10  425.       0.887      0.01875   
 425    50   1     0    11    11  425.       0.906      0.01875   
 425    51   1     0    10    10  425.       0.920      0.01406   
 425    52   1     0    10    10  425.       0.934      0.01406   
 425    53   1     0     8     8  425.       0.948      0.01406   
 425    54   1     0     6     6  425.       0.962      0.01406   
 425    55   1     0     7     7  425.       0.976      0.01406   
 425    56   1     0     5     5  425.       0.990      0.01406   
 425    57   1     0    10    10  425.       1.00       0.01000   
 426     1   1     0    10    10  425.       0.00500    0.005000  
 426     2   1     0     5     5  425.       0.0100     0.005000  
 426     3   1     0     5     5  425.       0.0150     0.005000  
 426     4   1     0     3     3  425.       0.0200     0.005000  
 426     5   1     0     2     2  425.       0.0250     0.005000  
 426     6   1     0     7     7  425.       0.0325     0.007500  
 426     7   1     0     2     2  425.       0.0400     0.007500  
 426     8   1     0     5     5  425.       0.0475     0.007500  
 426     9   1     0     3     3  425.       0.0550     0.007500  
 426    10   1     0     3     3  425.       0.0625     0.007500  
 426    11   1     0    10    10  425.       0.0737     0.01125   
 426    12   1     0     4     4  425.       0.0850     0.01125   
 426    13   1     0     4     4  425.       0.0962     0.01125   
 426    14   1     0     9     9  425.       0.113      0.01688   
 426    15   1     0     5     5  425.       0.130      0.01688   
 426    16   1     0     5     5  425.       0.147      0.01688   
 426    17   1     0     3     3  425.       0.164      0.01688   
 426    18   1     0     2     2  425.       0.181      0.01688   
 426    19   1     0     7     7  425.       0.206      0.02500   
 426    20   1     0     6     6  425.       0.231      0.02500   
 426    21   1     0    10    10  425.       0.256      0.02500   
 426    22   1     0     6     6  425.       0.281      0.02500   
 426    23   1     0     1     1  425.       0.306      0.02500   
 426    24   1     0    10    10  425.       0.331      0.02500   
 426    25   1     0    10    10  425.       0.356      0.02500   
 426    26   1     0    11    11  425.       0.381      0.02500   
 426    27   1     0    10    10  425.       0.399      0.01875   
 426    28   1     0    10    10  425.       0.418      0.01875   
 426    29   1     0     9     9  425.       0.437      0.01875   
 426    30   1     0     7     7  425.       0.456      0.01875   
 426    31   1     0     5     5  425.       0.474      0.01875   
 426    32   1     0     5     5  425.       0.493      0.01875   
 426    33   1     0     5     5  426.       0.512      0.01875   
 426    34   1     0     5     5  426.       0.531      0.01875   
 426    35   1     0     4     4  426.       0.549      0.01875   
 426    36   1     0     4     4  426.       0.568      0.01875   
 426    37   1     0     7     7  426.       0.593      0.02500   
 426    38   1     0     5     5  426.       0.618      0.02500   
 426    39   1     0     4     4  426.       0.643      0.02500   
 426    40   1     0     4     4  426.       0.668      0.02500   
 426    41   1     0     4     4  426.       0.693      0.02500   
 426    42   1     0     3     3  426.       0.718      0.02500   
 426    43   1     0     3     3  426.       0.743      0.02500   
 426    44   1     0     9     9  426.       0.768      0.02500   
 426    45   1     0     7     7  426.       0.793      0.02500   
 426    46   1     0     4     4  426.       0.818      0.02500   
 426    47   1     0    10    10  426.       0.843      0.02500   
 426    48   1U    0     9     9  426.       0.843      0.02500   
 426    48   2     0    11    11  426.       0.856      0.01250   
 426    49   1     0    11    11  426.       0.865      0.009375  
 426    50   1     0    10    10  426.       0.872      0.007031  
 426    51   1     0    10    10  426.       0.879      0.007031  
 426    52   1     0    10    10  426.       0.886      0.007031  
 426    53   1     0     9     9  426.       0.893      0.007031  
 426    54   1     0     5     5  426.       0.900      0.007031  
 426    55   1     0     6     6  426.       0.907      0.007031  
 426    56   1     0     7     7  426.       0.914      0.007031  
 426    57   1     0     5     5  426.       0.921      0.007031  
 426    58   1     0     3     3  426.       0.928      0.007031  
 426    59   1     0     3     3  426.       0.935      0.007031  
 426    60   1     0     4     4  426.       0.946      0.01055   
 426    61   1     0     3     3  426.       0.962      0.01582   
 426    62   1     0     6     6  426.       0.985      0.02373   
 426    63   1     0    10    10  426.       1.00       0.01459   
 427     1   1     0    10    10  426.       0.00500    0.005000  
 427     2   1     0     9     9  426.       0.0100     0.005000  
 427     3   1     0     9     9  426.       0.0150     0.005000  
 427     4   1     0     7     7  426.       0.0200     0.005000  
 427     5   1     0     5     5  426.       0.0250     0.005000  
 427     6   1     0     3     3  426.       0.0300     0.005000  
 427     7   1     0     1     1  426.       0.0350     0.005000  
 427     8   1     0     8     8  426.       0.0425     0.007500  
 427     9   1     0     2     2  426.       0.0500     0.007500  
 427    10   1     0     4     4  426.       0.0575     0.007500  
 427    11   1U    0     5     5  426.       0.0575     0.01125   
 427    11   2     0    10    10  426.       0.0603     0.002812  
 427    12   1     0     4     4  426.       0.0631     0.002812  
 427    13   1     0     5     5  426.       0.0659     0.002812  
 427    14   1     0     4     4  426.       0.0687     0.002812  
 427    15   1     0     3     3  426.       0.0716     0.002812  
 427    16   1     0     7     7  426.       0.0758     0.004219  
 427    17   1     0     1     1  426.       0.0800     0.004219  
 427    18   1     0     1     1  426.       0.0842     0.004219  
 427    19   1     0     5     5  426.       0.0905     0.006328  
 427    20   1     0     1     1  426.       0.0969     0.006328  
 427    21   1     0     2     2  426.       0.103      0.006328  
 427    22   1     0     5     5  426.       0.113      0.009492  
 427    23   1     0     2     2  426.       0.122      0.009492  
 427    24   1     0     3     3  426.       0.132      0.009492  
 427    25   1     0     7     7  426.       0.146      0.01424   
 427    26   1     0     4     4  426.       0.160      0.01424   
 427    27   1     0     4     4  426.       0.174      0.01424   
 427    28   1     0     7     7  426.       0.196      0.02136   
 427    29   1     0     4     4  426.       0.217      0.02136   
 427    30   1     0     4     4  426.       0.238      0.02136   
 427    31   1     0    10    10  426.       0.263      0.02500   
 427    32   1     0     2     2  426.       0.288      0.02500   
 427    33   1     0     7     7  426.       0.313      0.02500   
 427    34   1     0    10    10  426.       0.338      0.02500   
 427    35   1     0    10    10  426.       0.363      0.02500   
 427    36   1     0    11    11  426.       0.388      0.02500   
 427    37   1     0    10    10  426.       0.407      0.01875   
 427    38   1     0    10    10  426.       0.426      0.01875   
 427    39   1     0     9     9  426.       0.445      0.01875   
 427    40   1     0     6     6  426.       0.463      0.01875   
 427    41   1     0     5     5  426.       0.482      0.01875   
 427    42   1     0     5     5  427.       0.501      0.01875   
 427    43   1     0     5     5  427.       0.520      0.01875   
 427    44   1     0     5     5  427.       0.538      0.01875   
 427    45   1     0     4     4  427.       0.557      0.01875   
 427    46   1     0     4     4  427.       0.576      0.01875   
 427    47   1     0     7     7  427.       0.601      0.02500   
 427    48   1     0     5     5  427.       0.626      0.02500   
 427    49   1     0     4     4  427.       0.651      0.02500   
 427    50   1     0     4     4  427.       0.676      0.02500   
 427    51   1     0     4     4  427.       0.701      0.02500   
 427    52   1     0     3     3  427.       0.726      0.02500   
 427    53   1     0     7     7  427.       0.751      0.02500   
 427    54   1     0     7     7  427.       0.776      0.02500   
 427    55   1     0     5     5  427.       0.801      0.02500   
 427    56   1     0     4     4  427.       0.826      0.02500   
 427    57   1     0    10    10  427.       0.851      0.02500   
 427    58   1     0    10    10  427.       0.876      0.02500   
 427    59   1     0    10    10  427.       0.901      0.02500   
 427    60   1     0    10    10  427.       0.926      0.02500   
 427    61   1     0     6     6  427.       0.951      0.02500   
 427    62   1     0     6     6  427.       0.976      0.02500   
 427    63   1     0     5     5  427.       1.00       0.02403   
 428     1   1     0    10    10  427.       0.00500    0.005000  
 428     2   1     0    10    10  427.       0.0100     0.005000  
 428     3   1     0    10    10  427.       0.0150     0.005000  
 428     4   1     0     7     7  427.       0.0200     0.005000  
 428     5   1     0     6     6  427.       0.0250     0.005000  
 428     6   1     0     4     4  427.       0.0300     0.005000  
 428     7   1     0     1     1  427.       0.0350     0.005000  
 428     8   1     0     7     7  427.       0.0425     0.007500  
 428     9   1     0     2     2  427.       0.0500     0.007500  
 428    10   1     0     4     4  427.       0.0575     0.007500  
 428    11   1U    0     4     4  427.       0.0575     0.01125   
 428    11   2     0     9     9  427.       0.0603     0.002812  
 428    12   1     0     3     3  427.       0.0631     0.002812  
 428    13   1     0     4     4  427.       0.0659     0.002812  
 428    14   1     0     8     8  427.       0.0702     0.004219  
 428    15   1     0     1     1  427.       0.0744     0.004219  
 428    16   1     0     2     2  427.       0.0786     0.004219  
 428    17   1     0     6     6  427.       0.0849     0.006328  
 428    18   1     0     1     1  427.       0.0912     0.006328  
 428    19   1     0     2     2  427.       0.0976     0.006328  
 428    20   1     0     4     4  427.       0.107      0.009492  
 428    21   1     0     7     7  427.       0.121      0.01424   
 428    22   1     0     5     5  427.       0.136      0.01424   
 428    23   1     0     5     5  427.       0.150      0.01424   
 428    24   1     0     3     3  427.       0.164      0.01424   
 428    25   1     0     2     2  427.       0.178      0.01424   
 428    26   1     0     8     8  427.       0.200      0.02136   
 428    27   1     0     4     4  427.       0.221      0.02136   
 428    28   1     0     4     4  427.       0.242      0.02136   
 428    29   1     0     7     7  427.       0.267      0.02500   
 428    30   1     0     2     2  427.       0.292      0.02500   
 428    31   1     0     8     8  427.       0.317      0.02500   
 428    32   1     0    10    10  427.       0.342      0.02500   
 428    33   1     0    10    10  427.       0.367      0.02500   
 428    34   1     0    10    10  427.       0.392      0.02500   
 428    35   1     0    10    10  427.       0.417      0.02500   
 428    36   1     0    10    10  427.       0.442      0.02500   
 428    37   1     0     8     8  427.       0.467      0.02500   
 428    38   1     0     5     5  427.       0.492      0.02500   
 428    39   1     0     4     4  428.       0.517      0.02500   
 428    40   1     0     5     5  428.       0.542      0.02500   
 428    41   1     0     4     4  428.       0.567      0.02500   
 428    42   1     0     4     4  428.       0.592      0.02500   
 428    43   1     0     4     4  428.       0.617      0.02500   
 428    44   1     0     4     4  428.       0.642      0.02500   
 428    45   1     0     3     3  428.       0.667      0.02500   
 428    46   1     0     4     4  428.       0.692      0.02500   
 428    47   1     0     3     3  428.       0.717      0.02500   
 428    48   1     0     2     2  428.       0.742      0.02500   
 428    49   1     0    10    10  428.       0.767      0.02500   
 428    50   1     0     8     8  428.       0.792      0.02500   
 428    51   1     0     5     5  428.       0.817      0.02500   
 428    52   1     0    10    10  428.       0.842      0.02500   
 428    53   1     0    10    10  428.       0.867      0.02500   
 428    54   1     0    10    10  428.       0.892      0.02500   
 428    55   1     0    10    10  428.       0.917      0.02500   
 428    56   1     0     9     9  428.       0.942      0.02500   
 428    57   1     0     7     7  428.       0.967      0.02500   
 428    58   1     0     5     5  428.       0.992      0.02500   
 428    59   1     0    10    10  428.       1.00       0.007666  
 429     1   1     0    10    10  428.       0.00500    0.005000  
 429     2   1     0     7     7  428.       0.0100     0.005000  
 429     3   1     0     5     5  428.       0.0150     0.005000  
 429     4   1     0     3     3  428.       0.0200     0.005000  
 429     5   1     0     1     1  428.       0.0250     0.005000  
 429     6   1     0     5     5  428.       0.0325     0.007500  
 429     7   1     0     2     2  428.       0.0400     0.007500  
 429     8   1     0     4     4  428.       0.0475     0.007500  
 429     9   1     0     5     5  428.       0.0587     0.01125   
 429    10   1     0     4     4  428.       0.0700     0.01125   
 429    11   1     0     6     6  428.       0.0812     0.01125   
 429    12   1     0     4     4  428.       0.0925     0.01125   
 429    13   1     0     3     3  428.       0.104      0.01125   
 429    14   1     0     9     9  428.       0.121      0.01688   
 429    15   1     0     4     4  428.       0.137      0.01688   
 429    16   1     0     4     4  428.       0.154      0.01688   
 429    17   1     0     7     7  428.       0.179      0.02500   
 429    18   1     0     6     6  428.       0.204      0.02500   
 429    19   1     0     4     4  428.       0.229      0.02500   
 429    20   1     0    10    10  428.       0.254      0.02500   
 429    21   1     0     6     6  428.       0.279      0.02500   
 429    22   1     0     1     1  428.       0.304      0.02500   
 429    23   1     0    10    10  428.       0.329      0.02500   
 429    24   1     0    10    10  428.       0.354      0.02500   
 429    25   1     0    11    11  428.       0.379      0.02500   
 429    26   1     0    11    11  428.       0.398      0.01875   
 429    27   1     0    10    10  428.       0.412      0.01406   
 429    28   1     0     9     9  428.       0.426      0.01406   
 429    29   1     0     7     7  428.       0.440      0.01406   
 429    30   1     0     6     6  428.       0.454      0.01406   
 429    31   1     0     7     7  428.       0.468      0.01406   
 429    32   1     0     6     6  428.       0.482      0.01406   
 429    33   1     0     5     5  428.       0.497      0.01406   
 429    34   1     0     5     5  429.       0.511      0.01406   
 429    35   1     0     5     5  429.       0.525      0.01406   
 429    36   1     0     4     4  429.       0.539      0.01406   
 429    37   1     0     4     4  429.       0.553      0.01406   
 429    38   1     0     9     9  429.       0.574      0.02109   
 429    39   1     0     6     6  429.       0.595      0.02109   
 429    40   1     0     4     4  429.       0.616      0.02109   
 429    41   1     0     5     5  429.       0.637      0.02109   
 429    42   1     0     4     4  429.       0.658      0.02109   
 429    43   1     0     4     4  429.       0.679      0.02109   
 429    44   1     0     6     6  429.       0.704      0.02500   
 429    45   1     0     5     5  429.       0.729      0.02500   
 429    46   1     0    10    10  429.       0.754      0.02500   
 429    47   1     0     7     7  429.       0.779      0.02500   
 429    48   1     0     5     5  429.       0.804      0.02500   
 429    49   1     0     6     6  429.       0.829      0.02500   
 429    50   1     0    10    10  429.       0.854      0.02500   
 429    51   1     0    11    11  429.       0.879      0.02500   
 429    52   1     0    10    10  429.       0.898      0.01875   
 429    53   1     0    10    10  429.       0.917      0.01875   
 429    54   1     0     8     8  429.       0.936      0.01875   
 429    55   1     0     8     8  429.       0.954      0.01875   
 429    56   1     0     6     6  429.       0.973      0.01875   
 429    57   1     0     6     6  429.       0.992      0.01875   
 429    58   1     0    10    10  429.       1.00       0.008125  
 430     1   1     0    10    10  429.       0.00500    0.005000  
 430     2   1     0     8     8  429.       0.0100     0.005000  
 430     3   1     0     9     9  429.       0.0150     0.005000  
 430     4   1     0     6     6  429.       0.0200     0.005000  
 430     5   1     0     5     5  429.       0.0250     0.005000  
 430     6   1     0     3     3  429.       0.0300     0.005000  
 430     7   1     0     1     1  429.       0.0350     0.005000  
 430     8   1     0     9     9  429.       0.0425     0.007500  
 430     9   1     0     2     2  429.       0.0500     0.007500  
 430    10   1     0     5     5  429.       0.0575     0.007500  
 430    11   1     0     3     3  429.       0.0650     0.007500  
 430    12   1     0     2     2  429.       0.0725     0.007500  
 430    13   1     0     8     8  429.       0.0838     0.01125   
 430    14   1     0     3     3  429.       0.0950     0.01125   
 430    15   1     0     4     4  429.       0.106      0.01125   
 430    16   1     0     9     9  429.       0.123      0.01688   
 430    17   1     0     5     5  429.       0.140      0.01688   
 430    18   1     0     4     4  429.       0.157      0.01688   
 430    19   1     0     3     3  429.       0.174      0.01688   
 430    20   1     0     7     7  429.       0.199      0.02500   
 430    21   1     0     5     5  429.       0.224      0.02500   
 430    22   1     0     5     5  429.       0.249      0.02500   
 430    23   1     0     6     6  429.       0.274      0.02500   
 430    24   1     0     1     1  429.       0.299      0.02500   
 430    25   1     0     9     9  429.       0.324      0.02500   
 430    26   1     0    10    10  429.       0.349      0.02500   
 430    27   1     0    12    12  429.       0.374      0.02500   
 430    28   1     0    12    12  429.       0.393      0.01875   
 430    29   1     0    10    10  429.       0.407      0.01406   
 430    30   1     0     8     8  429.       0.421      0.01406   
 430    31   1     0     8     8  429.       0.435      0.01406   
 430    32   1     0     6     6  429.       0.449      0.01406   
 430    33   1     0     7     7  429.       0.463      0.01406   
 430    34   1     0     6     6  429.       0.477      0.01406   
 430    35   1     0     6     6  429.       0.491      0.01406   
 430    36   1     0     5     5  430.       0.505      0.01406   
 430    37   1     0     5     5  430.       0.519      0.01406   
 430    38   1     0     5     5  430.       0.533      0.01406   
 430    39   1     0     4     4  430.       0.547      0.01406   
 430    40   1     0     4     4  430.       0.561      0.01406   
 430    41   1     0     9     9  430.       0.582      0.02109   
 430    42   1     0     5     5  430.       0.603      0.02109   
 430    43   1     0     5     5  430.       0.625      0.02109   
 430    44   1     0     4     4  430.       0.646      0.02109   
 430    45   1     0     4     4  430.       0.667      0.02109   
 430    46   1     0     6     6  430.       0.692      0.02500   
 430    47   1     0     5     5  430.       0.717      0.02500   
 430    48   1     0     4     4  430.       0.742      0.02500   
 430    49   1     0    10    10  430.       0.767      0.02500   
 430    50   1     0     7     7  430.       0.792      0.02500   
 430    51   1     0     4     4  430.       0.817      0.02500   
 430    52   1     0    10    10  430.       0.842      0.02500   
 430    53   1     0    10    10  430.       0.867      0.02500   
 430    54   1     0    10    10  430.       0.892      0.02500   
 430    55   1     0    10    10  430.       0.917      0.02500   
 430    56   1     0     9     9  430.       0.942      0.02500   
 430    57   1     0     6     6  430.       0.967      0.02500   
 430    58   1     0     5     5  430.       0.992      0.02500   
 430    59   1     0    10    10  430.       1.00       0.008281  
 431     1   1     0    11    11  430.       0.00500    0.005000  
 431     2   1     0     7     7  430.       0.00875    0.003750  
 431     3   1     0    10    10  430.       0.0125     0.003750  
 431     4   1     0    10    10  430.       0.0163     0.003750  
 431     5   1     0     8     8  430.       0.0200     0.003750  
 431     6   1     0     7     7  430.       0.0238     0.003750  
 431     7   1     0     6     6  430.       0.0275     0.003750  
 431     8   1     0     4     4  430.       0.0312     0.003750  
 431     9   1     0     2     2  430.       0.0350     0.003750  
 431    10   1     0     8     8  430.       0.0406     0.005625  
 431    11   1     0     2     2  430.       0.0462     0.005625  
 431    12   1     0     4     4  430.       0.0519     0.005625  
 431    13   1     0     6     6  430.       0.0603     0.008438  
 431    14   1     0     2     2  430.       0.0688     0.008438  
 431    15   1     0     6     6  430.       0.0772     0.008438  
 431    16   1     0     4     4  430.       0.0856     0.008438  
 431    17   1     0     2     2  430.       0.0941     0.008438  
 431    18   1     0     9     9  430.       0.107      0.01266   
 431    19   1     0     4     4  430.       0.119      0.01266   
 431    20   1     0     4     4  430.       0.132      0.01266   
 431    21   1     0     8     8  430.       0.151      0.01898   
 431    22   1     0     5     5  430.       0.170      0.01898   
 431    23   1     0     4     4  430.       0.189      0.01898   
 431    24   1     0     4     4  430.       0.208      0.01898   
 431    25   1     0     7     7  430.       0.233      0.02500   
 431    26   1     0    10    10  430.       0.258      0.02500   
 431    27   1     0     6     6  430.       0.283      0.02500   
 431    28   1     0     3     3  430.       0.308      0.02500   
 431    29   1     0    10    10  430.       0.333      0.02500   
 431    30   1     0    10    10  430.       0.358      0.02500   
 431    31   1     0    11    11  430.       0.383      0.02500   
 431    32   1     0    10    10  430.       0.402      0.01875   
 431    33   1     0    10    10  430.       0.420      0.01875   
 431    34   1     0     9     9  430.       0.439      0.01875   
 431    35   1     0     7     7  430.       0.458      0.01875   
 431    36   1     0     5     5  430.       0.477      0.01875   
 431    37   1     0     5     5  430.       0.495      0.01875   
 431    38   1     0     5     5  431.       0.514      0.01875   
 431    39   1     0     5     5  431.       0.533      0.01875   
 431    40   1     0     4     4  431.       0.552      0.01875   
 431    41   1     0     4     4  431.       0.570      0.01875   
 431    42   1     0     7     7  431.       0.595      0.02500   
 431    43   1     0     5     5  431.       0.620      0.02500   
 431    44   1     0     4     4  431.       0.645      0.02500   
 431    45   1     0     4     4  431.       0.670      0.02500   
 431    46   1     0     4     4  431.       0.695      0.02500   
 431    47   1     0     3     3  431.       0.720      0.02500   
 431    48   1     0     3     3  431.       0.745      0.02500   
 431    49   1     0     8     8  431.       0.770      0.02500   
 431    50   1     0     8     8  431.       0.795      0.02500   
 431    51   1     0     4     4  431.       0.820      0.02500   
 431    52   1     0    10    10  431.       0.845      0.02500   
 431    53   1     0    11    11  431.       0.870      0.02500   
 431    54   1     0    10    10  431.       0.889      0.01875   
 431    55   1     0    11    11  431.       0.908      0.01875   
 431    56   1     0    10    10  431.       0.922      0.01406   
 431    57   1     0     7     7  431.       0.936      0.01406   
 431    58   1     0     5     5  431.       0.950      0.01406   
 431    59   1     0     6     6  431.       0.964      0.01406   
 431    60   1     0     8     8  431.       0.978      0.01406   
 431    61   1     0     5     5  431.       0.992      0.01406   
 431    62   1     0    10    10  431.       1.00       0.007656  
 432     1   1     0    10    10  431.       0.00500    0.005000  
 432     2   1     0     4     4  431.       0.0100     0.005000  
 432     3   1     0     5     5  431.       0.0150     0.005000  
 432     4   1     0     3     3  431.       0.0200     0.005000  
 432     5   1     0     1     1  431.       0.0250     0.005000  
 432     6   1     0     8     8  431.       0.0325     0.007500  
 432     7   1     0     2     2  431.       0.0400     0.007500  
 432     8   1     0     5     5  431.       0.0475     0.007500  
 432     9   1     0     3     3  431.       0.0550     0.007500  
 432    10   1     0     3     3  431.       0.0625     0.007500  
 432    11   1     0    10    10  431.       0.0737     0.01125   
 432    12   1     0     3     3  431.       0.0850     0.01125   
 432    13   1     0     4     4  431.       0.0962     0.01125   
 432    14   1     0     8     8  431.       0.113      0.01688   
 432    15   1     0     4     4  431.       0.130      0.01688   
 432    16   1     0     5     5  431.       0.147      0.01688   
 432    17   1     0     3     3  431.       0.164      0.01688   
 432    18   1     0     2     2  431.       0.181      0.01688   
 432    19   1     0     7     7  431.       0.206      0.02500   
 432    20   1     0     6     6  431.       0.231      0.02500   
 432    21   1     0    10    10  431.       0.256      0.02500   
 432    22   1     0     6     6  431.       0.281      0.02500   
 432    23   1     0     1     1  431.       0.306      0.02500   
 432    24   1     0    10    10  431.       0.331      0.02500   
 432    25   1     0    10    10  431.       0.356      0.02500   
 432    26   1     0    11    11  431.       0.381      0.02500   
 432    27   1     0    10    10  431.       0.399      0.01875   
 432    28   1     0    10    10  431.       0.418      0.01875   
 432    29   1     0     9     9  431.       0.437      0.01875   
 432    30   1     0     7     7  431.       0.456      0.01875   
 432    31   1     0     5     5  431.       0.474      0.01875   
 432    32   1     0     5     5  431.       0.493      0.01875   
 432    33   1     0     5     5  432.       0.512      0.01875   
 432    34   1     0     5     5  432.       0.531      0.01875   
 432    35   1     0     4     4  432.       0.549      0.01875   
 432    36   1     0     4     4  432.       0.568      0.01875   
 432    37   1     0     7     7  432.       0.593      0.02500   
 432    38   1     0     5     5  432.       0.618      0.02500   
 432    39   1     0     4     4  432.       0.643      0.02500   
 432    40   1     0     4     4  432.       0.668      0.02500   
 432    41   1     0     4     4  432.       0.693      0.02500   
 432    42   1     0     3     3  432.       0.718      0.02500   
 432    43   1     0     3     3  432.       0.743      0.02500   
 432    44   1     0     9     9  432.       0.768      0.02500   
 432    45   1     0     7     7  432.       0.793      0.02500   
 432    46   1     0     4     4  432.       0.818      0.02500   
 432    47   1     0    10    10  432.       0.843      0.02500   
 432    48   1     0    12    12  432.       0.868      0.02500   
 432    49   1     0    10    10  432.       0.887      0.01875   
 432    50   1     0    11    11  432.       0.906      0.01875   
 432    51   1     0    10    10  432.       0.920      0.01406   
 432    52   1     0    10    10  432.       0.934      0.01406   
 432    53   1     0     8     8  432.       0.948      0.01406   
 432    54   1     0     6     6  432.       0.962      0.01406   
 432    55   1     0     7     7  432.       0.976      0.01406   
 432    56   1     0     5     5  432.       0.990      0.01406   
 432    57   1     0    10    10  432.       1.00       0.01000   
 433     1   1     0    10    10  432.       0.00500    0.005000  
 433     2   1     0     5     5  432.       0.0100     0.005000  
 433     3   1     0     5     5  432.       0.0150     0.005000  
 433     4   1     0     3     3  432.       0.0200     0.005000  
 433     5   1     0     2     2  432.       0.0250     0.005000  
 433     6   1     0     7     7  432.       0.0325     0.007500  
 433     7   1     0     2     2  432.       0.0400     0.007500  
 433     8   1     0     5     5  432.       0.0475     0.007500  
 433     9   1     0     3     3  432.       0.0550     0.007500  
 433    10   1     0     3     3  432.       0.0625     0.007500  
 433    11   1     0    10    10  432.       0.0737     0.01125   
 433    12   1     0     4     4  432.       0.0850     0.01125   
 433    13   1     0     4     4  432.       0.0962     0.01125   
 433    14   1     0     9     9  432.       0.113      0.01688   
 433    15   1     0     5     5  432.       0.130      0.01688   
 433    16   1     0     5     5  432.       0.147      0.01688   
 433    17   1     0     3     3  432.       0.164      0.01688   
 433    18   1     0     2     2  432.       0.181      0.01688   
 433    19   1     0     7     7  432.       0.206      0.02500   
 433    20   1     0     6     6  432.       0.231      0.02500   
 433    21   1     0    10    10  432.       0.256      0.02500   
 433    22   1     0     6     6  432.       0.281      0.02500   
 433    23   1     0     1     1  432.       0.306      0.02500   
 433    24   1     0    10    10  432.       0.331      0.02500   
 433    25   1     0    10    10  432.       0.356      0.02500   
 433    26   1     0    11    11  432.       0.381      0.02500   
 433    27   1     0    10    10  432.       0.399      0.01875   
 433    28   1     0    10    10  432.       0.418      0.01875   
 433    29   1     0     9     9  432.       0.437      0.01875   
 433    30   1     0     7     7  432.       0.456      0.01875   
 433    31   1     0     5     5  432.       0.474      0.01875   
 433    32   1     0     5     5  432.       0.493      0.01875   
 433    33   1     0     5     5  433.       0.512      0.01875   
 433    34   1     0     5     5  433.       0.531      0.01875   
 433    35   1     0     4     4  433.       0.549      0.01875   
 433    36   1     0     4     4  433.       0.568      0.01875   
 433    37   1     0     7     7  433.       0.593      0.02500   
 433    38   1     0     5     5  433.       0.618      0.02500   
 433    39   1     0     4     4  433.       0.643      0.02500   
 433    40   1     0     4     4  433.       0.668      0.02500   
 433    41   1     0     4     4  433.       0.693      0.02500   
 433    42   1     0     3     3  433.       0.718      0.02500   
 433    43   1     0     3     3  433.       0.743      0.02500   
 433    44   1     0     9     9  433.       0.768      0.02500   
 433    45   1     0     7     7  433.       0.793      0.02500   
 433    46   1     0     4     4  433.       0.818      0.02500   
 433    47   1     0    10    10  433.       0.843      0.02500   
 433    48   1U    0     9     9  433.       0.843      0.02500   
 433    48   2     0    11    11  433.       0.856      0.01250   
 433    49   1     0    11    11  433.       0.865      0.009375  
 433    50   1     0    10    10  433.       0.872      0.007031  
 433    51   1     0    10    10  433.       0.879      0.007031  
 433    52   1     0    10    10  433.       0.886      0.007031  
 433    53   1     0     9     9  433.       0.893      0.007031  
 433    54   1     0     5     5  433.       0.900      0.007031  
 433    55   1     0     6     6  433.       0.907      0.007031  
 433    56   1     0     7     7  433.       0.914      0.007031  
 433    57   1     0     5     5  433.       0.921      0.007031  
 433    58   1     0     3     3  433.       0.928      0.007031  
 433    59   1     0     3     3  433.       0.935      0.007031  
 433    60   1     0     4     4  433.       0.946      0.01055   
 433    61   1     0     3     3  433.       0.962      0.01582   
 433    62   1     0     6     6  433.       0.985      0.02373   
 433    63   1     0    10    10  433.       1.00       0.01459   
 434     1   1     0    10    10  433.       0.00500    0.005000  
 434     2   1     0     9     9  433.       0.0100     0.005000  
 434     3   1     0     9     9  433.       0.0150     0.005000  
 434     4   1     0     7     7  433.       0.0200     0.005000  
 434     5   1     0     5     5  433.       0.0250     0.005000  
 434     6   1     0     3     3  433.       0.0300     0.005000  
 434     7   1     0     1     1  433.       0.0350     0.005000  
 434     8   1     0     8     8  433.       0.0425     0.007500  
 434     9   1     0     2     2  433.       0.0500     0.007500  
 434    10   1     0     4     4  433.       0.0575     0.007500  
 434    11   1U    0     5     5  433.       0.0575     0.01125   
 434    11   2     0    10    10  433.       0.0603     0.002812  
 434    12   1     0     4     4  433.       0.0631     0.002812  
 434    13   1     0     5     5  433.       0.0659     0.002812  
 434    14   1     0     4     4  433.       0.0687     0.002812  
 434    15   1     0     3     3  433.       0.0716     0.002812  
 434    16   1     0     7     7  433.       0.0758     0.004219  
 434    17   1     0     1     1  433.       0.0800     0.004219  
 434    18   1     0     1     1  433.       0.0842     0.004219  
 434    19   1     0     5     5  433.       0.0905     0.006328  
 434    20   1     0     1     1  433.       0.0969     0.006328  
 434    21   1     0     2     2  433.       0.103      0.006328  
 434    22   1     0     5     5  433.       0.113      0.009492  
 434    23   1     0     2     2  433.       0.122      0.009492  
 434    24   1     0     3     3  433.       0.132      0.009492  
 434    25   1     0     7     7  433.       0.146      0.01424   
 434    26   1     0     4     4  433.       0.160      0.01424   
 434    27   1     0     4     4  433.       0.174      0.01424   
 434    28   1     0     7     7  433.       0.196      0.02136   
 434    29   1     0     4     4  433.       0.217      0.02136   
 434    30   1     0     4     4  433.       0.238      0.02136   
 434    31   1     0    10    10  433.       0.263      0.02500   
 434    32   1     0     2     2  433.       0.288      0.02500   
 434    33   1     0     7     7  433.       0.313      0.02500   
 434    34   1     0    10    10  433.       0.338      0.02500   
 434    35   1     0    10    10  433.       0.363      0.02500   
 434    36   1     0    11    11  433.       0.388      0.02500   
 434    37   1     0    10    10  433.       0.407      0.01875   
 434    38   1     0    10    10  433.       0.426      0.01875   
 434    39   1     0     9     9  433.       0.445      0.01875   
 434    40   1     0     6     6  433.       0.463      0.01875   
 434    41   1     0     5     5  433.       0.482      0.01875   
 434    42   1     0     5     5  434.       0.501      0.01875   
 434    43   1     0     5     5  434.       0.520      0.01875   
 434    44   1     0     5     5  434.       0.538      0.01875   
 434    45   1     0     4     4  434.       0.557      0.01875   
 434    46   1     0     4     4  434.       0.576      0.01875   
 434    47   1     0     7     7  434.       0.601      0.02500   
 434    48   1     0     5     5  434.       0.626      0.02500   
 434    49   1     0     4     4  434.       0.651      0.02500   
 434    50   1     0     4     4  434.       0.676      0.02500   
 434    51   1     0     4     4  434.       0.701      0.02500   
 434    52   1     0     3     3  434.       0.726      0.02500   
 434    53   1     0     7     7  434.       0.751      0.02500   
 434    54   1     0     7     7  434.       0.776      0.02500   
 434    55   1     0     5     5  434.       0.801      0.02500   
 434    56   1     0     4     4  434.       0.826      0.02500   
 434    57   1     0    10    10  434.       0.851      0.02500   
 434    58   1     0    10    10  434.       0.876      0.02500   
 434    59   1     0    10    10  434.       0.901      0.02500   
 434    60   1     0    10    10  434.       0.926      0.02500   
 434    61   1     0     6     6  434.       0.951      0.02500   
 434    62   1     0     6     6  434.       0.976      0.02500   
 434    63   1     0     5     5  434.       1.00       0.02403   
 435     1   1     0    10    10  434.       0.00500    0.005000  
 435     2   1     0    10    10  434.       0.0100     0.005000  
 435     3   1     0    10    10  434.       0.0150     0.005000  
 435     4   1     0     7     7  434.       0.0200     0.005000  
 435     5   1     0     6     6  434.       0.0250     0.005000  
 435     6   1     0     4     4  434.       0.0300     0.005000  
 435     7   1     0     1     1  434.       0.0350     0.005000  
 435     8   1     0     7     7  434.       0.0425     0.007500  
 435     9   1     0     2     2  434.       0.0500     0.007500  
 435    10   1     0     4     4  434.       0.0575     0.007500  
 435    11   1U    0     4     4  434.       0.0575     0.01125   
 435    11   2     0     9     9  434.       0.0603     0.002812  
 435    12   1     0     3     3  434.       0.0631     0.002812  
 435    13   1     0     4     4  434.       0.0659     0.002812  
 435    14   1     0     8     8  434.       0.0702     0.004219  
 435    15   1     0     1     1  434.       0.0744     0.004219  
 435    16   1     0     2     2  434.       0.0786     0.004219  
 435    17   1     0     6     6  434.       0.0849     0.006328  
 435    18   1     0     1     1  434.       0.0912     0.006328  
 435    19   1     0     2     2  434.       0.0976     0.006328  
 435    20   1     0     4     4  434.       0.107      0.009492  
 435    21   1     0     7     7  434.       0.121      0.01424   
 435    22   1     0     5     5  434.       0.136      0.01424   
 435    23   1     0     5     5  434.       0.150      0.01424   
 435    24   1     0     3     3  434.       0.164      0.01424   
 435    25   1     0     2     2  434.       0.178      0.01424   
 435    26   1     0     8     8  434.       0.200      0.02136   
 435    27   1     0     4     4  434.       0.221      0.02136   
 435    28   1     0     4     4  434.       0.242      0.02136   
 435    29   1     0     7     7  434.       0.267      0.02500   
 435    30   1     0     2     2  434.       0.292      0.02500   
 435    31   1     0     8     8  434.       0.317      0.02500   
 435    32   1     0    10    10  434.       0.342      0.02500   
 435    33   1     0    10    10  434.       0.367      0.02500   
 435    34   1     0    10    10  434.       0.392      0.02500   
 435    35   1     0    10    10  434.       0.417      0.02500   
 435    36   1     0    10    10  434.       0.442      0.02500   
 435    37   1     0     8     8  434.       0.467      0.02500   
 435    38   1     0     5     5  434.       0.492      0.02500   
 435    39   1     0     4     4  435.       0.517      0.02500   
 435    40   1     0     5     5  435.       0.542      0.02500   
 435    41   1     0     4     4  435.       0.567      0.02500   
 435    42   1     0     4     4  435.       0.592      0.02500   
 435    43   1     0     4     4  435.       0.617      0.02500   
 435    44   1     0     4     4  435.       0.642      0.02500   
 435    45   1     0     3     3  435.       0.667      0.02500   
 435    46   1     0     4     4  435.       0.692      0.02500   
 435    47   1     0     3     3  435.       0.717      0.02500   
 435    48   1     0     2     2  435.       0.742      0.02500   
 435    49   1     0    10    10  435.       0.767      0.02500   
 435    50   1     0     8     8  435.       0.792      0.02500   
 435    51   1     0     5     5  435.       0.817      0.02500   
 435    52   1     0    10    10  435.       0.842      0.02500   
 435    53   1     0    10    10  435.       0.867      0.02500   
 435    54   1     0    10    10  435.       0.892      0.02500   
 435    55   1     0    10    10  435.       0.917      0.02500   
 435    56   1     0     9     9  435.       0.942      0.02500   
 435    57   1     0     7     7  435.       0.967      0.02500   
 435    58   1     0     5     5  435.       0.992      0.02500   
 435    59   1     0    10    10  435.       1.00       0.007666  
 436     1   1     0    10    10  435.       0.00500    0.005000  
 436     2   1     0     7     7  435.       0.0100     0.005000  
 436     3   1     0     5     5  435.       0.0150     0.005000  
 436     4   1     0     3     3  435.       0.0200     0.005000  
 436     5   1     0     1     1  435.       0.0250     0.005000  
 436     6   1     0     5     5  435.       0.0325     0.007500  
 436     7   1     0     2     2  435.       0.0400     0.007500  
 436     8   1     0     4     4  435.       0.0475     0.007500  
 436     9   1     0     5     5  435.       0.0587     0.01125   
 436    10   1     0     4     4  435.       0.0700     0.01125   
 436    11   1     0     6     6  435.       0.0812     0.01125   
 436    12   1     0     4     4  435.       0.0925     0.01125   
 436    13   1     0     3     3  435.       0.104      0.01125   
 436    14   1     0     9     9  435.       0.121      0.01688   
 436    15   1     0     4     4  435.       0.137      0.01688   
 436    16   1     0     4     4  435.       0.154      0.01688   
 436    17   1     0     7     7  435.       0.179      0.02500   
 436    18   1     0     6     6  435.       0.204      0.02500   
 436    19   1     0     4     4  435.       0.229      0.02500   
 436    20   1     0    10    10  435.       0.254      0.02500   
 436    21   1     0     6     6  435.       0.279      0.02500   
 436    22   1     0     1     1  435.       0.304      0.02500   
 436    23   1     0    10    10  435.       0.329      0.02500   
 436    24   1     0    10    10  435.       0.354      0.02500   
 436    25   1     0    11    11  435.       0.379      0.02500   
 436    26   1     0    11    11  435.       0.398      0.01875   
 436    27   1     0    10    10  435.       0.412      0.01406   
 436    28   1     0     9     9  435.       0.426      0.01406   
 436    29   1     0     7     7  435.       0.440      0.01406   
 436    30   1     0     6     6  435.       0.454      0.01406   
 436    31   1     0     7     7  435.       0.468      0.01406   
 436    32   1     0     6     6  435.       0.482      0.01406   
 436    33   1     0     5     5  435.       0.497      0.01406   
 436    34   1     0     5     5  436.       0.511      0.01406   
 436    35   1     0     5     5  436.       0.525      0.01406   
 436    36   1     0     4     4  436.       0.539      0.01406   
 436    37   1     0     4     4  436.       0.553      0.01406   
 436    38   1     0     9     9  436.       0.574      0.02109   
 436    39   1     0     6     6  436.       0.595      0.02109   
 436    40   1     0     4     4  436.       0.616      0.02109   
 436    41   1     0     5     5  436.       0.637      0.02109   
 436    42   1     0     4     4  436.       0.658      0.02109   
 436    43   1     0     4     4  436.       0.679      0.02109   
 436    44   1     0     6     6  436.       0.704      0.02500   
 436    45   1     0     5     5  436.       0.729      0.02500   
 436    46   1     0    10    10  436.       0.754      0.02500   
 436    47   1     0     7     7  436.       0.779      0.02500   
 436    48   1     0     5     5  436.       0.804      0.02500   
 436    49   1     0     6     6  436.       0.829      0.02500   
 436    50   1     0    10    10  436.       0.854      0.02500   
 436    51   1     0    11    11  436.       0.879      0.02500   
 436    52   1     0    10    10  436.       0.898      0.01875   
 436    53   1     0    10    10  436.       0.917      0.01875   
 436    54   1     0     8     8  436.       0.936      0.01875   
 436    55   1     0     8     8  436.       0.954      0.01875   
 436    56   1     0     6     6  436.       0.973      0.01875   
 436    57   1     0     6     6  436.       0.992      0.01875   
 436    58   1     0    10    10  436.       1.00       0.008125  
 437     1   1     0    10    10  436.       0.00500    0.005000  
 437     2   1     0     8     8  436.       0.0100     0.005000  
 437     3   1     0     9     9  436.       0.0150     0.005000  
 437     4   1     0     6     6  436.       0.0200     0.005000  
 437     5   1     0     5     5  436.       0.0250     0.005000  
 437     6   1     0     3     3  436.       0.0300     0.005000  
 437     7   1     0     1     1  436.       0.0350     0.005000  
 437     8   1     0     9     9  436.       0.0425     0.007500  
 437     9   1     0     2     2  436.       0.0500     0.007500  
 437    10   1     0     5     5  436.       0.0575     0.007500  
 437    11   1     0     3     3  436.       0.0650     0.007500  
 437    12   1     0     2     2  436.       0.0725     0.007500  
 437    13   1     0     8     8  436.       0.0838     0.01125   
 437    14   1     0     3     3  436.       0.0950     0.01125   
 437    15   1     0     4     4  436.       0.106      0.01125   
 437    16   1     0     9     9  436.       0.123      0.01688   
 437    17   1     0     5     5  436.       0.140      0.01688   
 437    18   1     0     4     4  436.       0.157      0.01688   
 437    19   1     0     3     3  436.       0.174      0.01688   
 437    20   1     0     7     7  436.       0.199      0.02500   
 437    21   1     0     5     5  436.       0.224      0.02500   
 437    22   1     0     5     5  436.       0.249      0.02500   
 437    23   1     0     6     6  436.       0.274      0.02500   
 437    24   1     0     1     1  436.       0.299      0.02500   
 437    25   1     0     9     9  436.       0.324      0.02500   
 437    26   1     0    10    10  436.       0.349      0.02500   
 437    27   1     0    12    12  436.       0.374      0.02500   
 437    28   1     0    12    12  436.       0.393      0.01875   
 437    29   1     0    10    10  436.       0.407      0.01406   
 437    30   1     0     8     8  436.       0.421      0.01406   
 437    31   1     0     8     8  436.       0.435      0.01406   
 437    32   1     0     6     6  436.       0.449      0.01406   
 437    33   1     0     7     7  436.       0.463      0.01406   
 437    34   1     0     6     6  436.       0.477      0.01406   
 437    35   1     0     6     6  436.       0.491      0.01406   
 437    36   1     0     5     5  437.       0.505      0.01406   
 437    37   1     0     5     5  437.       0.519      0.01406   
 437    38   1     0     5     5  437.       0.533      0.01406   
 437    39   1     0     4     4  437.       0.547      0.01406   
 437    40   1     0     4     4  437.       0.561      0.01406   
 437    41   1     0     9     9  437.       0.582      0.02109   
 437    42   1     0     5     5  437.       0.603      0.02109   
 437    43   1     0     5     5  437.       0.625      0.02109   
 437    44   1     0     4     4  437.       0.646      0.02109   
 437    45   1     0     4     4  437.       0.667      0.02109   
 437    46   1     0     6     6  437.       0.692      0.02500   
 437    47   1     0     5     5  437.       0.717      0.02500   
 437    48   1     0     4     4  437.       0.742      0.02500   
 437    49   1     0    10    10  437.       0.767      0.02500   
 437    50   1     0     7     7  437.       0.792      0.02500   
 437    51   1     0     4     4  437.       0.817      0.02500   
 437    52   1     0    10    10  437.       0.842      0.02500   
 437    53   1     0    10    10  437.       0.867      0.02500   
 437    54   1     0    10    10  437.       0.892      0.02500   
 437    55   1     0    10    10  437.       0.917      0.02500   
 437    56   1     0     9     9  437.       0.942      0.02500   
 437    57   1     0     6     6  437.       0.967      0.02500   
 437    58   1     0     5     5  437.       0.992      0.02500   
 437    59   1     0    10    10  437.       1.00       0.008281  
 438     1   1     0    11    11  437.       0.00500    0.005000  
 438     2   1     0     7     7  437.       0.00875    0.003750  
 438     3   1     0    10    10  437.       0.0125     0.003750  
 438     4   1     0    10    10  437.       0.0163     0.003750  
 438     5   1     0     8     8  437.       0.0200     0.003750  
 438     6   1     0     7     7  437.       0.0238     0.003750  
 438     7   1     0     6     6  437.       0.0275     0.003750  
 438     8   1     0     4     4  437.       0.0312     0.003750  
 438     9   1     0     2     2  437.       0.0350     0.003750  
 438    10   1     0     8     8  437.       0.0406     0.005625  
 438    11   1     0     2     2  437.       0.0462     0.005625  
 438    12   1     0     4     4  437.       0.0519     0.005625  
 438    13   1     0     6     6  437.       0.0603     0.008438  
 438    14   1     0     2     2  437.       0.0688     0.008438  
 438    15   1     0     6     6  437.       0.0772     0.008438  
 438    16   1     0     4     4  437.       0.0856     0.008438  
 438    17   1     0     2     2  437.       0.0941     0.008438  
 438    18   1     0     9     9  437.       0.107      0.01266   
 438    19   1     0     4     4  437.       0.119      0.01266   
 438    20   1     0     4     4  437.       0.132      0.01266   
 438    21   1     0     8     8  437.       0.151      0.01898   
 438    22   1     0     5     5  437.       0.170      0.01898   
 438    23   1     0     4     4  437.       0.189      0.01898   
 438    24   1     0     4     4  437.       0.208      0.01898   
 438    25   1     0     7     7  437.       0.233      0.02500   
 438    26   1     0    10    10  437.       0.258      0.02500   
 438    27   1     0     6     6  437.       0.283      0.02500   
 438    28   1     0     3     3  437.       0.308      0.02500   
 438    29   1     0    10    10  437.       0.333      0.02500   
 438    30   1     0    10    10  437.       0.358      0.02500   
 438    31   1     0    11    11  437.       0.383      0.02500   
 438    32   1     0    10    10  437.       0.402      0.01875   
 438    33   1     0    10    10  437.       0.420      0.01875   
 438    34   1     0     9     9  437.       0.439      0.01875   
 438    35   1     0     7     7  437.       0.458      0.01875   
 438    36   1     0     5     5  437.       0.477      0.01875   
 438    37   1     0     5     5  437.       0.495      0.01875   
 438    38   1     0     5     5  438.       0.514      0.01875   
 438    39   1     0     5     5  438.       0.533      0.01875   
 438    40   1     0     4     4  438.       0.552      0.01875   
 438    41   1     0     4     4  438.       0.570      0.01875   
 438    42   1     0     7     7  438.       0.595      0.02500   
 438    43   1     0     5     5  438.       0.620      0.02500   
 438    44   1     0     4     4  438.       0.645      0.02500   
 438    45   1     0     4     4  438.       0.670      0.02500   
 438    46   1     0     4     4  438.       0.695      0.02500   
 438    47   1     0     3     3  438.       0.720      0.02500   
 438    48   1     0     3     3  438.       0.745      0.02500   
 438    49   1     0     8     8  438.       0.770      0.02500   
 438    50   1     0     8     8  438.       0.795      0.02500   
 438    51   1     0     4     4  438.       0.820      0.02500   
 438    52   1     0    10    10  438.       0.845      0.02500   
 438    53   1     0    11    11  438.       0.870      0.02500   
 438    54   1     0    10    10  438.       0.889      0.01875   
 438    55   1     0    11    11  438.       0.908      0.01875   
 438    56   1     0    10    10  438.       0.922      0.01406   
 438    57   1     0     7     7  438.       0.936      0.01406   
 438    58   1     0     5     5  438.       0.950      0.01406   
 438    59   1     0     6     6  438.       0.964      0.01406   
 438    60   1     0     8     8  438.       0.978      0.01406   
 438    61   1     0     5     5  438.       0.992      0.01406   
 438    62   1     0    10    10  438.       1.00       0.007656  
 439     1   1     0    10    10  438.       0.00500    0.005000  
 439     2   1     0     4     4  438.       0.0100     0.005000  
 439     3   1     0     5     5  438.       0.0150     0.005000  
 439     4   1     0     3     3  438.       0.0200     0.005000  
 439     5   1     0     1     1  438.       0.0250     0.005000  
 439     6   1     0     8     8  438.       0.0325     0.007500  
 439     7   1     0     2     2  438.       0.0400     0.007500  
 439     8   1     0     5     5  438.       0.0475     0.007500  
 439     9   1     0     3     3  438.       0.0550     0.007500  
 439    10   1     0     3     3  438.       0.0625     0.007500  
 439    11   1     0    10    10  438.       0.0737     0.01125   
 439    12   1     0     3     3  438.       0.0850     0.01125   
 439    13   1     0     4     4  438.       0.0962     0.01125   
 439    14   1     0     8     8  438.       0.113      0.01688   
 439    15   1     0     4     4  438.       0.130      0.01688   
 439    16   1     0     5     5  438.       0.147      0.01688   
 439    17   1     0     3     3  438.       0.164      0.01688   
 439    18   1     0     2     2  438.       0.181      0.01688   
 439    19   1     0     7     7  438.       0.206      0.02500   
 439    20   1     0     6     6  438.       0.231      0.02500   
 439    21   1     0    10    10  438.       0.256      0.02500   
 439    22   1     0     6     6  438.       0.281      0.02500   
 439    23   1     0     1     1  438.       0.306      0.02500   
 439    24   1     0    10    10  438.       0.331      0.02500   
 439    25   1     0    10    10  438.       0.356      0.02500   
 439    26   1     0    11    11  438.       0.381      0.02500   
 439    27   1     0    10    10  438.       0.399      0.01875   
 439    28   1     0    10    10  438.       0.418      0.01875   
 439    29   1     0     9     9  438.       0.437      0.01875   
 439    30   1     0     7     7  438.       0.456      0.01875   
 439    31   1     0     5     5  438.       0.474      0.01875   
 439    32   1     0     5     5  438.       0.493      0.01875   
 439    33   1     0     5     5  439.       0.512      0.01875   
 439    34   1     0     5     5  439.       0.531      0.01875   
 439    35   1     0     4     4  439.       0.549      0.01875   
 439    36   1     0     4     4  439.       0.568      0.01875   
 439    37   1     0     7     7  439.       0.593      0.02500   
 439    38   1     0     5     5  439.       0.618      0.02500   
 439    39   1     0     4     4  439.       0.643      0.02500   
 439    40   1     0     4     4  439.       0.668      0.02500   
 439    41   1     0     4     4  439.       0.693      0.02500   
 439    42   1     0     3     3  439.       0.718      0.02500   
 439    43   1     0     3     3  439.       0.743      0.02500   
 439    44   1     0     9     9  439.       0.768      0.02500   
 439    45   1     0     7     7  439.       0.793      0.02500   
 439    46   1     0     4     4  439.       0.818      0.02500   
 439    47   1     0    10    10  439.       0.843      0.02500   
 439    48   1     0    12    12  439.       0.868      0.02500   
 439    49   1     0    10    10  439.       0.887      0.01875   
 439    50   1     0    11    11  439.       0.906      0.01875   
 439    51   1     0    10    10  439.       0.920      0.01406   
 439    52   1     0    10    10  439.       0.934      0.01406   
 439    53   1     0     8     8  439.       0.948      0.01406   
 439    54   1     0     6     6  439.       0.962      0.01406   
 439    55   1     0     7     7  439.       0.976      0.01406   
 439    56   1     0     5     5  439.       0.990      0.01406   
 439    57   1     0    10    10  439.       1.00       0.01000   
 440     1   1     0    10    10  439.       0.00500    0.005000  
 440     2   1     0     5     5  439.       0.0100     0.005000  
 440     3   1     0     5     5  439.       0.0150     0.005000  
 440     4   1     0     3     3  439.       0.0200     0.005000  
 440     5   1     0     2     2  439.       0.0250     0.005000  
 440     6   1     0     7     7  439.       0.0325     0.007500  
 440     7   1     0     2     2  439.       0.0400     0.007500  
 440     8   1     0     5     5  439.       0.0475     0.007500  
 440     9   1     0     3     3  439.       0.0550     0.007500  
 440    10   1     0     3     3  439.       0.0625     0.007500  
 440    11   1     0    10    10  439.       0.0737     0.01125   
 440    12   1     0     4     4  439.       0.0850     0.01125   
 440    13   1     0     4     4  439.       0.0962     0.01125   
 440    14   1     0     9     9  439.       0.113      0.01688   
 440    15   1     0     5     5  439.       0.130      0.01688   
 440    16   1     0     5     5  439.       0.147      0.01688   
 440    17   1     0     3     3  439.       0.164      0.01688   
 440    18   1     0     2     2  439.       0.181      0.01688   
 440    19   1     0     7     7  439.       0.206      0.02500   
 440    20   1     0     6     6  439.       0.231      0.02500   
 440    21   1     0    10    10  439.       0.256      0.02500   
 440    22   1     0     6     6  439.       0.281      0.02500   
 440    23   1     0     1     1  439.       0.306      0.02500   
 440    24   1     0    10    10  439.       0.331      0.02500   
 440    25   1     0    10    10  439.       0.356      0.02500   
 440    26   1     0    11    11  439.       0.381      0.02500   
 440    27   1     0    10    10  439.       0.399      0.01875   
 440    28   1     0    10    10  439.       0.418      0.01875   
 440    29   1     0     9     9  439.       0.437      0.01875   
 440    30   1     0     7     7  439.       0.456      0.01875   
 440    31   1     0     5     5  439.       0.474      0.01875   
 440    32   1     0     5     5  439.       0.493      0.01875   
 440    33   1     0     5     5  440.       0.512      0.01875   
 440    34   1     0     5     5  440.       0.531      0.01875   
 440    35   1     0     4     4  440.       0.549      0.01875   
 440    36   1     0     4     4  440.       0.568      0.01875   
 440    37   1     0     7     7  440.       0.593      0.02500   
 440    38   1     0     5     5  440.       0.618      0.02500   
 440    39   1     0     4     4  440.       0.643      0.02500   
 440    40   1     0     4     4  440.       0.668      0.02500   
 440    41   1     0     4     4  440.       0.693      0.02500   
 440    42   1     0     3     3  440.       0.718      0.02500   
 440    43   1     0     3     3  440.       0.743      0.02500   
 440    44   1     0     9     9  440.       0.768      0.02500   
 440    45   1     0     7     7  440.       0.793      0.02500   
 440    46   1     0     4     4  440.       0.818      0.02500   
 440    47   1     0    10    10  440.       0.843      0.02500   
 440    48   1U    0     9     9  440.       0.843      0.02500   
 440    48   2     0    11    11  440.       0.856      0.01250   
 440    49   1     0    11    11  440.       0.865      0.009375  
 440    50   1     0    10    10  440.       0.872      0.007031  
 440    51   1     0    10    10  440.       0.879      0.007031  
 440    52   1     0    10    10  440.       0.886      0.007031  
 440    53   1     0     9     9  440.       0.893      0.007031  
 440    54   1     0     5     5  440.       0.900      0.007031  
 440    55   1     0     6     6  440.       0.907      0.007031  
 440    56   1     0     7     7  440.       0.914      0.007031  
 440    57   1     0     5     5  440.       0.921      0.007031  
 440    58   1     0     3     3  440.       0.928      0.007031  
 440    59   1     0     3     3  440.       0.935      0.007031  
 440    60   1     0     4     4  440.       0.946      0.01055   
 440    61   1     0     3     3  440.       0.962      0.01582   
 440    62   1     0     6     6  440.       0.985      0.02373   
 440    63   1     0    10    10  440.       1.00       0.01459   
 441     1   1     0    10    10  440.       0.00500    0.005000  
 441     2   1     0     9     9  440.       0.0100     0.005000  
 441     3   1     0     9     9  440.       0.0150     0.005000  
 441     4   1     0     7     7  440.       0.0200     0.005000  
 441     5   1     0     5     5  440.       0.0250     0.005000  
 441     6   1     0     3     3  440.       0.0300     0.005000  
 441     7   1     0     1     1  440.       0.0350     0.005000  
 441     8   1     0     8     8  440.       0.0425     0.007500  
 441     9   1     0     2     2  440.       0.0500     0.007500  
 441    10   1     0     4     4  440.       0.0575     0.007500  
 441    11   1U    0     5     5  440.       0.0575     0.01125   
 441    11   2     0    10    10  440.       0.0603     0.002812  
 441    12   1     0     4     4  440.       0.0631     0.002812  
 441    13   1     0     5     5  440.       0.0659     0.002812  
 441    14   1     0     4     4  440.       0.0687     0.002812  
 441    15   1     0     3     3  440.       0.0716     0.002812  
 441    16   1     0     7     7  440.       0.0758     0.004219  
 441    17   1     0     1     1  440.       0.0800     0.004219  
 441    18   1     0     1     1  440.       0.0842     0.004219  
 441    19   1     0     5     5  440.       0.0905     0.006328  
 441    20   1     0     1     1  440.       0.0969     0.006328  
 441    21   1     0     2     2  440.       0.103      0.006328  
 441    22   1     0     5     5  440.       0.113      0.009492  
 441    23   1     0     2     2  440.       0.122      0.009492  
 441    24   1     0     3     3  440.       0.132      0.009492  
 441    25   1     0     7     7  440.       0.146      0.01424   
 441    26   1     0     4     4  440.       0.160      0.01424   
 441    27   1     0     4     4  440.       0.174      0.01424   
 441    28   1     0     7     7  440.       0.196      0.02136   
 441    29   1     0     4     4  440.       0.217      0.02136   
 441    30   1     0     4     4  440.       0.238      0.02136   
 441    31   1     0    10    10  440.       0.263      0.02500   
 441    32   1     0     2     2  440.       0.288      0.02500   
 441    33   1     0     7     7  440.       0.313      0.02500   
 441    34   1     0    10    10  440.       0.338      0.02500   
 441    35   1     0    10    10  440.       0.363      0.02500   
 441    36   1     0    11    11  440.       0.388      0.02500   
 441    37   1     0    10    10  440.       0.407      0.01875   
 441    38   1     0    10    10  440.       0.426      0.01875   
 441    39   1     0     9     9  440.       0.445      0.01875   
 441    40   1     0     6     6  440.       0.463      0.01875   
 441    41   1     0     5     5  440.       0.482      0.01875   
 441    42   1     0     5     5  441.       0.501      0.01875   
 441    43   1     0     5     5  441.       0.520      0.01875   
 441    44   1     0     5     5  441.       0.538      0.01875   
 441    45   1     0     4     4  441.       0.557      0.01875   
 441    46   1     0     4     4  441.       0.576      0.01875   
 441    47   1     0     7     7  441.       0.601      0.02500   
 441    48   1     0     5     5  441.       0.626      0.02500   
 441    49   1     0     4     4  441.       0.651      0.02500   
 441    50   1     0     4     4  441.       0.676      0.02500   
 441    51   1     0     4     4  441.       0.701      0.02500   
 441    52   1     0     3     3  441.       0.726      0.02500   
 441    53   1     0     7     7  441.       0.751      0.02500   
 441    54   1     0     7     7  441.       0.776      0.02500   
 441    55   1     0     5     5  441.       0.801      0.02500   
 441    56   1     0     4     4  441.       0.826      0.02500   
 441    57   1     0    10    10  441.       0.851      0.02500   
 441    58   1     0    10    10  441.       0.876      0.02500   
 441    59   1     0    10    10  441.       0.901      0.02500   
 441    60   1     0    10    10  441.       0.926      0.02500   
 441    61   1     0     6     6  441.       0.951      0.02500   
 441    62   1     0     6     6  441.       0.976      0.02500   
 441    63   1     0     5     5  441.       1.00       0.02403   
 442     1   1     0    10    10  441.       0.00500    0.005000  
 442     2   1     0    10    10  441.       0.0100     0.005000  
 442     3   1     0    10    10  441.       0.0150     0.005000  
 442     4   1     0     7     7  441.       0.0200     0.005000  
 442     5   1     0     6     6  441.       0.0250     0.005000  
 442     6   1     0     4     4  441.       0.0300     0.005000  
 442     7   1     0     1     1  441.       0.0350     0.005000  
 442     8   1     0     7     7  441.       0.0425     0.007500  
 442     9   1     0     2     2  441.       0.0500     0.007500  
 442    10   1     0     4     4  441.       0.0575     0.007500  
 442    11   1U    0     4     4  441.       0.0575     0.01125   
 442    11   2     0     9     9  441.       0.0603     0.002812  
 442    12   1     0     3     3  441.       0.0631     0.002812  
 442    13   1     0     4     4  441.       0.0659     0.002812  
 442    14   1     0     8     8  441.       0.0702     0.004219  
 442    15   1     0     1     1  441.       0.0744     0.004219  
 442    16   1     0     2     2  441.       0.0786     0.004219  
 442    17   1     0     6     6  441.       0.0849     0.006328  
 442    18   1     0     1     1  441.       0.0912     0.006328  
 442    19   1     0     2     2  441.       0.0976     0.006328  
 442    20   1     0     4     4  441.       0.107      0.009492  
 442    21   1     0     7     7  441.       0.121      0.01424   
 442    22   1     0     5     5  441.       0.136      0.01424   
 442    23   1     0     5     5  441.       0.150      0.01424   
 442    24   1     0     3     3  441.       0.164      0.01424   
 442    25   1     0     2     2  441.       0.178      0.01424   
 442    26   1     0     8     8  441.       0.200      0.02136   
 442    27   1     0     4     4  441.       0.221      0.02136   
 442    28   1     0     4     4  441.       0.242      0.02136   
 442    29   1     0     7     7  441.       0.267      0.02500   
 442    30   1     0     2     2  441.       0.292      0.02500   
 442    31   1     0     8     8  441.       0.317      0.02500   
 442    32   1     0    10    10  441.       0.342      0.02500   
 442    33   1     0    10    10  441.       0.367      0.02500   
 442    34   1     0    10    10  441.       0.392      0.02500   
 442    35   1     0    10    10  441.       0.417      0.02500   
 442    36   1     0    10    10  441.       0.442      0.02500   
 442    37   1     0     8     8  441.       0.467      0.02500   
 442    38   1     0     5     5  441.       0.492      0.02500   
 442    39   1     0     4     4  442.       0.517      0.02500   
 442    40   1     0     5     5  442.       0.542      0.02500   
 442    41   1     0     4     4  442.       0.567      0.02500   
 442    42   1     0     4     4  442.       0.592      0.02500   
 442    43   1     0     4     4  442.       0.617      0.02500   
 442    44   1     0     4     4  442.       0.642      0.02500   
 442    45   1     0     3     3  442.       0.667      0.02500   
 442    46   1     0     4     4  442.       0.692      0.02500   
 442    47   1     0     3     3  442.       0.717      0.02500   
 442    48   1     0     2     2  442.       0.742      0.02500   
 442    49   1     0    10    10  442.       0.767      0.02500   
 442    50   1     0     8     8  442.       0.792      0.02500   
 442    51   1     0     5     5  442.       0.817      0.02500   
 442    52   1     0    10    10  442.       0.842      0.02500   
 442    53   1     0    10    10  442.       0.867      0.02500   
 442    54   1     0    10    10  442.       0.892      0.02500   
 442    55   1     0    10    10  442.       0.917      0.02500   
 442    56   1     0     9     9  442.       0.942      0.02500   
 442    57   1     0     7     7  442.       0.967      0.02500   
 442    58   1     0     5     5  442.       0.992      0.02500   
 442    59   1     0    10    10  442.       1.00       0.007666  
 443     1   1     0    10    10  442.       0.00500    0.005000  
 443     2   1     0     7     7  442.       0.0100     0.005000  
 443     3   1     0     5     5  442.       0.0150     0.005000  
 443     4   1     0     3     3  442.       0.0200     0.005000  
 443     5   1     0     1     1  442.       0.0250     0.005000  
 443     6   1     0     5     5  442.       0.0325     0.007500  
 443     7   1     0     2     2  442.       0.0400     0.007500  
 443     8   1     0     4     4  442.       0.0475     0.007500  
 443     9   1     0     5     5  442.       0.0587     0.01125   
 443    10   1     0     4     4  442.       0.0700     0.01125   
 443    11   1     0     6     6  442.       0.0812     0.01125   
 443    12   1     0     4     4  442.       0.0925     0.01125   
 443    13   1     0     3     3  442.       0.104      0.01125   
 443    14   1     0     9     9  442.       0.121      0.01688   
 443    15   1     0     4     4  442.       0.137      0.01688   
 443    16   1     0     4     4  442.       0.154      0.01688   
 443    17   1     0     7     7  442.       0.179      0.02500   
 443    18   1     0     6     6  442.       0.204      0.02500   
 443    19   1     0     4     4  442.       0.229      0.02500   
 443    20   1     0    10    10  442.       0.254      0.02500   
 443    21   1     0     6     6  442.       0.279      0.02500   
 443    22   1     0     1     1  442.       0.304      0.02500   
 443    23   1     0    10    10  442.       0.329      0.02500   
 443    24   1     0    10    10  442.       0.354      0.02500   
 443    25   1     0    11    11  442.       0.379      0.02500   
 443    26   1     0    11    11  442.       0.398      0.01875   
 443    27   1     0    10    10  442.       0.412      0.01406   
 443    28   1     0     9     9  442.       0.426      0.01406   
 443    29   1     0     7     7  442.       0.440      0.01406   
 443    30   1     0     6     6  442.       0.454      0.01406   
 443    31   1     0     7     7  442.       0.468      0.01406   
 443    32   1     0     6     6  442.       0.482      0.01406   
 443    33   1     0     5     5  442.       0.497      0.01406   
 443    34   1     0     5     5  443.       0.511      0.01406   
 443    35   1     0     5     5  443.       0.525      0.01406   
 443    36   1     0     4     4  443.       0.539      0.01406   
 443    37   1     0     4     4  443.       0.553      0.01406   
 443    38   1     0     9     9  443.       0.574      0.02109   
 443    39   1     0     6     6  443.       0.595      0.02109   
 443    40   1     0     4     4  443.       0.616      0.02109   
 443    41   1     0     5     5  443.       0.637      0.02109   
 443    42   1     0     4     4  443.       0.658      0.02109   
 443    43   1     0     4     4  443.       0.679      0.02109   
 443    44   1     0     6     6  443.       0.704      0.02500   
 443    45   1     0     5     5  443.       0.729      0.02500   
 443    46   1     0    10    10  443.       0.754      0.02500   
 443    47   1     0     7     7  443.       0.779      0.02500   
 443    48   1     0     5     5  443.       0.804      0.02500   
 443    49   1     0     6     6  443.       0.829      0.02500   
 443    50   1     0    10    10  443.       0.854      0.02500   
 443    51   1     0    11    11  443.       0.879      0.02500   
 443    52   1     0    10    10  443.       0.898      0.01875   
 443    53   1     0    10    10  443.       0.917      0.01875   
 443    54   1     0     8     8  443.       0.936      0.01875   
 443    55   1     0     8     8  443.       0.954      0.01875   
 443    56   1     0     6     6  443.       0.973      0.01875   
 443    57   1     0     6     6  443.       0.992      0.01875   
 443    58   1     0    10    10  443.       1.00       0.008125  
 444     1   1     0    10    10  443.       0.00500    0.005000  
 444     2   1     0     8     8  443.       0.0100     0.005000  
 444     3   1     0     9     9  443.       0.0150     0.005000  
 444     4   1     0     6     6  443.       0.0200     0.005000  
 444     5   1     0     5     5  443.       0.0250     0.005000  
 444     6   1     0     3     3  443.       0.0300     0.005000  
 444     7   1     0     1     1  443.       0.0350     0.005000  
 444     8   1     0     9     9  443.       0.0425     0.007500  
 444     9   1     0     2     2  443.       0.0500     0.007500  
 444    10   1     0     5     5  443.       0.0575     0.007500  
 444    11   1     0     3     3  443.       0.0650     0.007500  
 444    12   1     0     2     2  443.       0.0725     0.007500  
 444    13   1     0     8     8  443.       0.0838     0.01125   
 444    14   1     0     3     3  443.       0.0950     0.01125   
 444    15   1     0     4     4  443.       0.106      0.01125   
 444    16   1     0     9     9  443.       0.123      0.01688   
 444    17   1     0     5     5  443.       0.140      0.01688   
 444    18   1     0     4     4  443.       0.157      0.01688   
 444    19   1     0     3     3  443.       0.174      0.01688   
 444    20   1     0     7     7  443.       0.199      0.02500   
 444    21   1     0     5     5  443.       0.224      0.02500   
 444    22   1     0     5     5  443.       0.249      0.02500   
 444    23   1     0     6     6  443.       0.274      0.02500   
 444    24   1     0     1     1  443.       0.299      0.02500   
 444    25   1     0     9     9  443.       0.324      0.02500   
 444    26   1     0    10    10  443.       0.349      0.02500   
 444    27   1     0    12    12  443.       0.374      0.02500   
 444    28   1     0    12    12  443.       0.393      0.01875   
 444    29   1     0    10    10  443.       0.407      0.01406   
 444    30   1     0     8     8  443.       0.421      0.01406   
 444    31   1     0     8     8  443.       0.435      0.01406   
 444    32   1     0     6     6  443.       0.449      0.01406   
 444    33   1     0     7     7  443.       0.463      0.01406   
 444    34   1     0     6     6  443.       0.477      0.01406   
 444    35   1     0     6     6  443.       0.491      0.01406   
 444    36   1     0     5     5  444.       0.505      0.01406   
 444    37   1     0     5     5  444.       0.519      0.01406   
 444    38   1     0     5     5  444.       0.533      0.01406   
 444    39   1     0     4     4  444.       0.547      0.01406   
 444    40   1     0     4     4  444.       0.561      0.01406   
 444    41   1     0     9     9  444.       0.582      0.02109   
 444    42   1     0     5     5  444.       0.603      0.02109   
 444    43   1     0     5     5  444.       0.625      0.02109   
 444    44   1     0     4     4  444.       0.646      0.02109   
 444    45   1     0     4     4  444.       0.667      0.02109   
 444    46   1     0     6     6  444.       0.692      0.02500   
 444    47   1     0     5     5  444.       0.717      0.02500   
 444    48   1     0     4     4  444.       0.742      0.02500   
 444    49   1     0    10    10  444.       0.767      0.02500   
 444    50   1     0     7     7  444.       0.792      0.02500   
 444    51   1     0     4     4  444.       0.817      0.02500   
 444    52   1     0    10    10  444.       0.842      0.02500   
 444    53   1     0    10    10  444.       0.867      0.02500   
 444    54   1     0    10    10  444.       0.892      0.02500   
 444    55   1     0    10    10  444.       0.917      0.02500   
 444    56   1     0     9     9  444.       0.942      0.02500   
 444    57   1     0     6     6  444.       0.967      0.02500   
 444    58   1     0     5     5  444.       0.992      0.02500   
 444    59   1     0    10    10  444.       1.00       0.008281  
 445     1   1     0    11    11  444.       0.00500    0.005000  
 445     2   1     0     7     7  444.       0.00875    0.003750  
 445     3   1     0    10    10  444.       0.0125     0.003750  
 445     4   1     0    10    10  444.       0.0163     0.003750  
 445     5   1     0     8     8  444.       0.0200     0.003750  
 445     6   1     0     7     7  444.       0.0238     0.003750  
 445     7   1     0     6     6  444.       0.0275     0.003750  
 445     8   1     0     4     4  444.       0.0312     0.003750  
 445     9   1     0     2     2  444.       0.0350     0.003750  
 445    10   1     0     8     8  444.       0.0406     0.005625  
 445    11   1     0     2     2  444.       0.0462     0.005625  
 445    12   1     0     4     4  444.       0.0519     0.005625  
 445    13   1     0     6     6  444.       0.0603     0.008438  
 445    14   1     0     2     2  444.       0.0688     0.008438  
 445    15   1     0     6     6  444.       0.0772     0.008438  
 445    16   1     0     4     4  444.       0.0856     0.008438  
 445    17   1     0     2     2  444.       0.0941     0.008438  
 445    18   1     0     9     9  444.       0.107      0.01266   
 445    19   1     0     4     4  444.       0.119      0.01266   
 445    20   1     0     4     4  444.       0.132      0.01266   
 445    21   1     0     8     8  444.       0.151      0.01898   
 445    22   1     0     5     5  444.       0.170      0.01898   
 445    23   1     0     4     4  444.       0.189      0.01898   
 445    24   1     0     4     4  444.       0.208      0.01898   
 445    25   1     0     7     7  444.       0.233      0.02500   
 445    26   1     0    10    10  444.       0.258      0.02500   
 445    27   1     0     6     6  444.       0.283      0.02500   
 445    28   1     0     3     3  444.       0.308      0.02500   
 445    29   1     0    10    10  444.       0.333      0.02500   
 445    30   1     0    10    10  444.       0.358      0.02500   
 445    31   1     0    11    11  444.       0.383      0.02500   
 445    32   1     0    10    10  444.       0.402      0.01875   
 445    33   1     0    10    10  444.       0.420      0.01875   
 445    34   1     0     9     9  444.       0.439      0.01875   
 445    35   1     0     7     7  444.       0.458      0.01875   
 445    36   1     0     5     5  444.       0.477      0.01875   
 445    37   1     0     5     5  444.       0.495      0.01875   
 445    38   1     0     5     5  445.       0.514      0.01875   
 445    39   1     0     5     5  445.       0.533      0.01875   
 445    40   1     0     4     4  445.       0.552      0.01875   
 445    41   1     0     4     4  445.       0.570      0.01875   
 445    42   1     0     7     7  445.       0.595      0.02500   
 445    43   1     0     5     5  445.       0.620      0.02500   
 445    44   1     0     4     4  445.       0.645      0.02500   
 445    45   1     0     4     4  445.       0.670      0.02500   
 445    46   1     0     4     4  445.       0.695      0.02500   
 445    47   1     0     3     3  445.       0.720      0.02500   
 445    48   1     0     3     3  445.       0.745      0.02500   
 445    49   1     0     8     8  445.       0.770      0.02500   
 445    50   1     0     8     8  445.       0.795      0.02500   
 445    51   1     0     4     4  445.       0.820      0.02500   
 445    52   1     0    10    10  445.       0.845      0.02500   
 445    53   1     0    11    11  445.       0.870      0.02500   
 445    54   1     0    10    10  445.       0.889      0.01875   
 445    55   1     0    11    11  445.       0.908      0.01875   
 445    56   1     0    10    10  445.       0.922      0.01406   
 445    57   1     0     7     7  445.       0.936      0.01406   
 445    58   1     0     5     5  445.       0.950      0.01406   
 445    59   1     0     6     6  445.       0.964      0.01406   
 445    60   1     0     8     8  445.       0.978      0.01406   
 445    61   1     0     5     5  445.       0.992      0.01406   
 445    62   1     0    10    10  445.       1.00       0.007656  
 446     1   1     0    10    10  445.       0.00500    0.005000  
 446     2   1     0     4     4  445.       0.0100     0.005000  
 446     3   1     0     5     5  445.       0.0150     0.005000  
 446     4   1     0     3     3  445.       0.0200     0.005000  
 446     5   1     0     1     1  445.       0.0250     0.005000  
 446     6   1     0     8     8  445.       0.0325     0.007500  
 446     7   1     0     2     2  445.       0.0400     0.007500  
 446     8   1     0     5     5  445.       0.0475     0.007500  
 446     9   1     0     3     3  445.       0.0550     0.007500  
 446    10   1     0     3     3  445.       0.0625     0.007500  
 446    11   1     0    10    10  445.       0.0737     0.01125   
 446    12   1     0     3     3  445.       0.0850     0.01125   
 446    13   1     0     4     4  445.       0.0962     0.01125   
 446    14   1     0     8     8  445.       0.113      0.01688   
 446    15   1     0     4     4  445.       0.130      0.01688   
 446    16   1     0     5     5  445.       0.147      0.01688   
 446    17   1     0     3     3  445.       0.164      0.01688   
 446    18   1     0     2     2  445.       0.181      0.01688   
 446    19   1     0     7     7  445.       0.206      0.02500   
 446    20   1     0     6     6  445.       0.231      0.02500   
 446    21   1     0    10    10  445.       0.256      0.02500   
 446    22   1     0     6     6  445.       0.281      0.02500   
 446    23   1     0     1     1  445.       0.306      0.02500   
 446    24   1     0    10    10  445.       0.331      0.02500   
 446    25   1     0    10    10  445.       0.356      0.02500   
 446    26   1     0    11    11  445.       0.381      0.02500   
 446    27   1     0    10    10  445.       0.399      0.01875   
 446    28   1     0    10    10  445.       0.418      0.01875   
 446    29   1     0     9     9  445.       0.437      0.01875   
 446    30   1     0     7     7  445.       0.456      0.01875   
 446    31   1     0     5     5  445.       0.474      0.01875   
 446    32   1     0     5     5  445.       0.493      0.01875   
 446    33   1     0     5     5  446.       0.512      0.01875   
 446    34   1     0     5     5  446.       0.531      0.01875   
 446    35   1     0     4     4  446.       0.549      0.01875   
 446    36   1     0     4     4  446.       0.568      0.01875   
 446    37   1     0     7     7  446.       0.593      0.02500   
 446    38   1     0     5     5  446.       0.618      0.02500   
 446    39   1     0     4     4  446.       0.643      0.02500   
 446    40   1     0     4     4  446.       0.668      0.02500   
 446    41   1     0     4     4  446.       0.693      0.02500   
 446    42   1     0     3     3  446.       0.718      0.02500   
 446    43   1     0     3     3  446.       0.743      0.02500   
 446    44   1     0     9     9  446.       0.768      0.02500   
 446    45   1     0     7     7  446.       0.793      0.02500   
 446    46   1     0     4     4  446.       0.818      0.02500   
 446    47   1     0    10    10  446.       0.843      0.02500   
 446    48   1     0    12    12  446.       0.868      0.02500   
 446    49   1     0    10    10  446.       0.887      0.01875   
 446    50   1     0    11    11  446.       0.906      0.01875   
 446    51   1     0    10    10  446.       0.920      0.01406   
 446    52   1     0    10    10  446.       0.934      0.01406   
 446    53   1     0     8     8  446.       0.948      0.01406   
 446    54   1     0     6     6  446.       0.962      0.01406   
 446    55   1     0     7     7  446.       0.976      0.01406   
 446    56   1     0     5     5  446.       0.990      0.01406   
 446    57   1     0    10    10  446.       1.00       0.01000   
 447     1   1     0    10    10  446.       0.00500    0.005000  
 447     2   1     0     5     5  446.       0.0100     0.005000  
 447     3   1     0     5     5  446.       0.0150     0.005000  
 447     4   1     0     3     3  446.       0.0200     0.005000  
 447     5   1     0     2     2  446.       0.0250     0.005000  
 447     6   1     0     7     7  446.       0.0325     0.007500  
 447     7   1     0     2     2  446.       0.0400     0.007500  
 447     8   1     0     5     5  446.       0.0475     0.007500  
 447     9   1     0     3     3  446.       0.0550     0.007500  
 447    10   1     0     3     3  446.       0.0625     0.007500  
 447    11   1     0    10    10  446.       0.0737     0.01125   
 447    12   1     0     4     4  446.       0.0850     0.01125   
 447    13   1     0     4     4  446.       0.0962     0.01125   
 447    14   1     0     9     9  446.       0.113      0.01688   
 447    15   1     0     5     5  446.       0.130      0.01688   
 447    16   1     0     5     5  446.       0.147      0.01688   
 447    17   1     0     3     3  446.       0.164      0.01688   
 447    18   1     0     2     2  446.       0.181      0.01688   
 447    19   1     0     7     7  446.       0.206      0.02500   
 447    20   1     0     6     6  446.       0.231      0.02500   
 447    21   1     0    10    10  446.       0.256      0.02500   
 447    22   1     0     6     6  446.       0.281      0.02500   
 447    23   1     0     1     1  446.       0.306      0.02500   
 447    24   1     0    10    10  446.       0.331      0.02500   
 447    25   1     0    10    10  446.       0.356      0.02500   
 447    26   1     0    11    11  446.       0.381      0.02500   
 447    27   1     0    10    10  446.       0.399      0.01875   
 447    28   1     0    10    10  446.       0.418      0.01875   
 447    29   1     0     9     9  446.       0.437      0.01875   
 447    30   1     0     7     7  446.       0.456      0.01875   
 447    31   1     0     5     5  446.       0.474      0.01875   
 447    32   1     0     5     5  446.       0.493      0.01875   
 447    33   1     0     5     5  447.       0.512      0.01875   
 447    34   1     0     5     5  447.       0.531      0.01875   
 447    35   1     0     4     4  447.       0.549      0.01875   
 447    36   1     0     4     4  447.       0.568      0.01875   
 447    37   1     0     7     7  447.       0.593      0.02500   
 447    38   1     0     5     5  447.       0.618      0.02500   
 447    39   1     0     4     4  447.       0.643      0.02500   
 447    40   1     0     4     4  447.       0.668      0.02500   
 447    41   1     0     4     4  447.       0.693      0.02500   
 447    42   1     0     3     3  447.       0.718      0.02500   
 447    43   1     0     3     3  447.       0.743      0.02500   
 447    44   1     0     9     9  447.       0.768      0.02500   
 447    45   1     0     7     7  447.       0.793      0.02500   
 447    46   1     0     4     4  447.       0.818      0.02500   
 447    47   1     0    10    10  447.       0.843      0.02500   
 447    48   1U    0     9     9  447.       0.843      0.02500   
 447    48   2     0    11    11  447.       0.856      0.01250   
 447    49   1     0    11    11  447.       0.865      0.009375  
 447    50   1     0    10    10  447.       0.872      0.007031  
 447    51   1     0    10    10  447.       0.879      0.007031  
 447    52   1     0    10    10  447.       0.886      0.007031  
 447    53   1     0     9     9  447.       0.893      0.007031  
 447    54   1     0     5     5  447.       0.900      0.007031  
 447    55   1     0     6     6  447.       0.907      0.007031  
 447    56   1     0     7     7  447.       0.914      0.007031  
 447    57   1     0     5     5  447.       0.921      0.007031  
 447    58   1     0     3     3  447.       0.928      0.007031  
 447    59   1     0     3     3  447.       0.935      0.007031  
 447    60   1     0     4     4  447.       0.946      0.01055   
 447    61   1     0     3     3  447.       0.962      0.01582   
 447    62   1     0     6     6  447.       0.985      0.02373   
 447    63   1     0    10    10  447.       1.00       0.01459   
 448     1   1     0    10    10  447.       0.00500    0.005000  
 448     2   1     0     9     9  447.       0.0100     0.005000  
 448     3   1     0     9     9  447.       0.0150     0.005000  
 448     4   1     0     7     7  447.       0.0200     0.005000  
 448     5   1     0     5     5  447.       0.0250     0.005000  
 448     6   1     0     3     3  447.       0.0300     0.005000  
 448     7   1     0     1     1  447.       0.0350     0.005000  
 448     8   1     0     8     8  447.       0.0425     0.007500  
 448     9   1     0     2     2  447.       0.0500     0.007500  
 448    10   1     0     4     4  447.       0.0575     0.007500  
 448    11   1U    0     5     5  447.       0.0575     0.01125   
 448    11   2     0    10    10  447.       0.0603     0.002812  
 448    12   1     0     4     4  447.       0.0631     0.002812  
 448    13   1     0     5     5  447.       0.0659     0.002812  
 448    14   1     0     4     4  447.       0.0687     0.002812  
 448    15   1     0     3     3  447.       0.0716     0.002812  
 448    16   1     0     7     7  447.       0.0758     0.004219  
 448    17   1     0     1     1  447.       0.0800     0.004219  
 448    18   1     0     1     1  447.       0.0842     0.004219  
 448    19   1     0     5     5  447.       0.0905     0.006328  
 448    20   1     0     1     1  447.       0.0969     0.006328  
 448    21   1     0     2     2  447.       0.103      0.006328  
 448    22   1     0     5     5  447.       0.113      0.009492  
 448    23   1     0     2     2  447.       0.122      0.009492  
 448    24   1     0     3     3  447.       0.132      0.009492  
 448    25   1     0     7     7  447.       0.146      0.01424   
 448    26   1     0     4     4  447.       0.160      0.01424   
 448    27   1     0     4     4  447.       0.174      0.01424   
 448    28   1     0     7     7  447.       0.196      0.02136   
 448    29   1     0     4     4  447.       0.217      0.02136   
 448    30   1     0     4     4  447.       0.238      0.02136   
 448    31   1     0    10    10  447.       0.263      0.02500   
 448    32   1     0     2     2  447.       0.288      0.02500   
 448    33   1     0     7     7  447.       0.313      0.02500   
 448    34   1     0    10    10  447.       0.338      0.02500   
 448    35   1     0    10    10  447.       0.363      0.02500   
 448    36   1     0    11    11  447.       0.388      0.02500   
 448    37   1     0    10    10  447.       0.407      0.01875   
 448    38   1     0    10    10  447.       0.426      0.01875   
 448    39   1     0     9     9  447.       0.445      0.01875   
 448    40   1     0     6     6  447.       0.463      0.01875   
 448    41   1     0     5     5  447.       0.482      0.01875   
 448    42   1     0     5     5  448.       0.501      0.01875   
 448    43   1     0     5     5  448.       0.520      0.01875   
 448    44   1     0     5     5  448.       0.538      0.01875   
 448    45   1     0     4     4  448.       0.557      0.01875   
 448    46   1     0     4     4  448.       0.576      0.01875   
 448    47   1     0     7     7  448.       0.601      0.02500   
 448    48   1     0     5     5  448.       0.626      0.02500   
 448    49   1     0     4     4  448.       0.651      0.02500   
 448    50   1     0     4     4  448.       0.676      0.02500   
 448    51   1     0     4     4  448.       0.701      0.02500   
 448    52   1     0     3     3  448.       0.726      0.02500   
 448    53   1     0     7     7  448.       0.751      0.02500   
 448    54   1     0     7     7  448.       0.776      0.02500   
 448    55   1     0     5     5  448.       0.801      0.02500   
 448    56   1     0     4     4  448.       0.826      0.02500   
 448    57   1     0    10    10  448.       0.851      0.02500   
 448    58   1     0    10    10  448.       0.876      0.02500   
 448    59   1     0    10    10  448.       0.901      0.02500   
 448    60   1     0    10    10  448.       0.926      0.02500   
 448    61   1     0     6     6  448.       0.951      0.02500   
 448    62   1     0     6     6  448.       0.976      0.02500   
 448    63   1     0     5     5  448.       1.00       0.02403   
 449     1   1     0    10    10  448.       0.00500    0.005000  
 449     2   1     0    10    10  448.       0.0100     0.005000  
 449     3   1     0    10    10  448.       0.0150     0.005000  
 449     4   1     0     7     7  448.       0.0200     0.005000  
 449     5   1     0     6     6  448.       0.0250     0.005000  
 449     6   1     0     4     4  448.       0.0300     0.005000  
 449     7   1     0     1     1  448.       0.0350     0.005000  
 449     8   1     0     7     7  448.       0.0425     0.007500  
 449     9   1     0     2     2  448.       0.0500     0.007500  
 449    10   1     0     4     4  448.       0.0575     0.007500  
 449    11   1U    0     4     4  448.       0.0575     0.01125   
 449    11   2     0     9     9  448.       0.0603     0.002812  
 449    12   1     0     3     3  448.       0.0631     0.002812  
 449    13   1     0     4     4  448.       0.0659     0.002812  
 449    14   1     0     8     8  448.       0.0702     0.004219  
 449    15   1     0     1     1  448.       0.0744     0.004219  
 449    16   1     0     2     2  448.       0.0786     0.004219  
 449    17   1     0     6     6  448.       0.0849     0.006328  
 449    18   1     0     1     1  448.       0.0912     0.006328  
 449    19   1     0     2     2  448.       0.0976     0.006328  
 449    20   1     0     4     4  448.       0.107      0.009492  
 449    21   1     0     7     7  448.       0.121      0.01424   
 449    22   1     0     5     5  448.       0.136      0.01424   
 449    23   1     0     5     5  448.       0.150      0.01424   
 449    24   1     0     3     3  448.       0.164      0.01424   
 449    25   1     0     2     2  448.       0.178      0.01424   
 449    26   1     0     8     8  448.       0.200      0.02136   
 449    27   1     0     4     4  448.       0.221      0.02136   
 449    28   1     0     4     4  448.       0.242      0.02136   
 449    29   1     0     7     7  448.       0.267      0.02500   
 449    30   1     0     2     2  448.       0.292      0.02500   
 449    31   1     0     8     8  448.       0.317      0.02500   
 449    32   1     0    10    10  448.       0.342      0.02500   
 449    33   1     0    10    10  448.       0.367      0.02500   
 449    34   1     0    10    10  448.       0.392      0.02500   
 449    35   1     0    10    10  448.       0.417      0.02500   
 449    36   1     0    10    10  448.       0.442      0.02500   
 449    37   1     0     8     8  448.       0.467      0.02500   
 449    38   1     0     5     5  448.       0.492      0.02500   
 449    39   1     0     4     4  449.       0.517      0.02500   
 449    40   1     0     5     5  449.       0.542      0.02500   
 449    41   1     0     4     4  449.       0.567      0.02500   
 449    42   1     0     4     4  449.       0.592      0.02500   
 449    43   1     0     4     4  449.       0.617      0.02500   
 449    44   1     0     4     4  449.       0.642      0.02500   
 449    45   1     0     3     3  449.       0.667      0.02500   
 449    46   1     0     4     4  449.       0.692      0.02500   
 449    47   1     0     3     3  449.       0.717      0.02500   
 449    48   1     0     2     2  449.       0.742      0.02500   
 449    49   1     0    10    10  449.       0.767      0.02500   
 449    50   1     0     8     8  449.       0.792      0.02500   
 449    51   1     0     5     5  449.       0.817      0.02500   
 449    52   1     0    10    10  449.       0.842      0.02500   
 449    53   1     0    10    10  449.       0.867      0.02500   
 449    54   1     0    10    10  449.       0.892      0.02500   
 449    55   1     0    10    10  449.       0.917      0.02500   
 449    56   1     0     9     9  449.       0.942      0.02500   
 449    57   1     0     7     7  449.       0.967      0.02500   
 449    58   1     0     5     5  449.       0.992      0.02500   
 449    59   1     0    10    10  449.       1.00       0.007666  
 450     1   1     0    10    10  449.       0.00500    0.005000  
 450     2   1     0     7     7  449.       0.0100     0.005000  
 450     3   1     0     5     5  449.       0.0150     0.005000  
 450     4   1     0     3     3  449.       0.0200     0.005000  
 450     5   1     0     1     1  449.       0.0250     0.005000  
 450     6   1     0     5     5  449.       0.0325     0.007500  
 450     7   1     0     2     2  449.       0.0400     0.007500  
 450     8   1     0     4     4  449.       0.0475     0.007500  
 450     9   1     0     5     5  449.       0.0587     0.01125   
 450    10   1     0     4     4  449.       0.0700     0.01125   
 450    11   1     0     6     6  449.       0.0812     0.01125   
 450    12   1     0     4     4  449.       0.0925     0.01125   
 450    13   1     0     3     3  449.       0.104      0.01125   
 450    14   1     0     9     9  449.       0.121      0.01688   
 450    15   1     0     4     4  449.       0.137      0.01688   
 450    16   1     0     4     4  449.       0.154      0.01688   
 450    17   1     0     7     7  449.       0.179      0.02500   
 450    18   1     0     6     6  449.       0.204      0.02500   
 450    19   1     0     4     4  449.       0.229      0.02500   
 450    20   1     0    10    10  449.       0.254      0.02500   
 450    21   1     0     6     6  449.       0.279      0.02500   
 450    22   1     0     1     1  449.       0.304      0.02500   
 450    23   1     0    10    10  449.       0.329      0.02500   
 450    24   1     0    10    10  449.       0.354      0.02500   
 450    25   1     0    11    11  449.       0.379      0.02500   
 450    26   1     0    11    11  449.       0.398      0.01875   
 450    27   1     0    10    10  449.       0.412      0.01406   
 450    28   1     0     9     9  449.       0.426      0.01406   
 450    29   1     0     7     7  449.       0.440      0.01406   
 450    30   1     0     6     6  449.       0.454      0.01406   
 450    31   1     0     7     7  449.       0.468      0.01406   
 450    32   1     0     6     6  449.       0.482      0.01406   
 450    33   1     0     5     5  449.       0.497      0.01406   
 450    34   1     0     5     5  450.       0.511      0.01406   
 450    35   1     0     5     5  450.       0.525      0.01406   
 450    36   1     0     4     4  450.       0.539      0.01406   
 450    37   1     0     4     4  450.       0.553      0.01406   
 450    38   1     0     9     9  450.       0.574      0.02109   
 450    39   1     0     6     6  450.       0.595      0.02109   
 450    40   1     0     4     4  450.       0.616      0.02109   
 450    41   1     0     5     5  450.       0.637      0.02109   
 450    42   1     0     4     4  450.       0.658      0.02109   
 450    43   1     0     4     4  450.       0.679      0.02109   
 450    44   1     0     6     6  450.       0.704      0.02500   
 450    45   1     0     5     5  450.       0.729      0.02500   
 450    46   1     0    10    10  450.       0.754      0.02500   
 450    47   1     0     7     7  450.       0.779      0.02500   
 450    48   1     0     5     5  450.       0.804      0.02500   
 450    49   1     0     6     6  450.       0.829      0.02500   
 450    50   1     0    10    10  450.       0.854      0.02500   
 450    51   1     0    11    11  450.       0.879      0.02500   
 450    52   1     0    10    10  450.       0.898      0.01875   
 450    53   1     0    10    10  450.       0.917      0.01875   
 450    54   1     0     8     8  450.       0.936      0.01875   
 450    55   1     0     8     8  450.       0.954      0.01875   
 450    56   1     0     6     6  450.       0.973      0.01875   
 450    57   1     0     6     6  450.       0.992      0.01875   
 450    58   1     0    10    10  450.       1.00       0.008125  
 451     1   1     0    10    10  450.       0.00500    0.005000  
 451     2   1     0     8     8  450.       0.0100     0.005000  
 451     3   1     0     9     9  450.       0.0150     0.005000  
 451     4   1     0     6     6  450.       0.0200     0.005000  
 451     5   1     0     5     5  450.       0.0250     0.005000  
 451     6   1     0     3     3  450.       0.0300     0.005000  
 451     7   1     0     1     1  450.       0.0350     0.005000  
 451     8   1     0     9     9  450.       0.0425     0.007500  
 451     9   1     0     2     2  450.       0.0500     0.007500  
 451    10   1     0     5     5  450.       0.0575     0.007500  
 451    11   1     0     3     3  450.       0.0650     0.007500  
 451    12   1     0     2     2  450.       0.0725     0.007500  
 451    13   1     0     8     8  450.       0.0838     0.01125   
 451    14   1     0     3     3  450.       0.0950     0.01125   
 451    15   1     0     4     4  450.       0.106      0.01125   
 451    16   1     0     9     9  450.       0.123      0.01688   
 451    17   1     0     5     5  450.       0.140      0.01688   
 451    18   1     0     4     4  450.       0.157      0.01688   
 451    19   1     0     3     3  450.       0.174      0.01688   
 451    20   1     0     7     7  450.       0.199      0.02500   
 451    21   1     0     5     5  450.       0.224      0.02500   
 451    22   1     0     5     5  450.       0.249      0.02500   
 451    23   1     0     6     6  450.       0.274      0.02500   
 451    24   1     0     1     1  450.       0.299      0.02500   
 451    25   1     0     9     9  450.       0.324      0.02500   
 451    26   1     0    10    10  450.       0.349      0.02500   
 451    27   1     0    12    12  450.       0.374      0.02500   
 451    28   1     0    12    12  450.       0.393      0.01875   
 451    29   1     0    10    10  450.       0.407      0.01406   
 451    30   1     0     8     8  450.       0.421      0.01406   
 451    31   1     0     8     8  450.       0.435      0.01406   
 451    32   1     0     6     6  450.       0.449      0.01406   
 451    33   1     0     7     7  450.       0.463      0.01406   
 451    34   1     0     6     6  450.       0.477      0.01406   
 451    35   1     0     6     6  450.       0.491      0.01406   
 451    36   1     0     5     5  451.       0.505      0.01406   
 451    37   1     0     5     5  451.       0.519      0.01406   
 451    38   1     0     5     5  451.       0.533      0.01406   
 451    39   1     0     4     4  451.       0.547      0.01406   
 451    40   1     0     4     4  451.       0.561      0.01406   
 451    41   1     0     9     9  451.       0.582      0.02109   
 451    42   1     0     5     5  451.       0.603      0.02109   
 451    43   1     0     5     5  451.       0.625      0.02109   
 451    44   1     0     4     4  451.       0.646      0.02109   
 451    45   1     0     4     4  451.       0.667      0.02109   
 451    46   1     0     6     6  451.       0.692      0.02500   
 451    47   1     0     5     5  451.       0.717      0.02500   
 451    48   1     0     4     4  451.       0.742      0.02500   
 451    49   1     0    10    10  451.       0.767      0.02500   
 451    50   1     0     7     7  451.       0.792      0.02500   
 451    51   1     0     4     4  451.       0.817      0.02500   
 451    52   1     0    10    10  451.       0.842      0.02500   
 451    53   1     0    10    10  451.       0.867      0.02500   
 451    54   1     0    10    10  451.       0.892      0.02500   
 451    55   1     0    10    10  451.       0.917      0.02500   
 451    56   1     0     9     9  451.       0.942      0.02500   
 451    57   1     0     6     6  451.       0.967      0.02500   
 451    58   1     0     5     5  451.       0.992      0.02500   
 451    59   1     0    10    10  451.       1.00       0.008281  
 452     1   1     0    11    11  451.       0.00500    0.005000  
 452     2   1     0     7     7  451.       0.00875    0.003750  
 452     3   1     0    10    10  451.       0.0125     0.003750  
 452     4   1     0    10    10  451.       0.0163     0.003750  
 452     5   1     0     8     8  451.       0.0200     0.003750  
 452     6   1     0     7     7  451.       0.0238     0.003750  
 452     7   1     0     6     6  451.       0.0275     0.003750  
 452     8   1     0     4     4  451.       0.0312     0.003750  
 452     9   1     0     2     2  451.       0.0350     0.003750  
 452    10   1     0     8     8  451.       0.0406     0.005625  
 452    11   1     0     2     2  451.       0.0462     0.005625  
 452    12   1     0     4     4  451.       0.0519     0.005625  
 452    13   1     0     6     6  451.       0.0603     0.008438  
 452    14   1     0     2     2  451.       0.0688     0.008438  
 452    15   1     0     6     6  451.       0.0772     0.008438  
 452    16   1     0     4     4  451.       0.0856     0.008438  
 452    17   1     0     2     2  451.       0.0941     0.008438  
 452    18   1     0     9     9  451.       0.107      0.01266   
 452    19   1     0     4     4  451.       0.119      0.01266   
 452    20   1     0     4     4  451.       0.132      0.01266   
 452    21   1     0     8     8  451.       0.151      0.01898   
 452    22   1     0     5     5  451.       0.170      0.01898   
 452    23   1     0     4     4  451.       0.189      0.01898   
 452    24   1     0     4     4  451.       0.208      0.01898   
 452    25   1     0     7     7  451.       0.233      0.02500   
 452    26   1     0    10    10  451.       0.258      0.02500   
 452    27   1     0     6     6  451.       0.283      0.02500   
 452    28   1     0     3     3  451.       0.308      0.02500   
 452    29   1     0    10    10  451.       0.333      0.02500   
 452    30   1     0    10    10  451.       0.358      0.02500   
 452    31   1     0    11    11  451.       0.383      0.02500   
 452    32   1     0    10    10  451.       0.402      0.01875   
 452    33   1     0    10    10  451.       0.420      0.01875   
 452    34   1     0     9     9  451.       0.439      0.01875   
 452    35   1     0     7     7  451.       0.458      0.01875   
 452    36   1     0     5     5  451.       0.477      0.01875   
 452    37   1     0     5     5  451.       0.495      0.01875   
 452    38   1     0     5     5  452.       0.514      0.01875   
 452    39   1     0     5     5  452.       0.533      0.01875   
 452    40   1     0     4     4  452.       0.552      0.01875   
 452    41   1     0     4     4  452.       0.570      0.01875   
 452    42   1     0     7     7  452.       0.595      0.02500   
 452    43   1     0     5     5  452.       0.620      0.02500   
 452    44   1     0     4     4  452.       0.645      0.02500   
 452    45   1     0     4     4  452.       0.670      0.02500   
 452    46   1     0     4     4  452.       0.695      0.02500   
 452    47   1     0     3     3  452.       0.720      0.02500   
 452    48   1     0     3     3  452.       0.745      0.02500   
 452    49   1     0     8     8  452.       0.770      0.02500   
 452    50   1     0     8     8  452.       0.795      0.02500   
 452    51   1     0     4     4  452.       0.820      0.02500   
 452    52   1     0    10    10  452.       0.845      0.02500   
 452    53   1     0    11    11  452.       0.870      0.02500   
 452    54   1     0    10    10  452.       0.889      0.01875   
 452    55   1     0    11    11  452.       0.908      0.01875   
 452    56   1     0    10    10  452.       0.922      0.01406   
 452    57   1     0     7     7  452.       0.936      0.01406   
 452    58   1     0     5     5  452.       0.950      0.01406   
 452    59   1     0     6     6  452.       0.964      0.01406   
 452    60   1     0     8     8  452.       0.978      0.01406   
 452    61   1     0     5     5  452.       0.992      0.01406   
 452    62   1     0    10    10  452.       1.00       0.007656  
 453     1   1     0    10    10  452.       0.00500    0.005000  
 453     2   1     0     4     4  452.       0.0100     0.005000  
 453     3   1     0     5     5  452.       0.0150     0.005000  
 453     4   1     0     3     3  452.       0.0200     0.005000  
 453     5   1     0     1     1  452.       0.0250     0.005000  
 453     6   1     0     8     8  452.       0.0325     0.007500  
 453     7   1     0     2     2  452.       0.0400     0.007500  
 453     8   1     0     5     5  452.       0.0475     0.007500  
 453     9   1     0     3     3  452.       0.0550     0.007500  
 453    10   1     0     3     3  452.       0.0625     0.007500  
 453    11   1     0    10    10  452.       0.0737     0.01125   
 453    12   1     0     3     3  452.       0.0850     0.01125   
 453    13   1     0     4     4  452.       0.0962     0.01125   
 453    14   1     0     8     8  452.       0.113      0.01688   
 453    15   1     0     4     4  452.       0.130      0.01688   
 453    16   1     0     5     5  452.       0.147      0.01688   
 453    17   1     0     3     3  452.       0.164      0.01688   
 453    18   1     0     2     2  452.       0.181      0.01688   
 453    19   1     0     7     7  452.       0.206      0.02500   
 453    20   1     0     6     6  452.       0.231      0.02500   
 453    21   1     0    10    10  452.       0.256      0.02500   
 453    22   1     0     6     6  452.       0.281      0.02500   
 453    23   1     0     1     1  452.       0.306      0.02500   
 453    24   1     0    10    10  452.       0.331      0.02500   
 453    25   1     0    10    10  452.       0.356      0.02500   
 453    26   1     0    11    11  452.       0.381      0.02500   
 453    27   1     0    10    10  452.       0.399      0.01875   
 453    28   1     0    10    10  452.       0.418      0.01875   
 453    29   1     0     9     9  452.       0.437      0.01875   
 453    30   1     0     7     7  452.       0.456      0.01875   
 453    31   1     0     5     5  452.       0.474      0.01875   
 453    32   1     0     5     5  452.       0.493      0.01875   
 453    33   1     0     5     5  453.       0.512      0.01875   
 453    34   1     0     5     5  453.       0.531      0.01875   
 453    35   1     0     4     4  453.       0.549      0.01875   
 453    36   1     0     4     4  453.       0.568      0.01875   
 453    37   1     0     7     7  453.       0.593      0.02500   
 453    38   1     0     5     5  453.       0.618      0.02500   
 453    39   1     0     4     4  453.       0.643      0.02500   
 453    40   1     0     4     4  453.       0.668      0.02500   
 453    41   1     0     4     4  453.       0.693      0.02500   
 453    42   1     0     3     3  453.       0.718      0.02500   
 453    43   1     0     3     3  453.       0.743      0.02500   
 453    44   1     0     9     9  453.       0.768      0.02500   
 453    45   1     0     7     7  453.       0.793      0.02500   
 453    46   1     0     4     4  453.       0.818      0.02500   
 453    47   1     0    10    10  453.       0.843      0.02500   
 453    48   1     0    12    12  453.       0.868      0.02500   
 453    49   1     0    10    10  453.       0.887      0.01875   
 453    50   1     0    11    11  453.       0.906      0.01875   
 453    51   1     0    10    10  453.       0.920      0.01406   
 453    52   1     0    10    10  453.       0.934      0.01406   
 453    53   1     0     8     8  453.       0.948      0.01406   
 453    54   1     0     6     6  453.       0.962      0.01406   
 453    55   1     0     7     7  453.       0.976      0.01406   
 453    56   1     0     5     5  453.       0.990      0.01406   
 453    57   1     0    10    10  453.       1.00       0.01000   
 454     1   1     0    10    10  453.       0.00500    0.005000  
 454     2   1     0     5     5  453.       0.0100     0.005000  
 454     3   1     0     5     5  453.       0.0150     0.005000  
 454     4   1     0     3     3  453.       0.0200     0.005000  
 454     5   1     0     2     2  453.       0.0250     0.005000  
 454     6   1     0     7     7  453.       0.0325     0.007500  
 454     7   1     0     2     2  453.       0.0400     0.007500  
 454     8   1     0     5     5  453.       0.0475     0.007500  
 454     9   1     0     3     3  453.       0.0550     0.007500  
 454    10   1     0     3     3  453.       0.0625     0.007500  
 454    11   1     0    10    10  453.       0.0737     0.01125   
 454    12   1     0     4     4  453.       0.0850     0.01125   
 454    13   1     0     4     4  453.       0.0962     0.01125   
 454    14   1     0     9     9  453.       0.113      0.01688   
 454    15   1     0     5     5  453.       0.130      0.01688   
 454    16   1     0     5     5  453.       0.147      0.01688   
 454    17   1     0     3     3  453.       0.164      0.01688   
 454    18   1     0     2     2  453.       0.181      0.01688   
 454    19   1     0     7     7  453.       0.206      0.02500   
 454    20   1     0     6     6  453.       0.231      0.02500   
 454    21   1     0    10    10  453.       0.256      0.02500   
 454    22   1     0     6     6  453.       0.281      0.02500   
 454    23   1     0     1     1  453.       0.306      0.02500   
 454    24   1     0    10    10  453.       0.331      0.02500   
 454    25   1     0    10    10  453.       0.356      0.02500   
 454    26   1     0    11    11  453.       0.381      0.02500   
 454    27   1     0    10    10  453.       0.399      0.01875   
 454    28   1     0    10    10  453.       0.418      0.01875   
 454    29   1     0     9     9  453.       0.437      0.01875   
 454    30   1     0     7     7  453.       0.456      0.01875   
 454    31   1     0     5     5  453.       0.474      0.01875   
 454    32   1     0     5     5  453.       0.493      0.01875   
 454    33   1     0     5     5  454.       0.512      0.01875   
 454    34   1     0     5     5  454.       0.531      0.01875   
 454    35   1     0     4     4  454.       0.549      0.01875   
 454    36   1     0     4     4  454.       0.568      0.01875   
 454    37   1     0     7     7  454.       0.593      0.02500   
 454    38   1     0     5     5  454.       0.618      0.02500   
 454    39   1     0     4     4  454.       0.643      0.02500   
 454    40   1     0     4     4  454.       0.668      0.02500   
 454    41   1     0     4     4  454.       0.693      0.02500   
 454    42   1     0     3     3  454.       0.718      0.02500   
 454    43   1     0     3     3  454.       0.743      0.02500   
 454    44   1     0     9     9  454.       0.768      0.02500   
 454    45   1     0     7     7  454.       0.793      0.02500   
 454    46   1     0     4     4  454.       0.818      0.02500   
 454    47   1     0    10    10  454.       0.843      0.02500   
 454    48   1U    0     9     9  454.       0.843      0.02500   
 454    48   2     0    11    11  454.       0.856      0.01250   
 454    49   1     0    11    11  454.       0.865      0.009375  
 454    50   1     0    10    10  454.       0.872      0.007031  
 454    51   1     0    10    10  454.       0.879      0.007031  
 454    52   1     0    10    10  454.       0.886      0.007031  
 454    53   1     0     9     9  454.       0.893      0.007031  
 454    54   1     0     5     5  454.       0.900      0.007031  
 454    55   1     0     6     6  454.       0.907      0.007031  
 454    56   1     0     7     7  454.       0.914      0.007031  
 454    57   1     0     5     5  454.       0.921      0.007031  
 454    58   1     0     3     3  454.       0.928      0.007031  
 454    59   1     0     3     3  454.       0.935      0.007031  
 454    60   1     0     4     4  454.       0.946      0.01055   
 454    61   1     0     3     3  454.       0.962      0.01582   
 454    62   1     0     6     6  454.       0.985      0.02373   
 454    63   1     0    10    10  454.       1.00       0.01459   
 455     1   1     0    10    10  454.       0.00500    0.005000  
 455     2   1     0     9     9  454.       0.0100     0.005000  
 455     3   1     0     9     9  454.       0.0150     0.005000  
 455     4   1     0     7     7  454.       0.0200     0.005000  
 455     5   1     0     5     5  454.       0.0250     0.005000  
 455     6   1     0     3     3  454.       0.0300     0.005000  
 455     7   1     0     1     1  454.       0.0350     0.005000  
 455     8   1     0     8     8  454.       0.0425     0.007500  
 455     9   1     0     2     2  454.       0.0500     0.007500  
 455    10   1     0     4     4  454.       0.0575     0.007500  
 455    11   1U    0     5     5  454.       0.0575     0.01125   
 455    11   2     0    10    10  454.       0.0603     0.002812  
 455    12   1     0     4     4  454.       0.0631     0.002812  
 455    13   1     0     5     5  454.       0.0659     0.002812  
 455    14   1     0     4     4  454.       0.0687     0.002812  
 455    15   1     0     3     3  454.       0.0716     0.002812  
 455    16   1     0     7     7  454.       0.0758     0.004219  
 455    17   1     0     1     1  454.       0.0800     0.004219  
 455    18   1     0     1     1  454.       0.0842     0.004219  
 455    19   1     0     5     5  454.       0.0905     0.006328  
 455    20   1     0     1     1  454.       0.0969     0.006328  
 455    21   1     0     2     2  454.       0.103      0.006328  
 455    22   1     0     5     5  454.       0.113      0.009492  
 455    23   1     0     2     2  454.       0.122      0.009492  
 455    24   1     0     3     3  454.       0.132      0.009492  
 455    25   1     0     7     7  454.       0.146      0.01424   
 455    26   1     0     4     4  454.       0.160      0.01424   
 455    27   1     0     4     4  454.       0.174      0.01424   
 455    28   1     0     7     7  454.       0.196      0.02136   
 455    29   1     0     4     4  454.       0.217      0.02136   
 455    30   1     0     4     4  454.       0.238      0.02136   
 455    31   1     0    10    10  454.       0.263      0.02500   
 455    32   1     0     2     2  454.       0.288      0.02500   
 455    33   1     0     7     7  454.       0.313      0.02500   
 455    34   1     0    10    10  454.       0.338      0.02500   
 455    35   1     0    10    10  454.       0.363      0.02500   
 455    36   1     0    11    11  454.       0.388      0.02500   
 455    37   1     0    10    10  454.       0.407      0.01875   
 455    38   1     0    10    10  454.       0.426      0.01875   
 455    39   1     0     9     9  454.       0.445      0.01875   
 455    40   1     0     6     6  454.       0.463      0.01875   
 455    41   1     0     5     5  454.       0.482      0.01875   
 455    42   1     0     5     5  455.       0.501      0.01875   
 455    43   1     0     5     5  455.       0.520      0.01875   
 455    44   1     0     5     5  455.       0.538      0.01875   
 455    45   1     0     4     4  455.       0.557      0.01875   
 455    46   1     0     4     4  455.       0.576      0.01875   
 455    47   1     0     7     7  455.       0.601      0.02500   
 455    48   1     0     5     5  455.       0.626      0.02500   
 455    49   1     0     4     4  455.       0.651      0.02500   
 455    50   1     0     4     4  455.       0.676      0.02500   
 455    51   1     0     4     4  455.       0.701      0.02500   
 455    52   1     0     3     3  455.       0.726      0.02500   
 455    53   1     0     7     7  455.       0.751      0.02500   
 455    54   1     0     7     7  455.       0.776      0.02500   
 455    55   1     0     5     5  455.       0.801      0.02500   
 455    56   1     0     4     4  455.       0.826      0.02500   
 455    57   1     0    10    10  455.       0.851      0.02500   
 455    58   1     0    10    10  455.       0.876      0.02500   
 455    59   1     0    10    10  455.       0.901      0.02500   
 455    60   1     0    10    10  455.       0.926      0.02500   
 455    61   1     0     6     6  455.       0.951      0.02500   
 455    62   1     0     6     6  455.       0.976      0.02500   
 455    63   1     0     5     5  455.       1.00       0.02403   
 456     1   1     0    10    10  455.       0.00500    0.005000  
 456     2   1     0    10    10  455.       0.0100     0.005000  
 456     3   1     0    10    10  455.       0.0150     0.005000  
 456     4   1     0     7     7  455.       0.0200     0.005000  
 456     5   1     0     6     6  455.       0.0250     0.005000  
 456     6   1     0     4     4  455.       0.0300     0.005000  
 456     7   1     0     1     1  455.       0.0350     0.005000  
 456     8   1     0     7     7  455.       0.0425     0.007500  
 456     9   1     0     2     2  455.       0.0500     0.007500  
 456    10   1     0     4     4  455.       0.0575     0.007500  
 456    11   1U    0     4     4  455.       0.0575     0.01125   
 456    11   2     0     9     9  455.       0.0603     0.002812  
 456    12   1     0     3     3  455.       0.0631     0.002812  
 456    13   1     0     4     4  455.       0.0659     0.002812  
 456    14   1     0     8     8  455.       0.0702     0.004219  
 456    15   1     0     1     1  455.       0.0744     0.004219  
 456    16   1     0     2     2  455.       0.0786     0.004219  
 456    17   1     0     6     6  455.       0.0849     0.006328  
 456    18   1     0     1     1  455.       0.0912     0.006328  
 456    19   1     0     2     2  455.       0.0976     0.006328  
 456    20   1     0     4     4  455.       0.107      0.009492  
 456    21   1     0     7     7  455.       0.121      0.01424   
 456    22   1     0     5     5  455.       0.136      0.01424   
 456    23   1     0     5     5  455.       0.150      0.01424   
 456    24   1     0     3     3  455.       0.164      0.01424   
 456    25   1     0     2     2  455.       0.178      0.01424   
 456    26   1     0     8     8  455.       0.200      0.02136   
 456    27   1     0     4     4  455.       0.221      0.02136   
 456    28   1     0     4     4  455.       0.242      0.02136   
 456    29   1     0     7     7  455.       0.267      0.02500   
 456    30   1     0     2     2  455.       0.292      0.02500   
 456    31   1     0     8     8  455.       0.317      0.02500   
 456    32   1     0    10    10  455.       0.342      0.02500   
 456    33   1     0    10    10  455.       0.367      0.02500   
 456    34   1     0    10    10  455.       0.392      0.02500   
 456    35   1     0    10    10  455.       0.417      0.02500   
 456    36   1     0    10    10  455.       0.442      0.02500   
 456    37   1     0     8     8  455.       0.467      0.02500   
 456    38   1     0     5     5  455.       0.492      0.02500   
 456    39   1     0     4     4  456.       0.517      0.02500   
 456    40   1     0     5     5  456.       0.542      0.02500   
 456    41   1     0     4     4  456.       0.567      0.02500   
 456    42   1     0     4     4  456.       0.592      0.02500   
 456    43   1     0     4     4  456.       0.617      0.02500   
 456    44   1     0     4     4  456.       0.642      0.02500   
 456    45   1     0     3     3  456.       0.667      0.02500   
 456    46   1     0     4     4  456.       0.692      0.02500   
 456    47   1     0     3     3  456.       0.717      0.02500   
 456    48   1     0     2     2  456.       0.742      0.02500   
 456    49   1     0    10    10  456.       0.767      0.02500   
 456    50   1     0     8     8  456.       0.792      0.02500   
 456    51   1     0     5     5  456.       0.817      0.02500   
 456    52   1     0    10    10  456.       0.842      0.02500   
 456    53   1     0    10    10  456.       0.867      0.02500   
 456    54   1     0    10    10  456.       0.892      0.02500   
 456    55   1     0    10    10  456.       0.917      0.02500   
 456    56   1     0     9     9  456.       0.942      0.02500   
 456    57   1     0     7     7  456.       0.967      0.02500   
 456    58   1     0     5     5  456.       0.992      0.02500   
 456    59   1     0    10    10  456.       1.00       0.007666  
 457     1   1     0    10    10  456.       0.00500    0.005000  
 457     2   1     0     7     7  456.       0.0100     0.005000  
 457     3   1     0     5     5  456.       0.0150     0.005000  
 457     4   1     0     3     3  456.       0.0200     0.005000  
 457     5   1     0     1     1  456.       0.0250     0.005000  
 457     6   1     0     5     5  456.       0.0325     0.007500  
 457     7   1     0     2     2  456.       0.0400     0.007500  
 457     8   1     0     4     4  456.       0.0475     0.007500  
 457     9   1     0     5     5  456.       0.0587     0.01125   
 457    10   1     0     4     4  456.       0.0700     0.01125   
 457    11   1     0     6     6  456.       0.0812     0.01125   
 457    12   1     0     4     4  456.       0.0925     0.01125   
 457    13   1     0     3     3  456.       0.104      0.01125   
 457    14   1     0     9     9  456.       0.121      0.01688   
 457    15   1     0     4     4  456.       0.137      0.01688   
 457    16   1     0     4     4  456.       0.154      0.01688   
 457    17   1     0     7     7  456.       0.179      0.02500   
 457    18   1     0     6     6  456.       0.204      0.02500   
 457    19   1     0     4     4  456.       0.229      0.02500   
 457    20   1     0    10    10  456.       0.254      0.02500   
 457    21   1     0     6     6  456.       0.279      0.02500   
 457    22   1     0     1     1  456.       0.304      0.02500   
 457    23   1     0    10    10  456.       0.329      0.02500   
 457    24   1     0    10    10  456.       0.354      0.02500   
 457    25   1     0    11    11  456.       0.379      0.02500   
 457    26   1     0    11    11  456.       0.398      0.01875   
 457    27   1     0    10    10  456.       0.412      0.01406   
 457    28   1     0     9     9  456.       0.426      0.01406   
 457    29   1     0     7     7  456.       0.440      0.01406   
 457    30   1     0     6     6  456.       0.454      0.01406   
 457    31   1     0     7     7  456.       0.468      0.01406   
 457    32   1     0     6     6  456.       0.482      0.01406   
 457    33   1     0     5     5  456.       0.497      0.01406   
 457    34   1     0     5     5  457.       0.511      0.01406   
 457    35   1     0     5     5  457.       0.525      0.01406   
 457    36   1     0     4     4  457.       0.539      0.01406   
 457    37   1     0     4     4  457.       0.553      0.01406   
 457    38   1     0     9     9  457.       0.574      0.02109   
 457    39   1     0     6     6  457.       0.595      0.02109   
 457    40   1     0     4     4  457.       0.616      0.02109   
 457    41   1     0     5     5  457.       0.637      0.02109   
 457    42   1     0     4     4  457.       0.658      0.02109   
 457    43   1     0     4     4  457.       0.679      0.02109   
 457    44   1     0     6     6  457.       0.704      0.02500   
 457    45   1     0     5     5  457.       0.729      0.02500   
 457    46   1     0    10    10  457.       0.754      0.02500   
 457    47   1     0     7     7  457.       0.779      0.02500   
 457    48   1     0     5     5  457.       0.804      0.02500   
 457    49   1     0     6     6  457.       0.829      0.02500   
 457    50   1     0    10    10  457.       0.854      0.02500   
 457    51   1     0    11    11  457.       0.879      0.02500   
 457    52   1     0    10    10  457.       0.898      0.01875   
 457    53   1     0    10    10  457.       0.917      0.01875   
 457    54   1     0     8     8  457.       0.936      0.01875   
 457    55   1     0     8     8  457.       0.954      0.01875   
 457    56   1     0     6     6  457.       0.973      0.01875   
 457    57   1     0     6     6  457.       0.992      0.01875   
 457    58   1     0    10    10  457.       1.00       0.008125  
 458     1   1     0    10    10  457.       0.00500    0.005000  
 458     2   1     0     8     8  457.       0.0100     0.005000  
 458     3   1     0     9     9  457.       0.0150     0.005000  
 458     4   1     0     6     6  457.       0.0200     0.005000  
 458     5   1     0     5     5  457.       0.0250     0.005000  
 458     6   1     0     3     3  457.       0.0300     0.005000  
 458     7   1     0     1     1  457.       0.0350     0.005000  
 458     8   1     0     9     9  457.       0.0425     0.007500  
 458     9   1     0     2     2  457.       0.0500     0.007500  
 458    10   1     0     5     5  457.       0.0575     0.007500  
 458    11   1     0     3     3  457.       0.0650     0.007500  
 458    12   1     0     2     2  457.       0.0725     0.007500  
 458    13   1     0     8     8  457.       0.0838     0.01125   
 458    14   1     0     3     3  457.       0.0950     0.01125   
 458    15   1     0     4     4  457.       0.106      0.01125   
 458    16   1     0     9     9  457.       0.123      0.01688   
 458    17   1     0     5     5  457.       0.140      0.01688   
 458    18   1     0     4     4  457.       0.157      0.01688   
 458    19   1     0     3     3  457.       0.174      0.01688   
 458    20   1     0     7     7  457.       0.199      0.02500   
 458    21   1     0     5     5  457.       0.224      0.02500   
 458    22   1     0     5     5  457.       0.249      0.02500   
 458    23   1     0     6     6  457.       0.274      0.02500   
 458    24   1     0     1     1  457.       0.299      0.02500   
 458    25   1     0     9     9  457.       0.324      0.02500   
 458    26   1     0    10    10  457.       0.349      0.02500   
 458    27   1     0    12    12  457.       0.374      0.02500   
 458    28   1     0    12    12  457.       0.393      0.01875   
 458    29   1     0    10    10  457.       0.407      0.01406   
 458    30   1     0     8     8  457.       0.421      0.01406   
 458    31   1     0     8     8  457.       0.435      0.01406   
 458    32   1     0     6     6  457.       0.449      0.01406   
 458    33   1     0     7     7  457.       0.463      0.01406   
 458    34   1     0     6     6  457.       0.477      0.01406   
 458    35   1     0     6     6  457.       0.491      0.01406   
 458    36   1     0     5     5  458.       0.505      0.01406   
 458    37   1     0     5     5  458.       0.519      0.01406   
 458    38   1     0     5     5  458.       0.533      0.01406   
 458    39   1     0     4     4  458.       0.547      0.01406   
 458    40   1     0     4     4  458.       0.561      0.01406   
 458    41   1     0     9     9  458.       0.582      0.02109   
 458    42   1     0     5     5  458.       0.603      0.02109   
 458    43   1     0     5     5  458.       0.625      0.02109   
 458    44   1     0     4     4  458.       0.646      0.02109   
 458    45   1     0     4     4  458.       0.667      0.02109   
 458    46   1     0     6     6  458.       0.692      0.02500   
 458    47   1     0     5     5  458.       0.717      0.02500   
 458    48   1     0     4     4  458.       0.742      0.02500   
 458    49   1     0    10    10  458.       0.767      0.02500   
 458    50   1     0     7     7  458.       0.792      0.02500   
 458    51   1     0     4     4  458.       0.817      0.02500   
 458    52   1     0    10    10  458.       0.842      0.02500   
 458    53   1     0    10    10  458.       0.867      0.02500   
 458    54   1     0    10    10  458.       0.892      0.02500   
 458    55   1     0    10    10  458.       0.917      0.02500   
 458    56   1     0     9     9  458.       0.942      0.02500   
 458    57   1     0     6     6  458.       0.967      0.02500   
 458    58   1     0     5     5  458.       0.992      0.02500   
 458    59   1     0    10    10  458.       1.00       0.008281  
 459     1   1     0    11    11  458.       0.00500    0.005000  
 459     2   1     0     7     7  458.       0.00875    0.003750  
 459     3   1     0    10    10  458.       0.0125     0.003750  
 459     4   1     0    10    10  458.       0.0163     0.003750  
 459     5   1     0     8     8  458.       0.0200     0.003750  
 459     6   1     0     7     7  458.       0.0238     0.003750  
 459     7   1     0     6     6  458.       0.0275     0.003750  
 459     8   1     0     4     4  458.       0.0312     0.003750  
 459     9   1     0     2     2  458.       0.0350     0.003750  
 459    10   1     0     8     8  458.       0.0406     0.005625  
 459    11   1     0     2     2  458.       0.0462     0.005625  
 459    12   1     0     4     4  458.       0.0519     0.005625  
 459    13   1     0     6     6  458.       0.0603     0.008438  
 459    14   1     0     2     2  458.       0.0688     0.008438  
 459    15   1     0     6     6  458.       0.0772     0.008438  
 459    16   1     0     4     4  458.       0.0856     0.008438  
 459    17   1     0     2     2  458.       0.0941     0.008438  
 459    18   1     0     9     9  458.       0.107      0.01266   
 459    19   1     0     4     4  458.       0.119      0.01266   
 459    20   1     0     4     4  458.       0.132      0.01266   
 459    21   1     0     8     8  458.       0.151      0.01898   
 459    22   1     0     5     5  458.       0.170      0.01898   
 459    23   1     0     4     4  458.       0.189      0.01898   
 459    24   1     0     4     4  458.       0.208      0.01898   
 459    25   1     0     7     7  458.       0.233      0.02500   
 459    26   1     0    10    10  458.       0.258      0.02500   
 459    27   1     0     6     6  458.       0.283      0.02500   
 459    28   1     0     3     3  458.       0.308      0.02500   
 459    29   1     0    10    10  458.       0.333      0.02500   
 459    30   1     0    10    10  458.       0.358      0.02500   
 459    31   1     0    11    11  458.       0.383      0.02500   
 459    32   1     0    10    10  458.       0.402      0.01875   
 459    33   1     0    10    10  458.       0.420      0.01875   
 459    34   1     0     9     9  458.       0.439      0.01875   
 459    35   1     0     7     7  458.       0.458      0.01875   
 459    36   1     0     5     5  458.       0.477      0.01875   
 459    37   1     0     5     5  458.       0.495      0.01875   
 459    38   1     0     5     5  459.       0.514      0.01875   
 459    39   1     0     5     5  459.       0.533      0.01875   
 459    40   1     0     4     4  459.       0.552      0.01875   
 459    41   1     0     4     4  459.       0.570      0.01875   
 459    42   1     0     7     7  459.       0.595      0.02500   
 459    43   1     0     5     5  459.       0.620      0.02500   
 459    44   1     0     4     4  459.       0.645      0.02500   
 459    45   1     0     4     4  459.       0.670      0.02500   
 459    46   1     0     4     4  459.       0.695      0.02500   
 459    47   1     0     3     3  459.       0.720      0.02500   
 459    48   1     0     3     3  459.       0.745      0.02500   
 459    49   1     0     8     8  459.       0.770      0.02500   
 459    50   1     0     8     8  459.       0.795      0.02500   
 459    51   1     0     4     4  459.       0.820      0.02500   
 459    52   1     0    10    10  459.       0.845      0.02500   
 459    53   1     0    11    11  459.       0.870      0.02500   
 459    54   1     0    10    10  459.       0.889      0.01875   
 459    55   1     0    11    11  459.       0.908      0.01875   
 459    56   1     0    10    10  459.       0.922      0.01406   
 459    57   1     0     7     7  459.       0.936      0.01406   
 459    58   1     0     5     5  459.       0.950      0.01406   
 459    59   1     0     6     6  459.       0.964      0.01406   
 459    60   1     0     8     8  459.       0.978      0.01406   
 459    61   1     0     5     5  459.       0.992      0.01406   
 459    62   1     0    10    10  459.       1.00       0.007656  
 460     1   1     0    10    10  459.       0.00500    0.005000  
 460     2   1     0     4     4  459.       0.0100     0.005000  
 460     3   1     0     5     5  459.       0.0150     0.005000  
 460     4   1     0     3     3  459.       0.0200     0.005000  
 460     5   1     0     1     1  459.       0.0250     0.005000  
 460     6   1     0     8     8  459.       0.0325     0.007500  
 460     7   1     0     2     2  459.       0.0400     0.007500  
 460     8   1     0     5     5  459.       0.0475     0.007500  
 460     9   1     0     3     3  459.       0.0550     0.007500  
 460    10   1     0     3     3  459.       0.0625     0.007500  
 460    11   1     0    10    10  459.       0.0737     0.01125   
 460    12   1     0     3     3  459.       0.0850     0.01125   
 460    13   1     0     4     4  459.       0.0962     0.01125   
 460    14   1     0     8     8  459.       0.113      0.01688   
 460    15   1     0     4     4  459.       0.130      0.01688   
 460    16   1     0     5     5  459.       0.147      0.01688   
 460    17   1     0     3     3  459.       0.164      0.01688   
 460    18   1     0     2     2  459.       0.181      0.01688   
 460    19   1     0     7     7  459.       0.206      0.02500   
 460    20   1     0     6     6  459.       0.231      0.02500   
 460    21   1     0    10    10  459.       0.256      0.02500   
 460    22   1     0     6     6  459.       0.281      0.02500   
 460    23   1     0     1     1  459.       0.306      0.02500   
 460    24   1     0    10    10  459.       0.331      0.02500   
 460    25   1     0    10    10  459.       0.356      0.02500   
 460    26   1     0    11    11  459.       0.381      0.02500   
 460    27   1     0    10    10  459.       0.399      0.01875   
 460    28   1     0    10    10  459.       0.418      0.01875   
 460    29   1     0     9     9  459.       0.437      0.01875   
 460    30   1     0     7     7  459.       0.456      0.01875   
 460    31   1     0     5     5  459.       0.474      0.01875   
 460    32   1     0     5     5  459.       0.493      0.01875   
 460    33   1     0     5     5  460.       0.512      0.01875   
 460    34   1     0     5     5  460.       0.531      0.01875   
 460    35   1     0     4     4  460.       0.549      0.01875   
 460    36   1     0     4     4  460.       0.568      0.01875   
 460    37   1     0     7     7  460.       0.593      0.02500   
 460    38   1     0     5     5  460.       0.618      0.02500   
 460    39   1     0     4     4  460.       0.643      0.02500   
 460    40   1     0     4     4  460.       0.668      0.02500   
 460    41   1     0     4     4  460.       0.693      0.02500   
 460    42   1     0     3     3  460.       0.718      0.02500   
 460    43   1     0     3     3  460.       0.743      0.02500   
 460    44   1     0     9     9  460.       0.768      0.02500   
 460    45   1     0     7     7  460.       0.793      0.02500   
 460    46   1     0     4     4  460.       0.818      0.02500   
 460    47   1     0    10    10  460.       0.843      0.02500   
 460    48   1     0    12    12  460.       0.868      0.02500   
 460    49   1     0    10    10  460.       0.887      0.01875   
 460    50   1     0    11    11  460.       0.906      0.01875   
 460    51   1     0    10    10  460.       0.920      0.01406   
 460    52   1     0    10    10  460.       0.934      0.01406   
 460    53   1     0     8     8  460.       0.948      0.01406   
 460    54   1     0     6     6  460.       0.962      0.01406   
 460    55   1     0     7     7  460.       0.976      0.01406   
 460    56   1     0     5     5  460.       0.990      0.01406   
 460    57   1     0    10    10  460.       1.00       0.01000   
 461     1   1     0    10    10  460.       0.00500    0.005000  
 461     2   1     0     5     5  460.       0.0100     0.005000  
 461     3   1     0     5     5  460.       0.0150     0.005000  
 461     4   1     0     3     3  460.       0.0200     0.005000  
 461     5   1     0     2     2  460.       0.0250     0.005000  
 461     6   1     0     7     7  460.       0.0325     0.007500  
 461     7   1     0     2     2  460.       0.0400     0.007500  
 461     8   1     0     5     5  460.       0.0475     0.007500  
 461     9   1     0     3     3  460.       0.0550     0.007500  
 461    10   1     0     3     3  460.       0.0625     0.007500  
 461    11   1     0    10    10  460.       0.0737     0.01125   
 461    12   1     0     4     4  460.       0.0850     0.01125   
 461    13   1     0     4     4  460.       0.0962     0.01125   
 461    14   1     0     9     9  460.       0.113      0.01688   
 461    15   1     0     5     5  460.       0.130      0.01688   
 461    16   1     0     5     5  460.       0.147      0.01688   
 461    17   1     0     3     3  460.       0.164      0.01688   
 461    18   1     0     2     2  460.       0.181      0.01688   
 461    19   1     0     7     7  460.       0.206      0.02500   
 461    20   1     0     6     6  460.       0.231      0.02500   
 461    21   1     0    10    10  460.       0.256      0.02500   
 461    22   1     0     6     6  460.       0.281      0.02500   
 461    23   1     0     1     1  460.       0.306      0.02500   
 461    24   1     0    10    10  460.       0.331      0.02500   
 461    25   1     0    10    10  460.       0.356      0.02500   
 461    26   1     0    11    11  460.       0.381      0.02500   
 461    27   1     0    10    10  460.       0.399      0.01875   
 461    28   1     0    10    10  460.       0.418      0.01875   
 461    29   1     0     9     9  460.       0.437      0.01875   
 461    30   1     0     7     7  460.       0.456      0.01875   
 461    31   1     0     5     5  460.       0.474      0.01875   
 461    32   1     0     5     5  460.       0.493      0.01875   
 461    33   1     0     5     5  461.       0.512      0.01875   
 461    34   1     0     5     5  461.       0.531      0.01875   
 461    35   1     0     4     4  461.       0.549      0.01875   
 461    36   1     0     4     4  461.       0.568      0.01875   
 461    37   1     0     7     7  461.       0.593      0.02500   
 461    38   1     0     5     5  461.       0.618      0.02500   
 461    39   1     0     4     4  461.       0.643      0.02500   
 461    40   1     0     4     4  461.       0.668      0.02500   
 461    41   1     0     4     4  461.       0.693      0.02500   
 461    42   1     0     3     3  461.       0.718      0.02500   
 461    43   1     0     3     3  461.       0.743      0.02500   
 461    44   1     0     9     9  461.       0.768      0.02500   
 461    45   1     0     7     7  461.       0.793      0.02500   
 461    46   1     0     4     4  461.       0.818      0.02500   
 461    47   1     0    10    10  461.       0.843      0.02500   
 461    48   1U    0     9     9  461.       0.843      0.02500   
 461    48   2     0    11    11  461.       0.856      0.01250   
 461    49   1     0    11    11  461.       0.865      0.009375  
 461    50   1     0    10    10  461.       0.872      0.007031  
 461    51   1     0    10    10  461.       0.879      0.007031  
 461    52   1     0    10    10  461.       0.886      0.007031  
 461    53   1     0     9     9  461.       0.893      0.007031  
 461    54   1     0     5     5  461.       0.900      0.007031  
 461    55   1     0     6     6  461.       0.907      0.007031  
 461    56   1     0     7     7  461.       0.914      0.007031  
 461    57   1     0     5     5  461.       0.921      0.007031  
 461    58   1     0     3     3  461.       0.928      0.007031  
 461    59   1     0     3     3  461.       0.935      0.007031  
 461    60   1     0     4     4  461.       0.946      0.01055   
 461    61   1     0     3     3  461.       0.962      0.01582   
 461    62   1     0     6     6  461.       0.985      0.02373   
 461    63   1     0    10    10  461.       1.00       0.01459   
 462     1   1     0    10    10  461.       0.00500    0.005000  
 462     2   1     0     9     9  461.       0.0100     0.005000  
 462     3   1     0     9     9  461.       0.0150     0.005000  
 462     4   1     0     7     7  461.       0.0200     0.005000  
 462     5   1     0     5     5  461.       0.0250     0.005000  
 462     6   1     0     3     3  461.       0.0300     0.005000  
 462     7   1     0     1     1  461.       0.0350     0.005000  
 462     8   1     0     8     8  461.       0.0425     0.007500  
 462     9   1     0     2     2  461.       0.0500     0.007500  
 462    10   1     0     4     4  461.       0.0575     0.007500  
 462    11   1U    0     5     5  461.       0.0575     0.01125   
 462    11   2     0    10    10  461.       0.0603     0.002812  
 462    12   1     0     4     4  461.       0.0631     0.002812  
 462    13   1     0     5     5  461.       0.0659     0.002812  
 462    14   1     0     4     4  461.       0.0687     0.002812  
 462    15   1     0     3     3  461.       0.0716     0.002812  
 462    16   1     0     7     7  461.       0.0758     0.004219  
 462    17   1     0     1     1  461.       0.0800     0.004219  
 462    18   1     0     1     1  461.       0.0842     0.004219  
 462    19   1     0     5     5  461.       0.0905     0.006328  
 462    20   1     0     1     1  461.       0.0969     0.006328  
 462    21   1     0     2     2  461.       0.103      0.006328  
 462    22   1     0     5     5  461.       0.113      0.009492  
 462    23   1     0     2     2  461.       0.122      0.009492  
 462    24   1     0     3     3  461.       0.132      0.009492  
 462    25   1     0     7     7  461.       0.146      0.01424   
 462    26   1     0     4     4  461.       0.160      0.01424   
 462    27   1     0     4     4  461.       0.174      0.01424   
 462    28   1     0     7     7  461.       0.196      0.02136   
 462    29   1     0     4     4  461.       0.217      0.02136   
 462    30   1     0     4     4  461.       0.238      0.02136   
 462    31   1     0    10    10  461.       0.263      0.02500   
 462    32   1     0     2     2  461.       0.288      0.02500   
 462    33   1     0     7     7  461.       0.313      0.02500   
 462    34   1     0    10    10  461.       0.338      0.02500   
 462    35   1     0    10    10  461.       0.363      0.02500   
 462    36   1     0    11    11  461.       0.388      0.02500   
 462    37   1     0    10    10  461.       0.407      0.01875   
 462    38   1     0    10    10  461.       0.426      0.01875   
 462    39   1     0     9     9  461.       0.445      0.01875   
 462    40   1     0     6     6  461.       0.463      0.01875   
 462    41   1     0     5     5  461.       0.482      0.01875   
 462    42   1     0     5     5  462.       0.501      0.01875   
 462    43   1     0     5     5  462.       0.520      0.01875   
 462    44   1     0     5     5  462.       0.538      0.01875   
 462    45   1     0     4     4  462.       0.557      0.01875   
 462    46   1     0     4     4  462.       0.576      0.01875   
 462    47   1     0     7     7  462.       0.601      0.02500   
 462    48   1     0     5     5  462.       0.626      0.02500   
 462    49   1     0     4     4  462.       0.651      0.02500   
 462    50   1     0     4     4  462.       0.676      0.02500   
 462    51   1     0     4     4  462.       0.701      0.02500   
 462    52   1     0     3     3  462.       0.726      0.02500   
 462    53   1     0     7     7  462.       0.751      0.02500   
 462    54   1     0     7     7  462.       0.776      0.02500   
 462    55   1     0     5     5  462.       0.801      0.02500   
 462    56   1     0     4     4  462.       0.826      0.02500   
 462    57   1     0    10    10  462.       0.851      0.02500   
 462    58   1     0    10    10  462.       0.876      0.02500   
 462    59   1     0    10    10  462.       0.901      0.02500   
 462    60   1     0    10    10  462.       0.926      0.02500   
 462    61   1     0     6     6  462.       0.951      0.02500   
 462    62   1     0     6     6  462.       0.976      0.02500   
 462    63   1     0     5     5  462.       1.00       0.02403   
 463     1   1     0    10    10  462.       0.00500    0.005000  
 463     2   1     0    10    10  462.       0.0100     0.005000  
 463     3   1     0    10    10  462.       0.0150     0.005000  
 463     4   1     0     7     7  462.       0.0200     0.005000  
 463     5   1     0     6     6  462.       0.0250     0.005000  
 463     6   1     0     4     4  462.       0.0300     0.005000  
 463     7   1     0     1     1  462.       0.0350     0.005000  
 463     8   1     0     7     7  462.       0.0425     0.007500  
 463     9   1     0     2     2  462.       0.0500     0.007500  
 463    10   1     0     4     4  462.       0.0575     0.007500  
 463    11   1U    0     4     4  462.       0.0575     0.01125   
 463    11   2     0     9     9  462.       0.0603     0.002812  
 463    12   1     0     3     3  462.       0.0631     0.002812  
 463    13   1     0     4     4  462.       0.0659     0.002812  
 463    14   1     0     8     8  462.       0.0702     0.004219  
 463    15   1     0     1     1  462.       0.0744     0.004219  
 463    16   1     0     2     2  462.       0.0786     0.004219  
 463    17   1     0     6     6  462.       0.0849     0.006328  
 463    18   1     0     1     1  462.       0.0912     0.006328  
 463    19   1     0     2     2  462.       0.0976     0.006328  
 463    20   1     0     4     4  462.       0.107      0.009492  
 463    21   1     0     7     7  462.       0.121      0.01424   
 463    22   1     0     5     5  462.       0.136      0.01424   
 463    23   1     0     5     5  462.       0.150      0.01424   
 463    24   1     0     3     3  462.       0.164      0.01424   
 463    25   1     0     2     2  462.       0.178      0.01424   
 463    26   1     0     8     8  462.       0.200      0.02136   
 463    27   1     0     4     4  462.       0.221      0.02136   
 463    28   1     0     4     4  462.       0.242      0.02136   
 463    29   1     0     7     7  462.       0.267      0.02500   
 463    30   1     0     2     2  462.       0.292      0.02500   
 463    31   1     0     8     8  462.       0.317      0.02500   
 463    32   1     0    10    10  462.       0.342      0.02500   
 463    33   1     0    10    10  462.       0.367      0.02500   
 463    34   1     0    10    10  462.       0.392      0.02500   
 463    35   1     0    10    10  462.       0.417      0.02500   
 463    36   1     0    10    10  462.       0.442      0.02500   
 463    37   1     0     8     8  462.       0.467      0.02500   
 463    38   1     0     5     5  462.       0.492      0.02500   
 463    39   1     0     4     4  463.       0.517      0.02500   
 463    40   1     0     5     5  463.       0.542      0.02500   
 463    41   1     0     4     4  463.       0.567      0.02500   
 463    42   1     0     4     4  463.       0.592      0.02500   
 463    43   1     0     4     4  463.       0.617      0.02500   
 463    44   1     0     4     4  463.       0.642      0.02500   
 463    45   1     0     3     3  463.       0.667      0.02500   
 463    46   1     0     4     4  463.       0.692      0.02500   
 463    47   1     0     3     3  463.       0.717      0.02500   
 463    48   1     0     2     2  463.       0.742      0.02500   
 463    49   1     0    10    10  463.       0.767      0.02500   
 463    50   1     0     8     8  463.       0.792      0.02500   
 463    51   1     0     5     5  463.       0.817      0.02500   
 463    52   1     0    10    10  463.       0.842      0.02500   
 463    53   1     0    10    10  463.       0.867      0.02500   
 463    54   1     0    10    10  463.       0.892      0.02500   
 463    55   1     0    10    10  463.       0.917      0.02500   
 463    56   1     0     9     9  463.       0.942      0.02500   
 463    57   1     0     7     7  463.       0.967      0.02500   
 463    58   1     0     5     5  463.       0.992      0.02500   
 463    59   1     0    10    10  463.       1.00       0.007666  
 464     1   1     0    10    10  463.       0.00500    0.005000  
 464     2   1     0     7     7  463.       0.0100     0.005000  
 464     3   1     0     5     5  463.       0.0150     0.005000  
 464     4   1     0     3     3  463.       0.0200     0.005000  
 464     5   1     0     1     1  463.       0.0250     0.005000  
 464     6   1     0     5     5  463.       0.0325     0.007500  
 464     7   1     0     2     2  463.       0.0400     0.007500  
 464     8   1     0     4     4  463.       0.0475     0.007500  
 464     9   1     0     5     5  463.       0.0587     0.01125   
 464    10   1     0     4     4  463.       0.0700     0.01125   
 464    11   1     0     6     6  463.       0.0812     0.01125   
 464    12   1     0     4     4  463.       0.0925     0.01125   
 464    13   1     0     3     3  463.       0.104      0.01125   
 464    14   1     0     9     9  463.       0.121      0.01688   
 464    15   1     0     4     4  463.       0.137      0.01688   
 464    16   1     0     4     4  463.       0.154      0.01688   
 464    17   1     0     7     7  463.       0.179      0.02500   
 464    18   1     0     6     6  463.       0.204      0.02500   
 464    19   1     0     4     4  463.       0.229      0.02500   
 464    20   1     0    10    10  463.       0.254      0.02500   
 464    21   1     0     6     6  463.       0.279      0.02500   
 464    22   1     0     1     1  463.       0.304      0.02500   
 464    23   1     0    10    10  463.       0.329      0.02500   
 464    24   1     0    10    10  463.       0.354      0.02500   
 464    25   1     0    11    11  463.       0.379      0.02500   
 464    26   1     0    11    11  463.       0.398      0.01875   
 464    27   1     0    10    10  463.       0.412      0.01406   
 464    28   1     0     9     9  463.       0.426      0.01406   
 464    29   1     0     7     7  463.       0.440      0.01406   
 464    30   1     0     6     6  463.       0.454      0.01406   
 464    31   1     0     7     7  463.       0.468      0.01406   
 464    32   1     0     6     6  463.       0.482      0.01406   
 464    33   1     0     5     5  463.       0.497      0.01406   
 464    34   1     0     5     5  464.       0.511      0.01406   
 464    35   1     0     5     5  464.       0.525      0.01406   
 464    36   1     0     4     4  464.       0.539      0.01406   
 464    37   1     0     4     4  464.       0.553      0.01406   
 464    38   1     0     9     9  464.       0.574      0.02109   
 464    39   1     0     6     6  464.       0.595      0.02109   
 464    40   1     0     4     4  464.       0.616      0.02109   
 464    41   1     0     5     5  464.       0.637      0.02109   
 464    42   1     0     4     4  464.       0.658      0.02109   
 464    43   1     0     4     4  464.       0.679      0.02109   
 464    44   1     0     6     6  464.       0.704      0.02500   
 464    45   1     0     5     5  464.       0.729      0.02500   
 464    46   1     0    10    10  464.       0.754      0.02500   
 464    47   1     0     7     7  464.       0.779      0.02500   
 464    48   1     0     5     5  464.       0.804      0.02500   
 464    49   1     0     6     6  464.       0.829      0.02500   
 464    50   1     0    10    10  464.       0.854      0.02500   
 464    51   1     0    11    11  464.       0.879      0.02500   
 464    52   1     0    10    10  464.       0.898      0.01875   
 464    53   1     0    10    10  464.       0.917      0.01875   
 464    54   1     0     8     8  464.       0.936      0.01875   
 464    55   1     0     8     8  464.       0.954      0.01875   
 464    56   1     0     6     6  464.       0.973      0.01875   
 464    57   1     0     6     6  464.       0.992      0.01875   
 464    58   1     0    10    10  464.       1.00       0.008125  
 465     1   1     0    10    10  464.       0.00500    0.005000  
 465     2   1     0     8     8  464.       0.0100     0.005000  
 465     3   1     0     9     9  464.       0.0150     0.005000  
 465     4   1     0     6     6  464.       0.0200     0.005000  
 465     5   1     0     5     5  464.       0.0250     0.005000  
 465     6   1     0     3     3  464.       0.0300     0.005000  
 465     7   1     0     1     1  464.       0.0350     0.005000  
 465     8   1     0     9     9  464.       0.0425     0.007500  
 465     9   1     0     2     2  464.       0.0500     0.007500  
 465    10   1     0     5     5  464.       0.0575     0.007500  
 465    11   1     0     3     3  464.       0.0650     0.007500  
 465    12   1     0     2     2  464.       0.0725     0.007500  
 465    13   1     0     8     8  464.       0.0838     0.01125   
 465    14   1     0     3     3  464.       0.0950     0.01125   
 465    15   1     0     4     4  464.       0.106      0.01125   
 465    16   1     0     9     9  464.       0.123      0.01688   
 465    17   1     0     5     5  464.       0.140      0.01688   
 465    18   1     0     4     4  464.       0.157      0.01688   
 465    19   1     0     3     3  464.       0.174      0.01688   
 465    20   1     0     7     7  464.       0.199      0.02500   
 465    21   1     0     5     5  464.       0.224      0.02500   
 465    22   1     0     5     5  464.       0.249      0.02500   
 465    23   1     0     6     6  464.       0.274      0.02500   
 465    24   1     0     1     1  464.       0.299      0.02500   
 465    25   1     0     9     9  464.       0.324      0.02500   
 465    26   1     0    10    10  464.       0.349      0.02500   
 465    27   1     0    12    12  464.       0.374      0.02500   
 465    28   1     0    12    12  464.       0.393      0.01875   
 465    29   1     0    10    10  464.       0.407      0.01406   
 465    30   1     0     8     8  464.       0.421      0.01406   
 465    31   1     0     8     8  464.       0.435      0.01406   
 465    32   1     0     6     6  464.       0.449      0.01406   
 465    33   1     0     7     7  464.       0.463      0.01406   
 465    34   1     0     6     6  464.       0.477      0.01406   
 465    35   1     0     6     6  464.       0.491      0.01406   
 465    36   1     0     5     5  465.       0.505      0.01406   
 465    37   1     0     5     5  465.       0.519      0.01406   
 465    38   1     0     5     5  465.       0.533      0.01406   
 465    39   1     0     4     4  465.       0.547      0.01406   
 465    40   1     0     4     4  465.       0.561      0.01406   
 465    41   1     0     9     9  465.       0.582      0.02109   
 465    42   1     0     5     5  465.       0.603      0.02109   
 465    43   1     0     5     5  465.       0.625      0.02109   
 465    44   1     0     4     4  465.       0.646      0.02109   
 465    45   1     0     4     4  465.       0.667      0.02109   
 465    46   1     0     6     6  465.       0.692      0.02500   
 465    47   1     0     5     5  465.       0.717      0.02500   
 465    48   1     0     4     4  465.       0.742      0.02500   
 465    49   1     0    10    10  465.       0.767      0.02500   
 465    50   1     0     7     7  465.       0.792      0.02500   
 465    51   1     0     4     4  465.       0.817      0.02500   
 465    52   1     0    10    10  465.       0.842      0.02500   
 465    53   1     0    10    10  465.       0.867      0.02500   
 465    54   1     0    10    10  465.       0.892      0.02500   
 465    55   1     0    10    10  465.       0.917      0.02500   
 465    56   1     0     9     9  465.       0.942      0.02500   
 465    57   1     0     6     6  465.       0.967      0.02500   
 465    58   1     0     5     5  465.       0.992      0.02500   
 465    59   1     0    10    10  465.       1.00       0.008281  
 466     1   1     0    11    11  465.       0.00500    0.005000  
 466     2   1     0     7     7  465.       0.00875    0.003750  
 466     3   1     0    10    10  465.       0.0125     0.003750  
 466     4   1     0    10    10  465.       0.0163     0.003750  
 466     5   1     0     8     8  465.       0.0200     0.003750  
 466     6   1     0     7     7  465.       0.0238     0.003750  
 466     7   1     0     6     6  465.       0.0275     0.003750  
 466     8   1     0     4     4  465.       0.0312     0.003750  
 466     9   1     0     2     2  465.       0.0350     0.003750  
 466    10   1     0     8     8  465.       0.0406     0.005625  
 466    11   1     0     2     2  465.       0.0462     0.005625  
 466    12   1     0     4     4  465.       0.0519     0.005625  
 466    13   1     0     6     6  465.       0.0603     0.008438  
 466    14   1     0     2     2  465.       0.0688     0.008438  
 466    15   1     0     6     6  465.       0.0772     0.008438  
 466    16   1     0     4     4  465.       0.0856     0.008438  
 466    17   1     0     2     2  465.       0.0941     0.008438  
 466    18   1     0     9     9  465.       0.107      0.01266   
 466    19   1     0     4     4  465.       0.119      0.01266   
 466    20   1     0     4     4  465.       0.132      0.01266   
 466    21   1     0     8     8  465.       0.151      0.01898   
 466    22   1     0     5     5  465.       0.170      0.01898   
 466    23   1     0     4     4  465.       0.189      0.01898   
 466    24   1     0     4     4  465.       0.208      0.01898   
 466    25   1     0     7     7  465.       0.233      0.02500   
 466    26   1     0    10    10  465.       0.258      0.02500   
 466    27   1     0     6     6  465.       0.283      0.02500   
 466    28   1     0     3     3  465.       0.308      0.02500   
 466    29   1     0    10    10  465.       0.333      0.02500   
 466    30   1     0    10    10  465.       0.358      0.02500   
 466    31   1     0    11    11  465.       0.383      0.02500   
 466    32   1     0    10    10  465.       0.402      0.01875   
 466    33   1     0    10    10  465.       0.420      0.01875   
 466    34   1     0     9     9  465.       0.439      0.01875   
 466    35   1     0     7     7  465.       0.458      0.01875   
 466    36   1     0     5     5  465.       0.477      0.01875   
 466    37   1     0     5     5  465.       0.495      0.01875   
 466    38   1     0     5     5  466.       0.514      0.01875   
 466    39   1     0     5     5  466.       0.533      0.01875   
 466    40   1     0     4     4  466.       0.552      0.01875   
 466    41   1     0     4     4  466.       0.570      0.01875   
 466    42   1     0     7     7  466.       0.595      0.02500   
 466    43   1     0     5     5  466.       0.620      0.02500   
 466    44   1     0     4     4  466.       0.645      0.02500   
 466    45   1     0     4     4  466.       0.670      0.02500   
 466    46   1     0     4     4  466.       0.695      0.02500   
 466    47   1     0     3     3  466.       0.720      0.02500   
 466    48   1     0     3     3  466.       0.745      0.02500   
 466    49   1     0     8     8  466.       0.770      0.02500   
 466    50   1     0     8     8  466.       0.795      0.02500   
 466    51   1     0     4     4  466.       0.820      0.02500   
 466    52   1     0    10    10  466.       0.845      0.02500   
 466    53   1     0    11    11  466.       0.870      0.02500   
 466    54   1     0    10    10  466.       0.889      0.01875   
 466    55   1     0    11    11  466.       0.908      0.01875   
 466    56   1     0    10    10  466.       0.922      0.01406   
 466    57   1     0     7     7  466.       0.936      0.01406   
 466    58   1     0     5     5  466.       0.950      0.01406   
 466    59   1     0     6     6  466.       0.964      0.01406   
 466    60   1     0     8     8  466.       0.978      0.01406   
 466    61   1     0     5     5  466.       0.992      0.01406   
 466    62   1     0    10    10  466.       1.00       0.007656  
 467     1   1     0    10    10  466.       0.00500    0.005000  
 467     2   1     0     4     4  466.       0.0100     0.005000  
 467     3   1     0     5     5  466.       0.0150     0.005000  
 467     4   1     0     3     3  466.       0.0200     0.005000  
 467     5   1     0     1     1  466.       0.0250     0.005000  
 467     6   1     0     8     8  466.       0.0325     0.007500  
 467     7   1     0     2     2  466.       0.0400     0.007500  
 467     8   1     0     5     5  466.       0.0475     0.007500  
 467     9   1     0     3     3  466.       0.0550     0.007500  
 467    10   1     0     3     3  466.       0.0625     0.007500  
 467    11   1     0    10    10  466.       0.0737     0.01125   
 467    12   1     0     3     3  466.       0.0850     0.01125   
 467    13   1     0     4     4  466.       0.0962     0.01125   
 467    14   1     0     8     8  466.       0.113      0.01688   
 467    15   1     0     4     4  466.       0.130      0.01688   
 467    16   1     0     5     5  466.       0.147      0.01688   
 467    17   1     0     3     3  466.       0.164      0.01688   
 467    18   1     0     2     2  466.       0.181      0.01688   
 467    19   1     0     7     7  466.       0.206      0.02500   
 467    20   1     0     6     6  466.       0.231      0.02500   
 467    21   1     0    10    10  466.       0.256      0.02500   
 467    22   1     0     6     6  466.       0.281      0.02500   
 467    23   1     0     1     1  466.       0.306      0.02500   
 467    24   1     0    10    10  466.       0.331      0.02500   
 467    25   1     0    10    10  466.       0.356      0.02500   
 467    26   1     0    11    11  466.       0.381      0.02500   
 467    27   1     0    10    10  466.       0.399      0.01875   
 467    28   1     0    10    10  466.       0.418      0.01875   
 467    29   1     0     9     9  466.       0.437      0.01875   
 467    30   1     0     7     7  466.       0.456      0.01875   
 467    31   1     0     5     5  466.       0.474      0.01875   
 467    32   1     0     5     5  466.       0.493      0.01875   
 467    33   1     0     5     5  467.       0.512      0.01875   
 467    34   1     0     5     5  467.       0.531      0.01875   
 467    35   1     0     4     4  467.       0.549      0.01875   
 467    36   1     0     4     4  467.       0.568      0.01875   
 467    37   1     0     7     7  467.       0.593      0.02500   
 467    38   1     0     5     5  467.       0.618      0.02500   
 467    39   1     0     4     4  467.       0.643      0.02500   
 467    40   1     0     4     4  467.       0.668      0.02500   
 467    41   1     0     4     4  467.       0.693      0.02500   
 467    42   1     0     3     3  467.       0.718      0.02500   
 467    43   1     0     3     3  467.       0.743      0.02500   
 467    44   1     0     9     9  467.       0.768      0.02500   
 467    45   1     0     7     7  467.       0.793      0.02500   
 467    46   1     0     4     4  467.       0.818      0.02500   
 467    47   1     0    10    10  467.       0.843      0.02500   
 467    48   1     0    12    12  467.       0.868      0.02500   
 467    49   1     0    10    10  467.       0.887      0.01875   
 467    50   1     0    11    11  467.       0.906      0.01875   
 467    51   1     0    10    10  467.       0.920      0.01406   
 467    52   1     0    10    10  467.       0.934      0.01406   
 467    53   1     0     8     8  467.       0.948      0.01406   
 467    54   1     0     6     6  467.       0.962      0.01406   
 467    55   1     0     7     7  467.       0.976      0.01406   
 467    56   1     0     5     5  467.       0.990      0.01406   
 467    57   1     0    10    10  467.       1.00       0.01000   
 468     1   1     0    10    10  467.       0.00500    0.005000  
 468     2   1     0     5     5  467.       0.0100     0.005000  
 468     3   1     0     5     5  467.       0.0150     0.005000  
 468     4   1     0     3     3  467.       0.0200     0.005000  
 468     5   1     0     2     2  467.       0.0250     0.005000  
 468     6   1     0     7     7  467.       0.0325     0.007500  
 468     7   1     0     2     2  467.       0.0400     0.007500  
 468     8   1     0     5     5  467.       0.0475     0.007500  
 468     9   1     0     3     3  467.       0.0550     0.007500  
 468    10   1     0     3     3  467.       0.0625     0.007500  
 468    11   1     0    10    10  467.       0.0737     0.01125   
 468    12   1     0     4     4  467.       0.0850     0.01125   
 468    13   1     0     4     4  467.       0.0962     0.01125   
 468    14   1     0     9     9  467.       0.113      0.01688   
 468    15   1     0     5     5  467.       0.130      0.01688   
 468    16   1     0     5     5  467.       0.147      0.01688   
 468    17   1     0     3     3  467.       0.164      0.01688   
 468    18   1     0     2     2  467.       0.181      0.01688   
 468    19   1     0     7     7  467.       0.206      0.02500   
 468    20   1     0     6     6  467.       0.231      0.02500   
 468    21   1     0    10    10  467.       0.256      0.02500   
 468    22   1     0     6     6  467.       0.281      0.02500   
 468    23   1     0     1     1  467.       0.306      0.02500   
 468    24   1     0    10    10  467.       0.331      0.02500   
 468    25   1     0    10    10  467.       0.356      0.02500   
 468    26   1     0    11    11  467.       0.381      0.02500   
 468    27   1     0    10    10  467.       0.399      0.01875   
 468    28   1     0    10    10  467.       0.418      0.01875   
 468    29   1     0     9     9  467.       0.437      0.01875   
 468    30   1     0     7     7  467.       0.456      0.01875   
 468    31   1     0     5     5  467.       0.474      0.01875   
 468    32   1     0     5     5  467.       0.493      0.01875   
 468    33   1     0     5     5  468.       0.512      0.01875   
 468    34   1     0     5     5  468.       0.531      0.01875   
 468    35   1     0     4     4  468.       0.549      0.01875   
 468    36   1     0     4     4  468.       0.568      0.01875   
 468    37   1     0     7     7  468.       0.593      0.02500   
 468    38   1     0     5     5  468.       0.618      0.02500   
 468    39   1     0     4     4  468.       0.643      0.02500   
 468    40   1     0     4     4  468.       0.668      0.02500   
 468    41   1     0     4     4  468.       0.693      0.02500   
 468    42   1     0     3     3  468.       0.718      0.02500   
 468    43   1     0     3     3  468.       0.743      0.02500   
 468    44   1     0     9     9  468.       0.768      0.02500   
 468    45   1     0     7     7  468.       0.793      0.02500   
 468    46   1     0     4     4  468.       0.818      0.02500   
 468    47   1     0    10    10  468.       0.843      0.02500   
 468    48   1U    0     9     9  468.       0.843      0.02500   
 468    48   2     0    11    11  468.       0.856      0.01250   
 468    49   1     0    11    11  468.       0.865      0.009375  
 468    50   1     0    10    10  468.       0.872      0.007031  
 468    51   1     0    10    10  468.       0.879      0.007031  
 468    52   1     0    10    10  468.       0.886      0.007031  
 468    53   1     0     9     9  468.       0.893      0.007031  
 468    54   1     0     5     5  468.       0.900      0.007031  
 468    55   1     0     6     6  468.       0.907      0.007031  
 468    56   1     0     7     7  468.       0.914      0.007031  
 468    57   1     0     5     5  468.       0.921      0.007031  
 468    58   1     0     3     3  468.       0.928      0.007031  
 468    59   1     0     3     3  468.       0.935      0.007031  
 468    60   1     0     4     4  468.       0.946      0.01055   
 468    61   1     0     3     3  468.       0.962      0.01582   
 468    62   1     0     6     6  468.       0.985      0.02373   
 468    63   1     0    10    10  468.       1.00       0.01459   
 469     1   1     0    10    10  468.       0.00500    0.005000  
 469     2   1     0     9     9  468.       0.0100     0.005000  
 469     3   1     0     9     9  468.       0.0150     0.005000  
 469     4   1     0     7     7  468.       0.0200     0.005000  
 469     5   1     0     5     5  468.       0.0250     0.005000  
 469     6   1     0     3     3  468.       0.0300     0.005000  
 469     7   1     0     1     1  468.       0.0350     0.005000  
 469     8   1     0     8     8  468.       0.0425     0.007500  
 469     9   1     0     2     2  468.       0.0500     0.007500  
 469    10   1     0     4     4  468.       0.0575     0.007500  
 469    11   1U    0     5     5  468.       0.0575     0.01125   
 469    11   2     0    10    10  468.       0.0603     0.002812  
 469    12   1     0     4     4  468.       0.0631     0.002812  
 469    13   1     0     5     5  468.       0.0659     0.002812  
 469    14   1     0     4     4  468.       0.0687     0.002812  
 469    15   1     0     3     3  468.       0.0716     0.002812  
 469    16   1     0     7     7  468.       0.0758     0.004219  
 469    17   1     0     1     1  468.       0.0800     0.004219  
 469    18   1     0     1     1  468.       0.0842     0.004219  
 469    19   1     0     5     5  468.       0.0905     0.006328  
 469    20   1     0     1     1  468.       0.0969     0.006328  
 469    21   1     0     2     2  468.       0.103      0.006328  
 469    22   1     0     5     5  468.       0.113      0.009492  
 469    23   1     0     2     2  468.       0.122      0.009492  
 469    24   1     0     3     3  468.       0.132      0.009492  
 469    25   1     0     7     7  468.       0.146      0.01424   
 469    26   1     0     4     4  468.       0.160      0.01424   
 469    27   1     0     4     4  468.       0.174      0.01424   
 469    28   1     0     7     7  468.       0.196      0.02136   
 469    29   1     0     4     4  468.       0.217      0.02136   
 469    30   1     0     4     4  468.       0.238      0.02136   
 469    31   1     0    10    10  468.       0.263      0.02500   
 469    32   1     0     2     2  468.       0.288      0.02500   
 469    33   1     0     7     7  468.       0.313      0.02500   
 469    34   1     0    10    10  468.       0.338      0.02500   
 469    35   1     0    10    10  468.       0.363      0.02500   
 469    36   1     0    11    11  468.       0.388      0.02500   
 469    37   1     0    10    10  468.       0.407      0.01875   
 469    38   1     0    10    10  468.       0.426      0.01875   
 469    39   1     0     9     9  468.       0.445      0.01875   
 469    40   1     0     6     6  468.       0.463      0.01875   
 469    41   1     0     5     5  468.       0.482      0.01875   
 469    42   1     0     5     5  469.       0.501      0.01875   
 469    43   1     0     5     5  469.       0.520      0.01875   
 469    44   1     0     5     5  469.       0.538      0.01875   
 469    45   1     0     4     4  469.       0.557      0.01875   
 469    46   1     0     4     4  469.       0.576      0.01875   
 469    47   1     0     7     7  469.       0.601      0.02500   
 469    48   1     0     5     5  469.       0.626      0.02500   
 469    49   1     0     4     4  469.       0.651      0.02500   
 469    50   1     0     4     4  469.       0.676      0.02500   
 469    51   1     0     4     4  469.       0.701      0.02500   
 469    52   1     0     3     3  469.       0.726      0.02500   
 469    53   1     0     7     7  469.       0.751      0.02500   
 469    54   1     0     7     7  469.       0.776      0.02500   
 469    55   1     0     5     5  469.       0.801      0.02500   
 469    56   1     0     4     4  469.       0.826      0.02500   
 469    57   1     0    10    10  469.       0.851      0.02500   
 469    58   1     0    10    10  469.       0.876      0.02500   
 469    59   1     0    10    10  469.       0.901      0.02500   
 469    60   1     0    10    10  469.       0.926      0.02500   
 469    61   1     0     6     6  469.       0.951      0.02500   
 469    62   1     0     6     6  469.       0.976      0.02500   
 469    63   1     0     5     5  469.       1.00       0.02403   
 470     1   1     0    10    10  469.       0.00500    0.005000  
 470     2   1     0    10    10  469.       0.0100     0.005000  
 470     3   1     0    10    10  469.       0.0150     0.005000  
 470     4   1     0     7     7  469.       0.0200     0.005000  
 470     5   1     0     6     6  469.       0.0250     0.005000  
 470     6   1     0     4     4  469.       0.0300     0.005000  
 470     7   1     0     1     1  469.       0.0350     0.005000  
 470     8   1     0     7     7  469.       0.0425     0.007500  
 470     9   1     0     2     2  469.       0.0500     0.007500  
 470    10   1     0     4     4  469.       0.0575     0.007500  
 470    11   1U    0     4     4  469.       0.0575     0.01125   
 470    11   2     0     9     9  469.       0.0603     0.002812  
 470    12   1     0     3     3  469.       0.0631     0.002812  
 470    13   1     0     4     4  469.       0.0659     0.002812  
 470    14   1     0     8     8  469.       0.0702     0.004219  
 470    15   1     0     1     1  469.       0.0744     0.004219  
 470    16   1     0     2     2  469.       0.0786     0.004219  
 470    17   1     0     6     6  469.       0.0849     0.006328  
 470    18   1     0     1     1  469.       0.0912     0.006328  
 470    19   1     0     2     2  469.       0.0976     0.006328  
 470    20   1     0     4     4  469.       0.107      0.009492  
 470    21   1     0     7     7  469.       0.121      0.01424   
 470    22   1     0     5     5  469.       0.136      0.01424   
 470    23   1     0     5     5  469.       0.150      0.01424   
 470    24   1     0     3     3  469.       0.164      0.01424   
 470    25   1     0     2     2  469.       0.178      0.01424   
 470    26   1     0     8     8  469.       0.200      0.02136   
 470    27   1     0     4     4  469.       0.221      0.02136   
 470    28   1     0     4     4  469.       0.242      0.02136   
 470    29   1     0     7     7  469.       0.267      0.02500   
 470    30   1     0     2     2  469.       0.292      0.02500   
 470    31   1     0     8     8  469.       0.317      0.02500   
 470    32   1     0    10    10  469.       0.342      0.02500   
 470    33   1     0    10    10  469.       0.367      0.02500   
 470    34   1     0    10    10  469.       0.392      0.02500   
 470    35   1     0    10    10  469.       0.417      0.02500   
 470    36   1     0    10    10  469.       0.442      0.02500   
 470    37   1     0     8     8  469.       0.467      0.02500   
 470    38   1     0     5     5  469.       0.492      0.02500   
 470    39   1     0     4     4  470.       0.517      0.02500   
 470    40   1     0     5     5  470.       0.542      0.02500   
 470    41   1     0     4     4  470.       0.567      0.02500   
 470    42   1     0     4     4  470.       0.592      0.02500   
 470    43   1     0     4     4  470.       0.617      0.02500   
 470    44   1     0     4     4  470.       0.642      0.02500   
 470    45   1     0     3     3  470.       0.667      0.02500   
 470    46   1     0     4     4  470.       0.692      0.02500   
 470    47   1     0     3     3  470.       0.717      0.02500   
 470    48   1     0     2     2  470.       0.742      0.02500   
 470    49   1     0    10    10  470.       0.767      0.02500   
 470    50   1     0     8     8  470.       0.792      0.02500   
 470    51   1     0     5     5  470.       0.817      0.02500   
 470    52   1     0    10    10  470.       0.842      0.02500   
 470    53   1     0    10    10  470.       0.867      0.02500   
 470    54   1     0    10    10  470.       0.892      0.02500   
 470    55   1     0    10    10  470.       0.917      0.02500   
 470    56   1     0     9     9  470.       0.942      0.02500   
 470    57   1     0     7     7  470.       0.967      0.02500   
 470    58   1     0     5     5  470.       0.992      0.02500   
 470    59   1     0    10    10  470.       1.00       0.007666  
 471     1   1     0    10    10  470.       0.00500    0.005000  
 471     2   1     0     7     7  470.       0.0100     0.005000  
 471     3   1     0     5     5  470.       0.0150     0.005000  
 471     4   1     0     3     3  470.       0.0200     0.005000  
 471     5   1     0     1     1  470.       0.0250     0.005000  
 471     6   1     0     5     5  470.       0.0325     0.007500  
 471     7   1     0     2     2  470.       0.0400     0.007500  
 471     8   1     0     4     4  470.       0.0475     0.007500  
 471     9   1     0     5     5  470.       0.0587     0.01125   
 471    10   1     0     4     4  470.       0.0700     0.01125   
 471    11   1     0     6     6  470.       0.0812     0.01125   
 471    12   1     0     4     4  470.       0.0925     0.01125   
 471    13   1     0     3     3  470.       0.104      0.01125   
 471    14   1     0     9     9  470.       0.121      0.01688   
 471    15   1     0     4     4  470.       0.137      0.01688   
 471    16   1     0     4     4  470.       0.154      0.01688   
 471    17   1     0     7     7  470.       0.179      0.02500   
 471    18   1     0     6     6  470.       0.204      0.02500   
 471    19   1     0     4     4  470.       0.229      0.02500   
 471    20   1     0    10    10  470.       0.254      0.02500   
 471    21   1     0     6     6  470.       0.279      0.02500   
 471    22   1     0     1     1  470.       0.304      0.02500   
 471    23   1     0    10    10  470.       0.329      0.02500   
 471    24   1     0    10    10  470.       0.354      0.02500   
 471    25   1     0    11    11  470.       0.379      0.02500   
 471    26   1     0    11    11  470.       0.398      0.01875   
 471    27   1     0    10    10  470.       0.412      0.01406   
 471    28   1     0     9     9  470.       0.426      0.01406   
 471    29   1     0     7     7  470.       0.440      0.01406   
 471    30   1     0     6     6  470.       0.454      0.01406   
 471    31   1     0     7     7  470.       0.468      0.01406   
 471    32   1     0     6     6  470.       0.482      0.01406   
 471    33   1     0     5     5  470.       0.497      0.01406   
 471    34   1     0     5     5  471.       0.511      0.01406   
 471    35   1     0     5     5  471.       0.525      0.01406   
 471    36   1     0     4     4  471.       0.539      0.01406   
 471    37   1     0     4     4  471.       0.553      0.01406   
 471    38   1     0     9     9  471.       0.574      0.02109   
 471    39   1     0     6     6  471.       0.595      0.02109   
 471    40   1     0     4     4  471.       0.616      0.02109   
 471    41   1     0     5     5  471.       0.637      0.02109   
 471    42   1     0     4     4  471.       0.658      0.02109   
 471    43   1     0     4     4  471.       0.679      0.02109   
 471    44   1     0     6     6  471.       0.704      0.02500   
 471    45   1     0     5     5  471.       0.729      0.02500   
 471    46   1     0    10    10  471.       0.754      0.02500   
 471    47   1     0     7     7  471.       0.779      0.02500   
 471    48   1     0     5     5  471.       0.804      0.02500   
 471    49   1     0     6     6  471.       0.829      0.02500   
 471    50   1     0    10    10  471.       0.854      0.02500   
 471    51   1     0    11    11  471.       0.879      0.02500   
 471    52   1     0    10    10  471.       0.898      0.01875   
 471    53   1     0    10    10  471.       0.917      0.01875   
 471    54   1     0     8     8  471.       0.936      0.01875   
 471    55   1     0     8     8  471.       0.954      0.01875   
 471    56   1     0     6     6  471.       0.973      0.01875   
 471    57   1     0     6     6  471.       0.992      0.01875   
 471    58   1     0    10    10  471.       1.00       0.008125  
 472     1   1     0    10    10  471.       0.00500    0.005000  
 472     2   1     0     8     8  471.       0.0100     0.005000  
 472     3   1     0     9     9  471.       0.0150     0.005000  
 472     4   1     0     6     6  471.       0.0200     0.005000  
 472     5   1     0     5     5  471.       0.0250     0.005000  
 472     6   1     0     3     3  471.       0.0300     0.005000  
 472     7   1     0     1     1  471.       0.0350     0.005000  
 472     8   1     0     9     9  471.       0.0425     0.007500  
 472     9   1     0     2     2  471.       0.0500     0.007500  
 472    10   1     0     5     5  471.       0.0575     0.007500  
 472    11   1     0     3     3  471.       0.0650     0.007500  
 472    12   1     0     2     2  471.       0.0725     0.007500  
 472    13   1     0     8     8  471.       0.0838     0.01125   
 472    14   1     0     3     3  471.       0.0950     0.01125   
 472    15   1     0     4     4  471.       0.106      0.01125   
 472    16   1     0     9     9  471.       0.123      0.01688   
 472    17   1     0     5     5  471.       0.140      0.01688   
 472    18   1     0     4     4  471.       0.157      0.01688   
 472    19   1     0     3     3  471.       0.174      0.01688   
 472    20   1     0     7     7  471.       0.199      0.02500   
 472    21   1     0     5     5  471.       0.224      0.02500   
 472    22   1     0     5     5  471.       0.249      0.02500   
 472    23   1     0     6     6  471.       0.274      0.02500   
 472    24   1     0     1     1  471.       0.299      0.02500   
 472    25   1     0     9     9  471.       0.324      0.02500   
 472    26   1     0    10    10  471.       0.349      0.02500   
 472    27   1     0    12    12  471.       0.374      0.02500   
 472    28   1     0    12    12  471.       0.393      0.01875   
 472    29   1     0    10    10  471.       0.407      0.01406   
 472    30   1     0     8     8  471.       0.421      0.01406   
 472    31   1     0     8     8  471.       0.435      0.01406   
 472    32   1     0     6     6  471.       0.449      0.01406   
 472    33   1     0     7     7  471.       0.463      0.01406   
 472    34   1     0     6     6  471.       0.477      0.01406   
 472    35   1     0     6     6  471.       0.491      0.01406   
 472    36   1     0     5     5  472.       0.505      0.01406   
 472    37   1     0     5     5  472.       0.519      0.01406   
 472    38   1     0     5     5  472.       0.533      0.01406   
 472    39   1     0     4     4  472.       0.547      0.01406   
 472    40   1     0     4     4  472.       0.561      0.01406   
 472    41   1     0     9     9  472.       0.582      0.02109   
 472    42   1     0     5     5  472.       0.603      0.02109   
 472    43   1     0     5     5  472.       0.625      0.02109   
 472    44   1     0     4     4  472.       0.646      0.02109   
 472    45   1     0     4     4  472.       0.667      0.02109   
 472    46   1     0     6     6  472.       0.692      0.02500   
 472    47   1     0     5     5  472.       0.717      0.02500   
 472    48   1     0     4     4  472.       0.742      0.02500   
 472    49   1     0    10    10  472.       0.767      0.02500   
 472    50   1     0     7     7  472.       0.792      0.02500   
 472    51   1     0     4     4  472.       0.817      0.02500   
 472    52   1     0    10    10  472.       0.842      0.02500   
 472    53   1     0    10    10  472.       0.867      0.02500   
 472    54   1     0    10    10  472.       0.892      0.02500   
 472    55   1     0    10    10  472.       0.917      0.02500   
 472    56   1     0     9     9  472.       0.942      0.02500   
 472    57   1     0     6     6  472.       0.967      0.02500   
 472    58   1     0     5     5  472.       0.992      0.02500   
 472    59   1     0    10    10  472.       1.00       0.008281  
 473     1   1     0    11    11  472.       0.00500    0.005000  
 473     2   1     0     7     7  472.       0.00875    0.003750  
 473     3   1     0    10    10  472.       0.0125     0.003750  
 473     4   1     0    10    10  472.       0.0163     0.003750  
 473     5   1     0     8     8  472.       0.0200     0.003750  
 473     6   1     0     7     7  472.       0.0238     0.003750  
 473     7   1     0     6     6  472.       0.0275     0.003750  
 473     8   1     0     4     4  472.       0.0312     0.003750  
 473     9   1     0     2     2  472.       0.0350     0.003750  
 473    10   1     0     8     8  472.       0.0406     0.005625  
 473    11   1     0     2     2  472.       0.0462     0.005625  
 473    12   1     0     4     4  472.       0.0519     0.005625  
 473    13   1     0     6     6  472.       0.0603     0.008438  
 473    14   1     0     2     2  472.       0.0688     0.008438  
 473    15   1     0     6     6  472.       0.0772     0.008438  
 473    16   1     0     4     4  472.       0.0856     0.008438  
 473    17   1     0     2     2  472.       0.0941     0.008438  
 473    18   1     0     9     9  472.       0.107      0.01266   
 473    19   1     0     4     4  472.       0.119      0.01266   
 473    20   1     0     4     4  472.       0.132      0.01266   
 473    21   1     0     8     8  472.       0.151      0.01898   
 473    22   1     0     5     5  472.       0.170      0.01898   
 473    23   1     0     4     4  472.       0.189      0.01898   
 473    24   1     0     4     4  472.       0.208      0.01898   
 473    25   1     0     7     7  472.       0.233      0.02500   
 473    26   1     0    10    10  472.       0.258      0.02500   
 473    27   1     0     6     6  472.       0.283      0.02500   
 473    28   1     0     3     3  472.       0.308      0.02500   
 473    29   1     0    10    10  472.       0.333      0.02500   
 473    30   1     0    10    10  472.       0.358      0.02500   
 473    31   1     0    11    11  472.       0.383      0.02500   
 473    32   1     0    10    10  472.       0.402      0.01875   
 473    33   1     0    10    10  472.       0.420      0.01875   
 473    34   1     0     9     9  472.       0.439      0.01875   
 473    35   1     0     7     7  472.       0.458      0.01875   
 473    36   1     0     5     5  472.       0.477      0.01875   
 473    37   1     0     5     5  472.       0.495      0.01875   
 473    38   1     0     5     5  473.       0.514      0.01875   
 473    39   1     0     5     5  473.       0.533      0.01875   
 473    40   1     0     4     4  473.       0.552      0.01875   
 473    41   1     0     4     4  473.       0.570      0.01875   
 473    42   1     0     7     7  473.       0.595      0.02500   
 473    43   1     0     5     5  473.       0.620      0.02500   
 473    44   1     0     4     4  473.       0.645      0.02500   
 473    45   1     0     4     4  473.       0.670      0.02500   
 473    46   1     0     4     4  473.       0.695      0.02500   
 473    47   1     0     3     3  473.       0.720      0.02500   
 473    48   1     0     3     3  473.       0.745      0.02500   
 473    49   1     0     8     8  473.       0.770      0.02500   
 473    50   1     0     8     8  473.       0.795      0.02500   
 473    51   1     0     4     4  473.       0.820      0.02500   
 473    52   1     0    10    10  473.       0.845      0.02500   
 473    53   1     0    11    11  473.       0.870      0.02500   
 473    54   1     0    10    10  473.       0.889      0.01875   
 473    55   1     0    11    11  473.       0.908      0.01875   
 473    56   1     0    10    10  473.       0.922      0.01406   
 473    57   1     0     7     7  473.       0.936      0.01406   
 473    58   1     0     5     5  473.       0.950      0.01406   
 473    59   1     0     6     6  473.       0.964      0.01406   
 473    60   1     0     8     8  473.       0.978      0.01406   
 473    61   1     0     5     5  473.       0.992      0.01406   
 473    62   1     0    10    10  473.       1.00       0.007656  
 474     1   1     0    10    10  473.       0.00500    0.005000  
 474     2   1     0     4     4  473.       0.0100     0.005000  
 474     3   1     0     5     5  473.       0.0150     0.005000  
 474     4   1     0     3     3  473.       0.0200     0.005000  
 474     5   1     0     1     1  473.       0.0250     0.005000  
 474     6   1     0     8     8  473.       0.0325     0.007500  
 474     7   1     0     2     2  473.       0.0400     0.007500  
 474     8   1     0     5     5  473.       0.0475     0.007500  
 474     9   1     0     3     3  473.       0.0550     0.007500  
 474    10   1     0     3     3  473.       0.0625     0.007500  
 474    11   1     0    10    10  473.       0.0737     0.01125   
 474    12   1     0     3     3  473.       0.0850     0.01125   
 474    13   1     0     4     4  473.       0.0962     0.01125   
 474    14   1     0     8     8  473.       0.113      0.01688   
 474    15   1     0     4     4  473.       0.130      0.01688   
 474    16   1     0     5     5  473.       0.147      0.01688   
 474    17   1     0     3     3  473.       0.164      0.01688   
 474    18   1     0     2     2  473.       0.181      0.01688   
 474    19   1     0     7     7  473.       0.206      0.02500   
 474    20   1     0     6     6  473.       0.231      0.02500   
 474    21   1     0    10    10  473.       0.256      0.02500   
 474    22   1     0     6     6  473.       0.281      0.02500   
 474    23   1     0     1     1  473.       0.306      0.02500   
 474    24   1     0    10    10  473.       0.331      0.02500   
 474    25   1     0    10    10  473.       0.356      0.02500   
 474    26   1     0    11    11  473.       0.381      0.02500   
 474    27   1     0    10    10  473.       0.399      0.01875   
 474    28   1     0    10    10  473.       0.418      0.01875   
 474    29   1     0     9     9  473.       0.437      0.01875   
 474    30   1     0     7     7  473.       0.456      0.01875   
 474    31   1     0     5     5  473.       0.474      0.01875   
 474    32   1     0     5     5  473.       0.493      0.01875   
 474    33   1     0     5     5  474.       0.512      0.01875   
 474    34   1     0     5     5  474.       0.531      0.01875   
 474    35   1     0     4     4  474.       0.549      0.01875   
 474    36   1     0     4     4  474.       0.568      0.01875   
 474    37   1     0     7     7  474.       0.593      0.02500   
 474    38   1     0     5     5  474.       0.618      0.02500   
 474    39   1     0     4     4  474.       0.643      0.02500   
 474    40   1     0     4     4  474.       0.668      0.02500   
 474    41   1     0     4     4  474.       0.693      0.02500   
 474    42   1     0     3     3  474.       0.718      0.02500   
 474    43   1     0     3     3  474.       0.743      0.02500   
 474    44   1     0     9     9  474.       0.768      0.02500   
 474    45   1     0     7     7  474.       0.793      0.02500   
 474    46   1     0     4     4  474.       0.818      0.02500   
 474    47   1     0    10    10  474.       0.843      0.02500   
 474    48   1     0    12    12  474.       0.868      0.02500   
 474    49   1     0    10    10  474.       0.887      0.01875   
 474    50   1     0    11    11  474.       0.906      0.01875   
 474    51   1     0    10    10  474.       0.920      0.01406   
 474    52   1     0    10    10  474.       0.934      0.01406   
 474    53   1     0     8     8  474.       0.948      0.01406   
 474    54   1     0     6     6  474.       0.962      0.01406   
 474    55   1     0     7     7  474.       0.976      0.01406   
 474    56   1     0     5     5  474.       0.990      0.01406   
 474    57   1     0    10    10  474.       1.00       0.01000   
 475     1   1     0    10    10  474.       0.00500    0.005000  
 475     2   1     0     5     5  474.       0.0100     0.005000  
 475     3   1     0     5     5  474.       0.0150     0.005000  
 475     4   1     0     3     3  474.       0.0200     0.005000  
 475     5   1     0     2     2  474.       0.0250     0.005000  
 475     6   1     0     7     7  474.       0.0325     0.007500  
 475     7   1     0     2     2  474.       0.0400     0.007500  
 475     8   1     0     5     5  474.       0.0475     0.007500  
 475     9   1     0     3     3  474.       0.0550     0.007500  
 475    10   1     0     3     3  474.       0.0625     0.007500  
 475    11   1     0    10    10  474.       0.0737     0.01125   
 475    12   1     0     4     4  474.       0.0850     0.01125   
 475    13   1     0     4     4  474.       0.0962     0.01125   
 475    14   1     0     9     9  474.       0.113      0.01688   
 475    15   1     0     5     5  474.       0.130      0.01688   
 475    16   1     0     5     5  474.       0.147      0.01688   
 475    17   1     0     3     3  474.       0.164      0.01688   
 475    18   1     0     2     2  474.       0.181      0.01688   
 475    19   1     0     7     7  474.       0.206      0.02500   
 475    20   1     0     6     6  474.       0.231      0.02500   
 475    21   1     0    10    10  474.       0.256      0.02500   
 475    22   1     0     6     6  474.       0.281      0.02500   
 475    23   1     0     1     1  474.       0.306      0.02500   
 475    24   1     0    10    10  474.       0.331      0.02500   
 475    25   1     0    10    10  474.       0.356      0.02500   
 475    26   1     0    11    11  474.       0.381      0.02500   
 475    27   1     0    10    10  474.       0.399      0.01875   
 475    28   1     0    10    10  474.       0.418      0.01875   
 475    29   1     0     9     9  474.       0.437      0.01875   
 475    30   1     0     7     7  474.       0.456      0.01875   
 475    31   1     0     5     5  474.       0.474      0.01875   
 475    32   1     0     5     5  474.       0.493      0.01875   
 475    33   1     0     5     5  475.       0.512      0.01875   
 475    34   1     0     5     5  475.       0.531      0.01875   
 475    35   1     0     4     4  475.       0.549      0.01875   
 475    36   1     0     4     4  475.       0.568      0.01875   
 475    37   1     0     7     7  475.       0.593      0.02500   
 475    38   1     0     5     5  475.       0.618      0.02500   
 475    39   1     0     4     4  475.       0.643      0.02500   
 475    40   1     0     4     4  475.       0.668      0.02500   
 475    41   1     0     4     4  475.       0.693      0.02500   
 475    42   1     0     3     3  475.       0.718      0.02500   
 475    43   1     0     3     3  475.       0.743      0.02500   
 475    44   1     0     9     9  475.       0.768      0.02500   
 475    45   1     0     7     7  475.       0.793      0.02500   
 475    46   1     0     4     4  475.       0.818      0.02500   
 475    47   1     0    10    10  475.       0.843      0.02500   
 475    48   1U    0     9     9  475.       0.843      0.02500   
 475    48   2     0    11    11  475.       0.856      0.01250   
 475    49   1     0    11    11  475.       0.865      0.009375  
 475    50   1     0    10    10  475.       0.872      0.007031  
 475    51   1     0    10    10  475.       0.879      0.007031  
 475    52   1     0    10    10  475.       0.886      0.007031  
 475    53   1     0     9     9  475.       0.893      0.007031  
 475    54   1     0     5     5  475.       0.900      0.007031  
 475    55   1     0     6     6  475.       0.907      0.007031  
 475    56   1     0     7     7  475.       0.914      0.007031  
 475    57   1     0     5     5  475.       0.921      0.007031  
 475    58   1     0     3     3  475.       0.928      0.007031  
 475    59   1     0     3     3  475.       0.935      0.007031  
 475    60   1     0     4     4  475.       0.946      0.01055   
 475    61   1     0     3     3  475.       0.962      0.01582   
 475    62   1     0     6     6  475.       0.985      0.02373   
 475    63   1     0    10    10  475.       1.00       0.01459   
 476     1   1     0    10    10  475.       0.00500    0.005000  
 476     2   1     0     9     9  475.       0.0100     0.005000  
 476     3   1     0     9     9  475.       0.0150     0.005000  
 476     4   1     0     7     7  475.       0.0200     0.005000  
 476     5   1     0     5     5  475.       0.0250     0.005000  
 476     6   1     0     3     3  475.       0.0300     0.005000  
 476     7   1     0     1     1  475.       0.0350     0.005000  
 476     8   1     0     8     8  475.       0.0425     0.007500  
 476     9   1     0     2     2  475.       0.0500     0.007500  
 476    10   1     0     4     4  475.       0.0575     0.007500  
 476    11   1U    0     5     5  475.       0.0575     0.01125   
 476    11   2     0    10    10  475.       0.0603     0.002812  
 476    12   1     0     4     4  475.       0.0631     0.002812  
 476    13   1     0     5     5  475.       0.0659     0.002812  
 476    14   1     0     4     4  475.       0.0687     0.002812  
 476    15   1     0     3     3  475.       0.0716     0.002812  
 476    16   1     0     7     7  475.       0.0758     0.004219  
 476    17   1     0     1     1  475.       0.0800     0.004219  
 476    18   1     0     1     1  475.       0.0842     0.004219  
 476    19   1     0     5     5  475.       0.0905     0.006328  
 476    20   1     0     1     1  475.       0.0969     0.006328  
 476    21   1     0     2     2  475.       0.103      0.006328  
 476    22   1     0     5     5  475.       0.113      0.009492  
 476    23   1     0     2     2  475.       0.122      0.009492  
 476    24   1     0     3     3  475.       0.132      0.009492  
 476    25   1     0     7     7  475.       0.146      0.01424   
 476    26   1     0     4     4  475.       0.160      0.01424   
 476    27   1     0     4     4  475.       0.174      0.01424   
 476    28   1     0     7     7  475.       0.196      0.02136   
 476    29   1     0     4     4  475.       0.217      0.02136   
 476    30   1     0     4     4  475.       0.238      0.02136   
 476    31   1     0    10    10  475.       0.263      0.02500   
 476    32   1     0     2     2  475.       0.288      0.02500   
 476    33   1     0     7     7  475.       0.313      0.02500   
 476    34   1     0    10    10  475.       0.338      0.02500   
 476    35   1     0    10    10  475.       0.363      0.02500   
 476    36   1     0    11    11  475.       0.388      0.02500   
 476    37   1     0    10    10  475.       0.407      0.01875   
 476    38   1     0    10    10  475.       0.426      0.01875   
 476    39   1     0     9     9  475.       0.445      0.01875   
 476    40   1     0     6     6  475.       0.463      0.01875   
 476    41   1     0     5     5  475.       0.482      0.01875   
 476    42   1     0     5     5  476.       0.501      0.01875   
 476    43   1     0     5     5  476.       0.520      0.01875   
 476    44   1     0     5     5  476.       0.538      0.01875   
 476    45   1     0     4     4  476.       0.557      0.01875   
 476    46   1     0     4     4  476.       0.576      0.01875   
 476    47   1     0     7     7  476.       0.601      0.02500   
 476    48   1     0     5     5  476.       0.626      0.02500   
 476    49   1     0     4     4  476.       0.651      0.02500   
 476    50   1     0     4     4  476.       0.676      0.02500   
 476    51   1     0     4     4  476.       0.701      0.02500   
 476    52   1     0     3     3  476.       0.726      0.02500   
 476    53   1     0     7     7  476.       0.751      0.02500   
 476    54   1     0     7     7  476.       0.776      0.02500   
 476    55   1     0     5     5  476.       0.801      0.02500   
 476    56   1     0     4     4  476.       0.826      0.02500   
 476    57   1     0    10    10  476.       0.851      0.02500   
 476    58   1     0    10    10  476.       0.876      0.02500   
 476    59   1     0    10    10  476.       0.901      0.02500   
 476    60   1     0    10    10  476.       0.926      0.02500   
 476    61   1     0     6     6  476.       0.951      0.02500   
 476    62   1     0     6     6  476.       0.976      0.02500   
 476    63   1     0     5     5  476.       1.00       0.02403   
 477     1   1     0    10    10  476.       0.00500    0.005000  
 477     2   1     0    10    10  476.       0.0100     0.005000  
 477     3   1     0    10    10  476.       0.0150     0.005000  
 477     4   1     0     7     7  476.       0.0200     0.005000  
 477     5   1     0     6     6  476.       0.0250     0.005000  
 477     6   1     0     4     4  476.       0.0300     0.005000  
 477     7   1     0     1     1  476.       0.0350     0.005000  
 477     8   1     0     7     7  476.       0.0425     0.007500  
 477     9   1     0     2     2  476.       0.0500     0.007500  
 477    10   1     0     4     4  476.       0.0575     0.007500  
 477    11   1U    0     4     4  476.       0.0575     0.01125   
 477    11   2     0     9     9  476.       0.0603     0.002812  
 477    12   1     0     3     3  476.       0.0631     0.002812  
 477    13   1     0     4     4  476.       0.0659     0.002812  
 477    14   1     0     8     8  476.       0.0702     0.004219  
 477    15   1     0     1     1  476.       0.0744     0.004219  
 477    16   1     0     2     2  476.       0.0786     0.004219  
 477    17   1     0     6     6  476.       0.0849     0.006328  
 477    18   1     0     1     1  476.       0.0912     0.006328  
 477    19   1     0     2     2  476.       0.0976     0.006328  
 477    20   1     0     4     4  476.       0.107      0.009492  
 477    21   1     0     7     7  476.       0.121      0.01424   
 477    22   1     0     5     5  476.       0.136      0.01424   
 477    23   1     0     5     5  476.       0.150      0.01424   
 477    24   1     0     3     3  476.       0.164      0.01424   
 477    25   1     0     2     2  476.       0.178      0.01424   
 477    26   1     0     8     8  476.       0.200      0.02136   
 477    27   1     0     4     4  476.       0.221      0.02136   
 477    28   1     0     4     4  476.       0.242      0.02136   
 477    29   1     0     7     7  476.       0.267      0.02500   
 477    30   1     0     2     2  476.       0.292      0.02500   
 477    31   1     0     8     8  476.       0.317      0.02500   
 477    32   1     0    10    10  476.       0.342      0.02500   
 477    33   1     0    10    10  476.       0.367      0.02500   
 477    34   1     0    10    10  476.       0.392      0.02500   
 477    35   1     0    10    10  476.       0.417      0.02500   
 477    36   1     0    10    10  476.       0.442      0.02500   
 477    37   1     0     8     8  476.       0.467      0.02500   
 477    38   1     0     5     5  476.       0.492      0.02500   
 477    39   1     0     4     4  477.       0.517      0.02500   
 477    40   1     0     5     5  477.       0.542      0.02500   
 477    41   1     0     4     4  477.       0.567      0.02500   
 477    42   1     0     4     4  477.       0.592      0.02500   
 477    43   1     0     4     4  477.       0.617      0.02500   
 477    44   1     0     4     4  477.       0.642      0.02500   
 477    45   1     0     3     3  477.       0.667      0.02500   
 477    46   1     0     4     4  477.       0.692      0.02500   
 477    47   1     0     3     3  477.       0.717      0.02500   
 477    48   1     0     2     2  477.       0.742      0.02500   
 477    49   1     0    10    10  477.       0.767      0.02500   
 477    50   1     0     8     8  477.       0.792      0.02500   
 477    51   1     0     5     5  477.       0.817      0.02500   
 477    52   1     0    10    10  477.       0.842      0.02500   
 477    53   1     0    10    10  477.       0.867      0.02500   
 477    54   1     0    10    10  477.       0.892      0.02500   
 477    55   1     0    10    10  477.       0.917      0.02500   
 477    56   1     0     9     9  477.       0.942      0.02500   
 477    57   1     0     7     7  477.       0.967      0.02500   
 477    58   1     0     5     5  477.       0.992      0.02500   
 477    59   1     0    10    10  477.       1.00       0.007666  
 478     1   1     0    10    10  477.       0.00500    0.005000  
 478     2   1     0     7     7  477.       0.0100     0.005000  
 478     3   1     0     5     5  477.       0.0150     0.005000  
 478     4   1     0     3     3  477.       0.0200     0.005000  
 478     5   1     0     1     1  477.       0.0250     0.005000  
 478     6   1     0     5     5  477.       0.0325     0.007500  
 478     7   1     0     2     2  477.       0.0400     0.007500  
 478     8   1     0     4     4  477.       0.0475     0.007500  
 478     9   1     0     5     5  477.       0.0587     0.01125   
 478    10   1     0     4     4  477.       0.0700     0.01125   
 478    11   1     0     6     6  477.       0.0812     0.01125   
 478    12   1     0     4     4  477.       0.0925     0.01125   
 478    13   1     0     3     3  477.       0.104      0.01125   
 478    14   1     0     9     9  477.       0.121      0.01688   
 478    15   1     0     4     4  477.       0.137      0.01688   
 478    16   1     0     4     4  477.       0.154      0.01688   
 478    17   1     0     7     7  477.       0.179      0.02500   
 478    18   1     0     6     6  477.       0.204      0.02500   
 478    19   1     0     4     4  477.       0.229      0.02500   
 478    20   1     0    10    10  477.       0.254      0.02500   
 478    21   1     0     6     6  477.       0.279      0.02500   
 478    22   1     0     1     1  477.       0.304      0.02500   
 478    23   1     0    10    10  477.       0.329      0.02500   
 478    24   1     0    10    10  477.       0.354      0.02500   
 478    25   1     0    11    11  477.       0.379      0.02500   
 478    26   1     0    11    11  477.       0.398      0.01875   
 478    27   1     0    10    10  477.       0.412      0.01406   
 478    28   1     0     9     9  477.       0.426      0.01406   
 478    29   1     0     7     7  477.       0.440      0.01406   
 478    30   1     0     6     6  477.       0.454      0.01406   
 478    31   1     0     7     7  477.       0.468      0.01406   
 478    32   1     0     6     6  477.       0.482      0.01406   
 478    33   1     0     5     5  477.       0.497      0.01406   
 478    34   1     0     5     5  478.       0.511      0.01406   
 478    35   1     0     5     5  478.       0.525      0.01406   
 478    36   1     0     4     4  478.       0.539      0.01406   
 478    37   1     0     4     4  478.       0.553      0.01406   
 478    38   1     0     9     9  478.       0.574      0.02109   
 478    39   1     0     6     6  478.       0.595      0.02109   
 478    40   1     0     4     4  478.       0.616      0.02109   
 478    41   1     0     5     5  478.       0.637      0.02109   
 478    42   1     0     4     4  478.       0.658      0.02109   
 478    43   1     0     4     4  478.       0.679      0.02109   
 478    44   1     0     6     6  478.       0.704      0.02500   
 478    45   1     0     5     5  478.       0.729      0.02500   
 478    46   1     0    10    10  478.       0.754      0.02500   
 478    47   1     0     7     7  478.       0.779      0.02500   
 478    48   1     0     5     5  478.       0.804      0.02500   
 478    49   1     0     6     6  478.       0.829      0.02500   
 478    50   1     0    10    10  478.       0.854      0.02500   
 478    51   1     0    11    11  478.       0.879      0.02500   
 478    52   1     0    10    10  478.       0.898      0.01875   
 478    53   1     0    10    10  478.       0.917      0.01875   
 478    54   1     0     8     8  478.       0.936      0.01875   
 478    55   1     0     8     8  478.       0.954      0.01875   
 478    56   1     0     6     6  478.       0.973      0.01875   
 478    57   1     0     6     6  478.       0.992      0.01875   
 478    58   1     0    10    10  478.       1.00       0.008125  
 479     1   1     0    10    10  478.       0.00500    0.005000  
 479     2   1     0     8     8  478.       0.0100     0.005000  
 479     3   1     0     9     9  478.       0.0150     0.005000  
 479     4   1     0     6     6  478.       0.0200     0.005000  
 479     5   1     0     5     5  478.       0.0250     0.005000  
 479     6   1     0     3     3  478.       0.0300     0.005000  
 479     7   1     0     1     1  478.       0.0350     0.005000  
 479     8   1     0     9     9  478.       0.0425     0.007500  
 479     9   1     0     2     2  478.       0.0500     0.007500  
 479    10   1     0     5     5  478.       0.0575     0.007500  
 479    11   1     0     3     3  478.       0.0650     0.007500  
 479    12   1     0     2     2  478.       0.0725     0.007500  
 479    13   1     0     8     8  478.       0.0838     0.01125   
 479    14   1     0     3     3  478.       0.0950     0.01125   
 479    15   1     0     4     4  478.       0.106      0.01125   
 479    16   1     0     9     9  478.       0.123      0.01688   
 479    17   1     0     5     5  478.       0.140      0.01688   
 479    18   1     0     4     4  478.       0.157      0.01688   
 479    19   1     0     3     3  478.       0.174      0.01688   
 479    20   1     0     7     7  478.       0.199      0.02500   
 479    21   1     0     5     5  478.       0.224      0.02500   
 479    22   1     0     5     5  478.       0.249      0.02500   
 479    23   1     0     6     6  478.       0.274      0.02500   
 479    24   1     0     1     1  478.       0.299      0.02500   
 479    25   1     0     9     9  478.       0.324      0.02500   
 479    26   1     0    10    10  478.       0.349      0.02500   
 479    27   1     0    12    12  478.       0.374      0.02500   
 479    28   1     0    12    12  478.       0.393      0.01875   
 479    29   1     0    10    10  478.       0.407      0.01406   
 479    30   1     0     8     8  478.       0.421      0.01406   
 479    31   1     0     8     8  478.       0.435      0.01406   
 479    32   1     0     6     6  478.       0.449      0.01406   
 479    33   1     0     7     7  478.       0.463      0.01406   
 479    34   1     0     6     6  478.       0.477      0.01406   
 479    35   1     0     6     6  478.       0.491      0.01406   
 479    36   1     0     5     5  479.       0.505      0.01406   
 479    37   1     0     5     5  479.       0.519      0.01406   
 479    38   1     0     5     5  479.       0.533      0.01406   
 479    39   1     0     4     4  479.       0.547      0.01406   
 479    40   1     0     4     4  479.       0.561      0.01406   
 479    41   1     0     9     9  479.       0.582      0.02109   
 479    42   1     0     5     5  479.       0.603      0.02109   
 479    43   1     0     5     5  479.       0.625      0.02109   
 479    44   1     0     4     4  479.       0.646      0.02109   
 479    45   1     0     4     4  479.       0.667      0.02109   
 479    46   1     0     6     6  479.       0.692      0.02500   
 479    47   1     0     5     5  479.       0.717      0.02500   
 479    48   1     0     4     4  479.       0.742      0.02500   
 479    49   1     0    10    10  479.       0.767      0.02500   
 479    50   1     0     7     7  479.       0.792      0.02500   
 479    51   1     0     4     4  479.       0.817      0.02500   
 479    52   1     0    10    10  479.       0.842      0.02500   
 479    53   1     0    10    10  479.       0.867      0.02500   
 479    54   1     0    10    10  479.       0.892      0.02500   
 479    55   1     0    10    10  479.       0.917      0.02500   
 479    56   1     0     9     9  479.       0.942      0.02500   
 479    57   1     0     6     6  479.       0.967      0.02500   
 479    58   1     0     5     5  479.       0.992      0.02500   
 479    59   1     0    10    10  479.       1.00       0.008281  
 480     1   1     0    11    11  479.       0.00500    0.005000  
 480     2   1     0     7     7  479.       0.00875    0.003750  
 480     3   1     0    10    10  479.       0.0125     0.003750  
 480     4   1     0    10    10  479.       0.0163     0.003750  
 480     5   1     0     8     8  479.       0.0200     0.003750  
 480     6   1     0     7     7  479.       0.0238     0.003750  
 480     7   1     0     6     6  479.       0.0275     0.003750  
 480     8   1     0     4     4  479.       0.0312     0.003750  
 480     9   1     0     2     2  479.       0.0350     0.003750  
 480    10   1     0     8     8  479.       0.0406     0.005625  
 480    11   1     0     2     2  479.       0.0462     0.005625  
 480    12   1     0     4     4  479.       0.0519     0.005625  
 480    13   1     0     6     6  479.       0.0603     0.008438  
 480    14   1     0     2     2  479.       0.0688     0.008438  
 480    15   1     0     6     6  479.       0.0772     0.008438  
 480    16   1     0     4     4  479.       0.0856     0.008438  
 480    17   1     0     2     2  479.       0.0941     0.008438  
 480    18   1     0     9     9  479.       0.107      0.01266   
 480    19   1     0     4     4  479.       0.119      0.01266   
 480    20   1     0     4     4  479.       0.132      0.01266   
 480    21   1     0     8     8  479.       0.151      0.01898   
 480    22   1     0     5     5  479.       0.170      0.01898   
 480    23   1     0     4     4  479.       0.189      0.01898   
 480    24   1     0     4     4  479.       0.208      0.01898   
 480    25   1     0     7     7  479.       0.233      0.02500   
 480    26   1     0    10    10  479.       0.258      0.02500   
 480    27   1     0     6     6  479.       0.283      0.02500   
 480    28   1     0     3     3  479.       0.308      0.02500   
 480    29   1     0    10    10  479.       0.333      0.02500   
 480    30   1     0    10    10  479.       0.358      0.02500   
 480    31   1     0    11    11  479.       0.383      0.02500   
 480    32   1     0    10    10  479.       0.402      0.01875   
 480    33   1     0    10    10  479.       0.420      0.01875   
 480    34   1     0     9     9  479.       0.439      0.01875   
 480    35   1     0     7     7  479.       0.458      0.01875   
 480    36   1     0     5     5  479.       0.477      0.01875   
 480    37   1     0     5     5  479.       0.495      0.01875   
 480    38   1     0     5     5  480.       0.514      0.01875   
 480    39   1     0     5     5  480.       0.533      0.01875   
 480    40   1     0     4     4  480.       0.552      0.01875   
 480    41   1     0     4     4  480.       0.570      0.01875   
 480    42   1     0     7     7  480.       0.595      0.02500   
 480    43   1     0     5     5  480.       0.620      0.02500   
 480    44   1     0     4     4  480.       0.645      0.02500   
 480    45   1     0     4     4  480.       0.670      0.02500   
 480    46   1     0     4     4  480.       0.695      0.02500   
 480    47   1     0     3     3  480.       0.720      0.02500   
 480    48   1     0     3     3  480.       0.745      0.02500   
 480    49   1     0     8     8  480.       0.770      0.02500   
 480    50   1     0     8     8  480.       0.795      0.02500   
 480    51   1     0     4     4  480.       0.820      0.02500   
 480    52   1     0    10    10  480.       0.845      0.02500   
 480    53   1     0    11    11  480.       0.870      0.02500   
 480    54   1     0    10    10  480.       0.889      0.01875   
 480    55   1     0    11    11  480.       0.908      0.01875   
 480    56   1     0    10    10  480.       0.922      0.01406   
 480    57   1     0     7     7  480.       0.936      0.01406   
 480    58   1     0     5     5  480.       0.950      0.01406   
 480    59   1     0     6     6  480.       0.964      0.01406   
 480    60   1     0     8     8  480.       0.978      0.01406   
 480    61   1     0     5     5  480.       0.992      0.01406   
 480    62   1     0    10    10  480.       1.00       0.007656  
 481     1   1     0    10    10  480.       0.00500    0.005000  
 481     2   1     0     4     4  480.       0.0100     0.005000  
 481     3   1     0     5     5  480.       0.0150     0.005000  
 481     4   1     0     3     3  480.       0.0200     0.005000  
 481     5   1     0     1     1  480.       0.0250     0.005000  
 481     6   1     0     8     8  480.       0.0325     0.007500  
 481     7   1     0     2     2  480.       0.0400     0.007500  
 481     8   1     0     5     5  480.       0.0475     0.007500  
 481     9   1     0     3     3  480.       0.0550     0.007500  
 481    10   1     0     3     3  480.       0.0625     0.007500  
 481    11   1     0    10    10  480.       0.0737     0.01125   
 481    12   1     0     3     3  480.       0.0850     0.01125   
 481    13   1     0     4     4  480.       0.0962     0.01125   
 481    14   1     0     8     8  480.       0.113      0.01688   
 481    15   1     0     4     4  480.       0.130      0.01688   
 481    16   1     0     5     5  480.       0.147      0.01688   
 481    17   1     0     3     3  480.       0.164      0.01688   
 481    18   1     0     2     2  480.       0.181      0.01688   
 481    19   1     0     7     7  480.       0.206      0.02500   
 481    20   1     0     6     6  480.       0.231      0.02500   
 481    21   1     0    10    10  480.       0.256      0.02500   
 481    22   1     0     6     6  480.       0.281      0.02500   
 481    23   1     0     1     1  480.       0.306      0.02500   
 481    24   1     0    10    10  480.       0.331      0.02500   
 481    25   1     0    10    10  480.       0.356      0.02500   
 481    26   1     0    11    11  480.       0.381      0.02500   
 481    27   1     0    10    10  480.       0.399      0.01875   
 481    28   1     0    10    10  480.       0.418      0.01875   
 481    29   1     0     9     9  480.       0.437      0.01875   
 481    30   1     0     7     7  480.       0.456      0.01875   
 481    31   1     0     5     5  480.       0.474      0.01875   
 481    32   1     0     5     5  480.       0.493      0.01875   
 481    33   1     0     5     5  481.       0.512      0.01875   
 481    34   1     0     5     5  481.       0.531      0.01875   
 481    35   1     0     4     4  481.       0.549      0.01875   
 481    36   1     0     4     4  481.       0.568      0.01875   
 481    37   1     0     7     7  481.       0.593      0.02500   
 481    38   1     0     5     5  481.       0.618      0.02500   
 481    39   1     0     4     4  481.       0.643      0.02500   
 481    40   1     0     4     4  481.       0.668      0.02500   
 481    41   1     0     4     4  481.       0.693      0.02500   
 481    42   1     0     3     3  481.       0.718      0.02500   
 481    43   1     0     3     3  481.       0.743      0.02500   
 481    44   1     0     9     9  481.       0.768      0.02500   
 481    45   1     0     7     7  481.       0.793      0.02500   
 481    46   1     0     4     4  481.       0.818      0.02500   
 481    47   1     0    10    10  481.       0.843      0.02500   
 481    48   1     0    12    12  481.       0.868      0.02500   
 481    49   1     0    10    10  481.       0.887      0.01875   
 481    50   1     0    11    11  481.       0.906      0.01875   
 481    51   1     0    10    10  481.       0.920      0.01406   
 481    52   1     0    10    10  481.       0.934      0.01406   
 481    53   1     0     8     8  481.       0.948      0.01406   
 481    54   1     0     6     6  481.       0.962      0.01406   
 481    55   1     0     7     7  481.       0.976      0.01406   
 481    56   1     0     5     5  481.       0.990      0.01406   
 481    57   1     0    10    10  481.       1.00       0.01000   
 482     1   1     0    10    10  481.       0.00500    0.005000  
 482     2   1     0     5     5  481.       0.0100     0.005000  
 482     3   1     0     5     5  481.       0.0150     0.005000  
 482     4   1     0     3     3  481.       0.0200     0.005000  
 482     5   1     0     2     2  481.       0.0250     0.005000  
 482     6   1     0     7     7  481.       0.0325     0.007500  
 482     7   1     0     2     2  481.       0.0400     0.007500  
 482     8   1     0     5     5  481.       0.0475     0.007500  
 482     9   1     0     3     3  481.       0.0550     0.007500  
 482    10   1     0     3     3  481.       0.0625     0.007500  
 482    11   1     0    10    10  481.       0.0737     0.01125   
 482    12   1     0     4     4  481.       0.0850     0.01125   
 482    13   1     0     4     4  481.       0.0962     0.01125   
 482    14   1     0     9     9  481.       0.113      0.01688   
 482    15   1     0     5     5  481.       0.130      0.01688   
 482    16   1     0     5     5  481.       0.147      0.01688   
 482    17   1     0     3     3  481.       0.164      0.01688   
 482    18   1     0     2     2  481.       0.181      0.01688   
 482    19   1     0     7     7  481.       0.206      0.02500   
 482    20   1     0     6     6  481.       0.231      0.02500   
 482    21   1     0    10    10  481.       0.256      0.02500   
 482    22   1     0     6     6  481.       0.281      0.02500   
 482    23   1     0     1     1  481.       0.306      0.02500   
 482    24   1     0    10    10  481.       0.331      0.02500   
 482    25   1     0    10    10  481.       0.356      0.02500   
 482    26   1     0    11    11  481.       0.381      0.02500   
 482    27   1     0    10    10  481.       0.399      0.01875   
 482    28   1     0    10    10  481.       0.418      0.01875   
 482    29   1     0     9     9  481.       0.437      0.01875   
 482    30   1     0     7     7  481.       0.456      0.01875   
 482    31   1     0     5     5  481.       0.474      0.01875   
 482    32   1     0     5     5  481.       0.493      0.01875   
 482    33   1     0     5     5  482.       0.512      0.01875   
 482    34   1     0     5     5  482.       0.531      0.01875   
 482    35   1     0     4     4  482.       0.549      0.01875   
 482    36   1     0     4     4  482.       0.568      0.01875   
 482    37   1     0     7     7  482.       0.593      0.02500   
 482    38   1     0     5     5  482.       0.618      0.02500   
 482    39   1     0     4     4  482.       0.643      0.02500   
 482    40   1     0     4     4  482.       0.668      0.02500   
 482    41   1     0     4     4  482.       0.693      0.02500   
 482    42   1     0     3     3  482.       0.718      0.02500   
 482    43   1     0     3     3  482.       0.743      0.02500   
 482    44   1     0     9     9  482.       0.768      0.02500   
 482    45   1     0     7     7  482.       0.793      0.02500   
 482    46   1     0     4     4  482.       0.818      0.02500   
 482    47   1     0    10    10  482.       0.843      0.02500   
 482    48   1U    0     9     9  482.       0.843      0.02500   
 482    48   2     0    11    11  482.       0.856      0.01250   
 482    49   1     0    11    11  482.       0.865      0.009375  
 482    50   1     0    10    10  482.       0.872      0.007031  
 482    51   1     0    10    10  482.       0.879      0.007031  
 482    52   1     0    10    10  482.       0.886      0.007031  
 482    53   1     0     9     9  482.       0.893      0.007031  
 482    54   1     0     5     5  482.       0.900      0.007031  
 482    55   1     0     6     6  482.       0.907      0.007031  
 482    56   1     0     7     7  482.       0.914      0.007031  
 482    57   1     0     5     5  482.       0.921      0.007031  
 482    58   1     0     3     3  482.       0.928      0.007031  
 482    59   1     0     3     3  482.       0.935      0.007031  
 482    60   1     0     4     4  482.       0.946      0.01055   
 482    61   1     0     3     3  482.       0.962      0.01582   
 482    62   1     0     6     6  482.       0.985      0.02373   
 482    63   1     0    10    10  482.       1.00       0.01459   
 483     1   1     0    10    10  482.       0.00500    0.005000  
 483     2   1     0     9     9  482.       0.0100     0.005000  
 483     3   1     0     9     9  482.       0.0150     0.005000  
 483     4   1     0     7     7  482.       0.0200     0.005000  
 483     5   1     0     5     5  482.       0.0250     0.005000  
 483     6   1     0     3     3  482.       0.0300     0.005000  
 483     7   1     0     1     1  482.       0.0350     0.005000  
 483     8   1     0     8     8  482.       0.0425     0.007500  
 483     9   1     0     2     2  482.       0.0500     0.007500  
 483    10   1     0     4     4  482.       0.0575     0.007500  
 483    11   1U    0     5     5  482.       0.0575     0.01125   
 483    11   2     0    10    10  482.       0.0603     0.002812  
 483    12   1     0     4     4  482.       0.0631     0.002812  
 483    13   1     0     5     5  482.       0.0659     0.002812  
 483    14   1     0     4     4  482.       0.0687     0.002812  
 483    15   1     0     3     3  482.       0.0716     0.002812  
 483    16   1     0     7     7  482.       0.0758     0.004219  
 483    17   1     0     1     1  482.       0.0800     0.004219  
 483    18   1     0     1     1  482.       0.0842     0.004219  
 483    19   1     0     5     5  482.       0.0905     0.006328  
 483    20   1     0     1     1  482.       0.0969     0.006328  
 483    21   1     0     2     2  482.       0.103      0.006328  
 483    22   1     0     5     5  482.       0.113      0.009492  
 483    23   1     0     2     2  482.       0.122      0.009492  
 483    24   1     0     3     3  482.       0.132      0.009492  
 483    25   1     0     7     7  482.       0.146      0.01424   
 483    26   1     0     4     4  482.       0.160      0.01424   
 483    27   1     0     4     4  482.       0.174      0.01424   
 483    28   1     0     7     7  482.       0.196      0.02136   
 483    29   1     0     4     4  482.       0.217      0.02136   
 483    30   1     0     4     4  482.       0.238      0.02136   
 483    31   1     0    10    10  482.       0.263      0.02500   
 483    32   1     0     2     2  482.       0.288      0.02500   
 483    33   1     0     7     7  482.       0.313      0.02500   
 483    34   1     0    10    10  482.       0.338      0.02500   
 483    35   1     0    10    10  482.       0.363      0.02500   
 483    36   1     0    11    11  482.       0.388      0.02500   
 483    37   1     0    10    10  482.       0.407      0.01875   
 483    38   1     0    10    10  482.       0.426      0.01875   
 483    39   1     0     9     9  482.       0.445      0.01875   
 483    40   1     0     6     6  482.       0.463      0.01875   
 483    41   1     0     5     5  482.       0.482      0.01875   
 483    42   1     0     5     5  483.       0.501      0.01875   
 483    43   1     0     5     5  483.       0.520      0.01875   
 483    44   1     0     5     5  483.       0.538      0.01875   
 483    45   1     0     4     4  483.       0.557      0.01875   
 483    46   1     0     4     4  483.       0.576      0.01875   
 483    47   1     0     7     7  483.       0.601      0.02500   
 483    48   1     0     5     5  483.       0.626      0.02500   
 483    49   1     0     4     4  483.       0.651      0.02500   
 483    50   1     0     4     4  483.       0.676      0.02500   
 483    51   1     0     4     4  483.       0.701      0.02500   
 483    52   1     0     3     3  483.       0.726      0.02500   
 483    53   1     0     7     7  483.       0.751      0.02500   
 483    54   1     0     7     7  483.       0.776      0.02500   
 483    55   1     0     5     5  483.       0.801      0.02500   
 483    56   1     0     4     4  483.       0.826      0.02500   
 483    57   1     0    10    10  483.       0.851      0.02500   
 483    58   1     0    10    10  483.       0.876      0.02500   
 483    59   1     0    10    10  483.       0.901      0.02500   
 483    60   1     0    10    10  483.       0.926      0.02500   
 483    61   1     0     6     6  483.       0.951      0.02500   
 483    62   1     0     6     6  483.       0.976      0.02500   
 483    63   1     0     5     5  483.       1.00       0.02403   
 484     1   1     0    10    10  483.       0.00500    0.005000  
 484     2   1     0    10    10  483.       0.0100     0.005000  
 484     3   1     0    10    10  483.       0.0150     0.005000  
 484     4   1     0     7     7  483.       0.0200     0.005000  
 484     5   1     0     6     6  483.       0.0250     0.005000  
 484     6   1     0     4     4  483.       0.0300     0.005000  
 484     7   1     0     1     1  483.       0.0350     0.005000  
 484     8   1     0     7     7  483.       0.0425     0.007500  
 484     9   1     0     2     2  483.       0.0500     0.007500  
 484    10   1     0     4     4  483.       0.0575     0.007500  
 484    11   1U    0     4     4  483.       0.0575     0.01125   
 484    11   2     0     9     9  483.       0.0603     0.002812  
 484    12   1     0     3     3  483.       0.0631     0.002812  
 484    13   1     0     4     4  483.       0.0659     0.002812  
 484    14   1     0     8     8  483.       0.0702     0.004219  
 484    15   1     0     1     1  483.       0.0744     0.004219  
 484    16   1     0     2     2  483.       0.0786     0.004219  
 484    17   1     0     6     6  483.       0.0849     0.006328  
 484    18   1     0     1     1  483.       0.0912     0.006328  
 484    19   1     0     2     2  483.       0.0976     0.006328  
 484    20   1     0     4     4  483.       0.107      0.009492  
 484    21   1     0     7     7  483.       0.121      0.01424   
 484    22   1     0     5     5  483.       0.136      0.01424   
 484    23   1     0     5     5  483.       0.150      0.01424   
 484    24   1     0     3     3  483.       0.164      0.01424   
 484    25   1     0     2     2  483.       0.178      0.01424   
 484    26   1     0     8     8  483.       0.200      0.02136   
 484    27   1     0     4     4  483.       0.221      0.02136   
 484    28   1     0     4     4  483.       0.242      0.02136   
 484    29   1     0     7     7  483.       0.267      0.02500   
 484    30   1     0     2     2  483.       0.292      0.02500   
 484    31   1     0     8     8  483.       0.317      0.02500   
 484    32   1     0    10    10  483.       0.342      0.02500   
 484    33   1     0    10    10  483.       0.367      0.02500   
 484    34   1     0    10    10  483.       0.392      0.02500   
 484    35   1     0    10    10  483.       0.417      0.02500   
 484    36   1     0    10    10  483.       0.442      0.02500   
 484    37   1     0     8     8  483.       0.467      0.02500   
 484    38   1     0     5     5  483.       0.492      0.02500   
 484    39   1     0     4     4  484.       0.517      0.02500   
 484    40   1     0     5     5  484.       0.542      0.02500   
 484    41   1     0     4     4  484.       0.567      0.02500   
 484    42   1     0     4     4  484.       0.592      0.02500   
 484    43   1     0     4     4  484.       0.617      0.02500   
 484    44   1     0     4     4  484.       0.642      0.02500   
 484    45   1     0     3     3  484.       0.667      0.02500   
 484    46   1     0     4     4  484.       0.692      0.02500   
 484    47   1     0     3     3  484.       0.717      0.02500   
 484    48   1     0     2     2  484.       0.742      0.02500   
 484    49   1     0    10    10  484.       0.767      0.02500   
 484    50   1     0     8     8  484.       0.792      0.02500   
 484    51   1     0     5     5  484.       0.817      0.02500   
 484    52   1     0    10    10  484.       0.842      0.02500   
 484    53   1     0    10    10  484.       0.867      0.02500   
 484    54   1     0    10    10  484.       0.892      0.02500   
 484    55   1     0    10    10  484.       0.917      0.02500   
 484    56   1     0     9     9  484.       0.942      0.02500   
 484    57   1     0     7     7  484.       0.967      0.02500   
 484    58   1     0     5     5  484.       0.992      0.02500   
 484    59   1     0    10    10  484.       1.00       0.007666  
 485     1   1     0    10    10  484.       0.00500    0.005000  
 485     2   1     0     7     7  484.       0.0100     0.005000  
 485     3   1     0     5     5  484.       0.0150     0.005000  
 485     4   1     0     3     3  484.       0.0200     0.005000  
 485     5   1     0     2     2  484.       0.0250     0.005000  
 485     6   1     0     5     5  484.       0.0325     0.007500  
 485     7   1     0     2     2  484.       0.0400     0.007500  
 485     8   1     0     4     4  484.       0.0475     0.007500  
 485     9   1     0     5     5  484.       0.0587     0.01125   
 485    10   1     0     4     4  484.       0.0700     0.01125   
 485    11   1     0     6     6  484.       0.0812     0.01125   
 485    12   1     0     4     4  484.       0.0925     0.01125   
 485    13   1     0     3     3  484.       0.104      0.01125   
 485    14   1     0     9     9  484.       0.121      0.01688   
 485    15   1     0     4     4  484.       0.137      0.01688   
 485    16   1     0     4     4  484.       0.154      0.01688   
 485    17   1     0     7     7  484.       0.179      0.02500   
 485    18   1     0     6     6  484.       0.204      0.02500   
 485    19   1     0     4     4  484.       0.229      0.02500   
 485    20   1     0    10    10  484.       0.254      0.02500   
 485    21   1     0     6     6  484.       0.279      0.02500   
 485    22   1     0     1     1  484.       0.304      0.02500   
 485    23   1     0    10    10  484.       0.329      0.02500   
 485    24   1     0    10    10  484.       0.354      0.02500   
 485    25   1     0    11    11  484.       0.379      0.02500   
 485    26   1     0    11    11  484.       0.398      0.01875   
 485    27   1     0    10    10  484.       0.412      0.01406   
 485    28   1     0     9     9  484.       0.426      0.01406   
 485    29   1     0     7     7  484.       0.440      0.01406   
 485    30   1     0     6     6  484.       0.454      0.01406   
 485    31   1     0     7     7  484.       0.468      0.01406   
 485    32   1     0     6     6  484.       0.482      0.01406   
 485    33   1     0     5     5  484.       0.497      0.01406   
 485    34   1     0     5     5  485.       0.511      0.01406   
 485    35   1     0     5     5  485.       0.525      0.01406   
 485    36   1     0     4     4  485.       0.539      0.01406   
 485    37   1     0     4     4  485.       0.553      0.01406   
 485    38   1     0     9     9  485.       0.574      0.02109   
 485    39   1     0     6     6  485.       0.595      0.02109   
 485    40   1     0     4     4  485.       0.616      0.02109   
 485    41   1     0     5     5  485.       0.637      0.02109   
 485    42   1     0     4     4  485.       0.658      0.02109   
 485    43   1     0     4     4  485.       0.679      0.02109   
 485    44   1     0     6     6  485.       0.704      0.02500   
 485    45   1     0     5     5  485.       0.729      0.02500   
 485    46   1     0    10    10  485.       0.754      0.02500   
 485    47   1     0     7     7  485.       0.779      0.02500   
 485    48   1     0     5     5  485.       0.804      0.02500   
 485    49   1     0     6     6  485.       0.829      0.02500   
 485    50   1     0    10    10  485.       0.854      0.02500   
 485    51   1     0    11    11  485.       0.879      0.02500   
 485    52   1     0    10    10  485.       0.898      0.01875   
 485    53   1     0    10    10  485.       0.917      0.01875   
 485    54   1     0     8     8  485.       0.936      0.01875   
 485    55   1     0     8     8  485.       0.954      0.01875   
 485    56   1     0     6     6  485.       0.973      0.01875   
 485    57   1     0     6     6  485.       0.992      0.01875   
 485    58   1     0    10    10  485.       1.00       0.008125  
 486     1   1     0    10    10  485.       0.00500    0.005000  
 486     2   1     0     8     8  485.       0.0100     0.005000  
 486     3   1     0     9     9  485.       0.0150     0.005000  
 486     4   1     0     6     6  485.       0.0200     0.005000  
 486     5   1     0     5     5  485.       0.0250     0.005000  
 486     6   1     0     3     3  485.       0.0300     0.005000  
 486     7   1     0     1     1  485.       0.0350     0.005000  
 486     8   1     0     9     9  485.       0.0425     0.007500  
 486     9   1     0     2     2  485.       0.0500     0.007500  
 486    10   1     0     5     5  485.       0.0575     0.007500  
 486    11   1     0     3     3  485.       0.0650     0.007500  
 486    12   1     0     2     2  485.       0.0725     0.007500  
 486    13   1     0     8     8  485.       0.0838     0.01125   
 486    14   1     0     3     3  485.       0.0950     0.01125   
 486    15   1     0     4     4  485.       0.106      0.01125   
 486    16   1     0     9     9  485.       0.123      0.01688   
 486    17   1     0     5     5  485.       0.140      0.01688   
 486    18   1     0     4     4  485.       0.157      0.01688   
 486    19   1     0     3     3  485.       0.174      0.01688   
 486    20   1     0     7     7  485.       0.199      0.02500   
 486    21   1     0     5     5  485.       0.224      0.02500   
 486    22   1     0     5     5  485.       0.249      0.02500   
 486    23   1     0     6     6  485.       0.274      0.02500   
 486    24   1     0     1     1  485.       0.299      0.02500   
 486    25   1     0     9     9  485.       0.324      0.02500   
 486    26   1     0    10    10  485.       0.349      0.02500   
 486    27   1     0    12    12  485.       0.374      0.02500   
 486    28   1     0    12    12  485.       0.393      0.01875   
 486    29   1     0    10    10  485.       0.407      0.01406   
 486    30   1     0     8     8  485.       0.421      0.01406   
 486    31   1     0     8     8  485.       0.435      0.01406   
 486    32   1     0     6     6  485.       0.449      0.01406   
 486    33   1     0     7     7  485.       0.463      0.01406   
 486    34   1     0     6     6  485.       0.477      0.01406   
 486    35   1     0     6     6  485.       0.491      0.01406   
 486    36   1     0     5     5  486.       0.505      0.01406   
 486    37   1     0     5     5  486.       0.519      0.01406   
 486    38   1     0     5     5  486.       0.533      0.01406   
 486    39   1     0     4     4  486.       0.547      0.01406   
 486    40   1     0     4     4  486.       0.561      0.01406   
 486    41   1     0     9     9  486.       0.582      0.02109   
 486    42   1     0     5     5  486.       0.603      0.02109   
 486    43   1     0     5     5  486.       0.625      0.02109   
 486    44   1     0     4     4  486.       0.646      0.02109   
 486    45   1     0     4     4  486.       0.667      0.02109   
 486    46   1     0     6     6  486.       0.692      0.02500   
 486    47   1     0     5     5  486.       0.717      0.02500   
 486    48   1     0     4     4  486.       0.742      0.02500   
 486    49   1     0    10    10  486.       0.767      0.02500   
 486    50   1     0     7     7  486.       0.792      0.02500   
 486    51   1     0     4     4  486.       0.817      0.02500   
 486    52   1     0    10    10  486.       0.842      0.02500   
 486    53   1     0    10    10  486.       0.867      0.02500   
 486    54   1     0    10    10  486.       0.892      0.02500   
 486    55   1     0    10    10  486.       0.917      0.02500   
 486    56   1     0     9     9  486.       0.942      0.02500   
 486    57   1     0     6     6  486.       0.967      0.02500   
 486    58   1     0     5     5  486.       0.992      0.02500   
 486    59   1     0    10    10  486.       1.00       0.008281  
 487     1   1     0    11    11  486.       0.00500    0.005000  
 487     2   1     0     7     7  486.       0.00875    0.003750  
 487     3   1     0    10    10  486.       0.0125     0.003750  
 487     4   1     0    10    10  486.       0.0163     0.003750  
 487     5   1     0     8     8  486.       0.0200     0.003750  
 487     6   1     0     7     7  486.       0.0238     0.003750  
 487     7   1     0     6     6  486.       0.0275     0.003750  
 487     8   1     0     4     4  486.       0.0312     0.003750  
 487     9   1     0     2     2  486.       0.0350     0.003750  
 487    10   1     0     8     8  486.       0.0406     0.005625  
 487    11   1     0     2     2  486.       0.0462     0.005625  
 487    12   1     0     4     4  486.       0.0519     0.005625  
 487    13   1     0     6     6  486.       0.0603     0.008438  
 487    14   1     0     2     2  486.       0.0688     0.008438  
 487    15   1     0     6     6  486.       0.0772     0.008438  
 487    16   1     0     4     4  486.       0.0856     0.008438  
 487    17   1     0     2     2  486.       0.0941     0.008438  
 487    18   1     0     9     9  486.       0.107      0.01266   
 487    19   1     0     4     4  486.       0.119      0.01266   
 487    20   1     0     4     4  486.       0.132      0.01266   
 487    21   1     0     8     8  486.       0.151      0.01898   
 487    22   1     0     5     5  486.       0.170      0.01898   
 487    23   1     0     4     4  486.       0.189      0.01898   
 487    24   1     0     4     4  486.       0.208      0.01898   
 487    25   1     0     7     7  486.       0.233      0.02500   
 487    26   1     0    10    10  486.       0.258      0.02500   
 487    27   1     0     6     6  486.       0.283      0.02500   
 487    28   1     0     3     3  486.       0.308      0.02500   
 487    29   1     0    10    10  486.       0.333      0.02500   
 487    30   1     0    10    10  486.       0.358      0.02500   
 487    31   1     0    11    11  486.       0.383      0.02500   
 487    32   1     0    10    10  486.       0.402      0.01875   
 487    33   1     0    10    10  486.       0.420      0.01875   
 487    34   1     0     9     9  486.       0.439      0.01875   
 487    35   1     0     7     7  486.       0.458      0.01875   
 487    36   1     0     5     5  486.       0.477      0.01875   
 487    37   1     0     5     5  486.       0.495      0.01875   
 487    38   1     0     5     5  487.       0.514      0.01875   
 487    39   1     0     5     5  487.       0.533      0.01875   
 487    40   1     0     4     4  487.       0.552      0.01875   
 487    41   1     0     4     4  487.       0.570      0.01875   
 487    42   1     0     7     7  487.       0.595      0.02500   
 487    43   1     0     5     5  487.       0.620      0.02500   
 487    44   1     0     4     4  487.       0.645      0.02500   
 487    45   1     0     4     4  487.       0.670      0.02500   
 487    46   1     0     4     4  487.       0.695      0.02500   
 487    47   1     0     3     3  487.       0.720      0.02500   
 487    48   1     0     3     3  487.       0.745      0.02500   
 487    49   1     0     8     8  487.       0.770      0.02500   
 487    50   1     0     8     8  487.       0.795      0.02500   
 487    51   1     0     4     4  487.       0.820      0.02500   
 487    52   1     0    10    10  487.       0.845      0.02500   
 487    53   1     0    11    11  487.       0.870      0.02500   
 487    54   1     0    10    10  487.       0.889      0.01875   
 487    55   1     0    11    11  487.       0.908      0.01875   
 487    56   1     0    10    10  487.       0.922      0.01406   
 487    57   1     0     7     7  487.       0.936      0.01406   
 487    58   1     0     5     5  487.       0.950      0.01406   
 487    59   1     0     6     6  487.       0.964      0.01406   
 487    60   1     0     8     8  487.       0.978      0.01406   
 487    61   1     0     5     5  487.       0.992      0.01406   
 487    62   1     0    10    10  487.       1.00       0.007656  
 488     1   1     0    10    10  487.       0.00500    0.005000  
 488     2   1     0     4     4  487.       0.0100     0.005000  
 488     3   1     0     5     5  487.       0.0150     0.005000  
 488     4   1     0     3     3  487.       0.0200     0.005000  
 488     5   1     0     1     1  487.       0.0250     0.005000  
 488     6   1     0     8     8  487.       0.0325     0.007500  
 488     7   1     0     2     2  487.       0.0400     0.007500  
 488     8   1     0     5     5  487.       0.0475     0.007500  
 488     9   1     0     3     3  487.       0.0550     0.007500  
 488    10   1     0     3     3  487.       0.0625     0.007500  
 488    11   1     0    10    10  487.       0.0737     0.01125   
 488    12   1     0     3     3  487.       0.0850     0.01125   
 488    13   1     0     4     4  487.       0.0962     0.01125   
 488    14   1     0     8     8  487.       0.113      0.01688   
 488    15   1     0     4     4  487.       0.130      0.01688   
 488    16   1     0     5     5  487.       0.147      0.01688   
 488    17   1     0     3     3  487.       0.164      0.01688   
 488    18   1     0     2     2  487.       0.181      0.01688   
 488    19   1     0     7     7  487.       0.206      0.02500   
 488    20   1     0     6     6  487.       0.231      0.02500   
 488    21   1     0    10    10  487.       0.256      0.02500   
 488    22   1     0     6     6  487.       0.281      0.02500   
 488    23   1     0     1     1  487.       0.306      0.02500   
 488    24   1     0    10    10  487.       0.331      0.02500   
 488    25   1     0    10    10  487.       0.356      0.02500   
 488    26   1     0    11    11  487.       0.381      0.02500   
 488    27   1     0    10    10  487.       0.399      0.01875   
 488    28   1     0    10    10  487.       0.418      0.01875   
 488    29   1     0     9     9  487.       0.437      0.01875   
 488    30   1     0     7     7  487.       0.456      0.01875   
 488    31   1     0     5     5  487.       0.474      0.01875   
 488    32   1     0     5     5  487.       0.493      0.01875   
 488    33   1     0     5     5  488.       0.512      0.01875   
 488    34   1     0     5     5  488.       0.531      0.01875   
 488    35   1     0     4     4  488.       0.549      0.01875   
 488    36   1     0     4     4  488.       0.568      0.01875   
 488    37   1     0     7     7  488.       0.593      0.02500   
 488    38   1     0     5     5  488.       0.618      0.02500   
 488    39   1     0     4     4  488.       0.643      0.02500   
 488    40   1     0     4     4  488.       0.668      0.02500   
 488    41   1     0     4     4  488.       0.693      0.02500   
 488    42   1     0     3     3  488.       0.718      0.02500   
 488    43   1     0     3     3  488.       0.743      0.02500   
 488    44   1     0     9     9  488.       0.768      0.02500   
 488    45   1     0     7     7  488.       0.793      0.02500   
 488    46   1     0     4     4  488.       0.818      0.02500   
 488    47   1     0    10    10  488.       0.843      0.02500   
 488    48   1     0    12    12  488.       0.868      0.02500   
 488    49   1     0    10    10  488.       0.887      0.01875   
 488    50   1     0    11    11  488.       0.906      0.01875   
 488    51   1     0    10    10  488.       0.920      0.01406   
 488    52   1     0    10    10  488.       0.934      0.01406   
 488    53   1     0     8     8  488.       0.948      0.01406   
 488    54   1     0     6     6  488.       0.962      0.01406   
 488    55   1     0     7     7  488.       0.976      0.01406   
 488    56   1     0     5     5  488.       0.990      0.01406   
 488    57   1     0    10    10  488.       1.00       0.01000   
 489     1   1     0    10    10  488.       0.00500    0.005000  
 489     2   1     0     5     5  488.       0.0100     0.005000  
 489     3   1     0     5     5  488.       0.0150     0.005000  
 489     4   1     0     3     3  488.       0.0200     0.005000  
 489     5   1     0     2     2  488.       0.0250     0.005000  
 489     6   1     0     7     7  488.       0.0325     0.007500  
 489     7   1     0     2     2  488.       0.0400     0.007500  
 489     8   1     0     5     5  488.       0.0475     0.007500  
 489     9   1     0     3     3  488.       0.0550     0.007500  
 489    10   1     0     3     3  488.       0.0625     0.007500  
 489    11   1     0    10    10  488.       0.0737     0.01125   
 489    12   1     0     4     4  488.       0.0850     0.01125   
 489    13   1     0     4     4  488.       0.0962     0.01125   
 489    14   1     0     9     9  488.       0.113      0.01688   
 489    15   1     0     5     5  488.       0.130      0.01688   
 489    16   1     0     5     5  488.       0.147      0.01688   
 489    17   1     0     3     3  488.       0.164      0.01688   
 489    18   1     0     2     2  488.       0.181      0.01688   
 489    19   1     0     7     7  488.       0.206      0.02500   
 489    20   1     0     6     6  488.       0.231      0.02500   
 489    21   1     0    10    10  488.       0.256      0.02500   
 489    22   1     0     6     6  488.       0.281      0.02500   
 489    23   1     0     1     1  488.       0.306      0.02500   
 489    24   1     0    10    10  488.       0.331      0.02500   
 489    25   1     0    10    10  488.       0.356      0.02500   
 489    26   1     0    11    11  488.       0.381      0.02500   
 489    27   1     0    10    10  488.       0.399      0.01875   
 489    28   1     0    10    10  488.       0.418      0.01875   
 489    29   1     0     9     9  488.       0.437      0.01875   
 489    30   1     0     7     7  488.       0.456      0.01875   
 489    31   1     0     5     5  488.       0.474      0.01875   
 489    32   1     0     5     5  488.       0.493      0.01875   
 489    33   1     0     5     5  489.       0.512      0.01875   
 489    34   1     0     5     5  489.       0.531      0.01875   
 489    35   1     0     4     4  489.       0.549      0.01875   
 489    36   1     0     4     4  489.       0.568      0.01875   
 489    37   1     0     7     7  489.       0.593      0.02500   
 489    38   1     0     5     5  489.       0.618      0.02500   
 489    39   1     0     4     4  489.       0.643      0.02500   
 489    40   1     0     4     4  489.       0.668      0.02500   
 489    41   1     0     4     4  489.       0.693      0.02500   
 489    42   1     0     3     3  489.       0.718      0.02500   
 489    43   1     0     3     3  489.       0.743      0.02500   
 489    44   1     0     9     9  489.       0.768      0.02500   
 489    45   1     0     7     7  489.       0.793      0.02500   
 489    46   1     0     4     4  489.       0.818      0.02500   
 489    47   1     0    10    10  489.       0.843      0.02500   
 489    48   1U    0     9     9  489.       0.843      0.02500   
 489    48   2     0    11    11  489.       0.856      0.01250   
 489    49   1     0    11    11  489.       0.865      0.009375  
 489    50   1     0    10    10  489.       0.872      0.007031  
 489    51   1     0    10    10  489.       0.879      0.007031  
 489    52   1     0    10    10  489.       0.886      0.007031  
 489    53   1     0     9     9  489.       0.893      0.007031  
 489    54   1     0     5     5  489.       0.900      0.007031  
 489    55   1     0     6     6  489.       0.907      0.007031  
 489    56   1     0     7     7  489.       0.914      0.007031  
 489    57   1     0     5     5  489.       0.921      0.007031  
 489    58   1     0     3     3  489.       0.928      0.007031  
 489    59   1     0     3     3  489.       0.935      0.007031  
 489    60   1     0     4     4  489.       0.946      0.01055   
 489    61   1     0     3     3  489.       0.962      0.01582   
 489    62   1     0     6     6  489.       0.985      0.02373   
 489    63   1     0    10    10  489.       1.00       0.01459   
 490     1   1     0    10    10  489.       0.00500    0.005000  
 490     2   1     0     9     9  489.       0.0100     0.005000  
 490     3   1     0     9     9  489.       0.0150     0.005000  
 490     4   1     0     7     7  489.       0.0200     0.005000  
 490     5   1     0     5     5  489.       0.0250     0.005000  
 490     6   1     0     3     3  489.       0.0300     0.005000  
 490     7   1     0     1     1  489.       0.0350     0.005000  
 490     8   1     0     8     8  489.       0.0425     0.007500  
 490     9   1     0     2     2  489.       0.0500     0.007500  
 490    10   1     0     4     4  489.       0.0575     0.007500  
 490    11   1U    0     5     5  489.       0.0575     0.01125   
 490    11   2     0    10    10  489.       0.0603     0.002812  
 490    12   1     0     4     4  489.       0.0631     0.002812  
 490    13   1     0     5     5  489.       0.0659     0.002812  
 490    14   1     0     4     4  489.       0.0687     0.002812  
 490    15   1     0     3     3  489.       0.0716     0.002812  
 490    16   1     0     7     7  489.       0.0758     0.004219  
 490    17   1     0     1     1  489.       0.0800     0.004219  
 490    18   1     0     1     1  489.       0.0842     0.004219  
 490    19   1     0     5     5  489.       0.0905     0.006328  
 490    20   1     0     1     1  489.       0.0969     0.006328  
 490    21   1     0     2     2  489.       0.103      0.006328  
 490    22   1     0     5     5  489.       0.113      0.009492  
 490    23   1     0     2     2  489.       0.122      0.009492  
 490    24   1     0     3     3  489.       0.132      0.009492  
 490    25   1     0     7     7  489.       0.146      0.01424   
 490    26   1     0     4     4  489.       0.160      0.01424   
 490    27   1     0     4     4  489.       0.174      0.01424   
 490    28   1     0     7     7  489.       0.196      0.02136   
 490    29   1     0     4     4  489.       0.217      0.02136   
 490    30   1     0     4     4  489.       0.238      0.02136   
 490    31   1     0    10    10  489.       0.263      0.02500   
 490    32   1     0     2     2  489.       0.288      0.02500   
 490    33   1     0     7     7  489.       0.313      0.02500   
 490    34   1     0    10    10  489.       0.338      0.02500   
 490    35   1     0    10    10  489.       0.363      0.02500   
 490    36   1     0    11    11  489.       0.388      0.02500   
 490    37   1     0    10    10  489.       0.407      0.01875   
 490    38   1     0    10    10  489.       0.426      0.01875   
 490    39   1     0     9     9  489.       0.445      0.01875   
 490    40   1     0     6     6  489.       0.463      0.01875   
 490    41   1     0     5     5  489.       0.482      0.01875   
 490    42   1     0     5     5  490.       0.501      0.01875   
 490    43   1     0     5     5  490.       0.520      0.01875   
 490    44   1     0     5     5  490.       0.538      0.01875   
 490    45   1     0     4     4  490.       0.557      0.01875   
 490    46   1     0     4     4  490.       0.576      0.01875   
 490    47   1     0     7     7  490.       0.601      0.02500   
 490    48   1     0     5     5  490.       0.626      0.02500   
 490    49   1     0     4     4  490.       0.651      0.02500   
 490    50   1     0     4     4  490.       0.676      0.02500   
 490    51   1     0     4     4  490.       0.701      0.02500   
 490    52   1     0     3     3  490.       0.726      0.02500   
 490    53   1     0     7     7  490.       0.751      0.02500   
 490    54   1     0     7     7  490.       0.776      0.02500   
 490    55   1     0     5     5  490.       0.801      0.02500   
 490    56   1     0     4     4  490.       0.826      0.02500   
 490    57   1     0    10    10  490.       0.851      0.02500   
 490    58   1     0    10    10  490.       0.876      0.02500   
 490    59   1     0    10    10  490.       0.901      0.02500   
 490    60   1     0    10    10  490.       0.926      0.02500   
 490    61   1     0     6     6  490.       0.951      0.02500   
 490    62   1     0     6     6  490.       0.976      0.02500   
 490    63   1     0     5     5  490.       1.00       0.02403   
 491     1   1     0    10    10  490.       0.00500    0.005000  
 491     2   1     0    10    10  490.       0.0100     0.005000  
 491     3   1     0    10    10  490.       0.0150     0.005000  
 491     4   1     0     7     7  490.       0.0200     0.005000  
 491     5   1     0     6     6  490.       0.0250     0.005000  
 491     6   1     0     4     4  490.       0.0300     0.005000  
 491     7   1     0     1     1  490.       0.0350     0.005000  
 491     8   1     0     7     7  490.       0.0425     0.007500  
 491     9   1     0     2     2  490.       0.0500     0.007500  
 491    10   1     0     4     4  490.       0.0575     0.007500  
 491    11   1U    0     4     4  490.       0.0575     0.01125   
 491    11   2     0     9     9  490.       0.0603     0.002812  
 491    12   1     0     3     3  490.       0.0631     0.002812  
 491    13   1     0     4     4  490.       0.0659     0.002812  
 491    14   1     0     8     8  490.       0.0702     0.004219  
 491    15   1     0     1     1  490.       0.0744     0.004219  
 491    16   1     0     2     2  490.       0.0786     0.004219  
 491    17   1     0     6     6  490.       0.0849     0.006328  
 491    18   1     0     1     1  490.       0.0912     0.006328  
 491    19   1     0     2     2  490.       0.0976     0.006328  
 491    20   1     0     4     4  490.       0.107      0.009492  
 491    21   1     0     7     7  490.       0.121      0.01424   
 491    22   1     0     5     5  490.       0.136      0.01424   
 491    23   1     0     5     5  490.       0.150      0.01424   
 491    24   1     0     3     3  490.       0.164      0.01424   
 491    25   1     0     2     2  490.       0.178      0.01424   
 491    26   1     0     8     8  490.       0.200      0.02136   
 491    27   1     0     4     4  490.       0.221      0.02136   
 491    28   1     0     4     4  490.       0.242      0.02136   
 491    29   1     0     7     7  490.       0.267      0.02500   
 491    30   1     0     2     2  490.       0.292      0.02500   
 491    31   1     0     8     8  490.       0.317      0.02500   
 491    32   1     0    10    10  490.       0.342      0.02500   
 491    33   1     0    10    10  490.       0.367      0.02500   
 491    34   1     0    10    10  490.       0.392      0.02500   
 491    35   1     0    10    10  490.       0.417      0.02500   
 491    36   1     0    10    10  490.       0.442      0.02500   
 491    37   1     0     8     8  490.       0.467      0.02500   
 491    38   1     0     5     5  490.       0.492      0.02500   
 491    39   1     0     4     4  491.       0.517      0.02500   
 491    40   1     0     5     5  491.       0.542      0.02500   
 491    41   1     0     4     4  491.       0.567      0.02500   
 491    42   1     0     4     4  491.       0.592      0.02500   
 491    43   1     0     4     4  491.       0.617      0.02500   
 491    44   1     0     4     4  491.       0.642      0.02500   
 491    45   1     0     3     3  491.       0.667      0.02500   
 491    46   1     0     4     4  491.       0.692      0.02500   
 491    47   1     0     3     3  491.       0.717      0.02500   
 491    48   1     0     2     2  491.       0.742      0.02500   
 491    49   1     0    10    10  491.       0.767      0.02500   
 491    50   1     0     8     8  491.       0.792      0.02500   
 491    51   1     0     5     5  491.       0.817      0.02500   
 491    52   1     0    10    10  491.       0.842      0.02500   
 491    53   1     0    10    10  491.       0.867      0.02500   
 491    54   1     0    10    10  491.       0.892      0.02500   
 491    55   1     0    10    10  491.       0.917      0.02500   
 491    56   1     0     9     9  491.       0.942      0.02500   
 491    57   1     0     7     7  491.       0.967      0.02500   
 491    58   1     0     5     5  491.       0.992      0.02500   
 491    59   1     0    10    10  491.       1.00       0.007666  
 492     1   1     0    10    10  491.       0.00500    0.005000  
 492     2   1     0     7     7  491.       0.0100     0.005000  
 492     3   1     0     5     5  491.       0.0150     0.005000  
 492     4   1     0     3     3  491.       0.0200     0.005000  
 492     5   1     0     2     2  491.       0.0250     0.005000  
 492     6   1     0     5     5  491.       0.0325     0.007500  
 492     7   1     0     2     2  491.       0.0400     0.007500  
 492     8   1     0     4     4  491.       0.0475     0.007500  
 492     9   1     0     5     5  491.       0.0587     0.01125   
 492    10   1     0     4     4  491.       0.0700     0.01125   
 492    11   1     0     6     6  491.       0.0812     0.01125   
 492    12   1     0     4     4  491.       0.0925     0.01125   
 492    13   1     0     3     3  491.       0.104      0.01125   
 492    14   1     0     9     9  491.       0.121      0.01688   
 492    15   1     0     4     4  491.       0.137      0.01688   
 492    16   1     0     4     4  491.       0.154      0.01688   
 492    17   1     0     7     7  491.       0.179      0.02500   
 492    18   1     0     6     6  491.       0.204      0.02500   
 492    19   1     0     4     4  491.       0.229      0.02500   
 492    20   1     0    10    10  491.       0.254      0.02500   
 492    21   1     0     6     6  491.       0.279      0.02500   
 492    22   1     0     1     1  491.       0.304      0.02500   
 492    23   1     0    10    10  491.       0.329      0.02500   
 492    24   1     0    10    10  491.       0.354      0.02500   
 492    25   1     0    11    11  491.       0.379      0.02500   
 492    26   1     0    11    11  491.       0.398      0.01875   
 492    27   1     0    10    10  491.       0.412      0.01406   
 492    28   1     0     9     9  491.       0.426      0.01406   
 492    29   1     0     7     7  491.       0.440      0.01406   
 492    30   1     0     6     6  491.       0.454      0.01406   
 492    31   1     0     7     7  491.       0.468      0.01406   
 492    32   1     0     6     6  491.       0.482      0.01406   
 492    33   1     0     5     5  491.       0.497      0.01406   
 492    34   1     0     5     5  492.       0.511      0.01406   
 492    35   1     0     5     5  492.       0.525      0.01406   
 492    36   1     0     4     4  492.       0.539      0.01406   
 492    37   1     0     4     4  492.       0.553      0.01406   
 492    38   1     0     9     9  492.       0.574      0.02109   
 492    39   1     0     6     6  492.       0.595      0.02109   
 492    40   1     0     4     4  492.       0.616      0.02109   
 492    41   1     0     5     5  492.       0.637      0.02109   
 492    42   1     0     4     4  492.       0.658      0.02109   
 492    43   1     0     4     4  492.       0.679      0.02109   
 492    44   1     0     6     6  492.       0.704      0.02500   
 492    45   1     0     5     5  492.       0.729      0.02500   
 492    46   1     0    10    10  492.       0.754      0.02500   
 492    47   1     0     7     7  492.       0.779      0.02500   
 492    48   1     0     5     5  492.       0.804      0.02500   
 492    49   1     0     6     6  492.       0.829      0.02500   
 492    50   1     0    10    10  492.       0.854      0.02500   
 492    51   1     0    11    11  492.       0.879      0.02500   
 492    52   1     0    10    10  492.       0.898      0.01875   
 492    53   1     0    10    10  492.       0.917      0.01875   
 492    54   1     0     8     8  492.       0.936      0.01875   
 492    55   1     0     8     8  492.       0.954      0.01875   
 492    56   1     0     6     6  492.       0.973      0.01875   
 492    57   1     0     6     6  492.       0.992      0.01875   
 492    58   1     0    10    10  492.       1.00       0.008125  
 493     1   1     0    10    10  492.       0.00500    0.005000  
 493     2   1     0     8     8  492.       0.0100     0.005000  
 493     3   1     0     9     9  492.       0.0150     0.005000  
 493     4   1     0     6     6  492.       0.0200     0.005000  
 493     5   1     0     5     5  492.       0.0250     0.005000  
 493     6   1     0     3     3  492.       0.0300     0.005000  
 493     7   1     0     1     1  492.       0.0350     0.005000  
 493     8   1     0     9     9  492.       0.0425     0.007500  
 493     9   1     0     2     2  492.       0.0500     0.007500  
 493    10   1     0     5     5  492.       0.0575     0.007500  
 493    11   1     0     3     3  492.       0.0650     0.007500  
 493    12   1     0     2     2  492.       0.0725     0.007500  
 493    13   1     0     8     8  492.       0.0838     0.01125   
 493    14   1     0     3     3  492.       0.0950     0.01125   
 493    15   1     0     4     4  492.       0.106      0.01125   
 493    16   1     0     9     9  492.       0.123      0.01688   
 493    17   1     0     5     5  492.       0.140      0.01688   
 493    18   1     0     4     4  492.       0.157      0.01688   
 493    19   1     0     3     3  492.       0.174      0.01688   
 493    20   1     0     7     7  492.       0.199      0.02500   
 493    21   1     0     5     5  492.       0.224      0.02500   
 493    22   1     0     5     5  492.       0.249      0.02500   
 493    23   1     0     6     6  492.       0.274      0.02500   
 493    24   1     0     1     1  492.       0.299      0.02500   
 493    25   1     0     9     9  492.       0.324      0.02500   
 493    26   1     0    10    10  492.       0.349      0.02500   
 493    27   1     0    12    12  492.       0.374      0.02500   
 493    28   1     0    12    12  492.       0.393      0.01875   
 493    29   1     0    10    10  492.       0.407      0.01406   
 493    30   1     0     8     8  492.       0.421      0.01406   
 493    31   1     0     8     8  492.       0.435      0.01406   
 493    32   1     0     6     6  492.       0.449      0.01406   
 493    33   1     0     7     7  492.       0.463      0.01406   
 493    34   1     0     6     6  492.       0.477      0.01406   
 493    35   1     0     6     6  492.       0.491      0.01406   
 493    36   1     0     5     5  493.       0.505      0.01406   
 493    37   1     0     5     5  493.       0.519      0.01406   
 493    38   1     0     5     5  493.       0.533      0.01406   
 493    39   1     0     4     4  493.       0.547      0.01406   
 493    40   1     0     4     4  493.       0.561      0.01406   
 493    41   1     0     9     9  493.       0.582      0.02109   
 493    42   1     0     5     5  493.       0.603      0.02109   
 493    43   1     0     5     5  493.       0.625      0.02109   
 493    44   1     0     4     4  493.       0.646      0.02109   
 493    45   1     0     4     4  493.       0.667      0.02109   
 493    46   1     0     6     6  493.       0.692      0.02500   
 493    47   1     0     5     5  493.       0.717      0.02500   
 493    48   1     0     4     4  493.       0.742      0.02500   
 493    49   1     0    10    10  493.       0.767      0.02500   
 493    50   1     0     7     7  493.       0.792      0.02500   
 493    51   1     0     4     4  493.       0.817      0.02500   
 493    52   1     0    10    10  493.       0.842      0.02500   
 493    53   1     0    10    10  493.       0.867      0.02500   
 493    54   1     0    10    10  493.       0.892      0.02500   
 493    55   1     0    10    10  493.       0.917      0.02500   
 493    56   1     0     9     9  493.       0.942      0.02500   
 493    57   1     0     6     6  493.       0.967      0.02500   
 493    58   1     0     5     5  493.       0.992      0.02500   
 493    59   1     0    10    10  493.       1.00       0.008281  
 494     1   1     0    11    11  493.       0.00500    0.005000  
 494     2   1     0     7     7  493.       0.00875    0.003750  
 494     3   1     0    10    10  493.       0.0125     0.003750  
 494     4   1     0    10    10  493.       0.0163     0.003750  
 494     5   1     0     8     8  493.       0.0200     0.003750  
 494     6   1     0     7     7  493.       0.0238     0.003750  
 494     7   1     0     6     6  493.       0.0275     0.003750  
 494     8   1     0     4     4  493.       0.0312     0.003750  
 494     9   1     0     2     2  493.       0.0350     0.003750  
 494    10   1     0     8     8  493.       0.0406     0.005625  
 494    11   1     0     2     2  493.       0.0462     0.005625  
 494    12   1     0     4     4  493.       0.0519     0.005625  
 494    13   1     0     6     6  493.       0.0603     0.008438  
 494    14   1     0     2     2  493.       0.0688     0.008438  
 494    15   1     0     6     6  493.       0.0772     0.008438  
 494    16   1     0     4     4  493.       0.0856     0.008438  
 494    17   1     0     2     2  493.       0.0941     0.008438  
 494    18   1     0     9     9  493.       0.107      0.01266   
 494    19   1     0     4     4  493.       0.119      0.01266   
 494    20   1     0     4     4  493.       0.132      0.01266   
 494    21   1     0     8     8  493.       0.151      0.01898   
 494    22   1     0     5     5  493.       0.170      0.01898   
 494    23   1     0     4     4  493.       0.189      0.01898   
 494    24   1     0     4     4  493.       0.208      0.01898   
 494    25   1     0     7     7  493.       0.233      0.02500   
 494    26   1     0    10    10  493.       0.258      0.02500   
 494    27   1     0     6     6  493.       0.283      0.02500   
 494    28   1     0     3     3  493.       0.308      0.02500   
 494    29   1     0    10    10  493.       0.333      0.02500   
 494    30   1     0    10    10  493.       0.358      0.02500   
 494    31   1     0    11    11  493.       0.383      0.02500   
 494    32   1     0    10    10  493.       0.402      0.01875   
 494    33   1     0    10    10  493.       0.420      0.01875   
 494    34   1     0     9     9  493.       0.439      0.01875   
 494    35   1     0     7     7  493.       0.458      0.01875   
 494    36   1     0     5     5  493.       0.477      0.01875   
 494    37   1     0     5     5  493.       0.495      0.01875   
 494    38   1     0     5     5  494.       0.514      0.01875   
 494    39   1     0     5     5  494.       0.533      0.01875   
 494    40   1     0     4     4  494.       0.552      0.01875   
 494    41   1     0     4     4  494.       0.570      0.01875   
 494    42   1     0     7     7  494.       0.595      0.02500   
 494    43   1     0     5     5  494.       0.620      0.02500   
 494    44   1     0     4     4  494.       0.645      0.02500   
 494    45   1     0     4     4  494.       0.670      0.02500   
 494    46   1     0     4     4  494.       0.695      0.02500   
 494    47   1     0     3     3  494.       0.720      0.02500   
 494    48   1     0     3     3  494.       0.745      0.02500   
 494    49   1     0     8     8  494.       0.770      0.02500   
 494    50   1     0     8     8  494.       0.795      0.02500   
 494    51   1     0     4     4  494.       0.820      0.02500   
 494    52   1     0    10    10  494.       0.845      0.02500   
 494    53   1     0    11    11  494.       0.870      0.02500   
 494    54   1     0    10    10  494.       0.889      0.01875   
 494    55   1     0    11    11  494.       0.908      0.01875   
 494    56   1     0    10    10  494.       0.922      0.01406   
 494    57   1     0     7     7  494.       0.936      0.01406   
 494    58   1     0     5     5  494.       0.950      0.01406   
 494    59   1     0     6     6  494.       0.964      0.01406   
 494    60   1     0     8     8  494.       0.978      0.01406   
 494    61   1     0     5     5  494.       0.992      0.01406   
 494    62   1     0    10    10  494.       1.00       0.007656  
 495     1   1     0    10    10  494.       0.00500    0.005000  
 495     2   1     0     4     4  494.       0.0100     0.005000  
 495     3   1     0     5     5  494.       0.0150     0.005000  
 495     4   1     0     3     3  494.       0.0200     0.005000  
 495     5   1     0     1     1  494.       0.0250     0.005000  
 495     6   1     0     8     8  494.       0.0325     0.007500  
 495     7   1     0     2     2  494.       0.0400     0.007500  
 495     8   1     0     5     5  494.       0.0475     0.007500  
 495     9   1     0     3     3  494.       0.0550     0.007500  
 495    10   1     0     3     3  494.       0.0625     0.007500  
 495    11   1     0    10    10  494.       0.0737     0.01125   
 495    12   1     0     3     3  494.       0.0850     0.01125   
 495    13   1     0     4     4  494.       0.0962     0.01125   
 495    14   1     0     8     8  494.       0.113      0.01688   
 495    15   1     0     4     4  494.       0.130      0.01688   
 495    16   1     0     5     5  494.       0.147      0.01688   
 495    17   1     0     3     3  494.       0.164      0.01688   
 495    18   1     0     2     2  494.       0.181      0.01688   
 495    19   1     0     7     7  494.       0.206      0.02500   
 495    20   1     0     6     6  494.       0.231      0.02500   
 495    21   1     0    10    10  494.       0.256      0.02500   
 495    22   1     0     6     6  494.       0.281      0.02500   
 495    23   1     0     1     1  494.       0.306      0.02500   
 495    24   1     0    10    10  494.       0.331      0.02500   
 495    25   1     0    10    10  494.       0.356      0.02500   
 495    26   1     0    11    11  494.       0.381      0.02500   
 495    27   1     0    10    10  494.       0.399      0.01875   
 495    28   1     0    10    10  494.       0.418      0.01875   
 495    29   1     0     9     9  494.       0.437      0.01875   
 495    30   1     0     7     7  494.       0.456      0.01875   
 495    31   1     0     5     5  494.       0.474      0.01875   
 495    32   1     0     5     5  494.       0.493      0.01875   
 495    33   1     0     5     5  495.       0.512      0.01875   
 495    34   1     0     5     5  495.       0.531      0.01875   
 495    35   1     0     4     4  495.       0.549      0.01875   
 495    36   1     0     4     4  495.       0.568      0.01875   
 495    37   1     0     7     7  495.       0.593      0.02500   
 495    38   1     0     5     5  495.       0.618      0.02500   
 495    39   1     0     4     4  495.       0.643      0.02500   
 495    40   1     0     4     4  495.       0.668      0.02500   
 495    41   1     0     4     4  495.       0.693      0.02500   
 495    42   1     0     3     3  495.       0.718      0.02500   
 495    43   1     0     3     3  495.       0.743      0.02500   
 495    44   1     0     9     9  495.       0.768      0.02500   
 495    45   1     0     7     7  495.       0.793      0.02500   
 495    46   1     0     4     4  495.       0.818      0.02500   
 495    47   1     0    10    10  495.       0.843      0.02500   
 495    48   1     0    12    12  495.       0.868      0.02500   
 495    49   1     0    10    10  495.       0.887      0.01875   
 495    50   1     0    11    11  495.       0.906      0.01875   
 495    51   1     0    10    10  495.       0.920      0.01406   
 495    52   1     0    10    10  495.       0.934      0.01406   
 495    53   1     0     8     8  495.       0.948      0.01406   
 495    54   1     0     6     6  495.       0.962      0.01406   
 495    55   1     0     7     7  495.       0.976      0.01406   
 495    56   1     0     5     5  495.       0.990      0.01406   
 495    57   1     0    10    10  495.       1.00       0.01000   
 496     1   1     0    10    10  495.       0.00500    0.005000  
 496     2   1     0     5     5  495.       0.0100     0.005000  
 496     3   1     0     5     5  495.       0.0150     0.005000  
 496     4   1     0     3     3  495.       0.0200     0.005000  
 496     5   1     0     2     2  495.       0.0250     0.005000  
 496     6   1     0     7     7  495.       0.0325     0.007500  
 496     7   1     0     2     2  495.       0.0400     0.007500  
 496     8   1     0     5     5  495.       0.0475     0.007500  
 496     9   1     0     3     3  495.       0.0550     0.007500  
 496    10   1     0     3     3  495.       0.0625     0.007500  
 496    11   1     0    10    10  495.       0.0737     0.01125   
 496    12   1     0     4     4  495.       0.0850     0.01125   
 496    13   1     0     4     4  495.       0.0962     0.01125   
 496    14   1     0     9     9  495.       0.113      0.01688   
 496    15   1     0     5     5  495.       0.130      0.01688   
 496    16   1     0     5     5  495.       0.147      0.01688   
 496    17   1     0     3     3  495.       0.164      0.01688   
 496    18   1     0     2     2  495.       0.181      0.01688   
 496    19   1     0     7     7  495.       0.206      0.02500   
 496    20   1     0     6     6  495.       0.231      0.02500   
 496    21   1     0    10    10  495.       0.256      0.02500   
 496    22   1     0     6     6  495.       0.281      0.02500   
 496    23   1     0     1     1  495.       0.306      0.02500   
 496    24   1     0    10    10  495.       0.331      0.02500   
 496    25   1     0    10    10  495.       0.356      0.02500   
 496    26   1     0    11    11  495.       0.381      0.02500   
 496    27   1     0    10    10  495.       0.399      0.01875   
 496    28   1     0    10    10  495.       0.418      0.01875   
 496    29   1     0     9     9  495.       0.437      0.01875   
 496    30   1     0     7     7  495.       0.456      0.01875   
 496    31   1     0     5     5  495.       0.474      0.01875   
 496    32   1     0     5     5  495.       0.493      0.01875   
 496    33   1     0     5     5  496.       0.512      0.01875   
 496    34   1     0     5     5  496.       0.531      0.01875   
 496    35   1     0     4     4  496.       0.549      0.01875   
 496    36   1     0     4     4  496.       0.568      0.01875   
 496    37   1     0     7     7  496.       0.593      0.02500   
 496    38   1     0     5     5  496.       0.618      0.02500   
 496    39   1     0     4     4  496.       0.643      0.02500   
 496    40   1     0     4     4  496.       0.668      0.02500   
 496    41   1     0     4     4  496.       0.693      0.02500   
 496    42   1     0     3     3  496.       0.718      0.02500   
 496    43   1     0     3     3  496.       0.743      0.02500   
 496    44   1     0     9     9  496.       0.768      0.02500   
 496    45   1     0     7     7  496.       0.793      0.02500   
 496    46   1     0     4     4  496.       0.818      0.02500   
 496    47   1     0    10    10  496.       0.843      0.02500   
 496    48   1U    0     9     9  496.       0.843      0.02500   
 496    48   2     0    11    11  496.       0.856      0.01250   
 496    49   1     0    11    11  496.       0.865      0.009375  
 496    50   1     0    10    10  496.       0.872      0.007031  
 496    51   1     0    10    10  496.       0.879      0.007031  
 496    52   1     0    10    10  496.       0.886      0.007031  
 496    53   1     0     9     9  496.       0.893      0.007031  
 496    54   1     0     5     5  496.       0.900      0.007031  
 496    55   1     0     6     6  496.       0.907      0.007031  
 496    56   1     0     7     7  496.       0.914      0.007031  
 496    57   1     0     5     5  496.       0.921      0.007031  
 496    58   1     0     3     3  496.       0.928      0.007031  
 496    59   1     0     3     3  496.       0.935      0.007031  
 496    60   1     0     4     4  496.       0.946      0.01055   
 496    61   1     0     3     3  496.       0.962      0.01582   
 496    62   1     0     6     6  496.       0.985      0.02373   
 496    63   1     0    10    10  496.       1.00       0.01459   
 497     1   1     0    10    10  496.       0.00500    0.005000  
 497     2   1     0     9     9  496.       0.0100     0.005000  
 497     3   1     0     9     9  496.       0.0150     0.005000  
 497     4   1     0     7     7  496.       0.0200     0.005000  
 497     5   1     0     5     5  496.       0.0250     0.005000  
 497     6   1     0     3     3  496.       0.0300     0.005000  
 497     7   1     0     1     1  496.       0.0350     0.005000  
 497     8   1     0     8     8  496.       0.0425     0.007500  
 497     9   1     0     2     2  496.       0.0500     0.007500  
 497    10   1     0     4     4  496.       0.0575     0.007500  
 497    11   1U    0     5     5  496.       0.0575     0.01125   
 497    11   2     0    10    10  496.       0.0603     0.002812  
 497    12   1     0     4     4  496.       0.0631     0.002812  
 497    13   1     0     5     5  496.       0.0659     0.002812  
 497    14   1     0     4     4  496.       0.0687     0.002812  
 497    15   1     0     3     3  496.       0.0716     0.002812  
 497    16   1     0     7     7  496.       0.0758     0.004219  
 497    17   1     0     1     1  496.       0.0800     0.004219  
 497    18   1     0     1     1  496.       0.0842     0.004219  
 497    19   1     0     5     5  496.       0.0905     0.006328  
 497    20   1     0     1     1  496.       0.0969     0.006328  
 497    21   1     0     2     2  496.       0.103      0.006328  
 497    22   1     0     5     5  496.       0.113      0.009492  
 497    23   1     0     2     2  496.       0.122      0.009492  
 497    24   1     0     3     3  496.       0.132      0.009492  
 497    25   1     0     7     7  496.       0.146      0.01424   
 497    26   1     0     4     4  496.       0.160      0.01424   
 497    27   1     0     4     4  496.       0.174      0.01424   
 497    28   1     0     7     7  496.       0.196      0.02136   
 497    29   1     0     4     4  496.       0.217      0.02136   
 497    30   1     0     4     4  496.       0.238      0.02136   
 497    31   1     0    10    10  496.       0.263      0.02500   
 497    32   1     0     2     2  496.       0.288      0.02500   
 497    33   1     0     7     7  496.       0.313      0.02500   
 497    34   1     0    10    10  496.       0.338      0.02500   
 497    35   1     0    10    10  496.       0.363      0.02500   
 497    36   1     0    11    11  496.       0.388      0.02500   
 497    37   1     0    10    10  496.       0.407      0.01875   
 497    38   1     0    10    10  496.       0.426      0.01875   
 497    39   1     0     9     9  496.       0.445      0.01875   
 497    40   1     0     6     6  496.       0.463      0.01875   
 497    41   1     0     5     5  496.       0.482      0.01875   
 497    42   1     0     5     5  497.       0.501      0.01875   
 497    43   1     0     5     5  497.       0.520      0.01875   
 497    44   1     0     5     5  497.       0.538      0.01875   
 497    45   1     0     4     4  497.       0.557      0.01875   
 497    46   1     0     4     4  497.       0.576      0.01875   
 497    47   1     0     7     7  497.       0.601      0.02500   
 497    48   1     0     5     5  497.       0.626      0.02500   
 497    49   1     0     4     4  497.       0.651      0.02500   
 497    50   1     0     4     4  497.       0.676      0.02500   
 497    51   1     0     4     4  497.       0.701      0.02500   
 497    52   1     0     3     3  497.       0.726      0.02500   
 497    53   1     0     7     7  497.       0.751      0.02500   
 497    54   1     0     7     7  497.       0.776      0.02500   
 497    55   1     0     5     5  497.       0.801      0.02500   
 497    56   1     0     4     4  497.       0.826      0.02500   
 497    57   1     0    10    10  497.       0.851      0.02500   
 497    58   1     0    10    10  497.       0.876      0.02500   
 497    59   1     0    10    10  497.       0.901      0.02500   
 497    60   1     0    10    10  497.       0.926      0.02500   
 497    61   1     0     6     6  497.       0.951      0.02500   
 497    62   1     0     6     6  497.       0.976      0.02500   
 497    63   1     0     5     5  497.       1.00       0.02403   
 498     1   1     0    10    10  497.       0.00500    0.005000  
 498     2   1     0    10    10  497.       0.0100     0.005000  
 498     3   1     0    10    10  497.       0.0150     0.005000  
 498     4   1     0     7     7  497.       0.0200     0.005000  
 498     5   1     0     6     6  497.       0.0250     0.005000  
 498     6   1     0     4     4  497.       0.0300     0.005000  
 498     7   1     0     1     1  497.       0.0350     0.005000  
 498     8   1     0     7     7  497.       0.0425     0.007500  
 498     9   1     0     2     2  497.       0.0500     0.007500  
 498    10   1     0     4     4  497.       0.0575     0.007500  
 498    11   1U    0     4     4  497.       0.0575     0.01125   
 498    11   2     0     9     9  497.       0.0603     0.002812  
 498    12   1     0     3     3  497.       0.0631     0.002812  
 498    13   1     0     4     4  497.       0.0659     0.002812  
 498    14   1     0     8     8  497.       0.0702     0.004219  
 498    15   1     0     1     1  497.       0.0744     0.004219  
 498    16   1     0     2     2  497.       0.0786     0.004219  
 498    17   1     0     6     6  497.       0.0849     0.006328  
 498    18   1     0     1     1  497.       0.0912     0.006328  
 498    19   1     0     2     2  497.       0.0976     0.006328  
 498    20   1     0     4     4  497.       0.107      0.009492  
 498    21   1     0     7     7  497.       0.121      0.01424   
 498    22   1     0     5     5  497.       0.136      0.01424   
 498    23   1     0     5     5  497.       0.150      0.01424   
 498    24   1     0     3     3  497.       0.164      0.01424   
 498    25   1     0     2     2  497.       0.178      0.01424   
 498    26   1     0     8     8  497.       0.200      0.02136   
 498    27   1     0     4     4  497.       0.221      0.02136   
 498    28   1     0     4     4  497.       0.242      0.02136   
 498    29   1     0     7     7  497.       0.267      0.02500   
 498    30   1     0     2     2  497.       0.292      0.02500   
 498    31   1     0     8     8  497.       0.317      0.02500   
 498    32   1     0    10    10  497.       0.342      0.02500   
 498    33   1     0    10    10  497.       0.367      0.02500   
 498    34   1     0    10    10  497.       0.392      0.02500   
 498    35   1     0    10    10  497.       0.417      0.02500   
 498    36   1     0    10    10  497.       0.442      0.02500   
 498    37   1     0     8     8  497.       0.467      0.02500   
 498    38   1     0     5     5  497.       0.492      0.02500   
 498    39   1     0     4     4  498.       0.517      0.02500   
 498    40   1     0     5     5  498.       0.542      0.02500   
 498    41   1     0     4     4  498.       0.567      0.02500   
 498    42   1     0     4     4  498.       0.592      0.02500   
 498    43   1     0     4     4  498.       0.617      0.02500   
 498    44   1     0     4     4  498.       0.642      0.02500   
 498    45   1     0     3     3  498.       0.667      0.02500   
 498    46   1     0     4     4  498.       0.692      0.02500   
 498    47   1     0     3     3  498.       0.717      0.02500   
 498    48   1     0     2     2  498.       0.742      0.02500   
 498    49   1     0    10    10  498.       0.767      0.02500   
 498    50   1     0     8     8  498.       0.792      0.02500   
 498    51   1     0     5     5  498.       0.817      0.02500   
 498    52   1     0    10    10  498.       0.842      0.02500   
 498    53   1     0    10    10  498.       0.867      0.02500   
 498    54   1     0    10    10  498.       0.892      0.02500   
 498    55   1     0    10    10  498.       0.917      0.02500   
 498    56   1     0     9     9  498.       0.942      0.02500   
 498    57   1     0     7     7  498.       0.967      0.02500   
 498    58   1     0     5     5  498.       0.992      0.02500   
 498    59   1     0    10    10  498.       1.00       0.007666  
 499     1   1     0    10    10  498.       0.00500    0.005000  
 499     2   1     0     7     7  498.       0.0100     0.005000  
 499     3   1     0     5     5  498.       0.0150     0.005000  
 499     4   1     0     3     3  498.       0.0200     0.005000  
 499     5   1     0     2     2  498.       0.0250     0.005000  
 499     6   1     0     5     5  498.       0.0325     0.007500  
 499     7   1     0     2     2  498.       0.0400     0.007500  
 499     8   1     0     4     4  498.       0.0475     0.007500  
 499     9   1     0     5     5  498.       0.0587     0.01125   
 499    10   1     0     4     4  498.       0.0700     0.01125   
 499    11   1     0     6     6  498.       0.0812     0.01125   
 499    12   1     0     4     4  498.       0.0925     0.01125   
 499    13   1     0     3     3  498.       0.104      0.01125   
 499    14   1     0     9     9  498.       0.121      0.01688   
 499    15   1     0     4     4  498.       0.137      0.01688   
 499    16   1     0     4     4  498.       0.154      0.01688   
 499    17   1     0     7     7  498.       0.179      0.02500   
 499    18   1     0     6     6  498.       0.204      0.02500   
 499    19   1     0     4     4  498.       0.229      0.02500   
 499    20   1     0    10    10  498.       0.254      0.02500   
 499    21   1     0     6     6  498.       0.279      0.02500   
 499    22   1     0     1     1  498.       0.304      0.02500   
 499    23   1     0    10    10  498.       0.329      0.02500   
 499    24   1     0    10    10  498.       0.354      0.02500   
 499    25   1     0    11    11  498.       0.379      0.02500   
 499    26   1     0    11    11  498.       0.398      0.01875   
 499    27   1     0    10    10  498.       0.412      0.01406   
 499    28   1     0     9     9  498.       0.426      0.01406   
 499    29   1     0     7     7  498.       0.440      0.01406   
 499    30   1     0     6     6  498.       0.454      0.01406   
 499    31   1     0     7     7  498.       0.468      0.01406   
 499    32   1     0     6     6  498.       0.482      0.01406   
 499    33   1     0     5     5  498.       0.497      0.01406   
 499    34   1     0     5     5  499.       0.511      0.01406   
 499    35   1     0     5     5  499.       0.525      0.01406   
 499    36   1     0     4     4  499.       0.539      0.01406   
 499    37   1     0     4     4  499.       0.553      0.01406   
 499    38   1     0     9     9  499.       0.574      0.02109   
 499    39   1     0     6     6  499.       0.595      0.02109   
 499    40   1     0     4     4  499.       0.616      0.02109   
 499    41   1     0     5     5  499.       0.637      0.02109   
 499    42   1     0     4     4  499.       0.658      0.02109   
 499    43   1     0     4     4  499.       0.679      0.02109   
 499    44   1     0     6     6  499.       0.704      0.02500   
 499    45   1     0     5     5  499.       0.729      0.02500   
 499    46   1     0    10    10  499.       0.754      0.02500   
 499    47   1     0     7     7  499.       0.779      0.02500   
 499    48   1     0     5     5  499.       0.804      0.02500   
 499    49   1     0     6     6  499.       0.829      0.02500   
 499    50   1     0    10    10  499.       0.854      0.02500   
 499    51   1     0    11    11  499.       0.879      0.02500   
 499    52   1     0    10    10  499.       0.898      0.01875   
 499    53   1     0    10    10  499.       0.917      0.01875   
 499    54   1     0     8     8  499.       0.936      0.01875   
 499    55   1     0     8     8  499.       0.954      0.01875   
 499    56   1     0     6     6  499.       0.973      0.01875   
 499    57   1     0     6     6  499.       0.992      0.01875   
 499    58   1     0    10    10  499.       1.00       0.008125  
 500     1   1     0    10    10  499.       0.00500    0.005000  
 500     2   1     0     8     8  499.       0.0100     0.005000  
 500     3   1     0     9     9  499.       0.0150     0.005000  
 500     4   1     0     6     6  499.       0.0200     0.005000  
 500     5   1     0     5     5  499.       0.0250     0.005000  
 500     6   1     0     3     3  499.       0.0300     0.005000  
 500     7   1     0     1     1  499.       0.0350     0.005000  
 500     8   1     0     9     9  499.       0.0425     0.007500  
 500     9   1     0     2     2  499.       0.0500     0.007500  
 500    10   1     0     5     5  499.       0.0575     0.007500  
 500    11   1     0     3     3  499.       0.0650     0.007500  
 500    12   1     0     2     2  499.       0.0725     0.007500  
 500    13   1     0     8     8  499.       0.0838     0.01125   
 500    14   1     0     3     3  499.       0.0950     0.01125   
 500    15   1     0     4     4  499.       0.106      0.01125   
 500    16   1     0     9     9  499.       0.123      0.01688   
 500    17   1     0     5     5  499.       0.140      0.01688   
 500    18   1     0     4     4  499.       0.157      0.01688   
 500    19   1     0     3     3  499.       0.174      0.01688   
 500    20   1     0     7     7  499.       0.199      0.02500   
 500    21   1     0     5     5  499.       0.224      0.02500   
 500    22   1     0     5     5  499.       0.249      0.02500   
 500    23   1     0    10    10  499.       0.250      0.001250  
 500    24   1     0     7     7  499.       0.275      0.02500   
 500    25   1     0     3     3  499.       0.300      0.02500   
 500    26   1     0    10    10  499.       0.325      0.02500   
 500    27   1     0    10    10  499.       0.350      0.02500   
 500    28   1     0    11    11  499.       0.375      0.02500   
 500    29   1     0    10    10  499.       0.394      0.01875   
 500    30   1     0    10    10  499.       0.413      0.01875   
 500    31   1     0     9     9  499.       0.431      0.01875   
 500    32   1     0     7     7  499.       0.450      0.01875   
 500    33   1     0     5     5  499.       0.469      0.01875   
 500    34   1     0     5     5  499.       0.488      0.01875   
 500    35   1     0    10    10  499.       0.500      0.01250   
 500    36   1     0    10    10  500.       0.519      0.01875   
 500    37   1     0     6     6  500.       0.538      0.01875   
 500    38   1     0     5     5  500.       0.556      0.01875   
 500    39   1     0     4     4  500.       0.575      0.01875   
 500    40   1     0     3     3  500.       0.594      0.01875   
 500    41   1     0     7     7  500.       0.619      0.02500   
 500    42   1     0     5     5  500.       0.644      0.02500   
 500    43   1     0     5     5  500.       0.669      0.02500   
 500    44   1     0     4     4  500.       0.694      0.02500   
 500    45   1     0     3     3  500.       0.719      0.02500   
 500    46   1     0     3     3  500.       0.744      0.02500   
 500    47   1     0    10    10  500.       0.750      0.006250  
 500    48   1     0     8     8  500.       0.775      0.02500   
 500    49   1     0     5     5  500.       0.800      0.02500   
 500    50   1     0     7     7  500.       0.825      0.02500   
 500    51   1     0    10    10  500.       0.850      0.02500   
 500    52   1     0    10    10  500.       0.875      0.02500   
 500    53   1     0    10    10  500.       0.900      0.02500   
 500    54   1     0    10    10  500.       0.925      0.02500   
 500    55   1     0     6     6  500.       0.950      0.02500   
 500    56   1     0     5     5  500.       0.975      0.02500   
 500    57   1     0     5     5  500.       1.00       0.02500   
                          
 THE ANALYSIS HAS COMPLETED SUCCESSFULLY
