time,U1,RF_total,RF_total_positive
0.0,0.0,-0.0,0.0
1.0,0.5,-1278.1783866882324,1278.1783866882324
